ISO-10303-21;
HEADER;
FILE_DESCRIPTION (( 'STEP AP203' ),
    '1' );
FILE_NAME ('6138K25_Stainless Steel Ball Bearing.STEP',
    '2021-07-09T12:11:27',
    ( 'Administrator' ),
    ( 'Managed by Terraform' ),
    'SwSTEP 2.0',
    'SolidWorks 2017',
    '' );
FILE_SCHEMA (( 'CONFIG_CONTROL_DESIGN' ));
ENDSEC;

DATA;
#1 = PERSON_AND_ORGANIZATION ( #1583, #242 ) ;
#2 = EDGE_LOOP ( 'NONE', ( #472, #957, #373, #22 ) ) ;
#3 = LINE ( 'NONE', #1036, #126 ) ;
#4 = AXIS2_PLACEMENT_3D ( 'NONE', #1130, #1482, #1626 ) ;
#5 = DIRECTION ( 'NONE',  ( 0.8660254037844450400, 0.4999999999999889000, -0.0000000000000000000 ) ) ;
#6 = DIRECTION ( 'NONE',  ( 1.000000000000000000, 0.0000000000000000000, 0.0000000000000000000 ) ) ;
#7 = DIRECTION ( 'NONE',  ( -1.000000000000000000, 0.0000000000000000000, 0.0000000000000000000 ) ) ;
#8 = VERTEX_POINT ( 'NONE', #849 ) ;
#9 = DIRECTION ( 'NONE',  ( 0.0000000000000000000, -0.0000000000000000000, 1.000000000000000000 ) ) ;
#10 = ORIENTED_EDGE ( 'NONE', *, *, #1010, .T. ) ;
#11 = CARTESIAN_POINT ( 'NONE',  ( -0.2031249999999955000, 0.3518228202874308400, -3.827021247335474900E-018 ) ) ;
#12 = CARTESIAN_POINT ( 'NONE',  ( 0.5624999999999998900, 6.888638245203860700E-017, 0.1406250000000000600 ) ) ;
#13 = CC_DESIGN_PERSON_AND_ORGANIZATION_ASSIGNMENT ( #1307, #130, ( #412 ) ) ;
#14 = EDGE_CURVE ( 'NONE', #606, #565, #49, .T. ) ;
#15 = EDGE_CURVE ( 'NONE', #1084, #1049, #502, .T. ) ;
#16 = FACE_OUTER_BOUND ( 'NONE', #177, .T. ) ;
#17 = CARTESIAN_POINT ( 'NONE',  ( -2.836828587810045900E-015, -0.4062500000000000000, 0.07808995497680329400 ) ) ;
#18 = MANIFOLD_SOLID_BREP ( 'Revolve5[1]', #124 ) ;
#19 = FACE_OUTER_BOUND ( 'NONE', #1505, .T. ) ;
#20 = CALENDAR_DATE ( 2021, 9, 7 ) ;
#21 = DIRECTION ( 'NONE',  ( 3.491481338843132200E-015, 1.000000000000000000, -0.0000000000000000000 ) ) ;
#22 = ORIENTED_EDGE ( 'NONE', *, *, #434, .T. ) ;
#23 = FACE_OUTER_BOUND ( 'NONE', #789, .T. ) ;
#24 = DIRECTION ( 'NONE',  ( -0.0000000000000000000, -0.0000000000000000000, 1.000000000000000000 ) ) ;
#25 = DIRECTION ( 'NONE',  ( 1.000000000000000000, 0.0000000000000000000, 0.0000000000000000000 ) ) ;
#26 = VERTEX_POINT ( 'NONE', #1592 ) ;
#27 = DIRECTION ( 'NONE',  ( -0.0000000000000000000, -0.0000000000000000000, 1.000000000000000000 ) ) ;
#28 = VERTEX_POINT ( 'NONE', #1461 ) ;
#29 = ORIENTED_EDGE ( 'NONE', *, *, #1099, .F. ) ;
#30 = EDGE_LOOP ( 'NONE', ( #1578, #89, #1054, #221 ) ) ;
#31 = ADVANCED_FACE ( 'NONE', ( #325 ), #249, .F. ) ;
#32 = EDGE_LOOP ( 'NONE', ( #1158, #579, #383, #356 ) ) ;
#33 = AXIS2_PLACEMENT_3D ( 'NONE', #468, #115, #236 ) ;
#34 = CARTESIAN_POINT ( 'NONE',  ( 0.0000000000000000000, 0.0000000000000000000, -0.1562500000000000000 ) ) ;
#35 = CIRCLE ( 'NONE', #566, 0.07808995497680330800 ) ;
#36 = EDGE_CURVE ( 'NONE', #1103, #1431, #963, .T. ) ;
#37 = FACE_OUTER_BOUND ( 'NONE', #759, .T. ) ;
#38 = ORIENTED_EDGE ( 'NONE', *, *, #397, .T. ) ;
#39 = LOCAL_TIME ( 7, 11, 27.00000000000000000, #337 ) ;
#40 = ORIENTED_EDGE ( 'NONE', *, *, #36, .F. ) ;
#41 = LINE ( 'NONE', #886, #339 ) ;
#42 = DIRECTION ( 'NONE',  ( -1.000000000000000000, 0.0000000000000000000, 0.0000000000000000000 ) ) ;
#43 = DIRECTION ( 'NONE',  ( -0.0000000000000000000, -0.0000000000000000000, 1.000000000000000000 ) ) ;
#44 = AXIS2_PLACEMENT_3D ( 'NONE', #61, #931, #686 ) ;
#45 = CARTESIAN_POINT ( 'NONE',  ( 0.4062500000000000000, -1.418414293905022900E-015, -3.827021247335474900E-018 ) ) ;
#46 = APPROVAL ( #1029, 'UNSPECIFIED' ) ;
#47 = EDGE_CURVE ( 'NONE', #974, #292, #626, .T. ) ;
#48 = DIRECTION ( 'NONE',  ( -0.0000000000000000000, -0.0000000000000000000, 1.000000000000000000 ) ) ;
#49 = LINE ( 'NONE', #202, #800 ) ;
#50 = EDGE_CURVE ( 'NONE', #926, #863, #1294, .T. ) ;
#51 = ADVANCED_FACE ( 'NONE', ( #982 ), #479, .T. ) ;
#52 = DIRECTION ( 'NONE',  ( 1.000000000000000000, 0.0000000000000000000, 0.0000000000000000000 ) ) ;
#53 = ORIENTED_EDGE ( 'NONE', *, *, #785, .T. ) ;
#54 = CLOSED_SHELL ( 'NONE', ( #220, #83 ) ) ;
#55 = CARTESIAN_POINT ( 'NONE',  ( 0.2031249999999979500, -0.3518228202874293900, -0.07808995497680329400 ) ) ;
#56 = CARTESIAN_POINT ( 'NONE',  ( 0.0000000000000000000, 0.0000000000000000000, 0.1406250000000000600 ) ) ;
#57 = AXIS2_PLACEMENT_3D ( 'NONE', #34, #654, #277 ) ;
#58 = VECTOR ( 'NONE', #308, 39.37007874015748100 ) ;
#59 = DIRECTION ( 'NONE',  ( 0.8660254037844398200, 0.4999999999999978400, 0.0000000000000000000 ) ) ;
#60 = APPROVAL_DATE_TIME ( #1083, #193 ) ;
#61 = CARTESIAN_POINT ( 'NONE',  ( -0.4062499999999997200, 4.975127621536119100E-017, -1.195183497228115000E-016 ) ) ;
#62 = DIRECTION ( 'NONE',  ( -0.7071067811865474600, 0.0000000000000000000, -0.7071067811865475700 ) ) ;
#63 = ORIENTED_EDGE ( 'NONE', *, *, #696, .F. ) ;
#64 = EDGE_CURVE ( 'NONE', #1127, #1166, #1163, .T. ) ;
#65 = VECTOR ( 'NONE', #118, 39.37007874015748100 ) ;
#66 = CARTESIAN_POINT ( 'NONE',  ( -0.3518228202874300600, -0.2031249999999967200, -3.827021247335474900E-018 ) ) ;
#67 = VERTEX_POINT ( 'NONE', #316 ) ;
#68 = DIRECTION ( 'NONE',  ( 1.000000000000000000, 0.0000000000000000000, 0.0000000000000000000 ) ) ;
#69 = AXIS2_PLACEMENT_3D ( 'NONE', #1197, #429, #563 ) ;
#70 = CARTESIAN_POINT ( 'NONE',  ( 0.0000000000000000000, 0.2656249999999998900, -0.1562500000000000300 ) ) ;
#71 = EDGE_LOOP ( 'NONE', ( #167, #750 ) ) ;
#72 = ADVANCED_FACE ( 'NONE', ( #1456 ), #522, .F. ) ;
#73 = DIRECTION ( 'NONE',  ( 0.8660254037844346000, -0.5000000000000069900, 0.0000000000000000000 ) ) ;
#74 = ORIENTED_EDGE ( 'NONE', *, *, #458, .F. ) ;
#75 = DIRECTION ( 'NONE',  ( -0.7071067811865444600, 0.0000000000000000000, -0.7071067811865505700 ) ) ;
#76 = CLOSED_SHELL ( 'NONE', ( #920, #988 ) ) ;
#77 = CARTESIAN_POINT ( 'NONE',  ( 0.0000000000000000000, 0.0000000000000000000, -0.07808995497680330800 ) ) ;
#78 = CARTESIAN_POINT ( 'NONE',  ( 0.0000000000000000000, 0.0000000000000000000, 0.1562500000000000000 ) ) ;
#79 = VECTOR ( 'NONE', #1443, 39.37007874015748100 ) ;
#80 = CARTESIAN_POINT ( 'NONE',  ( -0.2031250000000029100, -0.3518228202874265600, 0.07808995497680329400 ) ) ;
#81 = CIRCLE ( 'NONE', #649, 0.2656250000000000600 ) ;
#82 = ORIENTED_EDGE ( 'NONE', *, *, #1107, .T. ) ;
#83 = ADVANCED_FACE ( 'NONE', ( #187 ), #149, .T. ) ;
#84 = CYLINDRICAL_SURFACE ( 'NONE', #773, 0.2500000000000000000 ) ;
#85 = DIRECTION ( 'NONE',  ( -0.8660254037844450400, -0.4999999999999886200, 0.0000000000000000000 ) ) ;
#86 = ORIENTED_EDGE ( 'NONE', *, *, #1453, .T. ) ;
#87 = DIRECTION ( 'NONE',  ( -1.000000000000000000, 0.0000000000000000000, 0.0000000000000000000 ) ) ;
#88 = CALENDAR_DATE ( 2021, 9, 7 ) ;
#89 = ORIENTED_EDGE ( 'NONE', *, *, #148, .T. ) ;
#90 = SPHERICAL_SURFACE ( 'NONE', #1140, 0.07808995497680329400 ) ;
#91 = DIRECTION ( 'NONE',  ( -0.0000000000000000000, -0.0000000000000000000, 1.000000000000000000 ) ) ;
#92 = ADVANCED_FACE ( 'NONE', ( #823 ), #1234, .T. ) ;
#93 = AXIS2_PLACEMENT_3D ( 'NONE', #827, #323, #556 ) ;
#94 = VERTEX_POINT ( 'NONE', #1311 ) ;
#95 = EDGE_LOOP ( 'NONE', ( #664, #1473, #231, #302 ) ) ;
#96 = ADVANCED_FACE ( 'NONE', ( #1042 ), #90, .T. ) ;
#97 = CARTESIAN_POINT ( 'NONE',  ( -0.4419642857142858100, 5.412501478374463700E-017, -0.07808995497680330800 ) ) ;
#98 = FACE_OUTER_BOUND ( 'NONE', #1045, .T. ) ;
#99 = AXIS2_PLACEMENT_3D ( 'NONE', #1432, #1172, #1553 ) ;
#100 = PERSON_AND_ORGANIZATION ( #1583, #242 ) ;
#101 = EDGE_CURVE ( 'NONE', #932, #802, #1141, .T. ) ;
#102 = EDGE_CURVE ( 'NONE', #116, #1552, #978, .T. ) ;
#103 = ORIENTED_EDGE ( 'NONE', *, *, #515, .F. ) ;
#104 = VECTOR ( 'NONE', #1251, 39.37007874015748100 ) ;
#105 = ADVANCED_FACE ( 'NONE', ( #1085 ), #473, .F. ) ;
#106 = DIRECTION ( 'NONE',  ( -0.0000000000000000000, -0.0000000000000000000, 1.000000000000000000 ) ) ;
#107 = ORIENTED_EDGE ( 'NONE', *, *, #1156, .F. ) ;
#108 = DIRECTION ( 'NONE',  ( -0.0000000000000000000, -0.0000000000000000000, 1.000000000000000000 ) ) ;
#109 = DIRECTION ( 'NONE',  ( -0.0000000000000000000, -0.0000000000000000000, 1.000000000000000000 ) ) ;
#110 = DIRECTION ( 'NONE',  ( 0.0000000000000000000, 0.0000000000000000000, -1.000000000000000000 ) ) ;
#111 = VERTEX_POINT ( 'NONE', #701 ) ;
#112 = AXIS2_PLACEMENT_3D ( 'NONE', #1380, #870, #621 ) ;
#113 = ORIENTED_EDGE ( 'NONE', *, *, #102, .T. ) ;
#114 = CARTESIAN_POINT ( 'NONE',  ( 0.3705357142857142500, 0.0000000000000000000, -0.07808995497680330800 ) ) ;
#115 = DIRECTION ( 'NONE',  ( -0.4999999999999978900, 0.8660254037844399300, 0.0000000000000000000 ) ) ;
#116 = VERTEX_POINT ( 'NONE', #55 ) ;
#117 = CARTESIAN_POINT ( 'NONE',  ( -0.4419642857142857500, 5.412501478374463100E-017, 0.06944444444444443400 ) ) ;
#118 = DIRECTION ( 'NONE',  ( -0.0000000000000000000, -0.0000000000000000000, 1.000000000000000000 ) ) ;
#119 = CYLINDRICAL_SURFACE ( 'NONE', #122, 0.3705357142857142500 ) ;
#120 = CYLINDRICAL_SURFACE ( 'NONE', #1263, 0.4419642857142858100 ) ;
#121 = DIRECTION ( 'NONE',  ( 1.000000000000000000, 0.0000000000000000000, 0.0000000000000000000 ) ) ;
#122 = AXIS2_PLACEMENT_3D ( 'NONE', #1169, #1551, #1293 ) ;
#123 = DATE_AND_TIME ( #758, #450 ) ;
#124 = CLOSED_SHELL ( 'NONE', ( #979, #204, #838, #1611, #159, #1177 ) ) ;
#125 = EDGE_CURVE ( 'NONE', #863, #926, #433, .T. ) ;
#126 = VECTOR ( 'NONE', #523, 39.37007874015748100 ) ;
#127 = CARTESIAN_POINT ( 'NONE',  ( 0.0000000000000000000, 0.0000000000000000000, 0.1562500000000000000 ) ) ;
#128 = CARTESIAN_POINT ( 'NONE',  ( -0.2031249999999955000, 0.3518228202874308400, -3.827021247335474900E-018 ) ) ;
#129 = CARTESIAN_POINT ( 'NONE',  ( -0.3705357142857141900, 4.537753764697780600E-017, -0.06944444444444454500 ) ) ;
#130 = PERSON_AND_ORGANIZATION_ROLE ( 'creator' ) ;
#131 = ORIENTED_EDGE ( 'NONE', *, *, #860, .F. ) ;
#132 = AXIS2_PLACEMENT_3D ( 'NONE', #251, #1398, #1403 ) ;
#133 = CARTESIAN_POINT ( 'NONE',  ( 0.2031250000000004200, 0.3518228202874279500, -3.827021247335474900E-018 ) ) ;
#134 = EDGE_LOOP ( 'NONE', ( #326, #309 ) ) ;
#135 = CARTESIAN_POINT ( 'NONE',  ( 0.4062500000000000000, -1.418414293905022900E-015, -3.827021247335474900E-018 ) ) ;
#136 =( LENGTH_UNIT ( ) NAMED_UNIT ( * ) SI_UNIT ( $, .METRE. ) );
#137 = DIRECTION ( 'NONE',  ( 0.5000000000000037700, 0.8660254037844362700, -0.0000000000000000000 ) ) ;
#138 = LINE ( 'NONE', #1202, #58 ) ;
#139 = FACE_OUTER_BOUND ( 'NONE', #1041, .T. ) ;
#140 = DIRECTION ( 'NONE',  ( -0.8660254037844329300, 0.5000000000000099900, 0.0000000000000000000 ) ) ;
#141 = MANIFOLD_SOLID_BREP ( 'Revolve1', #377 ) ;
#142 = VERTEX_POINT ( 'NONE', #820 ) ;
#143 = ORIENTED_EDGE ( 'NONE', *, *, #902, .F. ) ;
#144 = FACE_OUTER_BOUND ( 'NONE', #2, .T. ) ;
#145 = AXIS2_PLACEMENT_3D ( 'NONE', #1508, #109, #121 ) ;
#146 = DIRECTION ( 'NONE',  ( -0.8660254037844346000, 0.5000000000000071100, 0.0000000000000000000 ) ) ;
#147 = VERTEX_POINT ( 'NONE', #306 ) ;
#148 = EDGE_CURVE ( 'NONE', #659, #910, #900, .T. ) ;
#149 = SPHERICAL_SURFACE ( 'NONE', #822, 0.07808995497680329400 ) ;
#150 = EDGE_LOOP ( 'NONE', ( #1295, #189, #1237, #1347 ) ) ;
#151 = EDGE_LOOP ( 'NONE', ( #131, #998 ) ) ;
#152 = AXIS2_PLACEMENT_3D ( 'NONE', #1523, #1015, #1529 ) ;
#153 = DIRECTION ( 'NONE',  ( 1.047444401652940000E-014, 1.000000000000000000, -0.0000000000000000000 ) ) ;
#154 = EDGE_CURVE ( 'NONE', #398, #918, #797, .T. ) ;
#155 = VECTOR ( 'NONE', #1121, 39.37007874015748100 ) ;
#156 = CARTESIAN_POINT ( 'NONE',  ( 0.5468750000000000000, 6.792962714020473900E-017, 0.1562500000000000300 ) ) ;
#157 = DIRECTION ( 'NONE',  ( -0.0000000000000000000, -0.0000000000000000000, 1.000000000000000000 ) ) ;
#158 = LINE ( 'NONE', #569, #891 ) ;
#159 = ADVANCED_FACE ( 'NONE', ( #999, #558 ), #1575, .F. ) ;
#160 = FACE_OUTER_BOUND ( 'NONE', #1460, .T. ) ;
#161 = EDGE_LOOP ( 'NONE', ( #471, #1469, #713, #899 ) ) ;
#162 = CC_DESIGN_SECURITY_CLASSIFICATION ( #386, ( #901 ) ) ;
#163 = DIRECTION ( 'NONE',  ( 1.000000000000000000, 0.0000000000000000000, 0.0000000000000000000 ) ) ;
#164 = ORIENTED_EDGE ( 'NONE', *, *, #47, .F. ) ;
#165 = AXIS2_PLACEMENT_3D ( 'NONE', #195, #703, #841 ) ;
#166 = DIRECTION ( 'NONE',  ( -0.0000000000000000000, -0.0000000000000000000, 1.000000000000000000 ) ) ;
#167 = ORIENTED_EDGE ( 'NONE', *, *, #102, .F. ) ;
#168 = DIRECTION ( 'NONE',  ( 1.000000000000000000, 0.0000000000000000000, 0.0000000000000000000 ) ) ;
#169 = AXIS2_PLACEMENT_3D ( 'NONE', #260, #273, #253 ) ;
#170 = CARTESIAN_POINT ( 'NONE',  ( 0.0000000000000000000, 0.0000000000000000000, 0.1562500000000000000 ) ) ;
#171 = CARTESIAN_POINT ( 'NONE',  ( 0.3705357142857142500, 0.0000000000000000000, 0.1562500000000000000 ) ) ;
#172 = CIRCLE ( 'NONE', #1165, 0.07808995497680330800 ) ;
#173 = VERTEX_POINT ( 'NONE', #1560 ) ;
#174 = CARTESIAN_POINT ( 'NONE',  ( 0.0000000000000000000, 0.0000000000000000000, -0.1406250000000000300 ) ) ;
#175 = VERTEX_POINT ( 'NONE', #430 ) ;
#176 = PLANE ( 'NONE',  #1173 ) ;
#177 = EDGE_LOOP ( 'NONE', ( #367, #1272 ) ) ;
#178 = CIRCLE ( 'NONE', #927, 0.3705357142857142500 ) ;
#179 = CARTESIAN_POINT ( 'NONE',  ( 0.3518228202874287300, 0.2031249999999992000, -3.827021247335474900E-018 ) ) ;
#180 = DIRECTION ( 'NONE',  ( 0.0000000000000000000, -0.0000000000000000000, 1.000000000000000000 ) ) ;
#181 = AXIS2_PLACEMENT_3D ( 'NONE', #681, #803, #1073 ) ;
#182 = CARTESIAN_POINT ( 'NONE',  ( 0.0000000000000000000, 0.0000000000000000000, 0.1562500000000000300 ) ) ;
#183 = ORIENTED_EDGE ( 'NONE', *, *, #1282, .T. ) ;
#184 = AXIS2_PLACEMENT_3D ( 'NONE', #1047, #374, #757 ) ;
#185 = EDGE_CURVE ( 'NONE', #679, #26, #303, .T. ) ;
#186 = CARTESIAN_POINT ( 'NONE',  ( -0.2656249999999998900, 0.0000000000000000000, -0.1562500000000000800 ) ) ;
#187 = FACE_OUTER_BOUND ( 'NONE', #934, .T. ) ;
#188 = CLOSED_SHELL ( 'NONE', ( #1548, #731, #970, #716, #1219, #538, #402, #792, #415, #1180, #72, #581, #1235, #335, #1467, #1591 ) ) ;
#189 = ORIENTED_EDGE ( 'NONE', *, *, #1413, .F. ) ;
#190 = MANIFOLD_SOLID_BREP ( 'CirPattern1[7]', #284 ) ;
#191 = PLANE ( 'NONE',  #1340 ) ;
#192 = DIRECTION ( 'NONE',  ( -0.0000000000000000000, -0.0000000000000000000, 1.000000000000000000 ) ) ;
#193 = APPROVAL ( #887, 'UNSPECIFIED' ) ;
#194 = CONICAL_SURFACE ( 'NONE', #1497, 0.2500000000000000000, 0.7853981633974439500 ) ;
#195 = CARTESIAN_POINT ( 'NONE',  ( 0.0000000000000000000, 0.0000000000000000000, -0.1406250000000000300 ) ) ;
#196 = DIRECTION ( 'NONE',  ( 1.000000000000000000, 0.0000000000000000000, 0.0000000000000000000 ) ) ;
#197 = CIRCLE ( 'NONE', #1005, 0.07808995497680330800 ) ;
#198 = DIRECTION ( 'NONE',  ( 0.4999999999999918400, -0.8660254037844433700, 0.0000000000000000000 ) ) ;
#199 = DIRECTION ( 'NONE',  ( 0.8660254037844380400, -0.5000000000000010000, 0.0000000000000000000 ) ) ;
#200 = PRODUCT ( '6138K25_Stainless Steel Ball Bearing', '6138K25_Stainless Steel Ball Bearing', '', ( #506 ) ) ;
#201 = ORIENTED_EDGE ( 'NONE', *, *, #1238, .T. ) ;
#202 = CARTESIAN_POINT ( 'NONE',  ( -0.3705357142857142500, 4.537753764697781800E-017, 0.1562500000000000000 ) ) ;
#203 = DIRECTION ( 'NONE',  ( 0.0000000000000000000, 1.000000000000000000, 0.0000000000000000000 ) ) ;
#204 = ADVANCED_FACE ( 'NONE', ( #517 ), #657, .F. ) ;
#205 = CARTESIAN_POINT ( 'NONE',  ( 0.0000000000000000000, 0.0000000000000000000, 0.1406250000000000600 ) ) ;
#206 = AXIS2_PLACEMENT_3D ( 'NONE', #938, #1336, #824 ) ;
#207 = CARTESIAN_POINT ( 'NONE',  ( 0.0000000000000000000, 0.0000000000000000000, -0.07808995497680330800 ) ) ;
#208 = ORIENTED_EDGE ( 'NONE', *, *, #1568, .T. ) ;
#209 = DIRECTION ( 'NONE',  ( 1.000000000000000000, 0.0000000000000000000, 0.0000000000000000000 ) ) ;
#210 = ORIENTED_EDGE ( 'NONE', *, *, #1513, .F. ) ;
#211 = ADVANCED_FACE ( 'NONE', ( #940 ), #680, .T. ) ;
#212 = EDGE_LOOP ( 'NONE', ( #1388, #113 ) ) ;
#213 = DIRECTION ( 'NONE',  ( 1.000000000000000000, 0.0000000000000000000, 0.0000000000000000000 ) ) ;
#214 = AXIS2_PLACEMENT_3D ( 'NONE', #1439, #48, #818 ) ;
#215 = VECTOR ( 'NONE', #689, 39.37007874015748100 ) ;
#216 = EDGE_LOOP ( 'NONE', ( #707, #1625, #815, #888 ) ) ;
#217 = EDGE_CURVE ( 'NONE', #926, #674, #1309, .T. ) ;
#218 = FACE_OUTER_BOUND ( 'NONE', #1631, .T. ) ;
#219 = DIRECTION ( 'NONE',  ( 1.000000000000000000, 0.0000000000000000000, 0.0000000000000000000 ) ) ;
#220 = ADVANCED_FACE ( 'NONE', ( #23 ), #267, .T. ) ;
#221 = ORIENTED_EDGE ( 'NONE', *, *, #808, .F. ) ;
#222 = ORIENTED_EDGE ( 'NONE', *, *, #64, .T. ) ;
#223 = CYLINDRICAL_SURFACE ( 'NONE', #1206, 0.4419642857142857500 ) ;
#224 = CARTESIAN_POINT ( 'NONE',  ( -0.3518228202874300600, -0.2031249999999967200, -3.827021247335474900E-018 ) ) ;
#225 = CARTESIAN_POINT ( 'NONE',  ( 0.4419642857142857500, 0.0000000000000000000, 0.1562500000000000000 ) ) ;
#226 = DIRECTION ( 'NONE',  ( -0.0000000000000000000, -0.0000000000000000000, 1.000000000000000000 ) ) ;
#227 = ORIENTED_EDGE ( 'NONE', *, *, #723, .T. ) ;
#228 = AXIS2_PLACEMENT_3D ( 'NONE', #685, #1465, #196 ) ;
#229 = ORIENTED_EDGE ( 'NONE', *, *, #1538, .T. ) ;
#230 = ADVANCED_FACE ( 'NONE', ( #144 ), #223, .F. ) ;
#231 = ORIENTED_EDGE ( 'NONE', *, *, #923, .T. ) ;
#232 = ORIENTED_EDGE ( 'NONE', *, *, #375, .F. ) ;
#233 = CARTESIAN_POINT ( 'NONE',  ( 0.2031249999999979500, -0.3518228202874293900, 0.07808995497680329400 ) ) ;
#234 = DIRECTION ( 'NONE',  ( -0.0000000000000000000, -0.0000000000000000000, 1.000000000000000000 ) ) ;
#235 = DIRECTION ( 'NONE',  ( -0.8660254037844362700, 0.5000000000000041100, 0.0000000000000000000 ) ) ;
#236 = DIRECTION ( 'NONE',  ( -0.8660254037844399300, -0.4999999999999978900, 0.0000000000000000000 ) ) ;
#237 = VECTOR ( 'NONE', #601, 39.37007874015748100 ) ;
#238 = AXIS2_PLACEMENT_3D ( 'NONE', #247, #1279, #497 ) ;
#239 = CARTESIAN_POINT ( 'NONE',  ( -2.836828587810045900E-015, -0.4062500000000000000, -3.827021247335474900E-018 ) ) ;
#240 = LINE ( 'NONE', #346, #806 ) ;
#241 = EDGE_CURVE ( 'NONE', #175, #477, #724, .T. ) ;
#242 = ORGANIZATION ( 'UNSPECIFIED', 'UNSPECIFIED', '' ) ;
#243 = ORIENTED_EDGE ( 'NONE', *, *, #1320, .F. ) ;
#244 = DIRECTION ( 'NONE',  ( 1.000000000000000000, 0.0000000000000000000, 0.0000000000000000000 ) ) ;
#245 = CARTESIAN_POINT ( 'NONE',  ( 0.0000000000000000000, 0.0000000000000000000, 0.1562500000000000000 ) ) ;
#246 = PLANE ( 'NONE',  #1097 ) ;
#247 = CARTESIAN_POINT ( 'NONE',  ( 0.0000000000000000000, 0.0000000000000000000, -0.1484375000000000000 ) ) ;
#248 = CARTESIAN_POINT ( 'NONE',  ( 0.2031249999999979500, -0.3518228202874293900, -3.827021247335474900E-018 ) ) ;
#249 = CYLINDRICAL_SURFACE ( 'NONE', #907, 0.4419642857142857500 ) ;
#250 = CARTESIAN_POINT ( 'NONE',  ( 0.3705357142857142500, 0.0000000000000000000, 0.1484374999999999700 ) ) ;
#251 = CARTESIAN_POINT ( 'NONE',  ( 0.0000000000000000000, 0.0000000000000000000, -0.07808995497680330800 ) ) ;
#252 = APPLICATION_PROTOCOL_DEFINITION ( 'international standard', 'config_control_design', 1994, #1498 ) ;
#253 = DIRECTION ( 'NONE',  ( -1.224646799147353000E-016, -1.000000000000000000, 0.0000000000000000000 ) ) ;
#254 = ORIENTED_EDGE ( 'NONE', *, *, #435, .T. ) ;
#255 = DIRECTION ( 'NONE',  ( 1.000000000000000000, 0.0000000000000000000, 0.0000000000000000000 ) ) ;
#256 = DATE_TIME_ROLE ( 'classification_date' ) ;
#257 = CIRCLE ( 'NONE', #720, 0.4419642857142858100 ) ;
#258 = SPHERICAL_SURFACE ( 'NONE', #608, 0.07808995497680329400 ) ;
#259 = ORIENTED_EDGE ( 'NONE', *, *, #723, .F. ) ;
#260 = CARTESIAN_POINT ( 'NONE',  ( 0.0000000000000000000, 0.4062500000000000000, -3.827021247335474900E-018 ) ) ;
#261 = AXIS2_PLACEMENT_3D ( 'NONE', #1521, #772, #1143 ) ;
#262 = CIRCLE ( 'NONE', #943, 0.3705357142857142500 ) ;
#263 = DIRECTION ( 'NONE',  ( -0.0000000000000000000, -0.0000000000000000000, 1.000000000000000000 ) ) ;
#264 = DATE_AND_TIME ( #88, #39 ) ;
#265 = EDGE_LOOP ( 'NONE', ( #1278, #1519, #463, #452 ) ) ;
#266 = ORIENTED_EDGE ( 'NONE', *, *, #217, .T. ) ;
#267 = SPHERICAL_SURFACE ( 'NONE', #1019, 0.07808995497680329400 ) ;
#268 = MANIFOLD_SOLID_BREP ( 'CirPattern1[9]', #76 ) ;
#269 = ORIENTED_EDGE ( 'NONE', *, *, #541, .F. ) ;
#270 = CARTESIAN_POINT ( 'NONE',  ( 0.0000000000000000000, 0.0000000000000000000, 0.1562500000000000300 ) ) ;
#271 = ORIENTED_EDGE ( 'NONE', *, *, #860, .T. ) ;
#272 = AXIS2_PLACEMENT_3D ( 'NONE', #448, #199, #1339 ) ;
#273 = DIRECTION ( 'NONE',  ( -1.000000000000000000, 1.224646799147353200E-016, 0.0000000000000000000 ) ) ;
#274 = VERTEX_POINT ( 'NONE', #80 ) ;
#275 = CARTESIAN_POINT ( 'NONE',  ( 0.3705357142857142500, 0.0000000000000000000, 0.1562500000000000000 ) ) ;
#276 = EDGE_CURVE ( 'NONE', #1193, #8, #1532, .T. ) ;
#277 = DIRECTION ( 'NONE',  ( 1.000000000000000000, 0.0000000000000000000, 0.0000000000000000000 ) ) ;
#278 = FACE_BOUND ( 'NONE', #417, .T. ) ;
#279 = CARTESIAN_POINT ( 'NONE',  ( 0.0000000000000000000, 0.0000000000000000000, -1.290816110636018100E-016 ) ) ;
#280 = FACE_OUTER_BOUND ( 'NONE', #666, .T. ) ;
#281 = DIRECTION ( 'NONE',  ( -0.0000000000000000000, -0.0000000000000000000, 1.000000000000000000 ) ) ;
#282 = VECTOR ( 'NONE', #745, 39.37007874015748100 ) ;
#283 = CARTESIAN_POINT ( 'NONE',  ( -0.2500000000000000000, 3.061616997868383000E-017, 0.1562500000000000000 ) ) ;
#284 = CLOSED_SHELL ( 'NONE', ( #845, #853 ) ) ;
#285 = CIRCLE ( 'NONE', #322, 0.2500000000000000000 ) ;
#286 = ADVANCED_FACE ( 'NONE', ( #1159 ), #598, .T. ) ;
#287 = DIRECTION ( 'NONE',  ( 0.5000000000000072200, 0.8660254037844344900, 0.0000000000000000000 ) ) ;
#288 = DIRECTION ( 'NONE',  ( -0.0000000000000000000, -0.0000000000000000000, 1.000000000000000000 ) ) ;
#289 = ORIENTED_EDGE ( 'NONE', *, *, #879, .F. ) ;
#290 = DIRECTION ( 'NONE',  ( 0.4999999999999947300, -0.8660254037844415900, 0.0000000000000000000 ) ) ;
#291 = AXIS2_PLACEMENT_3D ( 'NONE', #614, #1004, #1360 ) ;
#292 = VERTEX_POINT ( 'NONE', #1614 ) ;
#293 = SPHERICAL_SURFACE ( 'NONE', #972, 0.07808995497680329400 ) ;
#294 = SPHERICAL_SURFACE ( 'NONE', #642, 0.07808995497680329400 ) ;
#295 = ORIENTED_EDGE ( 'NONE', *, *, #1379, .T. ) ;
#296 = FACE_OUTER_BOUND ( 'NONE', #30, .T. ) ;
#297 = CARTESIAN_POINT ( 'NONE',  ( 0.0000000000000000000, 0.0000000000000000000, 0.1484375000000000000 ) ) ;
#298 = DIRECTION ( 'NONE',  ( 1.000000000000000000, 0.0000000000000000000, 0.0000000000000000000 ) ) ;
#299 = AXIS2_PLACEMENT_3D ( 'NONE', #576, #830, #583 ) ;
#300 = ORIENTED_EDGE ( 'NONE', *, *, #1044, .T. ) ;
#301 = DIRECTION ( 'NONE',  ( 0.8660254037844344900, -0.5000000000000072200, 0.0000000000000000000 ) ) ;
#302 = ORIENTED_EDGE ( 'NONE', *, *, #582, .F. ) ;
#303 = LINE ( 'NONE', #691, #1399 ) ;
#304 = EDGE_CURVE ( 'NONE', #292, #1536, #41, .T. ) ;
#305 = DIRECTION ( 'NONE',  ( -0.0000000000000000000, -0.0000000000000000000, 1.000000000000000000 ) ) ;
#306 = CARTESIAN_POINT ( 'NONE',  ( -0.4419642857142858100, 5.412501478374463700E-017, -0.1484374999999999700 ) ) ;
#307 = ORIENTED_EDGE ( 'NONE', *, *, #484, .T. ) ;
#308 = DIRECTION ( 'NONE',  ( -0.0000000000000000000, -0.0000000000000000000, 1.000000000000000000 ) ) ;
#309 = ORIENTED_EDGE ( 'NONE', *, *, #868, .F. ) ;
#310 = DIRECTION ( 'NONE',  ( -0.4999999999999947800, 0.8660254037844417100, 0.0000000000000000000 ) ) ;
#311 = DIRECTION ( 'NONE',  ( -0.0000000000000000000, -0.0000000000000000000, 1.000000000000000000 ) ) ;
#312 = MANIFOLD_SOLID_BREP ( 'CirPattern1[3]', #1018 ) ;
#313 = LINE ( 'NONE', #788, #872 ) ;
#314 = DIRECTION ( 'NONE',  ( 1.000000000000000000, 0.0000000000000000000, 0.0000000000000000000 ) ) ;
#315 = CYLINDRICAL_SURFACE ( 'NONE', #520, 0.3705357142857142500 ) ;
#316 = CARTESIAN_POINT ( 'NONE',  ( 0.2656249999999998900, 3.252968060235156100E-017, -0.1562500000000000800 ) ) ;
#317 = CLOSED_SHELL ( 'NONE', ( #51, #1068 ) ) ;
#318 = DIRECTION ( 'NONE',  ( 1.000000000000000000, 0.0000000000000000000, 0.0000000000000000000 ) ) ;
#319 = FACE_OUTER_BOUND ( 'NONE', #768, .T. ) ;
#320 = DIRECTION ( 'NONE',  ( -0.0000000000000000000, -0.0000000000000000000, 1.000000000000000000 ) ) ;
#321 = DIRECTION ( 'NONE',  ( -0.5000000000000101000, -0.8660254037844328200, 0.0000000000000000000 ) ) ;
#322 = AXIS2_PLACEMENT_3D ( 'NONE', #1312, #660, #1442 ) ;
#323 = DIRECTION ( 'NONE',  ( -0.0000000000000000000, -0.0000000000000000000, 1.000000000000000000 ) ) ;
#324 = DIRECTION ( 'NONE',  ( -0.8660254037844433700, -0.4999999999999916700, 0.0000000000000000000 ) ) ;
#325 = FACE_OUTER_BOUND ( 'NONE', #95, .T. ) ;
#326 = ORIENTED_EDGE ( 'NONE', *, *, #554, .F. ) ;
#327 = ORIENTED_EDGE ( 'NONE', *, *, #465, .T. ) ;
#328 = DIRECTION ( 'NONE',  ( 1.000000000000000000, 0.0000000000000000000, 0.0000000000000000000 ) ) ;
#329 = DIRECTION ( 'NONE',  ( -0.0000000000000000000, -0.0000000000000000000, 1.000000000000000000 ) ) ;
#330 = VERTEX_POINT ( 'NONE', #1636 ) ;
#331 = SPHERICAL_SURFACE ( 'NONE', #341, 0.07808995497680329400 ) ;
#332 = CARTESIAN_POINT ( 'NONE',  ( -0.4062499999999997200, 4.975127621536119100E-017, -1.195183497228115000E-016 ) ) ;
#333 = CYLINDRICAL_SURFACE ( 'NONE', #551, 0.4419642857142858100 ) ;
#334 = EDGE_LOOP ( 'NONE', ( #1241, #848, #1122, #63 ) ) ;
#335 = ADVANCED_FACE ( 'NONE', ( #319 ), #780, .F. ) ;
#336 = CIRCLE ( 'NONE', #509, 0.4419642857142858100 ) ;
#337 = COORDINATED_UNIVERSAL_TIME_OFFSET ( 6, 0, .BEHIND. ) ;
#338 = ORIENTED_EDGE ( 'NONE', *, *, #709, .F. ) ;
#339 = VECTOR ( 'NONE', #748, 39.37007874015748100 ) ;
#340 = DIRECTION ( 'NONE',  ( 0.7071067811865444600, 8.659560562354895900E-017, -0.7071067811865505700 ) ) ;
#341 = AXIS2_PLACEMENT_3D ( 'NONE', #1240, #87, #203 ) ;
#342 = ADVANCED_FACE ( 'NONE', ( #739 ), #1066, .T. ) ;
#343 = ORIENTED_EDGE ( 'NONE', *, *, #1644, .F. ) ;
#344 = EDGE_CURVE ( 'NONE', #1176, #911, #395, .T. ) ;
#345 = VERTEX_POINT ( 'NONE', #1511 ) ;
#346 = CARTESIAN_POINT ( 'NONE',  ( 0.2500000000000000000, 3.061616997868383000E-017, -0.1406250000000000300 ) ) ;
#347 = CARTESIAN_POINT ( 'NONE',  ( -0.4062500000000000000, 4.255242881715069200E-015, -3.827021247335474900E-018 ) ) ;
#348 = ADVANCED_FACE ( 'NONE', ( #858, #378 ), #1389, .F. ) ;
#349 = AXIS2_PLACEMENT_3D ( 'NONE', #270, #365, #627 ) ;
#350 = FACE_OUTER_BOUND ( 'NONE', #32, .T. ) ;
#351 = AXIS2_PLACEMENT_3D ( 'NONE', #632, #1269, #1633 ) ;
#352 = AXIS2_PLACEMENT_3D ( 'NONE', #945, #180, #1081 ) ;
#353 = CONICAL_SURFACE ( 'NONE', #981, 0.5624999999999998900, 0.7853981633974482800 ) ;
#354 = LOCAL_TIME ( 7, 11, 27.00000000000000000, #694 ) ;
#355 = CARTESIAN_POINT ( 'NONE',  ( 0.0000000000000000000, 0.0000000000000000000, 0.1562499999999999700 ) ) ;
#356 = ORIENTED_EDGE ( 'NONE', *, *, #456, .F. ) ;
#357 = VECTOR ( 'NONE', #1043, 39.37007874015748100 ) ;
#358 = ORIENTED_EDGE ( 'NONE', *, *, #869, .T. ) ;
#359 = CARTESIAN_POINT ( 'NONE',  ( 0.0000000000000000000, 0.0000000000000000000, -0.1562500000000000000 ) ) ;
#360 = VERTEX_POINT ( 'NONE', #129 ) ;
#361 = ORIENTED_EDGE ( 'NONE', *, *, #241, .T. ) ;
#362 = ORIENTED_EDGE ( 'NONE', *, *, #1429, .T. ) ;
#363 = CARTESIAN_POINT ( 'NONE',  ( 0.3705357142857142500, 0.0000000000000000000, 0.07808995497680329400 ) ) ;
#364 = DIRECTION ( 'NONE',  ( -1.000000000000000000, 3.613946018757870100E-015, 0.0000000000000000000 ) ) ;
#365 = DIRECTION ( 'NONE',  ( -0.0000000000000000000, -0.0000000000000000000, 1.000000000000000000 ) ) ;
#366 =( NAMED_UNIT ( * ) SI_UNIT ( $, .STERADIAN. ) SOLID_ANGLE_UNIT ( ) );
#367 = ORIENTED_EDGE ( 'NONE', *, *, #611, .T. ) ;
#368 = DIRECTION ( 'NONE',  ( 0.8660254037844363800, -0.5000000000000038900, 0.0000000000000000000 ) ) ;
#369 = CIRCLE ( 'NONE', #261, 0.07808995497680329400 ) ;
#370 = AXIS2_PLACEMENT_3D ( 'NONE', #782, #499, #1514 ) ;
#371 = CARTESIAN_POINT ( 'NONE',  ( 0.3705357142857141900, 0.0000000000000000000, -0.06944444444444454500 ) ) ;
#372 = LINE ( 'NONE', #171, #215 ) ;
#373 = ORIENTED_EDGE ( 'NONE', *, *, #1438, .T. ) ;
#374 = DIRECTION ( 'NONE',  ( -1.000000000000000000, 0.0000000000000000000, 0.0000000000000000000 ) ) ;
#375 = EDGE_CURVE ( 'NONE', #876, #1193, #1194, .T. ) ;
#376 = ORIENTED_EDGE ( 'NONE', *, *, #656, .T. ) ;
#377 = CLOSED_SHELL ( 'NONE', ( #1357, #1477, #31, #935, #1559, #665, #1110, #1471, #1623, #1350, #1300, #105, #230, #962 ) ) ;
#378 = FACE_BOUND ( 'NONE', #977, .T. ) ;
#379 = DIRECTION ( 'NONE',  ( -0.0000000000000000000, -0.0000000000000000000, 1.000000000000000000 ) ) ;
#380 = AXIS2_PLACEMENT_3D ( 'NONE', #770, #1146, #1649 ) ;
#381 = DIRECTION ( 'NONE',  ( 0.0000000000000000000, 0.0000000000000000000, -1.000000000000000000 ) ) ;
#382 = AXIS2_PLACEMENT_3D ( 'NONE', #1354, #85, #968 ) ;
#383 = ORIENTED_EDGE ( 'NONE', *, *, #930, .T. ) ;
#384 = DIRECTION ( 'NONE',  ( 1.000000000000000000, 0.0000000000000000000, 0.0000000000000000000 ) ) ;
#385 = CARTESIAN_POINT ( 'NONE',  ( 0.0000000000000000000, 0.0000000000000000000, -1.195183497228115000E-016 ) ) ;
#386 = SECURITY_CLASSIFICATION ( '', '', #1023 ) ;
#387 = EDGE_CURVE ( 'NONE', #802, #1103, #1433, .T. ) ;
#388 = ORIENTED_EDGE ( 'NONE', *, *, #879, .T. ) ;
#389 = PLANE ( 'NONE',  #152 ) ;
#390 = FACE_OUTER_BOUND ( 'NONE', #150, .T. ) ;
#391 = AXIS2_PLACEMENT_3D ( 'NONE', #912, #777, #140 ) ;
#392 = CALENDAR_DATE ( 2021, 9, 7 ) ;
#393 = DIRECTION ( 'NONE',  ( -0.0000000000000000000, -0.0000000000000000000, 1.000000000000000000 ) ) ;
#394 = VERTEX_POINT ( 'NONE', #518 ) ;
#395 = CIRCLE ( 'NONE', #380, 0.3705357142857142500 ) ;
#396 = DIRECTION ( 'NONE',  ( -1.000000000000000000, 1.047444401652940000E-014, 0.0000000000000000000 ) ) ;
#397 = EDGE_CURVE ( 'NONE', #911, #1176, #178, .T. ) ;
#398 = VERTEX_POINT ( 'NONE', #893 ) ;
#399 = CARTESIAN_POINT ( 'NONE',  ( -0.3705357142857142500, 4.537753764697781800E-017, 0.1562499999999999700 ) ) ;
#400 = AXIS2_PLACEMENT_3D ( 'NONE', #784, #21, #1162 ) ;
#401 = VERTEX_POINT ( 'NONE', #1136 ) ;
#402 = ADVANCED_FACE ( 'NONE', ( #1571 ), #699, .F. ) ;
#403 = EDGE_LOOP ( 'NONE', ( #1602, #388 ) ) ;
#404 = EDGE_CURVE ( 'NONE', #1574, #8, #1329, .T. ) ;
#405 = CLOSED_SHELL ( 'NONE', ( #96, #1366 ) ) ;
#406 = DIRECTION ( 'NONE',  ( 1.000000000000000000, 0.0000000000000000000, 0.0000000000000000000 ) ) ;
#407 = FACE_OUTER_BOUND ( 'NONE', #134, .T. ) ;
#408 = CIRCLE ( 'NONE', #1123, 0.07808995497680330800 ) ;
#409 = EDGE_LOOP ( 'NONE', ( #243, #1250, #327, #338 ) ) ;
#410 = CIRCLE ( 'NONE', #351, 0.07808995497680330800 ) ;
#411 = EDGE_LOOP ( 'NONE', ( #684, #540 ) ) ;
#412 = PRODUCT_DEFINITION ( 'UNKNOWN', '', #901, #698 ) ;
#413 = LINE ( 'NONE', #1275, #1353 ) ;
#414 = CARTESIAN_POINT ( 'NONE',  ( 0.0000000000000000000, 0.0000000000000000000, 0.1406250000000000600 ) ) ;
#415 = ADVANCED_FACE ( 'NONE', ( #816, #1119 ), #389, .F. ) ;
#416 = CARTESIAN_POINT ( 'NONE',  ( 0.0000000000000000000, 0.0000000000000000000, -0.06944444444444443400 ) ) ;
#417 = EDGE_LOOP ( 'NONE', ( #819, #40 ) ) ;
#418 = AXIS2_PLACEMENT_3D ( 'NONE', #1175, #1052, #25 ) ;
#419 = EDGE_LOOP ( 'NONE', ( #1597, #1095, #597, #442 ) ) ;
#420 = CARTESIAN_POINT ( 'NONE',  ( -0.3705357142857142500, 4.537753764697781800E-017, 0.1562500000000000000 ) ) ;
#421 = CLOSED_SHELL ( 'NONE', ( #286, #603 ) ) ;
#422 = DIRECTION ( 'NONE',  ( -0.5000000000000040000, -0.8660254037844362700, 0.0000000000000000000 ) ) ;
#423 = DIRECTION ( 'NONE',  ( -0.8660254037844380400, 0.5000000000000008900, 0.0000000000000000000 ) ) ;
#424 = DIRECTION ( 'NONE',  ( 0.5000000000000037700, 0.8660254037844362700, -0.0000000000000000000 ) ) ;
#425 = FACE_OUTER_BOUND ( 'NONE', #1615, .T. ) ;
#426 = MANIFOLD_SOLID_BREP ( 'CirPattern1[4]', #1484 ) ;
#427 = DIRECTION ( 'NONE',  ( 0.0000000000000000000, 0.0000000000000000000, -1.000000000000000000 ) ) ;
#428 = PERSON_AND_ORGANIZATION ( #1583, #242 ) ;
#429 = DIRECTION ( 'NONE',  ( -0.0000000000000000000, -0.0000000000000000000, 1.000000000000000000 ) ) ;
#430 = CARTESIAN_POINT ( 'NONE',  ( 0.2031250000000004200, 0.3518228202874279500, -0.07808995497680329400 ) ) ;
#431 = AXIS2_PLACEMENT_3D ( 'NONE', #712, #1216, #622 ) ;
#432 = ORIENTED_EDGE ( 'NONE', *, *, #1026, .F. ) ;
#433 = CIRCLE ( 'NONE', #539, 0.2500000000000000000 ) ;
#434 = EDGE_CURVE ( 'NONE', #1431, #1103, #454, .T. ) ;
#435 = EDGE_CURVE ( 'NONE', #659, #26, #413, .T. ) ;
#436 = DIRECTION ( 'NONE',  ( -0.4999999999999919500, 0.8660254037844432600, 0.0000000000000000000 ) ) ;
#437 = DIRECTION ( 'NONE',  ( 1.000000000000000000, 0.0000000000000000000, 0.0000000000000000000 ) ) ;
#438 = VERTEX_POINT ( 'NONE', #914 ) ;
#439 = CARTESIAN_POINT ( 'NONE',  ( 0.0000000000000000000, 0.0000000000000000000, -0.1406250000000000300 ) ) ;
#440 = ORIENTED_EDGE ( 'NONE', *, *, #1342, .F. ) ;
#441 = CARTESIAN_POINT ( 'NONE',  ( -0.4062500000000000000, 4.255242881715069200E-015, -0.07808995497680329400 ) ) ;
#442 = ORIENTED_EDGE ( 'NONE', *, *, #101, .T. ) ;
#443 = PRODUCT_RELATED_PRODUCT_CATEGORY ( 'detail', '', ( #200 ) ) ;
#444 = ORIENTED_EDGE ( 'NONE', *, *, #675, .T. ) ;
#445 = CARTESIAN_POINT ( 'NONE',  ( 0.0000000000000000000, 0.0000000000000000000, 0.1562500000000000300 ) ) ;
#446 = CARTESIAN_POINT ( 'NONE',  ( -0.3518228202874258400, 0.2031250000000041100, 0.07808995497680329400 ) ) ;
#447 = CYLINDRICAL_SURFACE ( 'NONE', #1195, 0.4419642857142857500 ) ;
#448 = CARTESIAN_POINT ( 'NONE',  ( 0.2031250000000004200, 0.3518228202874279500, -3.827021247335474900E-018 ) ) ;
#449 = VECTOR ( 'NONE', #1208, 39.37007874015748100 ) ;
#450 = LOCAL_TIME ( 7, 11, 27.00000000000000000, #795 ) ;
#451 = DIRECTION ( 'NONE',  ( 1.000000000000000000, 0.0000000000000000000, 0.0000000000000000000 ) ) ;
#452 = ORIENTED_EDGE ( 'NONE', *, *, #304, .F. ) ;
#453 = DIRECTION ( 'NONE',  ( -0.0000000000000000000, -0.0000000000000000000, 1.000000000000000000 ) ) ;
#454 = CIRCLE ( 'NONE', #349, 0.4419642857142857500 ) ;
#455 = AXIS2_PLACEMENT_3D ( 'NONE', #883, #137, #368 ) ;
#456 = EDGE_CURVE ( 'NONE', #796, #1161, #1470, .T. ) ;
#457 = DIRECTION ( 'NONE',  ( -0.0000000000000000000, -0.0000000000000000000, 1.000000000000000000 ) ) ;
#458 = EDGE_CURVE ( 'NONE', #1332, #274, #1416, .T. ) ;
#459 = ORIENTED_EDGE ( 'NONE', *, *, #634, .T. ) ;
#460 = ORIENTED_EDGE ( 'NONE', *, *, #808, .T. ) ;
#461 = ADVANCED_FACE ( 'NONE', ( #1486 ), #1632, .T. ) ;
#462 = AXIS2_PLACEMENT_3D ( 'NONE', #1305, #1178, #1051 ) ;
#463 = ORIENTED_EDGE ( 'NONE', *, *, #525, .F. ) ;
#464 = AXIS2_PLACEMENT_3D ( 'NONE', #1518, #498, #878 ) ;
#465 = EDGE_CURVE ( 'NONE', #1454, #885, #762, .T. ) ;
#466 = EDGE_CURVE ( 'NONE', #519, #401, #3, .T. ) ;
#467 = DIRECTION ( 'NONE',  ( -0.0000000000000000000, -0.0000000000000000000, 1.000000000000000000 ) ) ;
#468 = CARTESIAN_POINT ( 'NONE',  ( 0.3518228202874287300, 0.2031249999999992000, -3.827021247335474900E-018 ) ) ;
#469 = CIRCLE ( 'NONE', #884, 0.07808995497680330800 ) ;
#470 = FACE_OUTER_BOUND ( 'NONE', #779, .T. ) ;
#471 = ORIENTED_EDGE ( 'NONE', *, *, #1579, .F. ) ;
#472 = ORIENTED_EDGE ( 'NONE', *, *, #387, .F. ) ;
#473 = TOROIDAL_SURFACE ( 'NONE', #992, 0.4062500000000000000, 0.07808995497680329400 ) ;
#474 = DIRECTION ( 'NONE',  ( -0.0000000000000000000, -0.0000000000000000000, 1.000000000000000000 ) ) ;
#475 = DIRECTION ( 'NONE',  ( 1.224646799147353200E-016, 1.000000000000000000, 0.0000000000000000000 ) ) ;
#476 = AXIS2_PLACEMENT_3D ( 'NONE', #662, #157, #406 ) ;
#477 = VERTEX_POINT ( 'NONE', #714 ) ;
#478 = DIRECTION ( 'NONE',  ( -0.0000000000000000000, -0.0000000000000000000, 1.000000000000000000 ) ) ;
#479 = SPHERICAL_SURFACE ( 'NONE', #382, 0.07808995497680329400 ) ;
#480 = CARTESIAN_POINT ( 'NONE',  ( 0.0000000000000000000, 0.0000000000000000000, -0.1484374999999999700 ) ) ;
#481 = CARTESIAN_POINT ( 'NONE',  ( 0.0000000000000000000, 0.5468750000000000000, 0.1562500000000000300 ) ) ;
#482 = ADVANCED_BREP_SHAPE_REPRESENTATION ( '6138K25_Stainless Steel Ball Bearing', ( #141, #1544, #909, #1199, #609, #312, #426, #735, #1088, #190, #1490, #268, #658, #1370, #18, #1619, #464 ), #1137 ) ;
#483 = DIRECTION ( 'NONE',  ( 1.000000000000000000, -7.105427357601001900E-015, 0.0000000000000000000 ) ) ;
#484 = EDGE_CURVE ( 'NONE', #485, #1648, #1274, .T. ) ;
#485 = VERTEX_POINT ( 'NONE', #156 ) ;
#486 = DIRECTION ( 'NONE',  ( -0.0000000000000000000, -0.0000000000000000000, 1.000000000000000000 ) ) ;
#487 = EDGE_LOOP ( 'NONE', ( #38, #1164 ) ) ;
#488 = AXIS2_PLACEMENT_3D ( 'NONE', #814, #311, #947 ) ;
#489 = DIRECTION ( 'NONE',  ( 1.000000000000000000, 0.0000000000000000000, 0.0000000000000000000 ) ) ;
#490 = APPROVAL_ROLE ( '' ) ;
#491 = LINE ( 'NONE', #897, #690 ) ;
#492 = CYLINDRICAL_SURFACE ( 'NONE', #1152, 0.3705357142857142500 ) ;
#493 = DIRECTION ( 'NONE',  ( 1.000000000000000000, -1.059690869644413000E-014, 0.0000000000000000000 ) ) ;
#494 = CARTESIAN_POINT ( 'NONE',  ( -0.3705357142857142500, 4.537753764697781800E-017, 0.1562500000000000000 ) ) ;
#495 = CIRCLE ( 'NONE', #1113, 0.4419642857142858100 ) ;
#496 = ORIENTED_EDGE ( 'NONE', *, *, #1453, .F. ) ;
#497 = DIRECTION ( 'NONE',  ( 1.000000000000000000, 0.0000000000000000000, 0.0000000000000000000 ) ) ;
#498 = DIRECTION ( 'NONE',  ( 0.0000000000000000000, 0.0000000000000000000, 1.000000000000000000 ) ) ;
#499 = DIRECTION ( 'NONE',  ( -0.0000000000000000000, -0.0000000000000000000, 1.000000000000000000 ) ) ;
#500 = CARTESIAN_POINT ( 'NONE',  ( 0.2500000000000000000, 3.157292529051769900E-017, -0.1406250000000000300 ) ) ;
#501 = CARTESIAN_POINT ( 'NONE',  ( 0.0000000000000000000, 0.0000000000000000000, 0.07808995497680329400 ) ) ;
#502 = LINE ( 'NONE', #1617, #1638 ) ;
#503 = ORIENTED_EDGE ( 'NONE', *, *, #154, .F. ) ;
#504 = DIRECTION ( 'NONE',  ( -0.0000000000000000000, -0.0000000000000000000, 1.000000000000000000 ) ) ;
#505 = DIRECTION ( 'NONE',  ( -0.8660254037844328200, 0.5000000000000101000, 0.0000000000000000000 ) ) ;
#506 = MECHANICAL_CONTEXT ( 'NONE', #1637, 'mechanical' ) ;
#507 = EDGE_LOOP ( 'NONE', ( #86, #1063 ) ) ;
#508 = CARTESIAN_POINT ( 'NONE',  ( -0.4419642857142857500, 5.412501478374463100E-017, -0.06944444444444443400 ) ) ;
#509 = AXIS2_PLACEMENT_3D ( 'NONE', #77, #457, #328 ) ;
#510 = FACE_OUTER_BOUND ( 'NONE', #567, .T. ) ;
#511 = VERTEX_POINT ( 'NONE', #924 ) ;
#512 = AXIS2_PLACEMENT_3D ( 'NONE', #1327, #570, #1457 ) ;
#513 = LENGTH_MEASURE_WITH_UNIT ( LENGTH_MEASURE( 0.02539999999999999900 ), #136 );
#514 = VERTEX_POINT ( 'NONE', #1292 ) ;
#515 = EDGE_CURVE ( 'NONE', #345, #606, #958, .T. ) ;
#516 = EDGE_LOOP ( 'NONE', ( #629, #10 ) ) ;
#517 = FACE_OUTER_BOUND ( 'NONE', #1093, .T. ) ;
#518 = CARTESIAN_POINT ( 'NONE',  ( 0.3705357142857142500, 0.0000000000000000000, 0.1562499999999999700 ) ) ;
#519 = VERTEX_POINT ( 'NONE', #1064 ) ;
#520 = AXIS2_PLACEMENT_3D ( 'NONE', #877, #1001, #1124 ) ;
#521 = DIRECTION ( 'NONE',  ( 1.000000000000000000, 0.0000000000000000000, 0.0000000000000000000 ) ) ;
#522 = TOROIDAL_SURFACE ( 'NONE', #741, 0.4062499999999997200, 0.07808995497680316900 ) ;
#523 = DIRECTION ( 'NONE',  ( -0.7071067811865506800, 8.659560562354971100E-017, 0.7071067811865443500 ) ) ;
#524 = EDGE_CURVE ( 'NONE', #519, #796, #285, .T. ) ;
#525 = EDGE_CURVE ( 'NONE', #1536, #1191, #1588, .T. ) ;
#526 = ORIENTED_EDGE ( 'NONE', *, *, #612, .T. ) ;
#527 = ORIENTED_EDGE ( 'NONE', *, *, #751, .F. ) ;
#528 = EDGE_CURVE ( 'NONE', #1328, #111, #620, .T. ) ;
#529 = CARTESIAN_POINT ( 'NONE',  ( -0.4419642857142857500, 5.412501478374463100E-017, 0.1484375000000000000 ) ) ;
#530 = FACE_OUTER_BOUND ( 'NONE', #1338, .T. ) ;
#531 = DIRECTION ( 'NONE',  ( 0.8660254037844415900, 0.4999999999999947300, -0.0000000000000000000 ) ) ;
#532 = CARTESIAN_POINT ( 'NONE',  ( -0.3705357142857142500, 4.537753764697781800E-017, 0.07808995497680329400 ) ) ;
#533 = VECTOR ( 'NONE', #234, 39.37007874015748100 ) ;
#534 = ORIENTED_EDGE ( 'NONE', *, *, #466, .F. ) ;
#535 = CARTESIAN_POINT ( 'NONE',  ( 0.2031249999999979500, -0.3518228202874293900, -3.827021247335474900E-018 ) ) ;
#536 = CARTESIAN_POINT ( 'NONE',  ( 0.2656250000000000600, 0.0000000000000000000, 0.1562499999999999700 ) ) ;
#537 = AXIS2_PLACEMENT_3D ( 'NONE', #445, #1334, #1599 ) ;
#538 = ADVANCED_FACE ( 'NONE', ( #1252 ), #1616, .T. ) ;
#539 = AXIS2_PLACEMENT_3D ( 'NONE', #677, #43, #52 ) ;
#540 = ORIENTED_EDGE ( 'NONE', *, *, #696, .T. ) ;
#541 = EDGE_CURVE ( 'NONE', #1371, #885, #1289, .T. ) ;
#542 = DIRECTION ( 'NONE',  ( 0.8660254037844362700, -0.5000000000000038900, 0.0000000000000000000 ) ) ;
#543 = ORIENTED_EDGE ( 'NONE', *, *, #1238, .F. ) ;
#544 = EDGE_LOOP ( 'NONE', ( #1002, #636, #697, #543 ) ) ;
#545 = CARTESIAN_POINT ( 'NONE',  ( 0.0000000000000000000, 0.0000000000000000000, 0.06944444444444443400 ) ) ;
#546 = CIRCLE ( 'NONE', #1427, 0.3705357142857142500 ) ;
#547 = DIRECTION ( 'NONE',  ( -0.0000000000000000000, -0.0000000000000000000, 1.000000000000000000 ) ) ;
#548 = CIRCLE ( 'NONE', #831, 0.4419642857142857500 ) ;
#549 = ORIENTED_EDGE ( 'NONE', *, *, #1297, .T. ) ;
#550 = CARTESIAN_POINT ( 'NONE',  ( 0.2031249999999979500, -0.3518228202874293900, -3.827021247335474900E-018 ) ) ;
#551 = AXIS2_PLACEMENT_3D ( 'NONE', #1290, #1557, #1046 ) ;
#552 = TOROIDAL_SURFACE ( 'NONE', #683, 0.4062500000000000000, 0.07808995497680329400 ) ;
#553 = CC_DESIGN_PERSON_AND_ORGANIZATION_ASSIGNMENT ( #1369, #1650, ( #901 ) ) ;
#554 = EDGE_CURVE ( 'NONE', #1454, #330, #919, .T. ) ;
#555 = ORIENTED_EDGE ( 'NONE', *, *, #1125, .F. ) ;
#556 = DIRECTION ( 'NONE',  ( 1.000000000000000000, 0.0000000000000000000, 0.0000000000000000000 ) ) ;
#557 = ORIENTED_EDGE ( 'NONE', *, *, #1125, .T. ) ;
#558 = FACE_BOUND ( 'NONE', #487, .T. ) ;
#559 = DIRECTION ( 'NONE',  ( 1.000000000000000000, 0.0000000000000000000, 0.0000000000000000000 ) ) ;
#560 = CARTESIAN_POINT ( 'NONE',  ( 0.0000000000000000000, 0.0000000000000000000, -3.827021247335474900E-018 ) ) ;
#561 = ORIENTED_EDGE ( 'NONE', *, *, #953, .T. ) ;
#562 = DIRECTION ( 'NONE',  ( -0.0000000000000000000, -0.0000000000000000000, 1.000000000000000000 ) ) ;
#563 = DIRECTION ( 'NONE',  ( 1.000000000000000000, 0.0000000000000000000, 0.0000000000000000000 ) ) ;
#564 = EDGE_LOOP ( 'NONE', ( #1188, #668 ) ) ;
#565 = VERTEX_POINT ( 'NONE', #399 ) ;
#566 = AXIS2_PLACEMENT_3D ( 'NONE', #1418, #153, #396 ) ;
#567 = EDGE_LOOP ( 'NONE', ( #29, #358 ) ) ;
#568 = CARTESIAN_POINT ( 'NONE',  ( -0.2031250000000029100, -0.3518228202874265600, -0.07808995497680329400 ) ) ;
#569 = CARTESIAN_POINT ( 'NONE',  ( -0.5468750000000000000, 6.697287182837088300E-017, -0.1562500000000000000 ) ) ;
#570 = DIRECTION ( 'NONE',  ( 1.000000000000000000, -6.982962677686264300E-015, 0.0000000000000000000 ) ) ;
#571 = EDGE_CURVE ( 'NONE', #1332, #274, #580, .T. ) ;
#572 = CIRCLE ( 'NONE', #1419, 0.3705357142857142500 ) ;
#573 = DIRECTION ( 'NONE',  ( 1.000000000000000000, 0.0000000000000000000, 0.0000000000000000000 ) ) ;
#574 = CIRCLE ( 'NONE', #951, 0.2656249999999998900 ) ;
#575 = DIRECTION ( 'NONE',  ( 0.8660254037844346000, -0.5000000000000069900, 0.0000000000000000000 ) ) ;
#576 = CARTESIAN_POINT ( 'NONE',  ( 0.2031249999999979500, -0.3518228202874293900, -3.827021247335474900E-018 ) ) ;
#577 = AXIS2_PLACEMENT_3D ( 'NONE', #56, #1186, #163 ) ;
#578 = SHAPE_DEFINITION_REPRESENTATION ( #669, #482 ) ;
#579 = ORIENTED_EDGE ( 'NONE', *, *, #466, .T. ) ;
#580 = CIRCLE ( 'NONE', #1520, 0.07808995497680328000 ) ;
#581 = ADVANCED_FACE ( 'NONE', ( #882 ), #492, .T. ) ;
#582 = EDGE_CURVE ( 'NONE', #173, #1259, #1346, .T. ) ;
#583 = DIRECTION ( 'NONE',  ( 0.4999999999999947300, -0.8660254037844415900, 0.0000000000000000000 ) ) ;
#584 = PLANE ( 'NONE',  #630 ) ;
#585 = DIRECTION ( 'NONE',  ( -0.0000000000000000000, -0.0000000000000000000, 1.000000000000000000 ) ) ;
#586 = ORIENTED_EDGE ( 'NONE', *, *, #344, .F. ) ;
#587 = CARTESIAN_POINT ( 'NONE',  ( 0.2031250000000004200, 0.3518228202874279500, -3.827021247335474900E-018 ) ) ;
#588 = ORIENTED_EDGE ( 'NONE', *, *, #1185, .T. ) ;
#589 = DIRECTION ( 'NONE',  ( 0.0000000000000000000, 0.0000000000000000000, -1.000000000000000000 ) ) ;
#590 = FACE_OUTER_BOUND ( 'NONE', #742, .T. ) ;
#591 = CIRCLE ( 'NONE', #760, 0.5624999999999998900 ) ;
#592 = ORIENTED_EDGE ( 'NONE', *, *, #554, .T. ) ;
#593 = ADVANCED_FACE ( 'NONE', ( #1037 ), #333, .T. ) ;
#594 = CONICAL_SURFACE ( 'NONE', #1643, 0.5468750000000000000, 0.7853981633974482800 ) ;
#595 = DIRECTION ( 'NONE',  ( 1.000000000000000000, 0.0000000000000000000, 0.0000000000000000000 ) ) ;
#596 = ORIENTED_EDGE ( 'NONE', *, *, #185, .F. ) ;
#597 = ORIENTED_EDGE ( 'NONE', *, *, #1026, .T. ) ;
#598 = SPHERICAL_SURFACE ( 'NONE', #299, 0.07808995497680329400 ) ;
#599 = AXIS2_PLACEMENT_3D ( 'NONE', #1499, #1248, #235 ) ;
#600 = DIRECTION ( 'NONE',  ( 0.4999999999999916700, -0.8660254037844433700, 0.0000000000000000000 ) ) ;
#601 = DIRECTION ( 'NONE',  ( -0.0000000000000000000, -0.0000000000000000000, 1.000000000000000000 ) ) ;
#602 = ORIENTED_EDGE ( 'NONE', *, *, #1634, .F. ) ;
#603 = ADVANCED_FACE ( 'NONE', ( #1606 ), #973, .T. ) ;
#604 = EDGE_CURVE ( 'NONE', #292, #974, #832, .T. ) ;
#605 = ORIENTED_EDGE ( 'NONE', *, *, #276, .T. ) ;
#606 = VERTEX_POINT ( 'NONE', #1168 ) ;
#607 = DIRECTION ( 'NONE',  ( -1.000000000000000000, 0.0000000000000000000, -0.0000000000000000000 ) ) ;
#608 = AXIS2_PLACEMENT_3D ( 'NONE', #616, #575, #1462 ) ;
#609 = MANIFOLD_SOLID_BREP ( 'CirPattern1[2]', #702 ) ;
#610 = ADVANCED_FACE ( 'NONE', ( #1303 ), #673, .T. ) ;
#611 = EDGE_CURVE ( 'NONE', #679, #485, #1247, .T. ) ;
#612 = EDGE_CURVE ( 'NONE', #796, #519, #1017, .T. ) ;
#613 = CARTESIAN_POINT ( 'NONE',  ( 0.0000000000000000000, 0.0000000000000000000, 0.1562499999999999700 ) ) ;
#614 = CARTESIAN_POINT ( 'NONE',  ( 0.0000000000000000000, 0.0000000000000000000, 0.1562499999999999700 ) ) ;
#615 = CIRCLE ( 'NONE', #33, 0.07808995497680330800 ) ;
#616 = CARTESIAN_POINT ( 'NONE',  ( -0.2031250000000029100, -0.3518228202874265600, -3.827021247335474900E-018 ) ) ;
#617 = CIRCLE ( 'NONE', #431, 0.2656249999999998900 ) ;
#618 = APPROVAL_ROLE ( '' ) ;
#619 = ORIENTED_EDGE ( 'NONE', *, *, #785, .F. ) ;
#620 = CIRCLE ( 'NONE', #1542, 0.07808995497680330800 ) ;
#621 = DIRECTION ( 'NONE',  ( 1.000000000000000000, 0.0000000000000000000, 0.0000000000000000000 ) ) ;
#622 = DIRECTION ( 'NONE',  ( 1.000000000000000000, 0.0000000000000000000, 0.0000000000000000000 ) ) ;
#623 = EDGE_CURVE ( 'NONE', #1420, #846, #1647, .T. ) ;
#624 = DIRECTION ( 'NONE',  ( -0.0000000000000000000, -0.0000000000000000000, 1.000000000000000000 ) ) ;
#625 = CARTESIAN_POINT ( 'NONE',  ( 0.4419642857142857500, 0.0000000000000000000, 0.06944444444444443400 ) ) ;
#626 = CIRCLE ( 'NONE', #989, 0.4419642857142857500 ) ;
#627 = DIRECTION ( 'NONE',  ( 1.000000000000000000, 0.0000000000000000000, 0.0000000000000000000 ) ) ;
#628 = DIRECTION ( 'NONE',  ( -0.0000000000000000000, -0.0000000000000000000, 1.000000000000000000 ) ) ;
#629 = ORIENTED_EDGE ( 'NONE', *, *, #64, .F. ) ;
#630 = AXIS2_PLACEMENT_3D ( 'NONE', #711, #1593, #1448 ) ;
#631 = CARTESIAN_POINT ( 'NONE',  ( -0.3518228202874258400, 0.2031250000000041100, -3.827021247335474900E-018 ) ) ;
#632 = CARTESIAN_POINT ( 'NONE',  ( 0.3518228202874287300, 0.2031249999999992000, -3.827021247335474900E-018 ) ) ;
#633 = CYLINDRICAL_SURFACE ( 'NONE', #206, 0.3705357142857142500 ) ;
#634 = EDGE_CURVE ( 'NONE', #606, #1556, #933, .T. ) ;
#635 = CIRCLE ( 'NONE', #1576, 0.4419642857142857500 ) ;
#636 = ORIENTED_EDGE ( 'NONE', *, *, #646, .T. ) ;
#637 = LOCAL_TIME ( 7, 11, 27.00000000000000000, #975 ) ;
#638 = APPROVAL_ROLE ( '' ) ;
#639 = APPROVAL_PERSON_ORGANIZATION ( #996, #46, #618 ) ;
#640 = CLOSED_SHELL ( 'NONE', ( #1423, #1600 ) ) ;
#641 = FACE_OUTER_BOUND ( 'NONE', #516, .T. ) ;
#642 = AXIS2_PLACEMENT_3D ( 'NONE', #179, #1079, #1451 ) ;
#643 = DIRECTION ( 'NONE',  ( 0.0000000000000000000, 0.0000000000000000000, -1.000000000000000000 ) ) ;
#644 = DIRECTION ( 'NONE',  ( 1.000000000000000000, 0.0000000000000000000, 0.0000000000000000000 ) ) ;
#645 = EDGE_CURVE ( 'NONE', #910, #659, #794, .T. ) ;
#646 = EDGE_CURVE ( 'NONE', #398, #659, #158, .T. ) ;
#647 = EDGE_LOOP ( 'NONE', ( #1378, #1522 ) ) ;
#648 = ORIENTED_EDGE ( 'NONE', *, *, #1297, .F. ) ;
#649 = AXIS2_PLACEMENT_3D ( 'NONE', #1132, #1249, #990 ) ;
#650 = CIRCLE ( 'NONE', #913, 0.07808995497680330800 ) ;
#651 = CARTESIAN_POINT ( 'NONE',  ( 0.2656250000000000600, 0.0000000000000000000, 0.1562499999999999700 ) ) ;
#652 = FACE_BOUND ( 'NONE', #1318, .T. ) ;
#653 = COORDINATED_UNIVERSAL_TIME_OFFSET ( 6, 0, .BEHIND. ) ;
#654 = DIRECTION ( 'NONE',  ( -0.0000000000000000000, -0.0000000000000000000, 1.000000000000000000 ) ) ;
#655 = ORIENTED_EDGE ( 'NONE', *, *, #1282, .F. ) ;
#656 = EDGE_CURVE ( 'NONE', #1526, #511, #718, .T. ) ;
#657 = CYLINDRICAL_SURFACE ( 'NONE', #1207, 0.3705357142857142500 ) ;
#658 = MANIFOLD_SOLID_BREP ( 'CirPattern1[10]', #937 ) ;
#659 = VERTEX_POINT ( 'NONE', #1434 ) ;
#660 = DIRECTION ( 'NONE',  ( -0.0000000000000000000, -0.0000000000000000000, 1.000000000000000000 ) ) ;
#661 = AXIS2_PLACEMENT_3D ( 'NONE', #1220, #453, #966 ) ;
#662 = CARTESIAN_POINT ( 'NONE',  ( 0.0000000000000000000, 0.0000000000000000000, -1.290816110636018100E-016 ) ) ;
#663 = ORIENTED_EDGE ( 'NONE', *, *, #930, .F. ) ;
#664 = ORIENTED_EDGE ( 'NONE', *, *, #799, .F. ) ;
#665 = ADVANCED_FACE ( 'NONE', ( #1525 ), #353, .T. ) ;
#666 = EDGE_LOOP ( 'NONE', ( #459, #1417, #1151, #1108 ) ) ;
#667 = DIRECTION ( 'NONE',  ( -3.491481338843133400E-015, -1.000000000000000000, 0.0000000000000000000 ) ) ;
#668 = ORIENTED_EDGE ( 'NONE', *, *, #1099, .T. ) ;
#669 = PRODUCT_DEFINITION_SHAPE ( 'NONE', 'NONE',  #412 ) ;
#670 = AXIS2_PLACEMENT_3D ( 'NONE', #207, #1310, #559 ) ;
#671 = FACE_OUTER_BOUND ( 'NONE', #161, .T. ) ;
#672 = CARTESIAN_POINT ( 'NONE',  ( 0.0000000000000000000, 0.0000000000000000000, 0.1562500000000000000 ) ) ;
#673 = SPHERICAL_SURFACE ( 'NONE', #747, 0.07808995497680329400 ) ;
#674 = VERTEX_POINT ( 'NONE', #186 ) ;
#675 = EDGE_CURVE ( 'NONE', #606, #345, #1325, .T. ) ;
#676 = DIRECTION ( 'NONE',  ( 1.000000000000000000, 0.0000000000000000000, 0.0000000000000000000 ) ) ;
#677 = CARTESIAN_POINT ( 'NONE',  ( 0.0000000000000000000, 0.0000000000000000000, -0.1406250000000000300 ) ) ;
#678 = DIRECTION ( 'NONE',  ( 1.000000000000000000, 0.0000000000000000000, 0.0000000000000000000 ) ) ;
#679 = VERTEX_POINT ( 'NONE', #956 ) ;
#680 = SPHERICAL_SURFACE ( 'NONE', #512, 0.07808995497680329400 ) ;
#681 = CARTESIAN_POINT ( 'NONE',  ( 0.0000000000000000000, 0.0000000000000000000, -0.06944444444444454500 ) ) ;
#682 = DIRECTION ( 'NONE',  ( 1.000000000000000000, 0.0000000000000000000, 0.0000000000000000000 ) ) ;
#683 = AXIS2_PLACEMENT_3D ( 'NONE', #1605, #1109, #219 ) ;
#684 = ORIENTED_EDGE ( 'NONE', *, *, #525, .T. ) ;
#685 = CARTESIAN_POINT ( 'NONE',  ( 0.0000000000000000000, 0.0000000000000000000, 0.1562500000000000300 ) ) ;
#686 = DIRECTION ( 'NONE',  ( -1.000000000000000000, 1.224646799147353000E-016, 0.0000000000000000000 ) ) ;
#687 = EDGE_LOOP ( 'NONE', ( #1570, #295 ) ) ;
#688 = DIRECTION ( 'NONE',  ( 0.0000000000000000000, -0.0000000000000000000, 1.000000000000000000 ) ) ;
#689 = DIRECTION ( 'NONE',  ( -0.0000000000000000000, -0.0000000000000000000, 1.000000000000000000 ) ) ;
#690 = VECTOR ( 'NONE', #1031, 39.37007874015748100 ) ;
#691 = CARTESIAN_POINT ( 'NONE',  ( -0.5624999999999998900, 0.0000000000000000000, 0.1406250000000000600 ) ) ;
#692 = AXIS2_PLACEMENT_3D ( 'NONE', #1408, #1028, #1642 ) ;
#693 = LINE ( 'NONE', #839, #449 ) ;
#694 = COORDINATED_UNIVERSAL_TIME_OFFSET ( 6, 0, .BEHIND. ) ;
#695 = EDGE_CURVE ( 'NONE', #1259, #1049, #548, .T. ) ;
#696 = EDGE_CURVE ( 'NONE', #1191, #1536, #635, .T. ) ;
#697 = ORIENTED_EDGE ( 'NONE', *, *, #645, .F. ) ;
#698 = DESIGN_CONTEXT ( 'detailed design', #1498, 'design' ) ;
#699 = TOROIDAL_SURFACE ( 'NONE', #1608, 0.4062499999999997200, 0.07808995497680316900 ) ;
#700 = DIRECTION ( 'NONE',  ( 1.000000000000000000, 0.0000000000000000000, 0.0000000000000000000 ) ) ;
#701 = CARTESIAN_POINT ( 'NONE',  ( 0.4062500000000000000, -1.418414293905022900E-015, 0.07808995497680329400 ) ) ;
#702 = CLOSED_SHELL ( 'NONE', ( #726, #1319 ) ) ;
#703 = DIRECTION ( 'NONE',  ( -0.0000000000000000000, -0.0000000000000000000, 1.000000000000000000 ) ) ;
#704 = CARTESIAN_POINT ( 'NONE',  ( 0.4419642857142858100, 0.0000000000000000000, -0.07808995497680330800 ) ) ;
#705 = DIRECTION ( 'NONE',  ( -0.0000000000000000000, -0.0000000000000000000, 1.000000000000000000 ) ) ;
#706 = EDGE_LOOP ( 'NONE', ( #928, #307, #1006, #596 ) ) ;
#707 = ORIENTED_EDGE ( 'NONE', *, *, #50, .F. ) ;
#708 = CC_DESIGN_DATE_AND_TIME_ASSIGNMENT ( #778, #1524, ( #412 ) ) ;
#709 = EDGE_CURVE ( 'NONE', #360, #885, #1628, .T. ) ;
#710 = ORIENTED_EDGE ( 'NONE', *, *, #656, .F. ) ;
#711 = CARTESIAN_POINT ( 'NONE',  ( 0.0000000000000000000, 0.5468750000000000000, -0.1562500000000000300 ) ) ;
#712 = CARTESIAN_POINT ( 'NONE',  ( 0.0000000000000000000, 0.0000000000000000000, -0.1562500000000000800 ) ) ;
#713 = ORIENTED_EDGE ( 'NONE', *, *, #36, .T. ) ;
#714 = CARTESIAN_POINT ( 'NONE',  ( 0.2031250000000004200, 0.3518228202874279500, 0.07808995497680329400 ) ) ;
#715 = AXIS2_PLACEMENT_3D ( 'NONE', #1105, #213, #589 ) ;
#716 = ADVANCED_FACE ( 'NONE', ( #1211 ), #1368, .F. ) ;
#717 = CIRCLE ( 'NONE', #995, 0.07808995497680329400 ) ;
#718 = CIRCLE ( 'NONE', #804, 0.07808995497680330800 ) ;
#719 = ORIENTED_EDGE ( 'NONE', *, *, #709, .T. ) ;
#720 = AXIS2_PLACEMENT_3D ( 'NONE', #1481, #467, #1359 ) ;
#721 = CONICAL_SURFACE ( 'NONE', #1624, 0.2656250000000000600, 0.7853981633974528300 ) ;
#722 = ORIENTED_EDGE ( 'NONE', *, *, #1155, .T. ) ;
#723 = EDGE_CURVE ( 'NONE', #885, #360, #1393, .T. ) ;
#724 = CIRCLE ( 'NONE', #272, 0.07808995497680330800 ) ;
#725 = CARTESIAN_POINT ( 'NONE',  ( 0.0000000000000000000, 0.0000000000000000000, 0.1562500000000000000 ) ) ;
#726 = ADVANCED_FACE ( 'NONE', ( #19 ), #294, .T. ) ;
#727 = DIRECTION ( 'NONE',  ( -0.0000000000000000000, -0.0000000000000000000, 1.000000000000000000 ) ) ;
#728 = ORIENTED_EDGE ( 'NONE', *, *, #612, .F. ) ;
#729 = AXIS2_PLACEMENT_3D ( 'NONE', #631, #764, #505 ) ;
#730 = VERTEX_POINT ( 'NONE', #1580 ) ;
#731 = ADVANCED_FACE ( 'NONE', ( #280 ), #1466, .F. ) ;
#732 = DIRECTION ( 'NONE',  ( -0.8660254037844433700, -0.4999999999999916700, 0.0000000000000000000 ) ) ;
#733 = DIRECTION ( 'NONE',  ( -0.5000000000000103300, -0.8660254037844329300, 0.0000000000000000000 ) ) ;
#734 = CARTESIAN_POINT ( 'NONE',  ( 0.4419642857142858100, 0.0000000000000000000, -0.1484374999999999700 ) ) ;
#735 = MANIFOLD_SOLID_BREP ( 'CirPattern1[5]', #421 ) ;
#736 = FACE_OUTER_BOUND ( 'NONE', #1262, .T. ) ;
#737 = LOCAL_TIME ( 7, 11, 27.00000000000000000, #653 ) ;
#738 = ORIENTED_EDGE ( 'NONE', *, *, #571, .T. ) ;
#739 = FACE_OUTER_BOUND ( 'NONE', #1396, .T. ) ;
#740 = AXIS2_PLACEMENT_3D ( 'NONE', #746, #226, #1243 ) ;
#741 = AXIS2_PLACEMENT_3D ( 'NONE', #1222, #976, #1362 ) ;
#742 = EDGE_LOOP ( 'NONE', ( #1308, #503 ) ) ;
#743 = EDGE_LOOP ( 'NONE', ( #1515, #1494 ) ) ;
#744 = EDGE_LOOP ( 'NONE', ( #1493, #857 ) ) ;
#745 = DIRECTION ( 'NONE',  ( -0.0000000000000000000, -0.0000000000000000000, 1.000000000000000000 ) ) ;
#746 = CARTESIAN_POINT ( 'NONE',  ( 0.0000000000000000000, 0.0000000000000000000, -0.1562500000000000000 ) ) ;
#747 = AXIS2_PLACEMENT_3D ( 'NONE', #1082, #424, #942 ) ;
#748 = DIRECTION ( 'NONE',  ( -0.0000000000000000000, -0.0000000000000000000, 1.000000000000000000 ) ) ;
#749 =( NAMED_UNIT ( * ) PLANE_ANGLE_UNIT ( ) SI_UNIT ( $, .RADIAN. ) );
#750 = ORIENTED_EDGE ( 'NONE', *, *, #1078, .T. ) ;
#751 = EDGE_CURVE ( 'NONE', #67, #674, #617, .T. ) ;
#752 = DIRECTION ( 'NONE',  ( 1.000000000000000000, 0.0000000000000000000, 0.0000000000000000000 ) ) ;
#753 = DIRECTION ( 'NONE',  ( -1.000000000000000000, 1.224646799147352700E-016, 0.0000000000000000000 ) ) ;
#754 = FACE_OUTER_BOUND ( 'NONE', #1090, .T. ) ;
#755 = CIRCLE ( 'NONE', #865, 0.07808995497680329400 ) ;
#756 = ORIENTED_EDGE ( 'NONE', *, *, #1367, .T. ) ;
#757 = DIRECTION ( 'NONE',  ( 0.0000000000000000000, 1.000000000000000000, 0.0000000000000000000 ) ) ;
#758 = CALENDAR_DATE ( 2021, 9, 7 ) ;
#759 = EDGE_LOOP ( 'NONE', ( #229, #549, #496, #1128 ) ) ;
#760 = AXIS2_PLACEMENT_3D ( 'NONE', #205, #329, #489 ) ;
#761 = CARTESIAN_POINT ( 'NONE',  ( 0.0000000000000000000, 0.0000000000000000000, 0.1484374999999999700 ) ) ;
#762 = LINE ( 'NONE', #275, #1025 ) ;
#763 = CARTESIAN_POINT ( 'NONE',  ( 0.3705357142857142500, 0.0000000000000000000, -0.1484375000000000000 ) ) ;
#764 = DIRECTION ( 'NONE',  ( -0.5000000000000101000, -0.8660254037844328200, 0.0000000000000000000 ) ) ;
#765 = APPLICATION_PROTOCOL_DEFINITION ( 'international standard', 'config_control_design', 1994, #1637 ) ;
#766 = EDGE_CURVE ( 'NONE', #910, #1648, #693, .T. ) ;
#767 = DIRECTION ( 'NONE',  ( -0.5000000000000012200, -0.8660254037844379300, 0.0000000000000000000 ) ) ;
#768 = EDGE_LOOP ( 'NONE', ( #1535, #1358, #266, #527 ) ) ;
#769 = DIRECTION ( 'NONE',  ( 3.613946018757868500E-015, 1.000000000000000000, -0.0000000000000000000 ) ) ;
#770 = CARTESIAN_POINT ( 'NONE',  ( 0.0000000000000000000, 0.0000000000000000000, 0.07808995497680329400 ) ) ;
#771 = ORIENTED_EDGE ( 'NONE', *, *, #987, .T. ) ;
#772 = DIRECTION ( 'NONE',  ( -0.8660254037844451500, -0.4999999999999887900, 0.0000000000000000000 ) ) ;
#773 = AXIS2_PLACEMENT_3D ( 'NONE', #725, #1217, #1363 ) ;
#774 = VERTEX_POINT ( 'NONE', #446 ) ;
#775 = DIRECTION ( 'NONE',  ( -0.0000000000000000000, -0.0000000000000000000, 1.000000000000000000 ) ) ;
#776 = FACE_OUTER_BOUND ( 'NONE', #544, .T. ) ;
#777 = DIRECTION ( 'NONE',  ( 0.5000000000000101000, 0.8660254037844328200, -0.0000000000000000000 ) ) ;
#778 = DATE_AND_TIME ( #20, #637 ) ;
#779 = EDGE_LOOP ( 'NONE', ( #534, #728, #1304, #1409 ) ) ;
#780 = CONICAL_SURFACE ( 'NONE', #692, 0.2500000000000000000, 0.7853981633974439500 ) ;
#781 = AXIS2_PLACEMENT_3D ( 'NONE', #1646, #504, #1256 ) ;
#782 = CARTESIAN_POINT ( 'NONE',  ( 0.0000000000000000000, 0.0000000000000000000, 0.1562499999999999700 ) ) ;
#783 = EDGE_LOOP ( 'NONE', ( #1230, #232, #53, #1607 ) ) ;
#784 = CARTESIAN_POINT ( 'NONE',  ( 0.4062500000000000000, -1.418414293905022900E-015, -3.827021247335474900E-018 ) ) ;
#785 = EDGE_CURVE ( 'NONE', #876, #1574, #372, .T. ) ;
#786 = UNCERTAINTY_MEASURE_WITH_UNIT (LENGTH_MEASURE( 1.000000000000000100E-005 ), #1253, 'distance_accuracy_value', 'NONE');
#787 = EDGE_CURVE ( 'NONE', #345, #1371, #1135, .T. ) ;
#788 = CARTESIAN_POINT ( 'NONE',  ( 0.4419642857142858100, 0.0000000000000000000, 0.1562500000000000000 ) ) ;
#789 = EDGE_LOOP ( 'NONE', ( #655, #1203 ) ) ;
#790 = VERTEX_POINT ( 'NONE', #1007 ) ;
#791 = DIRECTION ( 'NONE',  ( -0.0000000000000000000, -0.0000000000000000000, 1.000000000000000000 ) ) ;
#792 = ADVANCED_FACE ( 'NONE', ( #1229 ), #315, .T. ) ;
#793 = CIRCLE ( 'NONE', #1067, 0.3705357142857142500 ) ;
#794 = CIRCLE ( 'NONE', #1181, 0.5625000000000000000 ) ;
#795 = COORDINATED_UNIVERSAL_TIME_OFFSET ( 6, 0, .BEHIND. ) ;
#796 = VERTEX_POINT ( 'NONE', #1468 ) ;
#797 = CIRCLE ( 'NONE', #1506, 0.5468750000000000000 ) ;
#798 = AXIS2_PLACEMENT_3D ( 'NONE', #11, #1260, #905 ) ;
#799 = EDGE_CURVE ( 'NONE', #1084, #173, #1547, .T. ) ;
#800 = VECTOR ( 'NONE', #959, 39.37007874015748100 ) ;
#801 = DIRECTION ( 'NONE',  ( 1.000000000000000000, 0.0000000000000000000, 0.0000000000000000000 ) ) ;
#802 = VERTEX_POINT ( 'NONE', #117 ) ;
#803 = DIRECTION ( 'NONE',  ( -0.0000000000000000000, -0.0000000000000000000, 1.000000000000000000 ) ) ;
#804 = AXIS2_PLACEMENT_3D ( 'NONE', #1086, #422, #542 ) ;
#805 = DIRECTION ( 'NONE',  ( 0.8660254037844434800, 0.4999999999999917300, 0.0000000000000000000 ) ) ;
#806 = VECTOR ( 'NONE', #340, 39.37007874015748100 ) ;
#807 = ORIENTED_EDGE ( 'NONE', *, *, #1183, .T. ) ;
#808 = EDGE_CURVE ( 'NONE', #26, #1648, #591, .T. ) ;
#809 = EDGE_CURVE ( 'NONE', #142, #1009, #197, .T. ) ;
#810 = DIRECTION ( 'NONE',  ( -0.4999999999999978400, 0.8660254037844398200, 0.0000000000000000000 ) ) ;
#811 = CIRCLE ( 'NONE', #1445, 0.4419642857142857500 ) ;
#812 = ADVANCED_FACE ( 'NONE', ( #37 ), #120, .T. ) ;
#813 = EDGE_LOOP ( 'NONE', ( #648, #756, #588, #1407 ) ) ;
#814 = CARTESIAN_POINT ( 'NONE',  ( 0.0000000000000000000, 0.0000000000000000000, 0.07808995497680329400 ) ) ;
#815 = ORIENTED_EDGE ( 'NONE', *, *, #524, .T. ) ;
#816 = FACE_BOUND ( 'NONE', #1094, .T. ) ;
#817 = DIRECTION ( 'NONE',  ( -1.000000000000000000, 0.0000000000000000000, -0.0000000000000000000 ) ) ;
#818 = DIRECTION ( 'NONE',  ( 1.000000000000000000, 0.0000000000000000000, 0.0000000000000000000 ) ) ;
#819 = ORIENTED_EDGE ( 'NONE', *, *, #434, .F. ) ;
#820 = CARTESIAN_POINT ( 'NONE',  ( -2.836828587810045900E-015, -0.4062500000000000000, -0.07808995497680329400 ) ) ;
#821 = AXIS2_PLACEMENT_3D ( 'NONE', #133, #1027, #767 ) ;
#822 = AXIS2_PLACEMENT_3D ( 'NONE', #224, #600, #732 ) ;
#823 = FACE_OUTER_BOUND ( 'NONE', #687, .T. ) ;
#824 = DIRECTION ( 'NONE',  ( 1.000000000000000000, 0.0000000000000000000, 0.0000000000000000000 ) ) ;
#825 = VERTEX_POINT ( 'NONE', #441 ) ;
#826 = ORIENTED_EDGE ( 'NONE', *, *, #923, .F. ) ;
#827 = CARTESIAN_POINT ( 'NONE',  ( 0.0000000000000000000, 0.0000000000000000000, 0.1562500000000000000 ) ) ;
#828 = CARTESIAN_POINT ( 'NONE',  ( -0.2031250000000029100, -0.3518228202874265600, -3.827021247335474900E-018 ) ) ;
#829 = CYLINDRICAL_SURFACE ( 'NONE', #1089, 0.4419642857142857500 ) ;
#830 = DIRECTION ( 'NONE',  ( 0.8660254037844415900, 0.4999999999999947300, -0.0000000000000000000 ) ) ;
#831 = AXIS2_PLACEMENT_3D ( 'NONE', #416, #166, #437 ) ;
#832 = CIRCLE ( 'NONE', #488, 0.4419642857142857500 ) ;
#833 = EDGE_CURVE ( 'NONE', #974, #1191, #994, .T. ) ;
#834 = CIRCLE ( 'NONE', #1022, 0.5624999999999998900 ) ;
#835 = CARTESIAN_POINT ( 'NONE',  ( 0.0000000000000000000, 0.0000000000000000000, 0.07808995497680329400 ) ) ;
#836 = ORIENTED_EDGE ( 'NONE', *, *, #1489, .T. ) ;
#837 = CARTESIAN_POINT ( 'NONE',  ( -0.3518228202874258400, 0.2031250000000041100, -3.827021247335474900E-018 ) ) ;
#838 = ADVANCED_FACE ( 'NONE', ( #652, #1267 ), #246, .F. ) ;
#839 = CARTESIAN_POINT ( 'NONE',  ( 0.5624999999999998900, 0.0000000000000000000, 0.1562500000000000000 ) ) ;
#840 = CARTESIAN_POINT ( 'NONE',  ( -0.2500000000000000000, 0.0000000000000000000, -0.1406250000000000300 ) ) ;
#841 = DIRECTION ( 'NONE',  ( 1.000000000000000000, 0.0000000000000000000, 0.0000000000000000000 ) ) ;
#842 = DIRECTION ( 'NONE',  ( -0.8660254037844380400, 0.5000000000000008900, 0.0000000000000000000 ) ) ;
#843 = AXIS2_PLACEMENT_3D ( 'NONE', #828, #73, #1496 ) ;
#844 = ORIENTED_EDGE ( 'NONE', *, *, #375, .T. ) ;
#845 = ADVANCED_FACE ( 'NONE', ( #1428 ), #258, .T. ) ;
#846 = VERTEX_POINT ( 'NONE', #704 ) ;
#847 = DIRECTION ( 'NONE',  ( -0.0000000000000000000, -0.0000000000000000000, 1.000000000000000000 ) ) ;
#848 = ORIENTED_EDGE ( 'NONE', *, *, #47, .T. ) ;
#849 = CARTESIAN_POINT ( 'NONE',  ( -0.3705357142857142500, 4.537753764697781800E-017, -0.07808995497680330800 ) ) ;
#850 = DIRECTION ( 'NONE',  ( -6.982962677686264300E-015, -1.000000000000000000, 0.0000000000000000000 ) ) ;
#851 = CIRCLE ( 'NONE', #145, 0.4419642857142857500 ) ;
#852 = EDGE_LOOP ( 'NONE', ( #965, #107 ) ) ;
#853 = ADVANCED_FACE ( 'NONE', ( #1101 ), #1565, .T. ) ;
#854 = AXIS2_PLACEMENT_3D ( 'NONE', #1476, #1618, #850 ) ;
#855 = CYLINDRICAL_SURFACE ( 'NONE', #1053, 0.3705357142857142500 ) ;
#856 = ORIENTED_EDGE ( 'NONE', *, *, #1489, .F. ) ;
#857 = ORIENTED_EDGE ( 'NONE', *, *, #1367, .F. ) ;
#858 = FACE_OUTER_BOUND ( 'NONE', #744, .T. ) ;
#859 = CARTESIAN_POINT ( 'NONE',  ( -0.2500000000000000000, 0.0000000000000000000, -0.1406250000000000300 ) ) ;
#860 = EDGE_CURVE ( 'NONE', #1328, #111, #955, .T. ) ;
#861 = VERTEX_POINT ( 'NONE', #1266 ) ;
#862 = ADVANCED_FACE ( 'NONE', ( #916 ), #1503, .T. ) ;
#863 = VERTEX_POINT ( 'NONE', #500 ) ;
#864 = CARTESIAN_POINT ( 'NONE',  ( 0.3705357142857142500, 0.0000000000000000000, 0.1562500000000000000 ) ) ;
#865 = AXIS2_PLACEMENT_3D ( 'NONE', #128, #5, #1397 ) ;
#866 = ORIENTED_EDGE ( 'NONE', *, *, #50, .T. ) ;
#867 = VERTEX_POINT ( 'NONE', #250 ) ;
#868 = EDGE_CURVE ( 'NONE', #330, #1454, #1586, .T. ) ;
#869 = EDGE_CURVE ( 'NONE', #514, #438, #755, .T. ) ;
#870 = DIRECTION ( 'NONE',  ( -0.0000000000000000000, -0.0000000000000000000, 1.000000000000000000 ) ) ;
#871 = EDGE_CURVE ( 'NONE', #674, #67, #574, .T. ) ;
#872 = VECTOR ( 'NONE', #1554, 39.37007874015748100 ) ;
#873 = CIRCLE ( 'NONE', #1458, 0.07808995497680330800 ) ;
#874 = DIRECTION ( 'NONE',  ( 1.000000000000000000, 0.0000000000000000000, 0.0000000000000000000 ) ) ;
#875 = PERSON_AND_ORGANIZATION ( #1583, #242 ) ;
#876 = VERTEX_POINT ( 'NONE', #763 ) ;
#877 = CARTESIAN_POINT ( 'NONE',  ( 0.0000000000000000000, 0.0000000000000000000, 0.1562500000000000000 ) ) ;
#878 = DIRECTION ( 'NONE',  ( 1.000000000000000000, 0.0000000000000000000, 0.0000000000000000000 ) ) ;
#879 = EDGE_CURVE ( 'NONE', #142, #1009, #408, .T. ) ;
#880 = DIRECTION ( 'NONE',  ( -0.0000000000000000000, -0.0000000000000000000, 1.000000000000000000 ) ) ;
#881 = DIRECTION ( 'NONE',  ( 1.000000000000000000, 0.0000000000000000000, 0.0000000000000000000 ) ) ;
#882 = FACE_OUTER_BOUND ( 'NONE', #409, .T. ) ;
#883 = CARTESIAN_POINT ( 'NONE',  ( 0.3518228202874273400, -0.2031250000000016700, -3.827021247335474900E-018 ) ) ;
#884 = AXIS2_PLACEMENT_3D ( 'NONE', #66, #436, #949 ) ;
#885 = VERTEX_POINT ( 'NONE', #371 ) ;
#886 = CARTESIAN_POINT ( 'NONE',  ( 0.4419642857142857500, 0.0000000000000000000, 0.1562500000000000000 ) ) ;
#887 = APPROVAL_STATUS ( 'not_yet_approved' ) ;
#888 = ORIENTED_EDGE ( 'NONE', *, *, #1107, .F. ) ;
#889 = VECTOR ( 'NONE', #562, 39.37007874015748100 ) ;
#890 = DIRECTION ( 'NONE',  ( -6.982962677686265100E-015, -1.000000000000000000, 0.0000000000000000000 ) ) ;
#891 = VECTOR ( 'NONE', #1302, 39.37007874015748100 ) ;
#892 = EDGE_LOOP ( 'NONE', ( #1341, #271 ) ) ;
#893 = CARTESIAN_POINT ( 'NONE',  ( -0.5468750000000000000, 6.792962714020476300E-017, -0.1562500000000000000 ) ) ;
#894 = DIRECTION ( 'NONE',  ( 1.000000000000000000, 0.0000000000000000000, 0.0000000000000000000 ) ) ;
#895 = CIRCLE ( 'NONE', #1277, 0.07808995497680330800 ) ;
#896 = AXIS2_PLACEMENT_3D ( 'NONE', #535, #531, #290 ) ;
#897 = CARTESIAN_POINT ( 'NONE',  ( 0.2500000000000000000, 0.0000000000000000000, 0.1562500000000000000 ) ) ;
#898 = EDGE_LOOP ( 'NONE', ( #1012, #1314 ) ) ;
#899 = ORIENTED_EDGE ( 'NONE', *, *, #1438, .F. ) ;
#900 = CIRCLE ( 'NONE', #1561, 0.5625000000000000000 ) ;
#901 = PRODUCT_DEFINITION_FORMATION_WITH_SPECIFIED_SOURCE ( 'ANY', '', #200, .NOT_KNOWN. ) ;
#902 = EDGE_CURVE ( 'NONE', #790, #1645, #873, .T. ) ;
#903 = EDGE_CURVE ( 'NONE', #1556, #1371, #1286, .T. ) ;
#904 = VERTEX_POINT ( 'NONE', #986 ) ;
#905 = DIRECTION ( 'NONE',  ( -0.4999999999999886200, 0.8660254037844450400, 0.0000000000000000000 ) ) ;
#906 = VERTEX_POINT ( 'NONE', #734 ) ;
#907 = AXIS2_PLACEMENT_3D ( 'NONE', #1472, #91, #1604 ) ;
#908 = CARTESIAN_POINT ( 'NONE',  ( -0.2031250000000029100, -0.3518228202874265600, -3.827021247335474900E-018 ) ) ;
#909 = MANIFOLD_SOLID_BREP ( 'Revolve4', #640 ) ;
#910 = VERTEX_POINT ( 'NONE', #1387 ) ;
#911 = VERTEX_POINT ( 'NONE', #363 ) ;
#912 = CARTESIAN_POINT ( 'NONE',  ( -0.3518228202874258400, 0.2031250000000041100, -3.827021247335474900E-018 ) ) ;
#913 = AXIS2_PLACEMENT_3D ( 'NONE', #1500, #475, #753 ) ;
#914 = CARTESIAN_POINT ( 'NONE',  ( -0.2031249999999955000, 0.3518228202874308400, 0.07808995497680329400 ) ) ;
#915 = CIRCLE ( 'NONE', #1226, 0.3705357142857142500 ) ;
#916 = FACE_OUTER_BOUND ( 'NONE', #892, .T. ) ;
#917 = VECTOR ( 'NONE', #474, 39.37007874015748100 ) ;
#918 = VERTEX_POINT ( 'NONE', #1640 ) ;
#919 = CIRCLE ( 'NONE', #99, 0.3705357142857142500 ) ;
#920 = ADVANCED_FACE ( 'NONE', ( #1057 ), #1425, .T. ) ;
#921 = DIRECTION ( 'NONE',  ( 1.000000000000000000, 0.0000000000000000000, 0.0000000000000000000 ) ) ;
#922 = CARTESIAN_POINT ( 'NONE',  ( 0.0000000000000000000, 0.4062500000000000000, 0.07808995497680329400 ) ) ;
#923 = EDGE_CURVE ( 'NONE', #1049, #1259, #851, .T. ) ;
#924 = CARTESIAN_POINT ( 'NONE',  ( 0.3518228202874273400, -0.2031250000000016700, 0.07808995497680329400 ) ) ;
#925 = CARTESIAN_POINT ( 'NONE',  ( 0.0000000000000000000, 0.0000000000000000000, 0.1562499999999999700 ) ) ;
#926 = VERTEX_POINT ( 'NONE', #859 ) ;
#927 = AXIS2_PLACEMENT_3D ( 'NONE', #501, #379, #644 ) ;
#928 = ORIENTED_EDGE ( 'NONE', *, *, #1270, .F. ) ;
#929 = FACE_BOUND ( 'NONE', #898, .T. ) ;
#930 = EDGE_CURVE ( 'NONE', #401, #1161, #81, .T. ) ;
#931 = DIRECTION ( 'NONE',  ( 1.224646799147353200E-016, 1.000000000000000000, 0.0000000000000000000 ) ) ;
#932 = VERTEX_POINT ( 'NONE', #625 ) ;
#933 = CIRCLE ( 'NONE', #44, 0.07808995497680316900 ) ;
#934 = EDGE_LOOP ( 'NONE', ( #143, #183 ) ) ;
#935 = ADVANCED_FACE ( 'NONE', ( #776 ), #1392, .T. ) ;
#936 = CARTESIAN_POINT ( 'NONE',  ( 0.0000000000000000000, 0.0000000000000000000, -0.1562500000000000000 ) ) ;
#937 = CLOSED_SHELL ( 'NONE', ( #92, #342 ) ) ;
#938 = CARTESIAN_POINT ( 'NONE',  ( 0.0000000000000000000, 0.0000000000000000000, 0.1562500000000000000 ) ) ;
#939 = ORIENTED_EDGE ( 'NONE', *, *, #645, .T. ) ;
#940 = FACE_OUTER_BOUND ( 'NONE', #403, .T. ) ;
#941 = CARTESIAN_POINT ( 'NONE',  ( 0.2031250000000004200, 0.3518228202874279500, -3.827021247335474900E-018 ) ) ;
#942 = DIRECTION ( 'NONE',  ( 0.8660254037844363800, -0.5000000000000038900, 0.0000000000000000000 ) ) ;
#943 = AXIS2_PLACEMENT_3D ( 'NONE', #355, #108, #1254 ) ;
#944 = ORIENTED_EDGE ( 'NONE', *, *, #1013, .F. ) ;
#945 = CARTESIAN_POINT ( 'NONE',  ( 0.0000000000000000000, 0.4419642857142857500, 0.07808995497680329400 ) ) ;
#946 = EDGE_CURVE ( 'NONE', #94, #904, #615, .T. ) ;
#947 = DIRECTION ( 'NONE',  ( 1.000000000000000000, 0.0000000000000000000, 0.0000000000000000000 ) ) ;
#948 = ORIENTED_EDGE ( 'NONE', *, *, #871, .F. ) ;
#949 = DIRECTION ( 'NONE',  ( -0.8660254037844434800, -0.4999999999999917300, 0.0000000000000000000 ) ) ;
#950 = DIRECTION ( 'NONE',  ( -0.0000000000000000000, -0.0000000000000000000, 1.000000000000000000 ) ) ;
#951 = AXIS2_PLACEMENT_3D ( 'NONE', #1402, #1510, #384 ) ;
#952 = SPHERICAL_SURFACE ( 'NONE', #455, 0.07808995497680329400 ) ;
#953 = EDGE_CURVE ( 'NONE', #1049, #802, #650, .T. ) ;
#954 = CARTESIAN_POINT ( 'NONE',  ( 0.5468750000000000000, 0.0000000000000000000, -0.1562500000000000000 ) ) ;
#955 = CIRCLE ( 'NONE', #1351, 0.07808995497680330800 ) ;
#956 = CARTESIAN_POINT ( 'NONE',  ( -0.5468750000000000000, 0.0000000000000000000, 0.1562500000000000300 ) ) ;
#957 = ORIENTED_EDGE ( 'NONE', *, *, #101, .F. ) ;
#958 = CIRCLE ( 'NONE', #1106, 0.3705357142857142500 ) ;
#959 = DIRECTION ( 'NONE',  ( -0.0000000000000000000, -0.0000000000000000000, 1.000000000000000000 ) ) ;
#960 = CARTESIAN_POINT ( 'NONE',  ( 0.4062500000000000000, -1.418414293905022900E-015, -0.07808995497680329400 ) ) ;
#961 = CARTESIAN_POINT ( 'NONE',  ( 0.0000000000000000000, 0.0000000000000000000, -1.195183497228115000E-016 ) ) ;
#962 = ADVANCED_FACE ( 'NONE', ( #278, #16 ), #1364, .F. ) ;
#963 = CIRCLE ( 'NONE', #537, 0.4419642857142857500 ) ;
#964 = DIRECTION ( 'NONE',  ( -0.0000000000000000000, -0.0000000000000000000, 1.000000000000000000 ) ) ;
#965 = ORIENTED_EDGE ( 'NONE', *, *, #404, .F. ) ;
#966 = DIRECTION ( 'NONE',  ( 1.000000000000000000, 0.0000000000000000000, 0.0000000000000000000 ) ) ;
#967 = ORIENTED_EDGE ( 'NONE', *, *, #1429, .F. ) ;
#968 = DIRECTION ( 'NONE',  ( -0.4999999999999886200, 0.8660254037844450400, 0.0000000000000000000 ) ) ;
#969 = DIRECTION ( 'NONE',  ( -1.000000000000000000, 1.224646799147353000E-016, 0.0000000000000000000 ) ) ;
#970 = ADVANCED_FACE ( 'NONE', ( #350 ), #1283, .F. ) ;
#971 = FACE_OUTER_BOUND ( 'NONE', #647, .T. ) ;
#972 = AXIS2_PLACEMENT_3D ( 'NONE', #587, #842, #1491 ) ;
#973 = SPHERICAL_SURFACE ( 'NONE', #896, 0.07808995497680329400 ) ;
#974 = VERTEX_POINT ( 'NONE', #1635 ) ;
#975 = COORDINATED_UNIVERSAL_TIME_OFFSET ( 6, 0, .BEHIND. ) ;
#976 = DIRECTION ( 'NONE',  ( -0.0000000000000000000, -0.0000000000000000000, 1.000000000000000000 ) ) ;
#977 = EDGE_LOOP ( 'NONE', ( #844, #1223 ) ) ;
#978 = CIRCLE ( 'NONE', #1228, 0.07808995497680330800 ) ;
#979 = ADVANCED_FACE ( 'NONE', ( #1035 ), #829, .T. ) ;
#980 = CARTESIAN_POINT ( 'NONE',  ( 0.3518228202874273400, -0.2031250000000016700, -0.07808995497680329400 ) ) ;
#981 = AXIS2_PLACEMENT_3D ( 'NONE', #414, #1455, #42 ) ;
#982 = FACE_OUTER_BOUND ( 'NONE', #564, .T. ) ;
#983 = EDGE_CURVE ( 'NONE', #911, #867, #1187, .T. ) ;
#984 = ORIENTED_EDGE ( 'NONE', *, *, #997, .F. ) ;
#985 = CARTESIAN_POINT ( 'NONE',  ( 0.3281600450231965700, 0.0000000000000000000, -1.290816110636018100E-016 ) ) ;
#986 = CARTESIAN_POINT ( 'NONE',  ( 0.3518228202874287300, 0.2031249999999992000, 0.07808995497680329400 ) ) ;
#987 = EDGE_CURVE ( 'NONE', #1176, #730, #1545, .T. ) ;
#988 = ADVANCED_FACE ( 'NONE', ( #425 ), #1464, .T. ) ;
#989 = AXIS2_PLACEMENT_3D ( 'NONE', #835, #727, #451 ) ;
#990 = DIRECTION ( 'NONE',  ( 1.000000000000000000, 0.0000000000000000000, 0.0000000000000000000 ) ) ;
#991 = CIRCLE ( 'NONE', #476, 0.3281600450231965700 ) ;
#992 = AXIS2_PLACEMENT_3D ( 'NONE', #560, #1210, #1441 ) ;
#993 = CARTESIAN_POINT ( 'NONE',  ( 0.4062499999999997200, 0.0000000000000000000, -1.195183497228115000E-016 ) ) ;
#994 = LINE ( 'NONE', #1502, #533 ) ;
#995 = AXIS2_PLACEMENT_3D ( 'NONE', #1533, #1020, #381 ) ;
#996 = PERSON_AND_ORGANIZATION ( #1583, #242 ) ;
#997 = EDGE_CURVE ( 'NONE', #175, #477, #1365, .T. ) ;
#998 = ORIENTED_EDGE ( 'NONE', *, *, #528, .T. ) ;
#999 = FACE_OUTER_BOUND ( 'NONE', #1024, .T. ) ;
#1000 = CARTESIAN_POINT ( 'NONE',  ( 0.0000000000000000000, 0.0000000000000000000, -1.195183497228115000E-016 ) ) ;
#1001 = DIRECTION ( 'NONE',  ( -0.0000000000000000000, -0.0000000000000000000, 1.000000000000000000 ) ) ;
#1002 = ORIENTED_EDGE ( 'NONE', *, *, #1126, .T. ) ;
#1003 = CARTESIAN_POINT ( 'NONE',  ( -0.4062500000000000000, 4.255242881715069200E-015, -3.827021247335474900E-018 ) ) ;
#1004 = DIRECTION ( 'NONE',  ( -0.0000000000000000000, -0.0000000000000000000, 1.000000000000000000 ) ) ;
#1005 = AXIS2_PLACEMENT_3D ( 'NONE', #239, #483, #1344 ) ;
#1006 = ORIENTED_EDGE ( 'NONE', *, *, #1644, .T. ) ;
#1007 = CARTESIAN_POINT ( 'NONE',  ( -0.3518228202874300600, -0.2031249999999967200, -0.07808995497680329400 ) ) ;
#1008 = EDGE_LOOP ( 'NONE', ( #1117, #1071 ) ) ;
#1009 = VERTEX_POINT ( 'NONE', #17 ) ;
#1010 = EDGE_CURVE ( 'NONE', #1127, #1166, #1080, .T. ) ;
#1011 = DIRECTION ( 'NONE',  ( 1.000000000000000000, 0.0000000000000000000, 0.0000000000000000000 ) ) ;
#1012 = ORIENTED_EDGE ( 'NONE', *, *, #1413, .T. ) ;
#1013 = EDGE_CURVE ( 'NONE', #1161, #401, #1323, .T. ) ;
#1014 = CARTESIAN_POINT ( 'NONE',  ( 0.4062500000000000000, -1.418414293905022900E-015, -3.827021247335474900E-018 ) ) ;
#1015 = DIRECTION ( 'NONE',  ( 0.0000000000000000000, 0.0000000000000000000, -1.000000000000000000 ) ) ;
#1016 = CIRCLE ( 'NONE', #1144, 0.07808995497680330800 ) ;
#1017 = CIRCLE ( 'NONE', #577, 0.2500000000000000000 ) ;
#1018 = CLOSED_SHELL ( 'NONE', ( #862, #461 ) ) ;
#1019 = AXIS2_PLACEMENT_3D ( 'NONE', #1590, #1096, #324 ) ;
#1020 = DIRECTION ( 'NONE',  ( 0.0000000000000000000, -1.000000000000000000, 0.0000000000000000000 ) ) ;
#1021 = DIRECTION ( 'NONE',  ( 1.000000000000000000, -3.491481338843132200E-015, 0.0000000000000000000 ) ) ;
#1022 = AXIS2_PLACEMENT_3D ( 'NONE', #1245, #263, #6 ) ;
#1023 = SECURITY_CLASSIFICATION_LEVEL ( 'unclassified' ) ;
#1024 = EDGE_LOOP ( 'NONE', ( #1233, #164 ) ) ;
#1025 = VECTOR ( 'NONE', #393, 39.37007874015748100 ) ;
#1026 = EDGE_CURVE ( 'NONE', #1259, #932, #717, .T. ) ;
#1027 = DIRECTION ( 'NONE',  ( -0.8660254037844381500, 0.5000000000000012200, 0.0000000000000000000 ) ) ;
#1028 = DIRECTION ( 'NONE',  ( 0.0000000000000000000, 0.0000000000000000000, -1.000000000000000000 ) ) ;
#1029 = APPROVAL_STATUS ( 'not_yet_approved' ) ;
#1030 = EDGE_LOOP ( 'NONE', ( #555, #1184, #227, #967 ) ) ;
#1031 = DIRECTION ( 'NONE',  ( -0.0000000000000000000, -0.0000000000000000000, 1.000000000000000000 ) ) ;
#1032 = AXIS2_PLACEMENT_3D ( 'NONE', #481, #1374, #607 ) ;
#1033 = EDGE_LOOP ( 'NONE', ( #289, #1424 ) ) ;
#1034 = CARTESIAN_POINT ( 'NONE',  ( -0.4419642857142857500, 5.412501478374463100E-017, 0.1562500000000000000 ) ) ;
#1035 = FACE_OUTER_BOUND ( 'NONE', #265, .T. ) ;
#1036 = CARTESIAN_POINT ( 'NONE',  ( -0.2656250000000000600, 3.252968060235157300E-017, 0.1562499999999999700 ) ) ;
#1037 = FACE_OUTER_BOUND ( 'NONE', #813, .T. ) ;
#1038 = PERSON_AND_ORGANIZATION ( #1583, #242 ) ;
#1039 = AXIS2_PLACEMENT_3D ( 'NONE', #1569, #27, #921 ) ;
#1040 = CARTESIAN_POINT ( 'NONE',  ( 0.0000000000000000000, 0.0000000000000000000, 0.1484374999999999700 ) ) ;
#1041 = EDGE_LOOP ( 'NONE', ( #1421, #557, #1447, #103 ) ) ;
#1042 = FACE_OUTER_BOUND ( 'NONE', #1111, .T. ) ;
#1043 = DIRECTION ( 'NONE',  ( 0.7071067811865506800, 0.0000000000000000000, 0.7071067811865443500 ) ) ;
#1044 = EDGE_CURVE ( 'NONE', #28, #774, #1209, .T. ) ;
#1045 = EDGE_LOOP ( 'NONE', ( #440, #605, #1459, #619 ) ) ;
#1046 = DIRECTION ( 'NONE',  ( 1.000000000000000000, 0.0000000000000000000, 0.0000000000000000000 ) ) ;
#1047 = CARTESIAN_POINT ( 'NONE',  ( 0.0000000000000000000, 0.4062500000000000000, -3.827021247335474900E-018 ) ) ;
#1048 = ADVANCED_FACE ( 'NONE', ( #98 ), #1098, .F. ) ;
#1049 = VERTEX_POINT ( 'NONE', #508 ) ;
#1050 = EDGE_LOOP ( 'NONE', ( #856, #376 ) ) ;
#1051 = DIRECTION ( 'NONE',  ( 0.0000000000000000000, 0.0000000000000000000, -1.000000000000000000 ) ) ;
#1052 = DIRECTION ( 'NONE',  ( -0.0000000000000000000, -0.0000000000000000000, 1.000000000000000000 ) ) ;
#1053 = AXIS2_PLACEMENT_3D ( 'NONE', #1147, #486, #894 ) ;
#1054 = ORIENTED_EDGE ( 'NONE', *, *, #766, .T. ) ;
#1055 = AXIS2_PLACEMENT_3D ( 'NONE', #1582, #321, #1075 ) ;
#1056 = ADVANCED_FACE ( 'NONE', ( #1114 ), #952, .T. ) ;
#1057 = FACE_OUTER_BOUND ( 'NONE', #1008, .T. ) ;
#1058 = CARTESIAN_POINT ( 'NONE',  ( -0.2031250000000029100, -0.3518228202874265600, -3.827021247335474900E-018 ) ) ;
#1059 = CARTESIAN_POINT ( 'NONE',  ( 0.0000000000000000000, 0.0000000000000000000, 0.1562500000000000000 ) ) ;
#1060 = CIRCLE ( 'NONE', #1306, 0.4419642857142858100 ) ;
#1061 = EDGE_LOOP ( 'NONE', ( #722, #1280 ) ) ;
#1062 = CYLINDRICAL_SURFACE ( 'NONE', #1361, 0.5624999999999998900 ) ;
#1063 = ORIENTED_EDGE ( 'NONE', *, *, #623, .T. ) ;
#1064 = CARTESIAN_POINT ( 'NONE',  ( -0.2500000000000000000, 3.061616997868383000E-017, 0.1406250000000000600 ) ) ;
#1065 = ORIENTED_EDGE ( 'NONE', *, *, #185, .T. ) ;
#1066 = SPHERICAL_SURFACE ( 'NONE', #729, 0.07808995497680329400 ) ;
#1067 = AXIS2_PLACEMENT_3D ( 'NONE', #1040, #1192, #1572 ) ;
#1068 = ADVANCED_FACE ( 'NONE', ( #510 ), #1585, .T. ) ;
#1069 = DIRECTION ( 'NONE',  ( 1.000000000000000000, 0.0000000000000000000, 0.0000000000000000000 ) ) ;
#1070 = DIRECTION ( 'NONE',  ( -0.0000000000000000000, -0.0000000000000000000, 1.000000000000000000 ) ) ;
#1071 = ORIENTED_EDGE ( 'NONE', *, *, #1546, .T. ) ;
#1072 = DIRECTION ( 'NONE',  ( 0.0000000000000000000, 0.0000000000000000000, -1.000000000000000000 ) ) ;
#1073 = DIRECTION ( 'NONE',  ( 1.000000000000000000, 0.0000000000000000000, 0.0000000000000000000 ) ) ;
#1074 = CLOSED_SHELL ( 'NONE', ( #812, #1048, #348, #1291, #1287, #593 ) ) ;
#1075 = DIRECTION ( 'NONE',  ( -0.8660254037844328200, 0.5000000000000101000, 0.0000000000000000000 ) ) ;
#1076 = CC_DESIGN_PERSON_AND_ORGANIZATION_ASSIGNMENT ( #1, #1404, ( #200 ) ) ;
#1077 = EDGE_CURVE ( 'NONE', #730, #867, #915, .T. ) ;
#1078 = EDGE_CURVE ( 'NONE', #116, #1552, #172, .T. ) ;
#1079 = DIRECTION ( 'NONE',  ( -0.4999999999999978400, 0.8660254037844398200, 0.0000000000000000000 ) ) ;
#1080 = CIRCLE ( 'NONE', #169, 0.07808995497680330800 ) ;
#1081 = DIRECTION ( 'NONE',  ( 1.000000000000000000, 0.0000000000000000000, 0.0000000000000000000 ) ) ;
#1082 = CARTESIAN_POINT ( 'NONE',  ( 0.3518228202874273400, -0.2031250000000016700, -3.827021247335474900E-018 ) ) ;
#1083 = DATE_AND_TIME ( #392, #737 ) ;
#1084 = VERTEX_POINT ( 'NONE', #1527 ) ;
#1085 = FACE_OUTER_BOUND ( 'NONE', #419, .T. ) ;
#1086 = CARTESIAN_POINT ( 'NONE',  ( 0.3518228202874273400, -0.2031250000000016700, -3.827021247335474900E-018 ) ) ;
#1087 = DIRECTION ( 'NONE',  ( -0.0000000000000000000, -0.0000000000000000000, 1.000000000000000000 ) ) ;
#1088 = MANIFOLD_SOLID_BREP ( 'CirPattern1[6]', #1118 ) ;
#1089 = AXIS2_PLACEMENT_3D ( 'NONE', #245, #1255, #1492 ) ;
#1090 = EDGE_LOOP ( 'NONE', ( #1479, #1232, #1065, #460 ) ) ;
#1091 = CARTESIAN_POINT ( 'NONE',  ( 0.4419642857142857500, 0.0000000000000000000, -0.06944444444444443400 ) ) ;
#1092 = CARTESIAN_POINT ( 'NONE',  ( 0.0000000000000000000, 0.0000000000000000000, 0.06944444444444443400 ) ) ;
#1093 = EDGE_LOOP ( 'NONE', ( #586, #771, #1530, #1587 ) ) ;
#1094 = EDGE_LOOP ( 'NONE', ( #944, #663 ) ) ;
#1095 = ORIENTED_EDGE ( 'NONE', *, *, #695, .F. ) ;
#1096 = DIRECTION ( 'NONE',  ( 0.4999999999999916700, -0.8660254037844433700, 0.0000000000000000000 ) ) ;
#1097 = AXIS2_PLACEMENT_3D ( 'NONE', #1134, #1376, #1589 ) ;
#1098 = CYLINDRICAL_SURFACE ( 'NONE', #1330, 0.3705357142857142500 ) ;
#1099 = EDGE_CURVE ( 'NONE', #514, #438, #369, .T. ) ;
#1100 = CARTESIAN_POINT ( 'NONE',  ( 0.0000000000000000000, 0.0000000000000000000, -0.1562500000000000000 ) ) ;
#1101 = FACE_OUTER_BOUND ( 'NONE', #743, .T. ) ;
#1102 = DIRECTION ( 'NONE',  ( 1.000000000000000000, 0.0000000000000000000, 0.0000000000000000000 ) ) ;
#1103 = VERTEX_POINT ( 'NONE', #1537 ) ;
#1104 = CIRCLE ( 'NONE', #1474, 0.07808995497680316900 ) ;
#1105 = CARTESIAN_POINT ( 'NONE',  ( 0.0000000000000000000, 0.4062500000000000000, -3.827021247335474900E-018 ) ) ;
#1106 = AXIS2_PLACEMENT_3D ( 'NONE', #545, #1426, #678 ) ;
#1107 = EDGE_CURVE ( 'NONE', #863, #796, #491, .T. ) ;
#1108 = ORIENTED_EDGE ( 'NONE', *, *, #675, .F. ) ;
#1109 = DIRECTION ( 'NONE',  ( -0.0000000000000000000, -0.0000000000000000000, 1.000000000000000000 ) ) ;
#1110 = ADVANCED_FACE ( 'NONE', ( #754 ), #1133, .T. ) ;
#1111 = EDGE_LOOP ( 'NONE', ( #1273, #1179 ) ) ;
#1112 = CARTESIAN_POINT ( 'NONE',  ( 0.3705357142857142500, 0.0000000000000000000, 0.1562500000000000000 ) ) ;
#1113 = AXIS2_PLACEMENT_3D ( 'NONE', #480, #1507, #752 ) ;
#1114 = FACE_OUTER_BOUND ( 'NONE', #1050, .T. ) ;
#1115 = APPROVAL_PERSON_ORGANIZATION ( #428, #193, #490 ) ;
#1116 = DIRECTION ( 'NONE',  ( 1.224646799147353200E-016, 1.000000000000000000, 0.0000000000000000000 ) ) ;
#1117 = ORIENTED_EDGE ( 'NONE', *, *, #1183, .F. ) ;
#1118 = CLOSED_SHELL ( 'NONE', ( #1488, #211 ) ) ;
#1119 = FACE_OUTER_BOUND ( 'NONE', #1061, .T. ) ;
#1120 = CARTESIAN_POINT ( 'NONE',  ( -0.3281600450231965700, 4.018801487457090000E-017, -1.290816110636018100E-016 ) ) ;
#1121 = DIRECTION ( 'NONE',  ( -0.0000000000000000000, -0.0000000000000000000, 1.000000000000000000 ) ) ;
#1122 = ORIENTED_EDGE ( 'NONE', *, *, #304, .T. ) ;
#1123 = AXIS2_PLACEMENT_3D ( 'NONE', #1641, #1261, #890 ) ;
#1124 = DIRECTION ( 'NONE',  ( 1.000000000000000000, 0.0000000000000000000, 0.0000000000000000000 ) ) ;
#1125 = EDGE_CURVE ( 'NONE', #1371, #1556, #991, .T. ) ;
#1126 = EDGE_CURVE ( 'NONE', #918, #398, #1246, .T. ) ;
#1127 = VERTEX_POINT ( 'NONE', #1276 ) ;
#1128 = ORIENTED_EDGE ( 'NONE', *, *, #1185, .F. ) ;
#1129 = DIRECTION ( 'NONE',  ( 1.000000000000000000, 0.0000000000000000000, 0.0000000000000000000 ) ) ;
#1130 = CARTESIAN_POINT ( 'NONE',  ( -0.4062500000000000000, 4.255242881715069200E-015, -3.827021247335474900E-018 ) ) ;
#1131 = CARTESIAN_POINT ( 'NONE',  ( 0.0000000000000000000, 0.0000000000000000000, 0.06944444444444443400 ) ) ;
#1132 = CARTESIAN_POINT ( 'NONE',  ( 0.0000000000000000000, 0.0000000000000000000, 0.1562499999999999700 ) ) ;
#1133 = CONICAL_SURFACE ( 'NONE', #1244, 0.5624999999999998900, 0.7853981633974482800 ) ;
#1134 = CARTESIAN_POINT ( 'NONE',  ( 0.0000000000000000000, 0.4419642857142857500, 0.1484374999999999700 ) ) ;
#1135 = CIRCLE ( 'NONE', #1316, 0.07808995497680316900 ) ;
#1136 = CARTESIAN_POINT ( 'NONE',  ( -0.2656250000000000600, 3.252968060235157300E-017, 0.1562499999999999700 ) ) ;
#1137 =( GEOMETRIC_REPRESENTATION_CONTEXT ( 3 ) GLOBAL_UNCERTAINTY_ASSIGNED_CONTEXT ( ( #786 ) ) GLOBAL_UNIT_ASSIGNED_CONTEXT ( ( #1253, #749, #366 ) ) REPRESENTATION_CONTEXT ( 'NONE', 'WORKASPACE' ) );
#1138 = APPROVAL_PERSON_ORGANIZATION ( #875, #1154, #638 ) ;
#1139 = ORIENTED_EDGE ( 'NONE', *, *, #751, .T. ) ;
#1140 = AXIS2_PLACEMENT_3D ( 'NONE', #941, #423, #1315 ) ;
#1141 = CIRCLE ( 'NONE', #1218, 0.4419642857142857500 ) ;
#1142 = APPROVAL_STATUS ( 'not_yet_approved' ) ;
#1143 = DIRECTION ( 'NONE',  ( 0.4999999999999887300, -0.8660254037844451500, 0.0000000000000000000 ) ) ;
#1144 = AXIS2_PLACEMENT_3D ( 'NONE', #837, #733, #1621 ) ;
#1145 = EDGE_LOOP ( 'NONE', ( #1221, #1198, #201, #1539 ) ) ;
#1146 = DIRECTION ( 'NONE',  ( -0.0000000000000000000, -0.0000000000000000000, 1.000000000000000000 ) ) ;
#1147 = CARTESIAN_POINT ( 'NONE',  ( 0.0000000000000000000, 0.0000000000000000000, 0.1562500000000000000 ) ) ;
#1148 = ORIENTED_EDGE ( 'NONE', *, *, #983, .T. ) ;
#1149 = CARTESIAN_POINT ( 'NONE',  ( -0.3518228202874300600, -0.2031249999999967200, -3.827021247335474900E-018 ) ) ;
#1150 = FACE_OUTER_BOUND ( 'NONE', #507, .T. ) ;
#1151 = ORIENTED_EDGE ( 'NONE', *, *, #787, .F. ) ;
#1152 = AXIS2_PLACEMENT_3D ( 'NONE', #672, #281, #682 ) ;
#1153 = LINE ( 'NONE', #864, #282 ) ;
#1154 = APPROVAL ( #1142, 'UNSPECIFIED' ) ;
#1155 = EDGE_CURVE ( 'NONE', #394, #565, #572, .T. ) ;
#1156 = EDGE_CURVE ( 'NONE', #8, #1574, #1478, .T. ) ;
#1157 = EDGE_LOOP ( 'NONE', ( #1558, #362, #719, #269 ) ) ;
#1158 = ORIENTED_EDGE ( 'NONE', *, *, #524, .F. ) ;
#1159 = FACE_OUTER_BOUND ( 'NONE', #212, .T. ) ;
#1160 = DIRECTION ( 'NONE',  ( -0.0000000000000000000, -0.0000000000000000000, 1.000000000000000000 ) ) ;
#1161 = VERTEX_POINT ( 'NONE', #536 ) ;
#1162 = DIRECTION ( 'NONE',  ( 1.000000000000000000, -3.491481338843132200E-015, 0.0000000000000000000 ) ) ;
#1163 = CIRCLE ( 'NONE', #715, 0.07808995497680329400 ) ;
#1164 = ORIENTED_EDGE ( 'NONE', *, *, #344, .T. ) ;
#1165 = AXIS2_PLACEMENT_3D ( 'NONE', #248, #1406, #1264 ) ;
#1166 = VERTEX_POINT ( 'NONE', #922 ) ;
#1167 = DIMENSIONAL_EXPONENTS ( 1.000000000000000000, 0.0000000000000000000, 0.0000000000000000000, 0.0000000000000000000, 0.0000000000000000000, 0.0000000000000000000, 0.0000000000000000000 ) ;
#1168 = CARTESIAN_POINT ( 'NONE',  ( -0.3705357142857142500, 4.537753764697781800E-017, 0.06944444444444443400 ) ) ;
#1169 = CARTESIAN_POINT ( 'NONE',  ( 0.0000000000000000000, 0.0000000000000000000, 0.1562500000000000000 ) ) ;
#1170 = CIRCLE ( 'NONE', #228, 0.5468750000000000000 ) ;
#1171 = VECTOR ( 'NONE', #24, 39.37007874015748100 ) ;
#1172 = DIRECTION ( 'NONE',  ( -0.0000000000000000000, -0.0000000000000000000, 1.000000000000000000 ) ) ;
#1173 = AXIS2_PLACEMENT_3D ( 'NONE', #70, #688, #1324 ) ;
#1174 = CYLINDRICAL_SURFACE ( 'NONE', #112, 0.5624999999999998900 ) ;
#1175 = CARTESIAN_POINT ( 'NONE',  ( 0.0000000000000000000, 0.0000000000000000000, -0.07808995497680330800 ) ) ;
#1176 = VERTEX_POINT ( 'NONE', #532 ) ;
#1177 = ADVANCED_FACE ( 'NONE', ( #1444 ), #447, .T. ) ;
#1178 = DIRECTION ( 'NONE',  ( 0.0000000000000000000, -1.000000000000000000, 0.0000000000000000000 ) ) ;
#1179 = ORIENTED_EDGE ( 'NONE', *, *, #997, .T. ) ;
#1180 = ADVANCED_FACE ( 'NONE', ( #736 ), #119, .T. ) ;
#1181 = AXIS2_PLACEMENT_3D ( 'NONE', #1573, #950, #1069 ) ;
#1182 = ORIENTED_EDGE ( 'NONE', *, *, #1579, .T. ) ;
#1183 = EDGE_CURVE ( 'NONE', #825, #861, #35, .T. ) ;
#1184 = ORIENTED_EDGE ( 'NONE', *, *, #541, .T. ) ;
#1185 = EDGE_CURVE ( 'NONE', #906, #846, #313, .T. ) ;
#1186 = DIRECTION ( 'NONE',  ( -0.0000000000000000000, -0.0000000000000000000, 1.000000000000000000 ) ) ;
#1187 = LINE ( 'NONE', #1112, #155 ) ;
#1188 = ORIENTED_EDGE ( 'NONE', *, *, #869, .F. ) ;
#1189 = CIRCLE ( 'NONE', #599, 0.07808995497680328000 ) ;
#1190 = DIRECTION ( 'NONE',  ( 0.8660254037844417100, 0.4999999999999948400, -0.0000000000000000000 ) ) ;
#1191 = VERTEX_POINT ( 'NONE', #529 ) ;
#1192 = DIRECTION ( 'NONE',  ( -0.0000000000000000000, -0.0000000000000000000, 1.000000000000000000 ) ) ;
#1193 = VERTEX_POINT ( 'NONE', #1285 ) ;
#1194 = CIRCLE ( 'NONE', #238, 0.3705357142857142500 ) ;
#1195 = AXIS2_PLACEMENT_3D ( 'NONE', #1059, #288, #1422 ) ;
#1196 = DIRECTION ( 'NONE',  ( 1.000000000000000000, 0.0000000000000000000, 0.0000000000000000000 ) ) ;
#1197 = CARTESIAN_POINT ( 'NONE',  ( 0.0000000000000000000, 0.0000000000000000000, -0.06944444444444454500 ) ) ;
#1198 = ORIENTED_EDGE ( 'NONE', *, *, #154, .T. ) ;
#1199 = MANIFOLD_SOLID_BREP ( 'CirPattern1[1]', #405 ) ;
#1200 = EDGE_CURVE ( 'NONE', #867, #730, #793, .T. ) ;
#1201 = ORIENTED_EDGE ( 'NONE', *, *, #871, .T. ) ;
#1202 = CARTESIAN_POINT ( 'NONE',  ( -0.4419642857142858100, 5.412501478374463700E-017, 0.1562500000000000000 ) ) ;
#1203 = ORIENTED_EDGE ( 'NONE', *, *, #902, .T. ) ;
#1204 = CARTESIAN_POINT ( 'NONE',  ( 0.0000000000000000000, 0.0000000000000000000, 0.06944444444444443400 ) ) ;
#1205 = ORIENTED_EDGE ( 'NONE', *, *, #515, .T. ) ;
#1206 = AXIS2_PLACEMENT_3D ( 'NONE', #1595, #705, #1333 ) ;
#1207 = AXIS2_PLACEMENT_3D ( 'NONE', #1322, #1087, #314 ) ;
#1208 = DIRECTION ( 'NONE',  ( -0.0000000000000000000, -0.0000000000000000000, 1.000000000000000000 ) ) ;
#1209 = CIRCLE ( 'NONE', #391, 0.07808995497680330800 ) ;
#1210 = DIRECTION ( 'NONE',  ( -0.0000000000000000000, -0.0000000000000000000, 1.000000000000000000 ) ) ;
#1211 = FACE_OUTER_BOUND ( 'NONE', #216, .T. ) ;
#1212 = LINE ( 'NONE', #283, #1271 ) ;
#1213 = DIRECTION ( 'NONE',  ( -0.0000000000000000000, -0.0000000000000000000, 1.000000000000000000 ) ) ;
#1214 = ORIENTED_EDGE ( 'NONE', *, *, #1077, .F. ) ;
#1215 = CARTESIAN_POINT ( 'NONE',  ( 0.0000000000000000000, 0.4419642857142858100, -0.07808995497680329400 ) ) ;
#1216 = DIRECTION ( 'NONE',  ( -0.0000000000000000000, -0.0000000000000000000, 1.000000000000000000 ) ) ;
#1217 = DIRECTION ( 'NONE',  ( -0.0000000000000000000, -0.0000000000000000000, 1.000000000000000000 ) ) ;
#1218 = AXIS2_PLACEMENT_3D ( 'NONE', #1092, #192, #168 ) ;
#1219 = ADVANCED_FACE ( 'NONE', ( #530 ), #194, .F. ) ;
#1220 = CARTESIAN_POINT ( 'NONE',  ( 0.0000000000000000000, 0.0000000000000000000, -0.1562500000000000000 ) ) ;
#1221 = ORIENTED_EDGE ( 'NONE', *, *, #646, .F. ) ;
#1222 = CARTESIAN_POINT ( 'NONE',  ( 0.0000000000000000000, 0.0000000000000000000, -1.195183497228115000E-016 ) ) ;
#1223 = ORIENTED_EDGE ( 'NONE', *, *, #1342, .T. ) ;
#1224 = CARTESIAN_POINT ( 'NONE',  ( 0.4419642857142857500, 0.0000000000000000000, 0.1562500000000000300 ) ) ;
#1225 = ORIENTED_EDGE ( 'NONE', *, *, #397, .F. ) ;
#1226 = AXIS2_PLACEMENT_3D ( 'NONE', #761, #1160, #521 ) ;
#1227 = FACE_OUTER_BOUND ( 'NONE', #1335, .T. ) ;
#1228 = AXIS2_PLACEMENT_3D ( 'NONE', #550, #1190, #310 ) ;
#1229 = FACE_OUTER_BOUND ( 'NONE', #1639, .T. ) ;
#1230 = ORIENTED_EDGE ( 'NONE', *, *, #276, .F. ) ;
#1231 = FACE_OUTER_BOUND ( 'NONE', #1566, .T. ) ;
#1232 = ORIENTED_EDGE ( 'NONE', *, *, #611, .F. ) ;
#1233 = ORIENTED_EDGE ( 'NONE', *, *, #604, .F. ) ;
#1234 = SPHERICAL_SURFACE ( 'NONE', #1055, 0.07808995497680329400 ) ;
#1235 = ADVANCED_FACE ( 'NONE', ( #407, #1501 ), #176, .F. ) ;
#1236 = AXIS2_PLACEMENT_3D ( 'NONE', #961, #1594, #1102 ) ;
#1237 = ORIENTED_EDGE ( 'NONE', *, *, #582, .T. ) ;
#1238 = EDGE_CURVE ( 'NONE', #918, #910, #1345, .T. ) ;
#1239 = ORIENTED_EDGE ( 'NONE', *, *, #125, .F. ) ;
#1240 = CARTESIAN_POINT ( 'NONE',  ( 0.0000000000000000000, 0.4062500000000000000, -3.827021247335474900E-018 ) ) ;
#1241 = ORIENTED_EDGE ( 'NONE', *, *, #833, .F. ) ;
#1242 = CARTESIAN_POINT ( 'NONE',  ( 0.4419642857142857500, 0.0000000000000000000, 0.1484375000000000000 ) ) ;
#1243 = DIRECTION ( 'NONE',  ( 1.000000000000000000, 0.0000000000000000000, 0.0000000000000000000 ) ) ;
#1244 = AXIS2_PLACEMENT_3D ( 'NONE', #1400, #643, #7 ) ;
#1245 = CARTESIAN_POINT ( 'NONE',  ( 0.0000000000000000000, 0.0000000000000000000, 0.1406250000000000600 ) ) ;
#1246 = CIRCLE ( 'NONE', #57, 0.5468750000000000000 ) ;
#1247 = CIRCLE ( 'NONE', #1630, 0.5468750000000000000 ) ;
#1248 = DIRECTION ( 'NONE',  ( 0.5000000000000041100, 0.8660254037844361500, -0.0000000000000000000 ) ) ;
#1249 = DIRECTION ( 'NONE',  ( -0.0000000000000000000, -0.0000000000000000000, 1.000000000000000000 ) ) ;
#1250 = ORIENTED_EDGE ( 'NONE', *, *, #868, .T. ) ;
#1251 = DIRECTION ( 'NONE',  ( 0.7071067811865474600, 8.659560562354931600E-017, -0.7071067811865475700 ) ) ;
#1252 = FACE_OUTER_BOUND ( 'NONE', #1298, .T. ) ;
#1253 =( CONVERSION_BASED_UNIT ( 'INCH', #513 ) LENGTH_UNIT ( ) NAMED_UNIT ( #1167 ) );
#1254 = DIRECTION ( 'NONE',  ( 1.000000000000000000, 0.0000000000000000000, 0.0000000000000000000 ) ) ;
#1255 = DIRECTION ( 'NONE',  ( -0.0000000000000000000, -0.0000000000000000000, 1.000000000000000000 ) ) ;
#1256 = DIRECTION ( 'NONE',  ( 1.000000000000000000, 0.0000000000000000000, 0.0000000000000000000 ) ) ;
#1257 = DIRECTION ( 'NONE',  ( -0.0000000000000000000, -0.0000000000000000000, 1.000000000000000000 ) ) ;
#1258 = PERSON_AND_ORGANIZATION_ROLE ( 'design_supplier' ) ;
#1259 = VERTEX_POINT ( 'NONE', #1091 ) ;
#1260 = DIRECTION ( 'NONE',  ( -0.8660254037844450400, -0.4999999999999886200, 0.0000000000000000000 ) ) ;
#1261 = DIRECTION ( 'NONE',  ( -1.000000000000000000, 6.982962677686266700E-015, 0.0000000000000000000 ) ) ;
#1262 = EDGE_LOOP ( 'NONE', ( #1620, #444, #208, #210 ) ) ;
#1263 = AXIS2_PLACEMENT_3D ( 'NONE', #78, #106, #1383 ) ;
#1264 = DIRECTION ( 'NONE',  ( 0.4999999999999947800, -0.8660254037844417100, 0.0000000000000000000 ) ) ;
#1265 = CYLINDRICAL_SURFACE ( 'NONE', #93, 0.4419642857142857500 ) ;
#1266 = CARTESIAN_POINT ( 'NONE',  ( -0.4062500000000000000, 4.255242881715069200E-015, 0.07808995497680329400 ) ) ;
#1267 = FACE_OUTER_BOUND ( 'NONE', #411, .T. ) ;
#1268 = ORIENTED_EDGE ( 'NONE', *, *, #946, .T. ) ;
#1269 = DIRECTION ( 'NONE',  ( 0.4999999999999980000, -0.8660254037844398200, 0.0000000000000000000 ) ) ;
#1270 = EDGE_CURVE ( 'NONE', #485, #679, #1170, .T. ) ;
#1271 = VECTOR ( 'NONE', #1355, 39.37007874015748100 ) ;
#1272 = ORIENTED_EDGE ( 'NONE', *, *, #1270, .T. ) ;
#1273 = ORIENTED_EDGE ( 'NONE', *, *, #241, .F. ) ;
#1274 = LINE ( 'NONE', #12, #104 ) ;
#1275 = CARTESIAN_POINT ( 'NONE',  ( -0.5624999999999998900, 6.888638245203860700E-017, 0.1562500000000000000 ) ) ;
#1276 = CARTESIAN_POINT ( 'NONE',  ( 0.0000000000000000000, 0.4062500000000000000, -0.07808995497680329400 ) ) ;
#1277 = AXIS2_PLACEMENT_3D ( 'NONE', #1003, #1373, #493 ) ;
#1278 = ORIENTED_EDGE ( 'NONE', *, *, #604, .T. ) ;
#1279 = DIRECTION ( 'NONE',  ( -0.0000000000000000000, -0.0000000000000000000, 1.000000000000000000 ) ) ;
#1280 = ORIENTED_EDGE ( 'NONE', *, *, #1513, .T. ) ;
#1281 = DIRECTION ( 'NONE',  ( -0.0000000000000000000, -0.0000000000000000000, 1.000000000000000000 ) ) ;
#1282 = EDGE_CURVE ( 'NONE', #790, #1645, #469, .T. ) ;
#1283 = CONICAL_SURFACE ( 'NONE', #291, 0.2656250000000000600, 0.7853981633974528300 ) ;
#1284 = AXIS2_PLACEMENT_3D ( 'NONE', #908, #146, #1541 ) ;
#1285 = CARTESIAN_POINT ( 'NONE',  ( -0.3705357142857142500, 4.537753764697781800E-017, -0.1484375000000000000 ) ) ;
#1286 = CIRCLE ( 'NONE', #1596, 0.3281600450231965700 ) ;
#1287 = ADVANCED_FACE ( 'NONE', ( #1411, #1150 ), #191, .F. ) ;
#1288 = EDGE_LOOP ( 'NONE', ( #74, #738 ) ) ;
#1289 = CIRCLE ( 'NONE', #462, 0.07808995497680316900 ) ;
#1290 = CARTESIAN_POINT ( 'NONE',  ( 0.0000000000000000000, 0.0000000000000000000, 0.1562500000000000000 ) ) ;
#1291 = ADVANCED_FACE ( 'NONE', ( #1627 ), #633, .F. ) ;
#1292 = CARTESIAN_POINT ( 'NONE',  ( -0.2031249999999955000, 0.3518228202874308400, -0.07808995497680329400 ) ) ;
#1293 = DIRECTION ( 'NONE',  ( 1.000000000000000000, 0.0000000000000000000, 0.0000000000000000000 ) ) ;
#1294 = CIRCLE ( 'NONE', #165, 0.2500000000000000000 ) ;
#1295 = ORIENTED_EDGE ( 'NONE', *, *, #15, .F. ) ;
#1296 = CC_DESIGN_APPROVAL ( #193, ( #901 ) ) ;
#1297 = EDGE_CURVE ( 'NONE', #147, #1420, #138, .T. ) ;
#1298 = EDGE_LOOP ( 'NONE', ( #592, #1415, #259, #1475 ) ) ;
#1299 = DIRECTION ( 'NONE',  ( 1.000000000000000000, -3.491481338843132600E-015, 0.0000000000000000000 ) ) ;
#1300 = ADVANCED_FACE ( 'NONE', ( #390 ), #1301, .F. ) ;
#1301 = CYLINDRICAL_SURFACE ( 'NONE', #1509, 0.4419642857142857500 ) ;
#1302 = DIRECTION ( 'NONE',  ( -0.7071067811865474600, 8.659560562354931600E-017, 0.7071067811865475700 ) ) ;
#1303 = FACE_OUTER_BOUND ( 'NONE', #1352, .T. ) ;
#1304 = ORIENTED_EDGE ( 'NONE', *, *, #456, .T. ) ;
#1305 = CARTESIAN_POINT ( 'NONE',  ( 0.4062499999999997200, 0.0000000000000000000, -1.195183497228115000E-016 ) ) ;
#1306 = AXIS2_PLACEMENT_3D ( 'NONE', #1100, #964, #595 ) ;
#1307 = PERSON_AND_ORGANIZATION ( #1583, #242 ) ;
#1308 = ORIENTED_EDGE ( 'NONE', *, *, #1126, .F. ) ;
#1309 = LINE ( 'NONE', #840, #1372 ) ;
#1310 = DIRECTION ( 'NONE',  ( -0.0000000000000000000, -0.0000000000000000000, 1.000000000000000000 ) ) ;
#1311 = CARTESIAN_POINT ( 'NONE',  ( 0.3518228202874287300, 0.2031249999999992000, -0.07808995497680329400 ) ) ;
#1312 = CARTESIAN_POINT ( 'NONE',  ( 0.0000000000000000000, 0.0000000000000000000, 0.1406250000000000600 ) ) ;
#1313 = DIRECTION ( 'NONE',  ( -0.0000000000000000000, -0.0000000000000000000, 1.000000000000000000 ) ) ;
#1314 = ORIENTED_EDGE ( 'NONE', *, *, #799, .T. ) ;
#1315 = DIRECTION ( 'NONE',  ( 0.5000000000000008900, 0.8660254037844380400, 0.0000000000000000000 ) ) ;
#1316 = AXIS2_PLACEMENT_3D ( 'NONE', #993, #1601, #110 ) ;
#1317 = DIRECTION ( 'NONE',  ( -0.0000000000000000000, -0.0000000000000000000, 1.000000000000000000 ) ) ;
#1318 = EDGE_LOOP ( 'NONE', ( #1386, #1214 ) ) ;
#1319 = ADVANCED_FACE ( 'NONE', ( #971 ), #1562, .T. ) ;
#1320 = EDGE_CURVE ( 'NONE', #330, #360, #1603, .T. ) ;
#1321 = CARTESIAN_POINT ( 'NONE',  ( 0.3518228202874287300, 0.2031249999999992000, -3.827021247335474900E-018 ) ) ;
#1322 = CARTESIAN_POINT ( 'NONE',  ( 0.0000000000000000000, 0.0000000000000000000, 0.1562500000000000000 ) ) ;
#1323 = CIRCLE ( 'NONE', #370, 0.2656250000000000600 ) ;
#1324 = DIRECTION ( 'NONE',  ( 1.000000000000000000, 0.0000000000000000000, 0.0000000000000000000 ) ) ;
#1325 = CIRCLE ( 'NONE', #1375, 0.3705357142857142500 ) ;
#1326 = DATE_AND_TIME ( #1414, #354 ) ;
#1327 = CARTESIAN_POINT ( 'NONE',  ( -2.836828587810045900E-015, -0.4062500000000000000, -3.827021247335474900E-018 ) ) ;
#1328 = VERTEX_POINT ( 'NONE', #960 ) ;
#1329 = CIRCLE ( 'NONE', #132, 0.3705357142857142500 ) ;
#1330 = AXIS2_PLACEMENT_3D ( 'NONE', #127, #1281, #1011 ) ;
#1331 = CARTESIAN_POINT ( 'NONE',  ( 0.0000000000000000000, 0.0000000000000000000, -0.1484375000000000000 ) ) ;
#1332 = VERTEX_POINT ( 'NONE', #568 ) ;
#1333 = DIRECTION ( 'NONE',  ( 1.000000000000000000, 0.0000000000000000000, 0.0000000000000000000 ) ) ;
#1334 = DIRECTION ( 'NONE',  ( -0.0000000000000000000, -0.0000000000000000000, 1.000000000000000000 ) ) ;
#1335 = EDGE_LOOP ( 'NONE', ( #984, #361 ) ) ;
#1336 = DIRECTION ( 'NONE',  ( -0.0000000000000000000, -0.0000000000000000000, 1.000000000000000000 ) ) ;
#1337 = EDGE_LOOP ( 'NONE', ( #1201, #1139 ) ) ;
#1338 = EDGE_LOOP ( 'NONE', ( #866, #1440, #948, #1437 ) ) ;
#1339 = DIRECTION ( 'NONE',  ( 0.5000000000000008900, 0.8660254037844381500, 0.0000000000000000000 ) ) ;
#1340 = AXIS2_PLACEMENT_3D ( 'NONE', #1215, #1072, #817 ) ;
#1341 = ORIENTED_EDGE ( 'NONE', *, *, #528, .F. ) ;
#1342 = EDGE_CURVE ( 'NONE', #1193, #876, #546, .T. ) ;
#1343 = CARTESIAN_POINT ( 'NONE',  ( 0.0000000000000000000, 0.0000000000000000000, 0.1562500000000000000 ) ) ;
#1344 = DIRECTION ( 'NONE',  ( 7.105427357601001900E-015, 1.000000000000000000, 0.0000000000000000000 ) ) ;
#1345 = LINE ( 'NONE', #954, #79 ) ;
#1346 = LINE ( 'NONE', #1436, #1171 ) ;
#1347 = ORIENTED_EDGE ( 'NONE', *, *, #695, .T. ) ;
#1348 = SPHERICAL_SURFACE ( 'NONE', #184, 0.07808995497680329400 ) ;
#1349 = CARTESIAN_POINT ( 'NONE',  ( 0.3705357142857142500, 0.0000000000000000000, -0.1562500000000000000 ) ) ;
#1350 = ADVANCED_FACE ( 'NONE', ( #590, #929 ), #584, .F. ) ;
#1351 = AXIS2_PLACEMENT_3D ( 'NONE', #135, #769, #364 ) ;
#1352 = EDGE_LOOP ( 'NONE', ( #710, #836 ) ) ;
#1353 = VECTOR ( 'NONE', #775, 39.37007874015748100 ) ;
#1354 = CARTESIAN_POINT ( 'NONE',  ( -0.2031249999999955000, 0.3518228202874308400, -3.827021247335474900E-018 ) ) ;
#1355 = DIRECTION ( 'NONE',  ( -0.0000000000000000000, -0.0000000000000000000, 1.000000000000000000 ) ) ;
#1356 = ORIENTED_EDGE ( 'NONE', *, *, #1568, .F. ) ;
#1357 = ADVANCED_FACE ( 'NONE', ( #671 ), #1265, .F. ) ;
#1358 = ORIENTED_EDGE ( 'NONE', *, *, #125, .T. ) ;
#1359 = DIRECTION ( 'NONE',  ( 1.000000000000000000, 0.0000000000000000000, 0.0000000000000000000 ) ) ;
#1360 = DIRECTION ( 'NONE',  ( 1.000000000000000000, 0.0000000000000000000, 0.0000000000000000000 ) ) ;
#1361 = AXIS2_PLACEMENT_3D ( 'NONE', #1343, #847, #209 ) ;
#1362 = DIRECTION ( 'NONE',  ( 1.000000000000000000, 0.0000000000000000000, 0.0000000000000000000 ) ) ;
#1363 = DIRECTION ( 'NONE',  ( 1.000000000000000000, 0.0000000000000000000, 0.0000000000000000000 ) ) ;
#1364 = PLANE ( 'NONE',  #1032 ) ;
#1365 = CIRCLE ( 'NONE', #821, 0.07808995497680332200 ) ;
#1366 = ADVANCED_FACE ( 'NONE', ( #1227 ), #293, .T. ) ;
#1367 = EDGE_CURVE ( 'NONE', #147, #906, #257, .T. ) ;
#1368 = CYLINDRICAL_SURFACE ( 'NONE', #214, 0.2500000000000000000 ) ;
#1369 = PERSON_AND_ORGANIZATION ( #1583, #242 ) ;
#1370 = MANIFOLD_SOLID_BREP ( 'CirPattern1[11]', #317 ) ;
#1371 = VERTEX_POINT ( 'NONE', #985 ) ;
#1372 = VECTOR ( 'NONE', #75, 39.37007874015748100 ) ;
#1373 = DIRECTION ( 'NONE',  ( -1.059690869644413500E-014, -1.000000000000000000, 0.0000000000000000000 ) ) ;
#1374 = DIRECTION ( 'NONE',  ( 0.0000000000000000000, 0.0000000000000000000, -1.000000000000000000 ) ) ;
#1375 = AXIS2_PLACEMENT_3D ( 'NONE', #1204, #547, #700 ) ;
#1376 = DIRECTION ( 'NONE',  ( 0.0000000000000000000, 0.0000000000000000000, -1.000000000000000000 ) ) ;
#1377 = CARTESIAN_POINT ( 'NONE',  ( 0.5624999999999998900, 6.888638245203860700E-017, 0.1406250000000000600 ) ) ;
#1378 = ORIENTED_EDGE ( 'NONE', *, *, #946, .F. ) ;
#1379 = EDGE_CURVE ( 'NONE', #28, #774, #1016, .T. ) ;
#1380 = CARTESIAN_POINT ( 'NONE',  ( 0.0000000000000000000, 0.0000000000000000000, 0.1562500000000000000 ) ) ;
#1381 = DIRECTION ( 'NONE',  ( -1.000000000000000000, 1.047444401652940000E-014, 0.0000000000000000000 ) ) ;
#1382 = EDGE_CURVE ( 'NONE', #863, #67, #240, .T. ) ;
#1383 = DIRECTION ( 'NONE',  ( 1.000000000000000000, 0.0000000000000000000, 0.0000000000000000000 ) ) ;
#1384 = ORIENTED_EDGE ( 'NONE', *, *, #1155, .F. ) ;
#1385 = CARTESIAN_POINT ( 'NONE',  ( -0.3518228202874300600, -0.2031249999999967200, 0.07808995497680329400 ) ) ;
#1386 = ORIENTED_EDGE ( 'NONE', *, *, #1200, .F. ) ;
#1387 = CARTESIAN_POINT ( 'NONE',  ( 0.5625000000000000000, 0.0000000000000000000, -0.1406250000000000300 ) ) ;
#1388 = ORIENTED_EDGE ( 'NONE', *, *, #1078, .F. ) ;
#1389 = PLANE ( 'NONE',  #1435 ) ;
#1390 = CC_DESIGN_APPROVAL ( #1154, ( #412 ) ) ;
#1391 = PERSON_AND_ORGANIZATION_ROLE ( 'classification_officer' ) ;
#1392 = CONICAL_SURFACE ( 'NONE', #740, 0.5468750000000000000, 0.7853981633974482800 ) ;
#1393 = CIRCLE ( 'NONE', #69, 0.3705357142857141900 ) ;
#1394 = EDGE_LOOP ( 'NONE', ( #826, #561, #1182, #432 ) ) ;
#1395 = APPROVAL_DATE_TIME ( #123, #1154 ) ;
#1396 = EDGE_LOOP ( 'NONE', ( #1581, #300 ) ) ;
#1397 = DIRECTION ( 'NONE',  ( -0.4999999999999887300, 0.8660254037844451500, 0.0000000000000000000 ) ) ;
#1398 = DIRECTION ( 'NONE',  ( -0.0000000000000000000, -0.0000000000000000000, 1.000000000000000000 ) ) ;
#1399 = VECTOR ( 'NONE', #62, 39.37007874015748100 ) ;
#1400 = CARTESIAN_POINT ( 'NONE',  ( 0.0000000000000000000, 0.0000000000000000000, 0.1406250000000000600 ) ) ;
#1401 = AXIS2_PLACEMENT_3D ( 'NONE', #1321, #810, #59 ) ;
#1402 = CARTESIAN_POINT ( 'NONE',  ( 0.0000000000000000000, 0.0000000000000000000, -0.1562500000000000800 ) ) ;
#1403 = DIRECTION ( 'NONE',  ( 1.000000000000000000, 0.0000000000000000000, 0.0000000000000000000 ) ) ;
#1404 = PERSON_AND_ORGANIZATION_ROLE ( 'design_owner' ) ;
#1405 = ORIENTED_EDGE ( 'NONE', *, *, #766, .F. ) ;
#1406 = DIRECTION ( 'NONE',  ( -0.8660254037844415900, -0.4999999999999949500, 0.0000000000000000000 ) ) ;
#1407 = ORIENTED_EDGE ( 'NONE', *, *, #623, .F. ) ;
#1408 = CARTESIAN_POINT ( 'NONE',  ( 0.0000000000000000000, 0.0000000000000000000, -0.1406250000000000300 ) ) ;
#1409 = ORIENTED_EDGE ( 'NONE', *, *, #1013, .T. ) ;
#1410 = AXIS2_PLACEMENT_3D ( 'NONE', #1014, #1516, #1021 ) ;
#1411 = FACE_BOUND ( 'NONE', #852, .T. ) ;
#1412 = CC_DESIGN_PERSON_AND_ORGANIZATION_ASSIGNMENT ( #1038, #1258, ( #901 ) ) ;
#1413 = EDGE_CURVE ( 'NONE', #173, #1084, #1060, .T. ) ;
#1414 = CALENDAR_DATE ( 2021, 9, 7 ) ;
#1415 = ORIENTED_EDGE ( 'NONE', *, *, #1320, .T. ) ;
#1416 = CIRCLE ( 'NONE', #1284, 0.07808995497680330800 ) ;
#1417 = ORIENTED_EDGE ( 'NONE', *, *, #903, .T. ) ;
#1418 = CARTESIAN_POINT ( 'NONE',  ( -0.4062500000000000000, 4.255242881715069200E-015, -3.827021247335474900E-018 ) ) ;
#1419 = AXIS2_PLACEMENT_3D ( 'NONE', #925, #791, #1543 ) ;
#1420 = VERTEX_POINT ( 'NONE', #97 ) ;
#1421 = ORIENTED_EDGE ( 'NONE', *, *, #787, .T. ) ;
#1422 = DIRECTION ( 'NONE',  ( 1.000000000000000000, 0.0000000000000000000, 0.0000000000000000000 ) ) ;
#1423 = ADVANCED_FACE ( 'NONE', ( #641 ), #331, .T. ) ;
#1424 = ORIENTED_EDGE ( 'NONE', *, *, #809, .T. ) ;
#1425 = SPHERICAL_SURFACE ( 'NONE', #1564, 0.07808995497680329400 ) ;
#1426 = DIRECTION ( 'NONE',  ( -0.0000000000000000000, -0.0000000000000000000, 1.000000000000000000 ) ) ;
#1427 = AXIS2_PLACEMENT_3D ( 'NONE', #1331, #1313, #573 ) ;
#1428 = FACE_OUTER_BOUND ( 'NONE', #1288, .T. ) ;
#1429 = EDGE_CURVE ( 'NONE', #1556, #360, #1104, .T. ) ;
#1430 = FACE_OUTER_BOUND ( 'NONE', #1540, .T. ) ;
#1431 = VERTEX_POINT ( 'NONE', #1224 ) ;
#1432 = CARTESIAN_POINT ( 'NONE',  ( 0.0000000000000000000, 0.0000000000000000000, -0.1562500000000000000 ) ) ;
#1433 = LINE ( 'NONE', #1034, #65 ) ;
#1434 = CARTESIAN_POINT ( 'NONE',  ( -0.5625000000000001100, 6.888638245203861900E-017, -0.1406250000000000300 ) ) ;
#1435 = AXIS2_PLACEMENT_3D ( 'NONE', #1517, #9, #881 ) ;
#1436 = CARTESIAN_POINT ( 'NONE',  ( 0.4419642857142857500, 0.0000000000000000000, 0.1562500000000000000 ) ) ;
#1437 = ORIENTED_EDGE ( 'NONE', *, *, #217, .F. ) ;
#1438 = EDGE_CURVE ( 'NONE', #932, #1431, #1528, .T. ) ;
#1439 = CARTESIAN_POINT ( 'NONE',  ( 0.0000000000000000000, 0.0000000000000000000, 0.1562500000000000000 ) ) ;
#1440 = ORIENTED_EDGE ( 'NONE', *, *, #1382, .T. ) ;
#1441 = DIRECTION ( 'NONE',  ( 1.000000000000000000, 0.0000000000000000000, 0.0000000000000000000 ) ) ;
#1442 = DIRECTION ( 'NONE',  ( 1.000000000000000000, 0.0000000000000000000, 0.0000000000000000000 ) ) ;
#1443 = DIRECTION ( 'NONE',  ( 0.7071067811865474600, 0.0000000000000000000, 0.7071067811865475700 ) ) ;
#1444 = FACE_OUTER_BOUND ( 'NONE', #334, .T. ) ;
#1445 = AXIS2_PLACEMENT_3D ( 'NONE', #1131, #624, #318 ) ;
#1446 = FACE_OUTER_BOUND ( 'NONE', #1145, .T. ) ;
#1447 = ORIENTED_EDGE ( 'NONE', *, *, #634, .F. ) ;
#1448 = DIRECTION ( 'NONE',  ( 1.000000000000000000, 0.0000000000000000000, 0.0000000000000000000 ) ) ;
#1449 = ORIENTED_EDGE ( 'NONE', *, *, #1200, .T. ) ;
#1450 = VECTOR ( 'NONE', #585, 39.37007874015748100 ) ;
#1451 = DIRECTION ( 'NONE',  ( 0.8660254037844398200, 0.4999999999999978400, 0.0000000000000000000 ) ) ;
#1452 = DIRECTION ( 'NONE',  ( -0.0000000000000000000, -0.0000000000000000000, 1.000000000000000000 ) ) ;
#1453 = EDGE_CURVE ( 'NONE', #846, #1420, #336, .T. ) ;
#1454 = VERTEX_POINT ( 'NONE', #1349 ) ;
#1455 = DIRECTION ( 'NONE',  ( 0.0000000000000000000, 0.0000000000000000000, -1.000000000000000000 ) ) ;
#1456 = FACE_OUTER_BOUND ( 'NONE', #1030, .T. ) ;
#1457 = DIRECTION ( 'NONE',  ( -6.982962677686264300E-015, -1.000000000000000000, 0.0000000000000000000 ) ) ;
#1458 = AXIS2_PLACEMENT_3D ( 'NONE', #1149, #198, #805 ) ;
#1459 = ORIENTED_EDGE ( 'NONE', *, *, #1156, .T. ) ;
#1460 = EDGE_LOOP ( 'NONE', ( #1613, #222 ) ) ;
#1461 = CARTESIAN_POINT ( 'NONE',  ( -0.3518228202874258400, 0.2031250000000041100, -0.07808995497680329400 ) ) ;
#1462 = DIRECTION ( 'NONE',  ( -0.5000000000000069900, -0.8660254037844346000, 0.0000000000000000000 ) ) ;
#1463 = CARTESIAN_POINT ( 'NONE',  ( -0.3705357142857142500, 4.537753764697781800E-017, 0.1562500000000000000 ) ) ;
#1464 = SPHERICAL_SURFACE ( 'NONE', #4, 0.07808995497680329400 ) ;
#1465 = DIRECTION ( 'NONE',  ( -0.0000000000000000000, -0.0000000000000000000, 1.000000000000000000 ) ) ;
#1466 = TOROIDAL_SURFACE ( 'NONE', #1236, 0.4062499999999997200, 0.07808995497680316900 ) ;
#1467 = ADVANCED_FACE ( 'NONE', ( #1430 ), #84, .F. ) ;
#1468 = CARTESIAN_POINT ( 'NONE',  ( 0.2500000000000000000, 0.0000000000000000000, 0.1406250000000000600 ) ) ;
#1469 = ORIENTED_EDGE ( 'NONE', *, *, #387, .T. ) ;
#1470 = LINE ( 'NONE', #651, #357 ) ;
#1471 = ADVANCED_FACE ( 'NONE', ( #296 ), #1062, .T. ) ;
#1472 = CARTESIAN_POINT ( 'NONE',  ( 0.0000000000000000000, 0.0000000000000000000, 0.1562500000000000000 ) ) ;
#1473 = ORIENTED_EDGE ( 'NONE', *, *, #15, .T. ) ;
#1474 = AXIS2_PLACEMENT_3D ( 'NONE', #332, #1116, #969 ) ;
#1475 = ORIENTED_EDGE ( 'NONE', *, *, #465, .F. ) ;
#1476 = CARTESIAN_POINT ( 'NONE',  ( -2.836828587810045900E-015, -0.4062500000000000000, -3.827021247335474900E-018 ) ) ;
#1477 = ADVANCED_FACE ( 'NONE', ( #1480 ), #552, .F. ) ;
#1478 = CIRCLE ( 'NONE', #418, 0.3705357142857142500 ) ;
#1479 = ORIENTED_EDGE ( 'NONE', *, *, #484, .F. ) ;
#1480 = FACE_OUTER_BOUND ( 'NONE', #1394, .T. ) ;
#1481 = CARTESIAN_POINT ( 'NONE',  ( 0.0000000000000000000, 0.0000000000000000000, -0.1484374999999999700 ) ) ;
#1482 = DIRECTION ( 'NONE',  ( -1.047444401652940000E-014, -1.000000000000000000, 0.0000000000000000000 ) ) ;
#1483 = AXIS2_PLACEMENT_3D ( 'NONE', #1563, #1549, #801 ) ;
#1484 = CLOSED_SHELL ( 'NONE', ( #610, #1056 ) ) ;
#1485 = ORIENTED_EDGE ( 'NONE', *, *, #1598, .F. ) ;
#1486 = FACE_OUTER_BOUND ( 'NONE', #151, .T. ) ;
#1487 = CC_DESIGN_DATE_AND_TIME_ASSIGNMENT ( #1326, #256, ( #386 ) ) ;
#1488 = ADVANCED_FACE ( 'NONE', ( #1609 ), #1504, .T. ) ;
#1489 = EDGE_CURVE ( 'NONE', #1526, #511, #1189, .T. ) ;
#1490 = MANIFOLD_SOLID_BREP ( 'CirPattern1[8]', #54 ) ;
#1491 = DIRECTION ( 'NONE',  ( 0.5000000000000008900, 0.8660254037844380400, 0.0000000000000000000 ) ) ;
#1492 = DIRECTION ( 'NONE',  ( 1.000000000000000000, 0.0000000000000000000, 0.0000000000000000000 ) ) ;
#1493 = ORIENTED_EDGE ( 'NONE', *, *, #1538, .F. ) ;
#1494 = ORIENTED_EDGE ( 'NONE', *, *, #458, .T. ) ;
#1495 = ORIENTED_EDGE ( 'NONE', *, *, #987, .F. ) ;
#1496 = DIRECTION ( 'NONE',  ( -0.5000000000000069900, -0.8660254037844346000, 0.0000000000000000000 ) ) ;
#1497 = AXIS2_PLACEMENT_3D ( 'NONE', #439, #427, #1584 ) ;
#1498 = APPLICATION_CONTEXT ( 'configuration controlled 3d designs of mechanical parts and assemblies' ) ;
#1499 = CARTESIAN_POINT ( 'NONE',  ( 0.3518228202874273400, -0.2031250000000016700, -3.827021247335474900E-018 ) ) ;
#1500 = CARTESIAN_POINT ( 'NONE',  ( -0.4062500000000000000, 4.975127621536122800E-017, -3.827021247335474900E-018 ) ) ;
#1501 = FACE_BOUND ( 'NONE', #1337, .T. ) ;
#1502 = CARTESIAN_POINT ( 'NONE',  ( -0.4419642857142857500, 5.412501478374463100E-017, 0.1562500000000000000 ) ) ;
#1503 = SPHERICAL_SURFACE ( 'NONE', #1410, 0.07808995497680329400 ) ;
#1504 = SPHERICAL_SURFACE ( 'NONE', #854, 0.07808995497680329400 ) ;
#1505 = EDGE_LOOP ( 'NONE', ( #602, #1268 ) ) ;
#1506 = AXIS2_PLACEMENT_3D ( 'NONE', #936, #1070, #298 ) ;
#1507 = DIRECTION ( 'NONE',  ( -0.0000000000000000000, -0.0000000000000000000, 1.000000000000000000 ) ) ;
#1508 = CARTESIAN_POINT ( 'NONE',  ( 0.0000000000000000000, 0.0000000000000000000, -0.06944444444444443400 ) ) ;
#1509 = AXIS2_PLACEMENT_3D ( 'NONE', #170, #305, #1196 ) ;
#1510 = DIRECTION ( 'NONE',  ( -0.0000000000000000000, -0.0000000000000000000, 1.000000000000000000 ) ) ;
#1511 = CARTESIAN_POINT ( 'NONE',  ( 0.3705357142857142500, 0.0000000000000000000, 0.06944444444444443400 ) ) ;
#1512 = DIRECTION ( 'NONE',  ( 1.000000000000000000, 0.0000000000000000000, 0.0000000000000000000 ) ) ;
#1513 = EDGE_CURVE ( 'NONE', #565, #394, #262, .T. ) ;
#1514 = DIRECTION ( 'NONE',  ( 1.000000000000000000, 0.0000000000000000000, 0.0000000000000000000 ) ) ;
#1515 = ORIENTED_EDGE ( 'NONE', *, *, #571, .F. ) ;
#1516 = DIRECTION ( 'NONE',  ( 3.491481338843132200E-015, 1.000000000000000000, -0.0000000000000000000 ) ) ;
#1517 = CARTESIAN_POINT ( 'NONE',  ( 0.0000000000000000000, 0.4419642857142858100, -0.1484375000000000000 ) ) ;
#1518 = CARTESIAN_POINT ( 'NONE',  ( 0.0000000000000000000, 0.0000000000000000000, 0.0000000000000000000 ) ) ;
#1519 = ORIENTED_EDGE ( 'NONE', *, *, #833, .T. ) ;
#1520 = AXIS2_PLACEMENT_3D ( 'NONE', #1058, #301, #287 ) ;
#1521 = CARTESIAN_POINT ( 'NONE',  ( -0.2031249999999955000, 0.3518228202874308400, -3.827021247335474900E-018 ) ) ;
#1522 = ORIENTED_EDGE ( 'NONE', *, *, #1634, .T. ) ;
#1523 = CARTESIAN_POINT ( 'NONE',  ( 0.0000000000000000000, 0.3705357142857142500, 0.1562499999999999700 ) ) ;
#1524 = DATE_TIME_ROLE ( 'creation_date' ) ;
#1525 = FACE_OUTER_BOUND ( 'NONE', #706, .T. ) ;
#1526 = VERTEX_POINT ( 'NONE', #980 ) ;
#1527 = CARTESIAN_POINT ( 'NONE',  ( -0.4419642857142858100, 5.412501478374465000E-017, -0.1562500000000000000 ) ) ;
#1528 = LINE ( 'NONE', #225, #917 ) ;
#1529 = DIRECTION ( 'NONE',  ( -1.000000000000000000, 0.0000000000000000000, -0.0000000000000000000 ) ) ;
#1530 = ORIENTED_EDGE ( 'NONE', *, *, #1077, .T. ) ;
#1531 = ORIENTED_EDGE ( 'NONE', *, *, #1546, .F. ) ;
#1532 = LINE ( 'NONE', #1463, #1450 ) ;
#1533 = CARTESIAN_POINT ( 'NONE',  ( 0.4062500000000000000, 0.0000000000000000000, -3.827021247335474900E-018 ) ) ;
#1534 = AXIS2_PLACEMENT_3D ( 'NONE', #1000, #880, #244 ) ;
#1535 = ORIENTED_EDGE ( 'NONE', *, *, #1382, .F. ) ;
#1536 = VERTEX_POINT ( 'NONE', #1242 ) ;
#1537 = CARTESIAN_POINT ( 'NONE',  ( -0.4419642857142857500, 5.412501478374463100E-017, 0.1562500000000000300 ) ) ;
#1538 = EDGE_CURVE ( 'NONE', #906, #147, #495, .T. ) ;
#1539 = ORIENTED_EDGE ( 'NONE', *, *, #148, .F. ) ;
#1540 = EDGE_LOOP ( 'NONE', ( #1485, #1239, #82, #526 ) ) ;
#1541 = DIRECTION ( 'NONE',  ( -0.5000000000000069900, -0.8660254037844344900, 0.0000000000000000000 ) ) ;
#1542 = AXIS2_PLACEMENT_3D ( 'NONE', #45, #667, #1299 ) ;
#1543 = DIRECTION ( 'NONE',  ( 1.000000000000000000, 0.0000000000000000000, 0.0000000000000000000 ) ) ;
#1544 = MANIFOLD_SOLID_BREP ( 'Revolve3', #188 ) ;
#1545 = LINE ( 'NONE', #494, #237 ) ;
#1546 = EDGE_CURVE ( 'NONE', #825, #861, #895, .T. ) ;
#1547 = CIRCLE ( 'NONE', #661, 0.4419642857142858100 ) ;
#1548 = ADVANCED_FACE ( 'NONE', ( #139 ), #1550, .F. ) ;
#1549 = DIRECTION ( 'NONE',  ( -0.0000000000000000000, -0.0000000000000000000, 1.000000000000000000 ) ) ;
#1550 = TOROIDAL_SURFACE ( 'NONE', #1534, 0.4062499999999997200, 0.07808995497680316900 ) ;
#1551 = DIRECTION ( 'NONE',  ( -0.0000000000000000000, -0.0000000000000000000, 1.000000000000000000 ) ) ;
#1552 = VERTEX_POINT ( 'NONE', #233 ) ;
#1553 = DIRECTION ( 'NONE',  ( 1.000000000000000000, 0.0000000000000000000, 0.0000000000000000000 ) ) ;
#1554 = DIRECTION ( 'NONE',  ( -0.0000000000000000000, -0.0000000000000000000, 1.000000000000000000 ) ) ;
#1555 = CC_DESIGN_PERSON_AND_ORGANIZATION_ASSIGNMENT ( #100, #1391, ( #386 ) ) ;
#1556 = VERTEX_POINT ( 'NONE', #1120 ) ;
#1557 = DIRECTION ( 'NONE',  ( -0.0000000000000000000, -0.0000000000000000000, 1.000000000000000000 ) ) ;
#1558 = ORIENTED_EDGE ( 'NONE', *, *, #903, .F. ) ;
#1559 = ADVANCED_FACE ( 'NONE', ( #218 ), #1174, .T. ) ;
#1560 = CARTESIAN_POINT ( 'NONE',  ( 0.4419642857142858100, 0.0000000000000000000, -0.1562500000000000000 ) ) ;
#1561 = AXIS2_PLACEMENT_3D ( 'NONE', #174, #1452, #68 ) ;
#1562 = SPHERICAL_SURFACE ( 'NONE', #1401, 0.07808995497680329400 ) ;
#1563 = CARTESIAN_POINT ( 'NONE',  ( 0.0000000000000000000, 0.0000000000000000000, 0.1484375000000000000 ) ) ;
#1564 = AXIS2_PLACEMENT_3D ( 'NONE', #347, #1622, #1381 ) ;
#1565 = SPHERICAL_SURFACE ( 'NONE', #843, 0.07808995497680329400 ) ;
#1566 = EDGE_LOOP ( 'NONE', ( #1495, #1225, #1148, #1449 ) ) ;
#1567 = ORIENTED_EDGE ( 'NONE', *, *, #14, .T. ) ;
#1568 = EDGE_CURVE ( 'NONE', #345, #394, #1153, .T. ) ;
#1569 = CARTESIAN_POINT ( 'NONE',  ( 0.0000000000000000000, 0.0000000000000000000, 0.1562500000000000000 ) ) ;
#1570 = ORIENTED_EDGE ( 'NONE', *, *, #1044, .F. ) ;
#1571 = FACE_OUTER_BOUND ( 'NONE', #1157, .T. ) ;
#1572 = DIRECTION ( 'NONE',  ( 1.000000000000000000, 0.0000000000000000000, 0.0000000000000000000 ) ) ;
#1573 = CARTESIAN_POINT ( 'NONE',  ( 0.0000000000000000000, 0.0000000000000000000, -0.1406250000000000300 ) ) ;
#1574 = VERTEX_POINT ( 'NONE', #114 ) ;
#1575 = PLANE ( 'NONE',  #352 ) ;
#1576 = AXIS2_PLACEMENT_3D ( 'NONE', #297, #320, #676 ) ;
#1577 = DIRECTION ( 'NONE',  ( 1.000000000000000000, 0.0000000000000000000, 0.0000000000000000000 ) ) ;
#1578 = ORIENTED_EDGE ( 'NONE', *, *, #435, .F. ) ;
#1579 = EDGE_CURVE ( 'NONE', #802, #932, #811, .T. ) ;
#1580 = CARTESIAN_POINT ( 'NONE',  ( -0.3705357142857142500, 4.537753764697781800E-017, 0.1484374999999999700 ) ) ;
#1581 = ORIENTED_EDGE ( 'NONE', *, *, #1379, .F. ) ;
#1582 = CARTESIAN_POINT ( 'NONE',  ( -0.3518228202874258400, 0.2031250000000041100, -3.827021247335474900E-018 ) ) ;
#1583 = PERSON ( 'UNSPECIFIED', 'UNSPECIFIED', 'UNSPECIFIED', ('UNSPECIFIED'), ('UNSPECIFIED'), ('UNSPECIFIED') ) ;
#1584 = DIRECTION ( 'NONE',  ( -1.000000000000000000, 0.0000000000000000000, 0.0000000000000000000 ) ) ;
#1585 = SPHERICAL_SURFACE ( 'NONE', #798, 0.07808995497680329400 ) ;
#1586 = CIRCLE ( 'NONE', #781, 0.3705357142857142500 ) ;
#1587 = ORIENTED_EDGE ( 'NONE', *, *, #983, .F. ) ;
#1588 = CIRCLE ( 'NONE', #1483, 0.4419642857142857500 ) ;
#1589 = DIRECTION ( 'NONE',  ( -1.000000000000000000, 0.0000000000000000000, -0.0000000000000000000 ) ) ;
#1590 = CARTESIAN_POINT ( 'NONE',  ( -0.3518228202874300600, -0.2031249999999967200, -3.827021247335474900E-018 ) ) ;
#1591 = ADVANCED_FACE ( 'NONE', ( #470 ), #721, .F. ) ;
#1592 = CARTESIAN_POINT ( 'NONE',  ( -0.5624999999999998900, 0.0000000000000000000, 0.1406250000000000600 ) ) ;
#1593 = DIRECTION ( 'NONE',  ( 0.0000000000000000000, -0.0000000000000000000, 1.000000000000000000 ) ) ;
#1594 = DIRECTION ( 'NONE',  ( -0.0000000000000000000, -0.0000000000000000000, 1.000000000000000000 ) ) ;
#1595 = CARTESIAN_POINT ( 'NONE',  ( 0.0000000000000000000, 0.0000000000000000000, 0.1562500000000000000 ) ) ;
#1596 = AXIS2_PLACEMENT_3D ( 'NONE', #279, #478, #874 ) ;
#1597 = ORIENTED_EDGE ( 'NONE', *, *, #953, .F. ) ;
#1598 = EDGE_CURVE ( 'NONE', #926, #519, #1212, .T. ) ;
#1599 = DIRECTION ( 'NONE',  ( 1.000000000000000000, 0.0000000000000000000, 0.0000000000000000000 ) ) ;
#1600 = ADVANCED_FACE ( 'NONE', ( #160 ), #1348, .T. ) ;
#1601 = DIRECTION ( 'NONE',  ( 0.0000000000000000000, -1.000000000000000000, 0.0000000000000000000 ) ) ;
#1602 = ORIENTED_EDGE ( 'NONE', *, *, #809, .F. ) ;
#1603 = LINE ( 'NONE', #420, #889 ) ;
#1604 = DIRECTION ( 'NONE',  ( 1.000000000000000000, 0.0000000000000000000, 0.0000000000000000000 ) ) ;
#1605 = CARTESIAN_POINT ( 'NONE',  ( 0.0000000000000000000, 0.0000000000000000000, -3.827021247335474900E-018 ) ) ;
#1606 = FACE_OUTER_BOUND ( 'NONE', #71, .T. ) ;
#1607 = ORIENTED_EDGE ( 'NONE', *, *, #404, .T. ) ;
#1608 = AXIS2_PLACEMENT_3D ( 'NONE', #385, #1257, #255 ) ;
#1609 = FACE_OUTER_BOUND ( 'NONE', #1033, .T. ) ;
#1610 = CC_DESIGN_APPROVAL ( #46, ( #386 ) ) ;
#1611 = ADVANCED_FACE ( 'NONE', ( #1231 ), #855, .F. ) ;
#1612 = APPROVAL_DATE_TIME ( #264, #46 ) ;
#1613 = ORIENTED_EDGE ( 'NONE', *, *, #1010, .F. ) ;
#1614 = CARTESIAN_POINT ( 'NONE',  ( 0.4419642857142857500, 0.0000000000000000000, 0.07808995497680329400 ) ) ;
#1615 = EDGE_LOOP ( 'NONE', ( #1531, #807 ) ) ;
#1616 = CYLINDRICAL_SURFACE ( 'NONE', #1039, 0.3705357142857142500 ) ;
#1617 = CARTESIAN_POINT ( 'NONE',  ( -0.4419642857142857500, 5.412501478374463100E-017, 0.1562500000000000000 ) ) ;
#1618 = DIRECTION ( 'NONE',  ( 1.000000000000000000, -6.982962677686264300E-015, 0.0000000000000000000 ) ) ;
#1619 = MANIFOLD_SOLID_BREP ( 'Revolve5[2]', #1074 ) ;
#1620 = ORIENTED_EDGE ( 'NONE', *, *, #14, .F. ) ;
#1621 = DIRECTION ( 'NONE',  ( 0.8660254037844329300, -0.5000000000000099900, 0.0000000000000000000 ) ) ;
#1622 = DIRECTION ( 'NONE',  ( -1.047444401652940000E-014, -1.000000000000000000, 0.0000000000000000000 ) ) ;
#1623 = ADVANCED_FACE ( 'NONE', ( #1446 ), #594, .T. ) ;
#1624 = AXIS2_PLACEMENT_3D ( 'NONE', #613, #1629, #1129 ) ;
#1625 = ORIENTED_EDGE ( 'NONE', *, *, #1598, .T. ) ;
#1626 = DIRECTION ( 'NONE',  ( -1.000000000000000000, 1.047444401652940000E-014, 0.0000000000000000000 ) ) ;
#1627 = FACE_OUTER_BOUND ( 'NONE', #783, .T. ) ;
#1628 = CIRCLE ( 'NONE', #181, 0.3705357142857141900 ) ;
#1629 = DIRECTION ( 'NONE',  ( -0.0000000000000000000, -0.0000000000000000000, 1.000000000000000000 ) ) ;
#1630 = AXIS2_PLACEMENT_3D ( 'NONE', #182, #1317, #1577 ) ;
#1631 = EDGE_LOOP ( 'NONE', ( #939, #254, #343, #1405 ) ) ;
#1632 = SPHERICAL_SURFACE ( 'NONE', #400, 0.07808995497680329400 ) ;
#1633 = DIRECTION ( 'NONE',  ( 0.8660254037844399300, 0.4999999999999978900, 0.0000000000000000000 ) ) ;
#1634 = EDGE_CURVE ( 'NONE', #94, #904, #410, .T. ) ;
#1635 = CARTESIAN_POINT ( 'NONE',  ( -0.4419642857142857500, 5.412501478374463100E-017, 0.07808995497680329400 ) ) ;
#1636 = CARTESIAN_POINT ( 'NONE',  ( -0.3705357142857142500, 4.537753764697781800E-017, -0.1562500000000000000 ) ) ;
#1637 = APPLICATION_CONTEXT ( 'configuration controlled 3d designs of mechanical parts and assemblies' ) ;
#1638 = VECTOR ( 'NONE', #1213, 39.37007874015748100 ) ;
#1639 = EDGE_LOOP ( 'NONE', ( #1205, #1567, #1384, #1356 ) ) ;
#1640 = CARTESIAN_POINT ( 'NONE',  ( 0.5468750000000000000, 0.0000000000000000000, -0.1562500000000000000 ) ) ;
#1641 = CARTESIAN_POINT ( 'NONE',  ( -2.836828587810045900E-015, -0.4062500000000000000, -3.827021247335474900E-018 ) ) ;
#1642 = DIRECTION ( 'NONE',  ( -1.000000000000000000, 0.0000000000000000000, 0.0000000000000000000 ) ) ;
#1643 = AXIS2_PLACEMENT_3D ( 'NONE', #359, #628, #1512 ) ;
#1644 = EDGE_CURVE ( 'NONE', #1648, #26, #834, .T. ) ;
#1645 = VERTEX_POINT ( 'NONE', #1385 ) ;
#1646 = CARTESIAN_POINT ( 'NONE',  ( 0.0000000000000000000, 0.0000000000000000000, -0.1562500000000000000 ) ) ;
#1647 = CIRCLE ( 'NONE', #670, 0.4419642857142858100 ) ;
#1648 = VERTEX_POINT ( 'NONE', #1377 ) ;
#1649 = DIRECTION ( 'NONE',  ( 1.000000000000000000, 0.0000000000000000000, 0.0000000000000000000 ) ) ;
#1650 = PERSON_AND_ORGANIZATION_ROLE ( 'creator' ) ;
ENDSEC;
END-ISO-10303-21;
