ISO-10303-21;
HEADER;
FILE_DESCRIPTION (( 'STEP AP203' ),
    '1' );
FILE_NAME ('6153K154_Stainless Steel Ball Bearing.STEP',
    '2023-07-11T14:11:49',
    ( 'Administrator' ),
    ( 'Managed by Terraform' ),
    'SwSTEP 2.0',
    'SolidWorks 2017',
    '' );
FILE_SCHEMA (( 'CONFIG_CONTROL_DESIGN' ));
ENDSEC;

DATA;
#1 = CARTESIAN_POINT ( 'NONE',  ( -11.44513164852103900, 9.191140322336055500, 5.932026979673796800 ) ) ;
#3 = CARTESIAN_POINT ( 'NONE',  ( 11.43926598975209800, 9.186462615559293000, -5.922851331036820700 ) ) ;
#2 = DIRECTION ( 'NONE',  ( -0.9009688679024157000, 0.4338837391175651700, 0.0000000000000000000 ) ) ;
#4 = ORIENTED_EDGE ( 'NONE', *, *, #2058, .F. ) ;
#5 = DIRECTION ( 'NONE',  ( 1.000000000000000000, 0.0000000000000000000, 0.0000000000000000000 ) ) ;
#6 = EDGE_CURVE ( 'NONE', #4030, #4175, #4868, .T. ) ;
#7 = ORIENTED_EDGE ( 'NONE', *, *, #6151, .T. ) ;
#8 = CARTESIAN_POINT ( 'NONE',  ( 0.0000000000000000000, 0.0000000000000000000, 6.000000000000000900 ) ) ;
#9 = PLANE ( 'NONE',  #2640 ) ;
#10 = ORIENTED_EDGE ( 'NONE', *, *, #494, .F. ) ;
#11 = DIRECTION ( 'NONE',  ( -1.000000000000000000, 0.0000000000000000000, 0.0000000000000000000 ) ) ;
#12 = DIRECTION ( 'NONE',  ( 1.000000000000000000, 0.0000000000000000000, 0.0000000000000000000 ) ) ;
#13 = CARTESIAN_POINT ( 'NONE',  ( 0.0000000000000000000, 0.0000000000000000000, 4.845955988548011500 ) ) ;
#14 = ORIENTED_EDGE ( 'NONE', *, *, #4336, .F. ) ;
#15 = EDGE_CURVE ( 'NONE', #5609, #3184, #1498, .T. ) ;
#16 = CARTESIAN_POINT ( 'NONE',  ( 13.94345439253701700, -3.233788318716931600, 5.353434673651931600 ) ) ;
#17 = DIRECTION ( 'NONE',  ( 0.0000000000000000000, 0.0000000000000000000, 1.000000000000000000 ) ) ;
#18 = CARTESIAN_POINT ( 'NONE',  ( 0.0000000000000000000, 0.0000000000000000000, -5.475000000000000500 ) ) ;
#19 = APPLICATION_CONTEXT ( 'configuration controlled 3d designs of mechanical parts and assemblies' ) ;
#21 = CARTESIAN_POINT ( 'NONE',  ( 11.50735481377461900, 9.240761640797549200, -5.934919143280428200 ) ) ;
#20 = CARTESIAN_POINT ( 'NONE',  ( 0.0000000000000000000, 0.0000000000000000000, 6.000000000000000000 ) ) ;
#22 = AXIS2_PLACEMENT_3D ( 'NONE', #2441, #1372, #1444 ) ;
#23 = EDGE_CURVE ( 'NONE', #3319, #828, #5345, .T. ) ;
#24 = DIRECTION ( 'NONE',  ( -0.4338837391175651700, -0.9009688679024158200, 0.0000000000000000000 ) ) ;
#25 = CARTESIAN_POINT ( 'NONE',  ( -14.64045625320915500, -3.392874445052934000, 5.475000000000000500 ) ) ;
#26 = CARTESIAN_POINT ( 'NONE',  ( 6.415925070728170500, -13.20756744462401100, -5.935654072712593700 ) ) ;
#27 = LOCAL_TIME ( 9, 11, 49.00000000000000000, #6152 ) ;
#28 = DIRECTION ( 'NONE',  ( 0.0000000000000000000, 0.0000000000000000000, 1.000000000000000000 ) ) ;
#29 = AXIS2_PLACEMENT_3D ( 'NONE', #4347, #2412, #3888 ) ;
#30 = CARTESIAN_POINT ( 'NONE',  ( -6.454533184872562200, -13.28773801972567300, 5.918436744863155000 ) ) ;
#31 = CARTESIAN_POINT ( 'NONE',  ( 14.40893613535904000, -3.237459802636558900, -5.925469712029102000 ) ) ;
#32 = CARTESIAN_POINT ( 'NONE',  ( -11.76168956422716100, 9.315682035382778300, -5.517405745169837100 ) ) ;
#33 = CYLINDRICAL_SURFACE ( 'NONE', #3922, 15.02845821440191400 ) ;
#34 = DESIGN_CONTEXT ( 'detailed design', #933, 'design' ) ;
#35 = DIRECTION ( 'NONE',  ( -0.5000000000000017800, 6.123233995736788200E-017, 0.8660254037844377100 ) ) ;
#36 = EDGE_LOOP ( 'NONE', ( #2139, #5804, #1863, #152 ) ) ;
#38 = CARTESIAN_POINT ( 'NONE',  ( 11.71848224545269600, 9.409130149223903700, -5.475000000000000500 ) ) ;
#37 = CARTESIAN_POINT ( 'NONE',  ( 0.0000000000000000000, 0.0000000000000000000, 5.918436744855735100 ) ) ;
#39 = AXIS2_PLACEMENT_3D ( 'NONE', #5927, #518, #24 ) ;
#40 = FACE_OUTER_BOUND ( 'NONE', #3595, .T. ) ;
#41 = EDGE_CURVE ( 'NONE', #3941, #2938, #1128, .T. ) ;
#43 = CLOSED_SHELL ( 'NONE', ( #1869, #5484 ) ) ;
#42 = EDGE_LOOP ( 'NONE', ( #2582, #5072, #457, #4936 ) ) ;
#44 = EDGE_LOOP ( 'NONE', ( #3088, #5506, #3120, #2098 ) ) ;
#45 = CARTESIAN_POINT ( 'NONE',  ( 14.67132924350647900, 0.0000000000000000000, -5.922851331036798500 ) ) ;
#46 = CARTESIAN_POINT ( 'NONE',  ( 6.411528893501408500, -13.19843868854951600, -5.925578038978351900 ) ) ;
#47 = LINE ( 'NONE', #5905, #3462 ) ;
#48 = ADVANCED_FACE ( 'NONE', ( #2804 ), #3695, .T. ) ;
#50 = ORIENTED_EDGE ( 'NONE', *, *, #156, .F. ) ;
#49 = ORIENTED_EDGE ( 'NONE', *, *, #4562, .T. ) ;
#51 = EDGE_CURVE ( 'NONE', #1977, #827, #4237, .T. ) ;
#52 = ORIENTED_EDGE ( 'NONE', *, *, #3335, .T. ) ;
#53 = ORIENTED_EDGE ( 'NONE', *, *, #1907, .T. ) ;
#54 = SPHERICAL_SURFACE ( 'NONE', #937, 4.375000000000000000 ) ;
#55 = DIRECTION ( 'NONE',  ( -1.000000000000000000, 0.0000000000000000000, 0.0000000000000000000 ) ) ;
#56 = PLANE ( 'NONE',  #183 ) ;
#58 = ORIENTED_EDGE ( 'NONE', *, *, #2916, .T. ) ;
#57 = ORIENTED_EDGE ( 'NONE', *, *, #1278, .F. ) ;
#59 = CARTESIAN_POINT ( 'NONE',  ( 0.0000000000000000000, 0.0000000000000000000, 5.475000000000000500 ) ) ;
#60 = VECTOR ( 'NONE', #3748, 1000.000000000000000 ) ;
#61 = CARTESIAN_POINT ( 'NONE',  ( 6.554993177359381900, -13.49634534362453000, 5.517405745169837100 ) ) ;
#62 = AXIS2_PLACEMENT_3D ( 'NONE', #5118, #1767, #2743 ) ;
#63 = FACE_OUTER_BOUND ( 'NONE', #6263, .T. ) ;
#64 = EDGE_CURVE ( 'NONE', #6207, #1571, #5310, .T. ) ;
#65 = DIRECTION ( 'NONE',  ( -0.0000000000000000000, -0.0000000000000000000, 1.000000000000000000 ) ) ;
#66 = CIRCLE ( 'NONE', #4574, 8.461138858443082000 ) ;
#67 = ORIENTED_EDGE ( 'NONE', *, *, #573, .F. ) ;
#68 = VECTOR ( 'NONE', #3240, 1000.000000000000200 ) ;
#69 = VERTEX_POINT ( 'NONE', #472 ) ;
#70 = CARTESIAN_POINT ( 'NONE',  ( 6.454196935872093200, -13.28703979148209900, -5.919740685676537800 ) ) ;
#71 = VERTEX_POINT ( 'NONE', #2955 ) ;
#72 = AXIS2_PLACEMENT_3D ( 'NONE', #5844, #4878, #5816 ) ;
#73 = CARTESIAN_POINT ( 'NONE',  ( 6.165324101218907900, -12.91766565653250100, -5.411869347303862400 ) ) ;
#74 = ORIENTED_EDGE ( 'NONE', *, *, #4366, .T. ) ;
#75 = ORIENTED_EDGE ( 'NONE', *, *, #5652, .F. ) ;
#76 = CARTESIAN_POINT ( 'NONE',  ( 14.31547563295815500, -3.216128052850331100, -5.924234549616732800 ) ) ;
#77 = DIRECTION ( 'NONE',  ( 1.000000000000000000, 0.0000000000000000000, 0.0000000000000000000 ) ) ;
#78 = CARTESIAN_POINT ( 'NONE',  ( -11.51831793264028100, 9.249504436352340900, -5.918436744863155000 ) ) ;
#79 = AXIS2_PLACEMENT_3D ( 'NONE', #5493, #5952, #662 ) ;
#80 = EDGE_CURVE ( 'NONE', #3806, #2566, #4992, .T. ) ;
#81 = CARTESIAN_POINT ( 'NONE',  ( -11.66105726004803600, 9.363335251506999400, 5.602217234644991000 ) ) ;
#82 = ADVANCED_FACE ( 'NONE', ( #2117 ), #3107, .T. ) ;
#83 = ORIENTED_EDGE ( 'NONE', *, *, #3073, .T. ) ;
#84 = DIRECTION ( 'NONE',  ( 0.0000000000000000000, 0.0000000000000000000, -1.000000000000000000 ) ) ;
#85 = DIRECTION ( 'NONE',  ( -0.0000000000000000000, -0.0000000000000000000, -1.000000000000000000 ) ) ;
#86 = ORIENTED_EDGE ( 'NONE', *, *, #1495, .F. ) ;
#87 = EDGE_CURVE ( 'NONE', #69, #449, #1448, .T. ) ;
#88 = CARTESIAN_POINT ( 'NONE',  ( 14.38235128804579000, -3.231391984719650600, 5.944857023634334300 ) ) ;
#89 = CARTESIAN_POINT ( 'NONE',  ( 6.414489959720501000, -13.20458740591012900, -5.933060780161923700 ) ) ;
#90 = CARTESIAN_POINT ( 'NONE',  ( -6.453125310290955600, -13.28481453803327600, 5.923592372379001600 ) ) ;
#91 = B_SPLINE_CURVE_WITH_KNOTS ( 'NONE', 3,
 ( #3177, #5134, #411, #3807, #1348, #905, #6183, #4735, #5197, #2797, #874, #1394, #4807, #4791, #388, #1885, #5267, #6156, #3278, #2316, #3783, #4327 ),
 .UNSPECIFIED., .F., .F.,
 ( 4, 3, 3, 3, 3, 3, 3, 4 ),
 ( 0.0002729695107799606100, 0.0002820482917521233500, 0.0003021945365587069000, 0.0003223408922757464600, 0.0003424873530129699200, 0.0003626338669241264600, 0.0003751336404210387200, 0.0003927652499993082000 ),
 .UNSPECIFIED. ) ;
#92 = EDGE_CURVE ( 'NONE', #2963, #4018, #5381, .T. ) ;
#93 = DIRECTION ( 'NONE',  ( -0.0000000000000000000, -0.0000000000000000000, 1.000000000000000000 ) ) ;
#94 = DIRECTION ( 'NONE',  ( 0.0000000000000000000, 0.0000000000000000000, 1.000000000000000000 ) ) ;
#95 = CARTESIAN_POINT ( 'NONE',  ( 14.59271773000263300, -3.381978438654231300, -5.559811490052915400 ) ) ;
#96 = CARTESIAN_POINT ( 'NONE',  ( 0.05000000000000005100, 14.76720951931398900, -5.925963813471787100 ) ) ;
#97 = COORDINATED_UNIVERSAL_TIME_OFFSET ( 6, 0, .BEHIND. ) ;
#98 = CARTESIAN_POINT ( 'NONE',  ( -6.900000000000001200, 0.0000000000000000000, -6.000000000000000000 ) ) ;
#99 = AXIS2_PLACEMENT_3D ( 'NONE', #5941, #3062, #146 ) ;
#100 = AXIS2_PLACEMENT_3D ( 'NONE', #2557, #5486, #1600 ) ;
#101 = LINE ( 'NONE', #824, #4117 ) ;
#102 = DIRECTION ( 'NONE',  ( -0.9009688679024219200, -0.4338837391175526200, 0.0000000000000000000 ) ) ;
#103 = CARTESIAN_POINT ( 'NONE',  ( 0.0000000000000000000, 0.0000000000000000000, 4.845955988548010600 ) ) ;
#104 = ADVANCED_FACE ( 'NONE', ( #202 ), #136, .T. ) ;
#105 = CARTESIAN_POINT ( 'NONE',  ( 0.0000000000000000000, 0.0000000000000000000, -5.475000000000000500 ) ) ;
#106 = CIRCLE ( 'NONE', #4606, 14.31353580660732300 ) ;
#107 = FACE_OUTER_BOUND ( 'NONE', #5227, .T. ) ;
#108 = AXIS2_PLACEMENT_3D ( 'NONE', #5319, #1351, #4768 ) ;
#109 = CARTESIAN_POINT ( 'NONE',  ( -13.96570648593269200, -3.136295527498560400, 5.353434673651931600 ) ) ;
#110 = ORIENTED_EDGE ( 'NONE', *, *, #5461, .T. ) ;
#111 = CARTESIAN_POINT ( 'NONE',  ( -11.48794578722488600, 9.225283458620293000, -5.946985995365509800 ) ) ;
#112 = LINE ( 'NONE', #5011, #2239 ) ;
#113 = CARTESIAN_POINT ( 'NONE',  ( 6.533747535385991500, -13.45222831348286800, 5.602217234644990100 ) ) ;
#114 = CARTESIAN_POINT ( 'NONE',  ( 0.0000000000000000000, 0.0000000000000000000, 5.351869347303861900 ) ) ;
#115 = CARTESIAN_POINT ( 'NONE',  ( 0.0000000000000000000, 0.0000000000000000000, 5.411869347303862400 ) ) ;
#117 = EDGE_LOOP ( 'NONE', ( #4664, #6047, #6083, #1630 ) ) ;
#116 = VERTEX_POINT ( 'NONE', #4435 ) ;
#118 = ORIENTED_EDGE ( 'NONE', *, *, #6049, .T. ) ;
#119 = EDGE_CURVE ( 'NONE', #1171, #6122, #5456, .T. ) ;
#120 = CIRCLE ( 'NONE', #4051, 14.77243989039088300 ) ;
#121 = CIRCLE ( 'NONE', #5939, 8.249006824087119900 ) ;
#123 = VERTEX_POINT ( 'NONE', #3390 ) ;
#122 = ORIENTED_EDGE ( 'NONE', *, *, #4678, .T. ) ;
#124 = DIRECTION ( 'NONE',  ( -0.0000000000000000000, -0.0000000000000000000, 1.000000000000000000 ) ) ;
#125 = CYLINDRICAL_SURFACE ( 'NONE', #2847, 18.50000000000000000 ) ;
#126 = LINE ( 'NONE', #2823, #973 ) ;
#127 = EDGE_CURVE ( 'NONE', #5577, #4925, #5602, .T. ) ;
#128 = FACE_BOUND ( 'NONE', #3927, .T. ) ;
#129 = DIRECTION ( 'NONE',  ( -0.0000000000000000000, -0.0000000000000000000, 1.000000000000000000 ) ) ;
#131 = ORIENTED_EDGE ( 'NONE', *, *, #2586, .F. ) ;
#130 = EDGE_LOOP ( 'NONE', ( #5229, #2674, #1765, #2038 ) ) ;
#132 = CONICAL_SURFACE ( 'NONE', #606, 14.72534932307735800, 0.6108652381980183000 ) ;
#133 = FACE_OUTER_BOUND ( 'NONE', #2572, .T. ) ;
#134 = DIRECTION ( 'NONE',  ( 0.6234898018587431400, 0.7818314824680221400, -0.0000000000000000000 ) ) ;
#135 = CARTESIAN_POINT ( 'NONE',  ( -11.46182062045103400, 9.204449333338033100, -5.945295989391454800 ) ) ;
#136 = TOROIDAL_SURFACE ( 'NONE', #5545, 14.72047836616381700, 0.05999999999999999800 ) ;
#137 = VERTEX_POINT ( 'NONE', #4397 ) ;
#138 = CARTESIAN_POINT ( 'NONE',  ( 0.05000000000000006500, 14.67124404307175000, 5.922851331036797600 ) ) ;
#139 = AXIS2_PLACEMENT_3D ( 'NONE', #876, #1915, #3821 ) ;
#140 = ADVANCED_FACE ( 'NONE', ( #1903 ), #4881, .T. ) ;
#141 = EDGE_CURVE ( 'NONE', #6122, #659, #3556, .T. ) ;
#142 = FACE_OUTER_BOUND ( 'NONE', #4785, .T. ) ;
#143 = CARTESIAN_POINT ( 'NONE',  ( -0.05000000000000001700, 15.02845821440191200, 5.353434673651931600 ) ) ;
#144 = ORIENTED_EDGE ( 'NONE', *, *, #4715, .T. ) ;
#145 = ORIENTED_EDGE ( 'NONE', *, *, #1308, .T. ) ;
#146 = DIRECTION ( 'NONE',  ( 1.000000000000000000, 0.0000000000000000000, 0.0000000000000000000 ) ) ;
#147 = DIRECTION ( 'NONE',  ( 1.000000000000000000, 0.0000000000000000000, 0.0000000000000000000 ) ) ;
#148 = CARTESIAN_POINT ( 'NONE',  ( 14.37671051384230700, -3.332676201144452400, -5.935790468940135500 ) ) ;
#149 = AXIS2_PLACEMENT_3D ( 'NONE', #4227, #5708, #1374 ) ;
#150 = ORIENTED_EDGE ( 'NONE', *, *, #4053, .T. ) ;
#151 = CARTESIAN_POINT ( 'NONE',  ( -6.453873832817290400, -13.28636886107502900, 5.921068843291819500 ) ) ;
#152 = ORIENTED_EDGE ( 'NONE', *, *, #80, .F. ) ;
#153 = ORIENTED_EDGE ( 'NONE', *, *, #5925, .F. ) ;
#154 = CARTESIAN_POINT ( 'NONE',  ( -6.533747535386178900, -13.45222831348277600, -5.602217234644991000 ) ) ;
#155 = AXIS2_PLACEMENT_3D ( 'NONE', #5448, #159, #5923 ) ;
#156 = EDGE_CURVE ( 'NONE', #5949, #5953, #4405, .T. ) ;
#157 = CARTESIAN_POINT ( 'NONE',  ( 13.96570648593264800, -3.136295527498749200, -6.000000000000000000 ) ) ;
#158 = DIRECTION ( 'NONE',  ( 0.6234898018588493900, -0.7818314824679375400, 0.0000000000000000000 ) ) ;
#159 = DIRECTION ( 'NONE',  ( -0.0000000000000000000, -0.0000000000000000000, 1.000000000000000000 ) ) ;
#160 = EDGE_LOOP ( 'NONE', ( #922, #4378, #2133, #516 ) ) ;
#161 = CARTESIAN_POINT ( 'NONE',  ( 14.64045625320910900, -3.392874445053132100, 5.475000000000000500 ) ) ;
#162 = EDGE_CURVE ( 'NONE', #2526, #1522, #5830, .T. ) ;
#163 = CARTESIAN_POINT ( 'NONE',  ( 11.51812027767739000, 9.249346811778982800, 5.918874622419537900 ) ) ;
#164 = DIRECTION ( 'NONE',  ( -1.000000000000000000, 0.0000000000000000000, -0.0000000000000000000 ) ) ;
#165 = CARTESIAN_POINT ( 'NONE',  ( 14.33986919511009200, -3.324267410555896700, -5.948810452728518600 ) ) ;
#166 = ADVANCED_FACE ( 'NONE', ( #5966 ), #5523, .T. ) ;
#167 = CARTESIAN_POINT ( 'NONE',  ( 8.932094846991095200, 0.0000000000000000000, 5.787867965644034400 ) ) ;
#168 = MANIFOLD_SOLID_BREP ( 'Revolve1[2]', #4079 ) ;
#169 = EDGE_CURVE ( 'NONE', #1383, #137, #5829, .T. ) ;
#170 = DIRECTION ( 'NONE',  ( 0.0000000000000000000, 0.0000000000000000000, -1.000000000000000000 ) ) ;
#171 = DIRECTION ( 'NONE',  ( -0.0000000000000000000, -0.0000000000000000000, 1.000000000000000000 ) ) ;
#172 = PLANE ( 'NONE',  #1367 ) ;
#173 = CARTESIAN_POINT ( 'NONE',  ( -0.05000000000000006500, 14.67324049307459600, -5.925578038978351900 ) ) ;
#174 = CYLINDRICAL_SURFACE ( 'NONE', #2387, 6.000000000000001800 ) ;
#175 = AXIS2_PLACEMENT_3D ( 'NONE', #1810, #5212, #2832 ) ;
#176 = AXIS2_PLACEMENT_3D ( 'NONE', #3167, #241, #2165 ) ;
#177 = ORIENTED_EDGE ( 'NONE', *, *, #268, .T. ) ;
#178 = CARTESIAN_POINT ( 'NONE',  ( 11.51497273295613200, 9.246836728623463800, 5.925469712029102000 ) ) ;
#179 = LINE ( 'NONE', #1160, #1873 ) ;
#181 = VERTEX_POINT ( 'NONE', #588 ) ;
#180 = VERTEX_POINT ( 'NONE', #2039 ) ;
#182 = ORIENTED_EDGE ( 'NONE', *, *, #1560, .T. ) ;
#183 = AXIS2_PLACEMENT_3D ( 'NONE', #3995, #5897, #2072 ) ;
#184 = FACE_OUTER_BOUND ( 'NONE', #1745, .T. ) ;
#185 = EDGE_CURVE ( 'NONE', #1643, #2890, #4546, .T. ) ;
#186 = DIRECTION ( 'NONE',  ( 0.9749279121818226200, -0.2225209339563183300, 0.0000000000000000000 ) ) ;
#188 = ORIENTED_EDGE ( 'NONE', *, *, #1849, .T. ) ;
#187 = ORIENTED_EDGE ( 'NONE', *, *, #1569, .T. ) ;
#189 = DIRECTION ( 'NONE',  ( 1.000000000000000000, 0.0000000000000000000, 0.0000000000000000000 ) ) ;
#190 = DIRECTION ( 'NONE',  ( -0.0000000000000000000, -0.0000000000000000000, 1.000000000000000000 ) ) ;
#191 = ORIENTED_EDGE ( 'NONE', *, *, #1314, .F. ) ;
#192 = CIRCLE ( 'NONE', #1925, 14.33469504429233900 ) ;
#193 = CARTESIAN_POINT ( 'NONE',  ( 11.76168956422729500, 9.315682035382613100, -5.517405745169837100 ) ) ;
#194 = LINE ( 'NONE', #1044, #5051 ) ;
#195 = CARTESIAN_POINT ( 'NONE',  ( -0.05000000000000005100, 14.75313036285513500, -5.939165479577829900 ) ) ;
#197 = ORIENTED_EDGE ( 'NONE', *, *, #1265, .F. ) ;
#196 = ORIENTED_EDGE ( 'NONE', *, *, #3687, .F. ) ;
#198 = EDGE_CURVE ( 'NONE', #4457, #745, #5397, .T. ) ;
#199 = CARTESIAN_POINT ( 'NONE',  ( 0.05000000000000006500, 14.68337264791336400, -5.935654072712593700 ) ) ;
#200 = FACE_OUTER_BOUND ( 'NONE', #3527, .T. ) ;
#201 = FACE_OUTER_BOUND ( 'NONE', #6129, .T. ) ;
#202 = FACE_OUTER_BOUND ( 'NONE', #44, .T. ) ;
#203 = CARTESIAN_POINT ( 'NONE',  ( -14.29528032445861100, -3.314090291799066900, -5.926874626044847700 ) ) ;
#204 = DIRECTION ( 'NONE',  ( -0.9009688679022919100, -0.4338837391178223000, 0.0000000000000000000 ) ) ;
#205 = VERTEX_POINT ( 'NONE', #1140 ) ;
#206 = FACE_OUTER_BOUND ( 'NONE', #3030, .T. ) ;
#207 = EDGE_CURVE ( 'NONE', #5311, #734, #3027, .T. ) ;
#208 = EDGE_LOOP ( 'NONE', ( #5371, #912 ) ) ;
#209 = ORIENTED_EDGE ( 'NONE', *, *, #1402, .F. ) ;
#210 = DIRECTION ( 'NONE',  ( 0.0000000000000000000, -0.0000000000000000000, 1.000000000000000000 ) ) ;
#211 = ORIENTED_EDGE ( 'NONE', *, *, #5879, .T. ) ;
#212 = DIRECTION ( 'NONE',  ( -0.0000000000000000000, -0.0000000000000000000, 1.000000000000000000 ) ) ;
#213 = AXIS2_PLACEMENT_3D ( 'NONE', #4725, #6131, #1331 ) ;
#214 = ORIENTED_EDGE ( 'NONE', *, *, #185, .F. ) ;
#215 = AXIS2_PLACEMENT_3D ( 'NONE', #4038, #5027, #1226 ) ;
#216 = CARTESIAN_POINT ( 'NONE',  ( 11.56932356458258200, 9.162275269740192100, -5.935790468940135500 ) ) ;
#217 = CARTESIAN_POINT ( 'NONE',  ( 0.05000000000000001700, 15.02837503864021700, -5.353434673651931600 ) ) ;
#218 = CARTESIAN_POINT ( 'NONE',  ( -6.364214506944674300, -13.33066583959453900, -5.919309338810702300 ) ) ;
#219 = EDGE_LOOP ( 'NONE', ( #290, #3237 ) ) ;
#220 = CARTESIAN_POINT ( 'NONE',  ( -15.82672910720095800, 0.0000000000000000000, 5.700000000000000200 ) ) ;
#221 = CARTESIAN_POINT ( 'NONE',  ( -13.98127241748806800, -3.139848349798878900, -5.434671360010760600 ) ) ;
#222 = CARTESIAN_POINT ( 'NONE',  ( 14.38769197227060700, -3.335182647369999000, -5.923592372379001600 ) ) ;
#223 = AXIS2_PLACEMENT_3D ( 'NONE', #4293, #5226, #5727 ) ;
#224 = ORIENTED_EDGE ( 'NONE', *, *, #1119, .T. ) ;
#225 = ADVANCED_FACE ( 'NONE', ( #4610, #3548 ), #4955, .F. ) ;
#226 = VERTEX_POINT ( 'NONE', #565 ) ;
#227 = DIRECTION ( 'NONE',  ( -1.000000000000000000, -8.881784197001252300E-016, 0.0000000000000000000 ) ) ;
#228 = DIRECTION ( 'NONE',  ( 1.000000000000000000, 0.0000000000000000000, 0.0000000000000000000 ) ) ;
#229 = EDGE_CURVE ( 'NONE', #3125, #2938, #974, .T. ) ;
#230 = CARTESIAN_POINT ( 'NONE',  ( -11.23436203954651600, 8.895152367224724800, 5.434671360010759700 ) ) ;
#231 = CARTESIAN_POINT ( 'NONE',  ( -0.05000000000000006500, 14.67124404307172400, 5.922851331036820700 ) ) ;
#232 = DIRECTION ( 'NONE',  ( -0.9009688679024218100, -0.4338837391175526800, 0.0000000000000000000 ) ) ;
#233 = DIRECTION ( 'NONE',  ( -1.355252715606888700E-016, -1.000000000000000000, 0.0000000000000000000 ) ) ;
#234 = CARTESIAN_POINT ( 'NONE',  ( -6.358352226114707400, -13.31849268801839500, -5.934919143280428200 ) ) ;
#235 = CARTESIAN_POINT ( 'NONE',  ( -9.577435660233272000, 7.637750072769604200, -6.000769315822028800E-016 ) ) ;
#236 = CALENDAR_DATE ( 2023, 11, 7 ) ;
#237 = EDGE_CURVE ( 'NONE', #2954, #6141, #4897, .T. ) ;
#238 = DIRECTION ( 'NONE',  ( 1.000000000000000000, 0.0000000000000000000, 0.0000000000000000000 ) ) ;
#239 = CARTESIAN_POINT ( 'NONE',  ( -0.05000000000000011400, 14.32409263543335200, -5.427070689091480400 ) ) ;
#240 = DIRECTION ( 'NONE',  ( -0.0000000000000000000, -0.0000000000000000000, 1.000000000000000000 ) ) ;
#241 = DIRECTION ( 'NONE',  ( 0.0000000000000000000, 0.0000000000000000000, 1.000000000000000000 ) ) ;
#242 = VERTEX_POINT ( 'NONE', #1061 ) ;
#243 = DATE_AND_TIME ( #865, #2227 ) ;
#244 = AXIS2_PLACEMENT_3D ( 'NONE', #5695, #5269, #1861 ) ;
#245 = EDGE_CURVE ( 'NONE', #4371, #4065, #1892, .T. ) ;
#246 = CARTESIAN_POINT ( 'NONE',  ( 13.94864303641247900, -3.234972592822440400, 5.419470018189162600 ) ) ;
#247 = LINE ( 'NONE', #1879, #5936 ) ;
#248 = VECTOR ( 'NONE', #4850, 1000.000000000000000 ) ;
#249 = CARTESIAN_POINT ( 'NONE',  ( -0.05000000000000001700, 15.02837503864021700, -5.475000000000000500 ) ) ;
#250 = ADVANCED_FACE ( 'NONE', ( #5959 ), #640, .T. ) ;
#251 = CARTESIAN_POINT ( 'NONE',  ( 14.55750222585390400, 0.0000000000000000000, -4.374999999999999100 ) ) ;
#252 = DIRECTION ( 'NONE',  ( -0.0000000000000000000, -0.0000000000000000000, 1.000000000000000000 ) ) ;
#253 = CARTESIAN_POINT ( 'NONE',  ( -11.43926598975198900, 9.186462615559472400, -5.922851331036797600 ) ) ;
#254 = ORIENTED_EDGE ( 'NONE', *, *, #5421, .T. ) ;
#255 = CARTESIAN_POINT ( 'NONE',  ( -6.339232511744926400, -13.27879019203319400, -5.948499693344809100 ) ) ;
#256 = CONICAL_SURFACE ( 'NONE', #5125, 8.249006824087119900, 0.7853981633974401700 ) ;
#257 = DIRECTION ( 'NONE',  ( 0.2225209339563051800, -0.9749279121818257300, 0.0000000000000000000 ) ) ;
#258 = AXIS2_PLACEMENT_3D ( 'NONE', #5325, #1401, #3858 ) ;
#260 = EDGE_LOOP ( 'NONE', ( #1542, #1727, #5216, #2502 ) ) ;
#259 = ORIENTED_EDGE ( 'NONE', *, *, #1595, .F. ) ;
#261 = ORIENTED_EDGE ( 'NONE', *, *, #3116, .T. ) ;
#262 = FACE_OUTER_BOUND ( 'NONE', #3597, .T. ) ;
#263 = VECTOR ( 'NONE', #1353, 1000.000000000000000 ) ;
#265 = VERTEX_POINT ( 'NONE', #2115 ) ;
#264 = ORIENTED_EDGE ( 'NONE', *, *, #5295, .F. ) ;
#266 = AXIS2_PLACEMENT_3D ( 'NONE', #5287, #6139, #2309 ) ;
#267 = LINE ( 'NONE', #836, #5378 ) ;
#268 = EDGE_CURVE ( 'NONE', #265, #2031, #2580, .T. ) ;
#269 = CIRCLE ( 'NONE', #401, 15.02845821440191200 ) ;
#270 = DIRECTION ( 'NONE',  ( -1.000000000000000000, 0.0000000000000000000, 0.0000000000000000000 ) ) ;
#271 = DIRECTION ( 'NONE',  ( -0.0000000000000000000, -0.0000000000000000000, 1.000000000000000000 ) ) ;
#272 = LINE ( 'NONE', #143, #4001 ) ;
#274 = VERTEX_POINT ( 'NONE', #3601 ) ;
#273 = ORIENTED_EDGE ( 'NONE', *, *, #1525, .F. ) ;
#275 = CARTESIAN_POINT ( 'NONE',  ( -14.39035707757753900, -3.335790940264664600, 5.919309338810702300 ) ) ;
#276 = CIRCLE ( 'NONE', #1996, 4.375000000000000000 ) ;
#277 = DIRECTION ( 'NONE',  ( 1.000000000000000000, 0.0000000000000000000, 0.0000000000000000000 ) ) ;
#278 = DIRECTION ( 'NONE',  ( 1.000000000000000000, 0.0000000000000000000, 0.0000000000000000000 ) ) ;
#279 = CIRCLE ( 'NONE', #3568, 14.31353580660732300 ) ;
#280 = CARTESIAN_POINT ( 'NONE',  ( 0.0000000000000000000, 0.0000000000000000000, 5.353434673651931600 ) ) ;
#281 = EDGE_CURVE ( 'NONE', #1712, #4593, #446, .T. ) ;
#282 = ORIENTED_EDGE ( 'NONE', *, *, #5981, .T. ) ;
#283 = CARTESIAN_POINT ( 'NONE',  ( 11.66105726004816900, 9.363335251506832400, -5.602217234644990100 ) ) ;
#284 = VERTEX_POINT ( 'NONE', #5579 ) ;
#285 = CARTESIAN_POINT ( 'NONE',  ( 0.0000000000000000000, 0.0000000000000000000, -5.100000000000002300 ) ) ;
#286 = VECTOR ( 'NONE', #622, 1000.000000000000000 ) ;
#287 = CARTESIAN_POINT ( 'NONE',  ( -14.30410379272008600, -3.316104190851236800, -5.935654072712593700 ) ) ;
#288 = CARTESIAN_POINT ( 'NONE',  ( 11.32344635815558900, 8.966194740681920900, 5.597398009426060000 ) ) ;
#289 = CARTESIAN_POINT ( 'NONE',  ( 14.31083965411703000, -3.317641607259689700, -5.940503640635170300 ) ) ;
#290 = ORIENTED_EDGE ( 'NONE', *, *, #5041, .F. ) ;
#291 = ADVANCED_FACE ( 'NONE', ( #3241, #128 ), #3172, .F. ) ;
#292 = ORIENTED_EDGE ( 'NONE', *, *, #1342, .T. ) ;
#293 = EDGE_CURVE ( 'NONE', #2637, #1977, #3613, .T. ) ;
#294 = DIRECTION ( 'NONE',  ( 0.0000000000000000000, -1.000000000000000000, 0.0000000000000000000 ) ) ;
#295 = ORIENTED_EDGE ( 'NONE', *, *, #4243, .F. ) ;
#296 = DIRECTION ( 'NONE',  ( 1.000000000000000000, 0.0000000000000000000, 0.0000000000000000000 ) ) ;
#297 = ADVANCED_FACE ( 'NONE', ( #1269 ), #5300, .F. ) ;
#298 = CARTESIAN_POINT ( 'NONE',  ( -0.05000000000000005800, 14.77235527311781700, -5.918436744855735100 ) ) ;
#299 = AXIS2_PLACEMENT_3D ( 'NONE', #631, #3080, #1579 ) ;
#300 = AXIS2_PLACEMENT_3D ( 'NONE', #3670, #257, #2677 ) ;
#301 = CARTESIAN_POINT ( 'NONE',  ( 11.67582646689372100, 9.247208500172066100, 5.707623739869335500 ) ) ;
#302 = CARTESIAN_POINT ( 'NONE',  ( -14.55750222585390400, 0.0000000000000000000, 4.845955988548011500 ) ) ;
#303 = ORIENTED_EDGE ( 'NONE', *, *, #3578, .F. ) ;
#304 = DIRECTION ( 'NONE',  ( -0.0000000000000000000, -0.0000000000000000000, -1.000000000000000000 ) ) ;
#305 = DIRECTION ( 'NONE',  ( -0.0000000000000000000, -0.0000000000000000000, -1.000000000000000000 ) ) ;
#306 = CARTESIAN_POINT ( 'NONE',  ( 18.50000000000000000, 0.0000000000000000000, -5.100000000000002300 ) ) ;
#307 = ORIENTED_EDGE ( 'NONE', *, *, #4053, .F. ) ;
#308 = CARTESIAN_POINT ( 'NONE',  ( -6.507342753248092700, -13.39739821840120900, 5.707623739869334600 ) ) ;
#309 = DIRECTION ( 'NONE',  ( 0.0000000000000000000, 0.0000000000000000000, 1.000000000000000000 ) ) ;
#310 = DIRECTION ( 'NONE',  ( -0.9749279121818227300, 0.2225209339563180800, 0.0000000000000000000 ) ) ;
#311 = AXIS2_PLACEMENT_3D ( 'NONE', #1093, #5930, #1082 ) ;
#312 = CARTESIAN_POINT ( 'NONE',  ( 6.338851471712166200, -13.27799895425268800, -5.948026407833841000 ) ) ;
#313 = CARTESIAN_POINT ( 'NONE',  ( 14.55750222585390400, 1.782779850447245300E-015, 4.845955988548011500 ) ) ;
#314 = EDGE_CURVE ( 'NONE', #3782, #3715, #3173, .T. ) ;
#315 = CARTESIAN_POINT ( 'NONE',  ( 0.05000000000000006500, 14.67124404307175000, 5.922851331036797600 ) ) ;
#316 = ADVANCED_FACE ( 'NONE', ( #1967 ), #1586, .F. ) ;
#317 = CARTESIAN_POINT ( 'NONE',  ( 6.418218059324391200, -13.21232888450616200, 5.939797578137314500 ) ) ;
#318 = CIRCLE ( 'NONE', #99, 8.932094846991093500 ) ;
#319 = DIRECTION ( 'NONE',  ( 1.000000000000000000, 0.0000000000000000000, 0.0000000000000000000 ) ) ;
#320 = B_SPLINE_CURVE_WITH_KNOTS ( 'NONE', 3,
 ( #733, #4149, #3283, #847, #2780, #5654, #6108 ),
 .UNSPECIFIED., .F., .F.,
 ( 4, 3, 4 ),
 ( 0.001683847025956607800, 0.001830745039545440600, 0.002195884394735870200 ),
 .UNSPECIFIED. ) ;
#321 = CARTESIAN_POINT ( 'NONE',  ( 0.0000000000000000000, 8.461138858443082000, -4.845955988548011500 ) ) ;
#322 = ADVANCED_FACE ( 'NONE', ( #1355 ), #6266, .F. ) ;
#323 = EDGE_CURVE ( 'NONE', #2314, #3051, #66, .T. ) ;
#324 =( NAMED_UNIT ( * ) PLANE_ANGLE_UNIT ( ) SI_UNIT ( $, .RADIAN. ) );
#325 = DIRECTION ( 'NONE',  ( 1.000000000000000000, 0.0000000000000000000, 0.0000000000000000000 ) ) ;
#327 = CARTESIAN_POINT ( 'NONE',  ( 11.50748062870704500, 9.112957174089089600, 5.932026979673797700 ) ) ;
#326 = DIRECTION ( 'NONE',  ( -0.4338837391175652800, -0.9009688679024157000, 0.0000000000000000000 ) ) ;
#328 = CIRCLE ( 'NONE', #1410, 14.01368909232457900 ) ;
#329 = DIRECTION ( 'NONE',  ( 0.0000000000000000000, 0.0000000000000000000, -1.000000000000000000 ) ) ;
#330 = ORIENTED_EDGE ( 'NONE', *, *, #2982, .T. ) ;
#331 = CARTESIAN_POINT ( 'NONE',  ( 0.0000000000000000000, 0.0000000000000000000, 6.000000000000000000 ) ) ;
#332 = CIRCLE ( 'NONE', #5040, 4.375000000000000000 ) ;
#333 = AXIS2_PLACEMENT_3D ( 'NONE', #114, #1598, #2494 ) ;
#334 = EDGE_CURVE ( 'NONE', #1124, #3941, #1041, .T. ) ;
#336 = ORIENTED_EDGE ( 'NONE', *, *, #2733, .T. ) ;
#335 = EDGE_LOOP ( 'NONE', ( #330, #1875, #4674, #1070, #2898, #4334 ) ) ;
#337 = ORIENTED_EDGE ( 'NONE', *, *, #2951, .T. ) ;
#338 = DIRECTION ( 'NONE',  ( -0.9009688679022919100, -0.4338837391178223000, 0.0000000000000000000 ) ) ;
#339 = VECTOR ( 'NONE', #4455, 1000.000000000000000 ) ;
#340 = DIRECTION ( 'NONE',  ( -0.0000000000000000000, -0.0000000000000000000, 1.000000000000000000 ) ) ;
#341 = CARTESIAN_POINT ( 'NONE',  ( 6.390841082968566200, -13.38595649442608400, -5.813030243295935800 ) ) ;
#342 = CARTESIAN_POINT ( 'NONE',  ( 14.66270834660474200, -3.295381653834949600, 5.353434673651931600 ) ) ;
#344 = VERTEX_POINT ( 'NONE', #4077 ) ;
#343 = ORIENTED_EDGE ( 'NONE', *, *, #2880, .F. ) ;
#345 = ORIENTED_EDGE ( 'NONE', *, *, #5023, .F. ) ;
#346 = CARTESIAN_POINT ( 'NONE',  ( -11.56093946517382200, 9.155589173572229500, -5.942572141193089400 ) ) ;
#347 = AXIS2_PLACEMENT_3D ( 'NONE', #3209, #2751, #2735 ) ;
#348 = CIRCLE ( 'NONE', #5152, 14.31353580660732300 ) ;
#349 = SECURITY_CLASSIFICATION ( '', '', #4837 ) ;
#350 = CARTESIAN_POINT ( 'NONE',  ( 0.05000000000000002400, 14.97940883035960400, -5.559811490052915400 ) ) ;
#351 = B_SPLINE_CURVE_WITH_KNOTS ( 'NONE', 3,
 ( #2592, #151, #90, #3494, #4508, #3028, #2568, #4015, #5436, #5418, #1055, #5928, #2531, #1561, #4934, #580, #3969, #3549, #4527, #1077, #4472, #1622 ),
 .UNSPECIFIED., .F., .F.,
 ( 4, 3, 3, 3, 3, 3, 3, 4 ),
 ( 0.0002729695107799628900, 0.0002820482917521257300, 0.0003021945365587088000, 0.0003223408922757492800, 0.0003424873530129726800, 0.0003626338669241299900, 0.0003751336404210427900, 0.0003927652499993119900 ),
 .UNSPECIFIED. ) ;
#352 = LINE ( 'NONE', #3101, #3019 ) ;
#353 = DIRECTION ( 'NONE',  ( 0.6234898018587431400, 0.7818314824680221400, -0.0000000000000000000 ) ) ;
#354 = CARTESIAN_POINT ( 'NONE',  ( -14.41310753113574500, -3.238411896501485600, 5.918436744863155000 ) ) ;
#356 = VERTEX_POINT ( 'NONE', #4571 ) ;
#355 = ORIENTED_EDGE ( 'NONE', *, *, #4721, .F. ) ;
#357 = VECTOR ( 'NONE', #1774, 1000.000000000000000 ) ;
#358 = FACE_OUTER_BOUND ( 'NONE', #4080, .T. ) ;
#359 = CARTESIAN_POINT ( 'NONE',  ( 0.0000000000000000000, 0.0000000000000000000, -5.353434673651931600 ) ) ;
#360 = AXIS2_PLACEMENT_3D ( 'NONE', #989, #2462, #2069 ) ;
#361 = VECTOR ( 'NONE', #843, 1000.000000000000000 ) ;
#362 = VERTEX_POINT ( 'NONE', #1670 ) ;
#363 = EDGE_CURVE ( 'NONE', #3774, #3159, #3773, .T. ) ;
#364 = CIRCLE ( 'NONE', #929, 14.31353580660732300 ) ;
#365 = DIRECTION ( 'NONE',  ( -0.0000000000000000000, -0.0000000000000000000, 1.000000000000000000 ) ) ;
#366 = ADVANCED_FACE ( 'NONE', ( #2186 ), #896, .T. ) ;
#367 = EDGE_LOOP ( 'NONE', ( #3190, #3243, #6017, #4207 ) ) ;
#368 = VERTEX_POINT ( 'NONE', #762 ) ;
#369 = CARTESIAN_POINT ( 'NONE',  ( 6.426370687298994100, -13.22925799093372000, 5.947407054167841900 ) ) ;
#370 = EDGE_CURVE ( 'NONE', #2487, #5503, #2340, .T. ) ;
#371 = DIRECTION ( 'NONE',  ( 0.0000000000000000000, 0.0000000000000000000, 1.000000000000000000 ) ) ;
#372 = ORIENTED_EDGE ( 'NONE', *, *, #4805, .T. ) ;
#373 = ORIENTED_EDGE ( 'NONE', *, *, #816, .F. ) ;
#374 = B_SPLINE_CURVE_WITH_KNOTS ( 'NONE', 3,
 ( #354, #6169, #1362, #6149, #6132, #4216, #3284, #5183, #2290, #5684, #3735, #848, #398, #2360, #4244, #1332, #3794, #2810, #4264, #1852, #4193, #5238 ),
 .UNSPECIFIED., .F., .F.,
 ( 4, 3, 3, 3, 3, 3, 3, 4 ),
 ( 0.0002729695107799606100, 0.0002820482917521233500, 0.0003021945365587069000, 0.0003223408922757464600, 0.0003424873530129699200, 0.0003626338669241264600, 0.0003751336404210387200, 0.0003927652499993082000 ),
 .UNSPECIFIED. ) ;
#375 = EDGE_LOOP ( 'NONE', ( #5320, #427, #3333, #303 ) ) ;
#376 = DIRECTION ( 'NONE',  ( -0.0000000000000000000, -0.0000000000000000000, 1.000000000000000000 ) ) ;
#377 = CARTESIAN_POINT ( 'NONE',  ( -6.565615998021421300, -13.51840385802071900, 5.475000000000000500 ) ) ;
#379 = CARTESIAN_POINT ( 'NONE',  ( 11.55541817168515800, 9.151186088942543200, 5.945518194124296900 ) ) ;
#378 = DIRECTION ( 'NONE',  ( -1.000000000000000000, 0.0000000000000000000, 0.0000000000000000000 ) ) ;
#380 = AXIS2_PLACEMENT_3D ( 'NONE', #1580, #2563, #676 ) ;
#381 = VERTEX_POINT ( 'NONE', #2704 ) ;
#382 = EDGE_CURVE ( 'NONE', #4396, #468, #4148, .T. ) ;
#383 = DIRECTION ( 'NONE',  ( -0.0000000000000000000, -0.0000000000000000000, 1.000000000000000000 ) ) ;
#384 = CARTESIAN_POINT ( 'NONE',  ( 0.0000000000000000000, 0.0000000000000000000, -4.845955988548011500 ) ) ;
#385 = CARTESIAN_POINT ( 'NONE',  ( 14.29227927732413100, -3.313405322374487500, 5.922851331036797600 ) ) ;
#386 = CARTESIAN_POINT ( 'NONE',  ( -0.05000000000000007900, 14.55730094427470800, 5.760124666611660300 ) ) ;
#387 = ORIENTED_EDGE ( 'NONE', *, *, #3974, .T. ) ;
#388 = CARTESIAN_POINT ( 'NONE',  ( -14.34265653517089600, -3.222331916408221800, -5.945295989391454800 ) ) ;
#389 = AXIS2_PLACEMENT_3D ( 'NONE', #5086, #294, #1279 ) ;
#390 = CARTESIAN_POINT ( 'NONE',  ( 0.0000000000000000000, 0.0000000000000000000, -4.374999999999999100 ) ) ;
#391 = DIRECTION ( 'NONE',  ( -0.0000000000000000000, -0.0000000000000000000, 1.000000000000000000 ) ) ;
#392 = CARTESIAN_POINT ( 'NONE',  ( -0.05000000000000005100, 14.77184409670430500, 5.919309338810702300 ) ) ;
#393 = DIRECTION ( 'NONE',  ( 0.0000000000000000000, 0.0000000000000000000, -1.000000000000000000 ) ) ;
#394 = CARTESIAN_POINT ( 'NONE',  ( -0.05000000000000004400, 14.83321209375921500, 5.813030243294888600 ) ) ;
#395 = DIRECTION ( 'NONE',  ( 1.000000000000000000, 0.0000000000000000000, 0.0000000000000000000 ) ) ;
#396 = ADVANCED_FACE ( 'NONE', ( #5058 ), #4984, .F. ) ;
#397 = CARTESIAN_POINT ( 'NONE',  ( -13.96570648593269000, -3.136295527498560400, -6.000000000000000000 ) ) ;
#398 = CARTESIAN_POINT ( 'NONE',  ( -14.35561894811777300, -3.225290502575697300, 5.948026407833841000 ) ) ;
#400 = CARTESIAN_POINT ( 'NONE',  ( 15.02845821440191400, 0.0000000000000000000, 6.000000000000000000 ) ) ;
#399 = CARTESIAN_POINT ( 'NONE',  ( 0.0000000000000000000, 0.0000000000000000000, 5.475000000000000500 ) ) ;
#401 = AXIS2_PLACEMENT_3D ( 'NONE', #2151, #624, #4019 ) ;
#402 = EDGE_CURVE ( 'NONE', #5123, #3918, #4771, .T. ) ;
#403 = CARTESIAN_POINT ( 'NONE',  ( -6.165324101219087400, -12.91766565653241200, -6.000000000000000000 ) ) ;
#405 = CARTESIAN_POINT ( 'NONE',  ( 0.0000000000000000000, 0.0000000000000000000, -5.231869347303861800 ) ) ;
#404 = APPROVAL_DATE_TIME ( #5997, #5681 ) ;
#406 = CARTESIAN_POINT ( 'NONE',  ( 0.0000000000000000000, 0.0000000000000000000, 6.000000000000000000 ) ) ;
#407 = CARTESIAN_POINT ( 'NONE',  ( -18.50000000000000000, 0.0000000000000000000, 5.100000000000001400 ) ) ;
#408 = CARTESIAN_POINT ( 'NONE',  ( 14.33469504429233900, 1.755493840274603800E-015, 5.231869347303861800 ) ) ;
#409 = ORGANIZATION ( 'UNSPECIFIED', 'UNSPECIFIED', '' ) ;
#410 = EDGE_CURVE ( 'NONE', #1602, #1716, #4679, .T. ) ;
#411 = CARTESIAN_POINT ( 'NONE',  ( -14.40994406566628200, -3.237689856151622100, -5.923592372379001600 ) ) ;
#412 = CARTESIAN_POINT ( 'NONE',  ( 6.900000000000001200, 0.0000000000000000000, 5.999999999999999100 ) ) ;
#413 = DIRECTION ( 'NONE',  ( 1.000000000000000000, 0.0000000000000000000, 0.0000000000000000000 ) ) ;
#414 = EDGE_LOOP ( 'NONE', ( #3931, #3747 ) ) ;
#415 = CIRCLE ( 'NONE', #1618, 15.02845821440191200 ) ;
#416 = VECTOR ( 'NONE', #3869, 1000.000000000000000 ) ;
#417 = B_SPLINE_CURVE_WITH_KNOTS ( 'NONE', 3,
 ( #4944, #3013, #596, #2093, #1144, #1570, #2063 ),
 .UNSPECIFIED., .F., .F.,
 ( 4, 3, 4 ),
 ( 0.001235889684214379800, 0.001263725857711643700, 0.001859684726850814200 ),
 .UNSPECIFIED. ) ;
#418 = DIRECTION ( 'NONE',  ( 0.0000000000000000000, 0.0000000000000000000, 1.000000000000000000 ) ) ;
#419 = EDGE_CURVE ( 'NONE', #4423, #5277, #5889, .T. ) ;
#420 = ORIENTED_EDGE ( 'NONE', *, *, #2785, .T. ) ;
#421 = APPROVAL_ROLE ( '' ) ;
#422 = B_SPLINE_CURVE_WITH_KNOTS ( 'NONE', 3,
 ( #4263, #5717, #308, #773, #3267, #4745, #377 ),
 .UNSPECIFIED., .F., .F.,
 ( 4, 3, 4 ),
 ( 0.001465605684353204100, 0.001830745039545445600, 0.001977643053134278900 ),
 .UNSPECIFIED. ) ;
#423 = CARTESIAN_POINT ( 'NONE',  ( -11.47221566854022100, 9.212739107565310400, 5.948026407833841000 ) ) ;
#425 = CARTESIAN_POINT ( 'NONE',  ( 0.05000000000000010700, 14.31344847641650400, 6.000000000000000000 ) ) ;
#424 = CARTESIAN_POINT ( 'NONE',  ( 6.338851471712166200, -13.27799895425268800, 5.948026407833841000 ) ) ;
#426 = LINE ( 'NONE', #2770, #5433 ) ;
#428 = ORIENTED_EDGE ( 'NONE', *, *, #3509, .T. ) ;
#427 = ORIENTED_EDGE ( 'NONE', *, *, #2119, .T. ) ;
#429 = DIRECTION ( 'NONE',  ( -0.0000000000000000000, -0.0000000000000000000, 1.000000000000000000 ) ) ;
#430 = ORIENTED_EDGE ( 'NONE', *, *, #1148, .F. ) ;
#431 = AXIS2_PLACEMENT_3D ( 'NONE', #1386, #309, #1783 ) ;
#432 = CARTESIAN_POINT ( 'NONE',  ( -6.167633264981357200, -12.92246068449295200, -5.419470018189162600 ) ) ;
#433 = DIRECTION ( 'NONE',  ( 1.000000000000000000, 0.0000000000000000000, 0.0000000000000000000 ) ) ;
#434 = CONICAL_SURFACE ( 'NONE', #3207, 14.72534932307735800, 0.6108652381980183000 ) ;
#435 = AXIS2_PLACEMENT_3D ( 'NONE', #3585, #2688, #3135 ) ;
#436 = CARTESIAN_POINT ( 'NONE',  ( 0.0000000000000000000, 0.0000000000000000000, -6.429395695523609100E-016 ) ) ;
#437 = ADVANCED_FACE ( 'NONE', ( #5131 ), #2240, .T. ) ;
#438 = FACE_OUTER_BOUND ( 'NONE', #4663, .T. ) ;
#440 = VERTEX_POINT ( 'NONE', #3238 ) ;
#439 = VERTEX_POINT ( 'NONE', #6102 ) ;
#441 = CIRCLE ( 'NONE', #2192, 6.900000000000001200 ) ;
#442 = CARTESIAN_POINT ( 'NONE',  ( 0.0000000000000000000, 0.0000000000000000000, -5.487867965644035500 ) ) ;
#443 = CARTESIAN_POINT ( 'NONE',  ( 0.0000000000000000000, 0.0000000000000000000, -5.411869347303862400 ) ) ;
#444 = CYLINDRICAL_SURFACE ( 'NONE', #3052, 8.461138858443082000 ) ;
#445 = CARTESIAN_POINT ( 'NONE',  ( 0.0000000000000000000, 0.0000000000000000000, -6.000000000000000000 ) ) ;
#446 = CIRCLE ( 'NONE', #4346, 14.31353580660732300 ) ;
#447 = CARTESIAN_POINT ( 'NONE',  ( 0.05000000000000005800, 14.71338826407986200, 5.948026407833841000 ) ) ;
#449 = VERTEX_POINT ( 'NONE', #769 ) ;
#448 = ORIENTED_EDGE ( 'NONE', *, *, #1037, .F. ) ;
#450 = CARTESIAN_POINT ( 'NONE',  ( -11.50317585740326000, 9.109524233529365100, -5.925578038978351900 ) ) ;
#451 = AXIS2_PLACEMENT_3D ( 'NONE', #5713, #5765, #6231 ) ;
#452 = CIRCLE ( 'NONE', #5868, 14.31353580660732300 ) ;
#453 = VECTOR ( 'NONE', #5215, 1000.000000000000000 ) ;
#454 = DIRECTION ( 'NONE',  ( -0.2225209339563050400, 0.9749279121818258400, 0.0000000000000000000 ) ) ;
#456 = CARTESIAN_POINT ( 'NONE',  ( 11.45762845075709700, 9.201106189565171800, -5.943085793353259500 ) ) ;
#455 = CARTESIAN_POINT ( 'NONE',  ( 11.16785209007732500, 8.970017253195864600, 5.427070689091480400 ) ) ;
#457 = ORIENTED_EDGE ( 'NONE', *, *, #1930, .F. ) ;
#458 = EDGE_LOOP ( 'NONE', ( #1986, #3484, #5195, #5080 ) ) ;
#459 = FACE_OUTER_BOUND ( 'NONE', #4711, .T. ) ;
#460 = CARTESIAN_POINT ( 'NONE',  ( 0.0000000000000000000, 0.0000000000000000000, 5.922851331036798500 ) ) ;
#461 = EDGE_CURVE ( 'NONE', #1124, #4215, #3684, .T. ) ;
#462 = ORIENTED_EDGE ( 'NONE', *, *, #80, .T. ) ;
#463 = CARTESIAN_POINT ( 'NONE',  ( -11.58066691281894500, 9.171321288099786500, 5.918436744855735100 ) ) ;
#464 = ORIENTED_EDGE ( 'NONE', *, *, #2867, .T. ) ;
#465 = CARTESIAN_POINT ( 'NONE',  ( -11.56589771093295100, 9.287448043389670000, -5.813030243295935800 ) ) ;
#466 = CARTESIAN_POINT ( 'NONE',  ( -11.52494863861860700, 9.126887447150563700, 5.945246423886637800 ) ) ;
#467 = CARTESIAN_POINT ( 'NONE',  ( 14.45018645082043000, -3.349446604284411300, 5.813030243295935800 ) ) ;
#468 = VERTEX_POINT ( 'NONE', #306 ) ;
#469 = CARTESIAN_POINT ( 'NONE',  ( -0.05000000000000005800, 14.71426647176137200, 5.948499693344809100 ) ) ;
#470 = EDGE_CURVE ( 'NONE', #2356, #274, #597, .T. ) ;
#471 = CARTESIAN_POINT ( 'NONE',  ( 0.05000000000000006500, 14.67461583824486700, 5.927666725627947400 ) ) ;
#472 = CARTESIAN_POINT ( 'NONE',  ( -14.64045625320915500, -3.392874445052934000, 5.475000000000000500 ) ) ;
#473 = DIRECTION ( 'NONE',  ( 0.0000000000000000000, 0.0000000000000000000, -1.000000000000000000 ) ) ;
#474 = VERTEX_POINT ( 'NONE', #3185 ) ;
#475 = CARTESIAN_POINT ( 'NONE',  ( 6.000000000000001800, 0.0000000000000000000, -5.100000000000009400 ) ) ;
#476 = CARTESIAN_POINT ( 'NONE',  ( 11.48871619617581000, 9.225897839256944600, -5.947141906180246600 ) ) ;
#477 = AXIS2_PLACEMENT_3D ( 'NONE', #4858, #2393, #5784 ) ;
#478 = EDGE_CURVE ( 'NONE', #1917, #69, #3853, .T. ) ;
#479 = ORIENTED_EDGE ( 'NONE', *, *, #1021, .T. ) ;
#480 = CARTESIAN_POINT ( 'NONE',  ( 0.0000000000000000000, 0.0000000000000000000, 5.999999999999999100 ) ) ;
#481 = CARTESIAN_POINT ( 'NONE',  ( -6.165324101219088200, -12.91766565653241400, -5.411869347303862400 ) ) ;
#482 = DIRECTION ( 'NONE',  ( -0.0000000000000000000, -0.0000000000000000000, 1.000000000000000000 ) ) ;
#483 = CARTESIAN_POINT ( 'NONE',  ( 0.0000000000000000000, 0.0000000000000000000, -5.353434673651931600 ) ) ;
#484 = DIRECTION ( 'NONE',  ( -1.000000000000000000, 0.0000000000000000000, -0.0000000000000000000 ) ) ;
#485 = AXIS2_PLACEMENT_3D ( 'NONE', #4128, #4162, #1251 ) ;
#486 = DIRECTION ( 'NONE',  ( 1.000000000000000000, 0.0000000000000000000, 0.0000000000000000000 ) ) ;
#487 = CARTESIAN_POINT ( 'NONE',  ( 14.39085543774006800, -3.335904687719862600, 5.918436744863155000 ) ) ;
#488 = CARTESIAN_POINT ( 'NONE',  ( 0.05000000000000005100, 14.76720951931398900, 5.925963813471787100 ) ) ;
#489 = CARTESIAN_POINT ( 'NONE',  ( -11.46182062045103400, 9.204449333338033100, 5.945295989391454800 ) ) ;
#491 = CARTESIAN_POINT ( 'NONE',  ( 11.44616253417591900, 9.191962426212535700, -5.933060780161923700 ) ) ;
#490 = DIRECTION ( 'NONE',  ( -0.0000000000000000000, -0.0000000000000000000, 1.000000000000000000 ) ) ;
#492 = FACE_OUTER_BOUND ( 'NONE', #1752, .T. ) ;
#493 = AXIS2_PLACEMENT_3D ( 'NONE', #3370, #490, #1005 ) ;
#494 = EDGE_CURVE ( 'NONE', #3325, #3588, #4922, .T. ) ;
#495 = CYLINDRICAL_SURFACE ( 'NONE', #4343, 15.02845821440191200 ) ;
#496 = DIRECTION ( 'NONE',  ( -0.0000000000000000000, -0.0000000000000000000, -1.000000000000000000 ) ) ;
#497 = CARTESIAN_POINT ( 'NONE',  ( 6.452676739104128400, -13.28388307036642100, -5.925469712029102000 ) ) ;
#498 = PLANE ( 'NONE',  #3282 ) ;
#499 = ORIENTED_EDGE ( 'NONE', *, *, #2373, .F. ) ;
#500 = EDGE_CURVE ( 'NONE', #2977, #4213, #807, .T. ) ;
#501 = CARTESIAN_POINT ( 'NONE',  ( -11.54050138412285900, 9.139290347814265300, 5.948433861821531100 ) ) ;
#502 = TOROIDAL_SURFACE ( 'NONE', #139, 14.72047836616381700, 0.05999999999999999800 ) ;
#503 = DIRECTION ( 'NONE',  ( 1.000000000000000000, 0.0000000000000000000, 0.0000000000000000000 ) ) ;
#504 = CARTESIAN_POINT ( 'NONE',  ( 14.55750222585390400, 0.0000000000000000000, -4.845955988548011500 ) ) ;
#505 = DIRECTION ( 'NONE',  ( -1.000000000000000000, 0.0000000000000000000, 0.0000000000000000000 ) ) ;
#507 = ORIENTED_EDGE ( 'NONE', *, *, #2281, .F. ) ;
#506 = ORIENTED_EDGE ( 'NONE', *, *, #1442, .F. ) ;
#508 = ORIENTED_EDGE ( 'NONE', *, *, #3505, .F. ) ;
#509 = DIRECTION ( 'NONE',  ( 1.000000000000000000, 0.0000000000000000000, 0.0000000000000000000 ) ) ;
#510 = CONICAL_SURFACE ( 'NONE', #2650, 15.02845821440191200, 0.5235987755982992600 ) ;
#511 = EDGE_CURVE ( 'NONE', #1911, #1215, #1199, .T. ) ;
#512 = CARTESIAN_POINT ( 'NONE',  ( -11.45133459792304900, 9.196087009416739700, 5.938247467940449600 ) ) ;
#513 = CARTESIAN_POINT ( 'NONE',  ( 0.0000000000000000000, 0.0000000000000000000, -5.353434673651931600 ) ) ;
#515 = EDGE_LOOP ( 'NONE', ( #4948, #1194 ) ) ;
#514 = VERTEX_POINT ( 'NONE', #1295 ) ;
#516 = ORIENTED_EDGE ( 'NONE', *, *, #4357, .F. ) ;
#517 = CONICAL_SURFACE ( 'NONE', #758, 6.000000000000001800, 0.7853981633974531600 ) ;
#518 = DIRECTION ( 'NONE',  ( -0.9009688679024157000, 0.4338837391175651700, 1.224646799147353200E-016 ) ) ;
#519 = CIRCLE ( 'NONE', #3320, 8.932094846991093500 ) ;
#521 = ORIENTED_EDGE ( 'NONE', *, *, #314, .F. ) ;
#520 = VERTEX_POINT ( 'NONE', #2269 ) ;
#522 = CARTESIAN_POINT ( 'NONE',  ( 14.36302193607016000, -3.226980186267022900, 5.948433861821531100 ) ) ;
#523 = CARTESIAN_POINT ( 'NONE',  ( 6.454311393734732500, -13.28727746568287500, -5.919309338810702300 ) ) ;
#524 = AXIS2_PLACEMENT_3D ( 'NONE', #2328, #3759, #5716 ) ;
#525 = CIRCLE ( 'NONE', #2532, 14.77243989039088300 ) ;
#526 = CIRCLE ( 'NONE', #4475, 15.02845821440191200 ) ;
#527 = VERTEX_POINT ( 'NONE', #1312 ) ;
#528 = DIRECTION ( 'NONE',  ( 0.0000000000000000000, 0.0000000000000000000, -1.000000000000000000 ) ) ;
#529 = ORIENTED_EDGE ( 'NONE', *, *, #573, .T. ) ;
#530 = DIRECTION ( 'NONE',  ( -0.0000000000000000000, -0.0000000000000000000, 1.000000000000000000 ) ) ;
#531 = VECTOR ( 'NONE', #329, 1000.000000000000000 ) ;
#532 = CARTESIAN_POINT ( 'NONE',  ( 0.05000000000000005100, 14.77235527312704000, 5.918436744863155000 ) ) ;
#533 = DIRECTION ( 'NONE',  ( -0.0000000000000000000, -0.0000000000000000000, 1.000000000000000000 ) ) ;
#534 = AXIS2_PLACEMENT_3D ( 'NONE', #3503, #557, #5875 ) ;
#535 = EDGE_LOOP ( 'NONE', ( #4247, #2163, #187, #3671 ) ) ;
#536 = ORIENTED_EDGE ( 'NONE', *, *, #3769, .T. ) ;
#537 = EDGE_CURVE ( 'NONE', #4030, #5692, #2508, .T. ) ;
#538 = ADVANCED_FACE ( 'NONE', ( #1732 ), #732, .T. ) ;
#539 = DIRECTION ( 'NONE',  ( -0.4338837391175650600, -0.9009688679024158200, 0.0000000000000000000 ) ) ;
#540 = CARTESIAN_POINT ( 'NONE',  ( 0.05000000000000005800, 14.74645095543314200, -5.942898760672944600 ) ) ;
#541 = CLOSED_SHELL ( 'NONE', ( #4422, #1808 ) ) ;
#542 = VERTEX_POINT ( 'NONE', #2596 ) ;
#543 = EDGE_LOOP ( 'NONE', ( #1636, #1755, #1836, #57 ) ) ;
#544 = EDGE_CURVE ( 'NONE', #2368, #3871, #6032, .T. ) ;
#545 = CARTESIAN_POINT ( 'NONE',  ( 0.0000000000000000000, 0.0000000000000000000, -6.429395695523609100E-016 ) ) ;
#546 = CARTESIAN_POINT ( 'NONE',  ( -12.25000000000000000, 1.500192328955507700E-015, -6.429395695523609100E-016 ) ) ;
#547 = EDGE_LOOP ( 'NONE', ( #3563, #5221, #5585, #2237 ) ) ;
#548 = DIRECTION ( 'NONE',  ( -0.0000000000000000000, -0.0000000000000000000, -1.000000000000000000 ) ) ;
#549 = CARTESIAN_POINT ( 'NONE',  ( 0.0000000000000000000, 0.0000000000000000000, -5.475000000000000500 ) ) ;
#550 = DIRECTION ( 'NONE',  ( 1.000000000000000000, 0.0000000000000000000, 0.0000000000000000000 ) ) ;
#551 = ORIENTED_EDGE ( 'NONE', *, *, #4106, .T. ) ;
#552 = EDGE_CURVE ( 'NONE', #3325, #4582, #4847, .T. ) ;
#553 = CARTESIAN_POINT ( 'NONE',  ( 0.0000000000000000000, 0.0000000000000000000, -5.487867965644035500 ) ) ;
#554 = CARTESIAN_POINT ( 'NONE',  ( -14.01368909232457900, 1.716181949116147300E-015, -5.787867965644033500 ) ) ;
#555 = CARTESIAN_POINT ( 'NONE',  ( 0.0000000000000000000, 0.0000000000000000000, -1.178722544179328000E-015 ) ) ;
#557 = DIRECTION ( 'NONE',  ( 0.0000000000000000000, 0.0000000000000000000, -1.000000000000000000 ) ) ;
#556 = DIRECTION ( 'NONE',  ( -0.0000000000000000000, -0.0000000000000000000, -1.000000000000000000 ) ) ;
#558 = AXIS2_PLACEMENT_3D ( 'NONE', #4539, #5502, #1179 ) ;
#559 = DIRECTION ( 'NONE',  ( -0.0000000000000000000, -0.0000000000000000000, 1.000000000000000000 ) ) ;
#560 = DIRECTION ( 'NONE',  ( 1.000000000000000000, 0.0000000000000000000, 0.0000000000000000000 ) ) ;
#561 = ADVANCED_FACE ( 'NONE', ( #2881 ), #2719, .T. ) ;
#562 = CARTESIAN_POINT ( 'NONE',  ( 8.461138858443082000, 0.0000000000000000000, 6.000000000000000000 ) ) ;
#563 = DIRECTION ( 'NONE',  ( 0.0000000000000000000, 0.0000000000000000000, 1.000000000000000000 ) ) ;
#564 = DIRECTION ( 'NONE',  ( 1.000000000000000000, 0.0000000000000000000, 0.0000000000000000000 ) ) ;
#565 = CARTESIAN_POINT ( 'NONE',  ( 8.461138858443082000, 0.0000000000000000000, 4.374999999999999100 ) ) ;
#566 = CONICAL_SURFACE ( 'NONE', #3583, 8.249006824087119900, 0.7853981633974401700 ) ;
#567 = CARTESIAN_POINT ( 'NONE',  ( -11.56589771093295100, 9.287448043389670000, 5.813030243295935800 ) ) ;
#568 = VERTEX_POINT ( 'NONE', #1085 ) ;
#569 = CARTESIAN_POINT ( 'NONE',  ( 6.172251592474113500, -12.93205074034849700, 5.434671360010760600 ) ) ;
#571 = CARTESIAN_POINT ( 'NONE',  ( 0.05000000000000005800, 14.71338826407986200, -5.948026407833841000 ) ) ;
#570 = DIRECTION ( 'NONE',  ( 0.0000000000000000000, 0.0000000000000000000, -1.000000000000000000 ) ) ;
#572 = FACE_OUTER_BOUND ( 'NONE', #5621, .T. ) ;
#573 = EDGE_CURVE ( 'NONE', #741, #3158, #272, .T. ) ;
#574 = ORIENTED_EDGE ( 'NONE', *, *, #648, .F. ) ;
#575 = CARTESIAN_POINT ( 'NONE',  ( 14.35647513729912500, -3.225485922169388300, 5.948499693344809100 ) ) ;
#576 = VECTOR ( 'NONE', #4650, 1000.000000000000000 ) ;
#578 = ORIENTED_EDGE ( 'NONE', *, *, #3531, .T. ) ;
#577 = ORIENTED_EDGE ( 'NONE', *, *, #5575, .T. ) ;
#579 = EDGE_CURVE ( 'NONE', #5692, #5150, #2422, .T. ) ;
#580 = CARTESIAN_POINT ( 'NONE',  ( -6.420561452913694300, -13.21719499143446600, 5.942348470219661400 ) ) ;
#581 = ORIENTED_EDGE ( 'NONE', *, *, #3505, .T. ) ;
#582 = B_SPLINE_CURVE_WITH_KNOTS ( 'NONE', 3,
 ( #946, #5812, #3363, #4386, #1027, #2482, #2970, #1531, #1468, #466, #4907, #4856, #501, #4349, #1449, #4825, #3890, #2070, #5188, #3798, #4836, #6287, #5008, #3727, #1322 ),
 .UNSPECIFIED., .F., .F.,
 ( 4, 3, 3, 3, 3, 3, 3, 3, 4 ),
 ( 0.0003576089778190575800, 0.0003626343305416519600, 0.0003751336018886971300, 0.0003952800579771920300, 0.0004154265102964885900, 0.0004355730134115531400, 0.0004557195170136854400, 0.0004758659491588496200, 0.0004773643735645370300 ),
 .UNSPECIFIED. ) ;
#583 = CIRCLE ( 'NONE', #5281, 6.900000000000001200 ) ;
#584 = CIRCLE ( 'NONE', #1738, 4.374999999999999100 ) ;
#585 = CARTESIAN_POINT ( 'NONE',  ( -14.31353580660732300, -1.752902581004268700E-015, -5.351869347303861900 ) ) ;
#587 = EDGE_LOOP ( 'NONE', ( #4250, #462, #1533, #264 ) ) ;
#586 = EDGE_LOOP ( 'NONE', ( #3865, #3398, #3326, #1922, #1213 ) ) ;
#588 = CARTESIAN_POINT ( 'NONE',  ( 14.31353580660732300, 0.0000000000000000000, 5.351869347303861900 ) ) ;
#589 = FACE_OUTER_BOUND ( 'NONE', #3990, .T. ) ;
#590 = DIRECTION ( 'NONE',  ( 1.000000000000000000, 0.0000000000000000000, 0.0000000000000000000 ) ) ;
#591 = AXIS2_PLACEMENT_3D ( 'NONE', #1528, #4872, #5402 ) ;
#592 = ADVANCED_FACE ( 'NONE', ( #6107 ), #6188, .T. ) ;
#593 = CONICAL_SURFACE ( 'NONE', #1168, 16.03886114155692200, 0.7853981633974441700 ) ;
#594 = EDGE_CURVE ( 'NONE', #2722, #6252, #2256, .T. ) ;
#595 = CARTESIAN_POINT ( 'NONE',  ( 6.271127721766268900, -13.13736913843391500, 5.760124666611659400 ) ) ;
#596 = CARTESIAN_POINT ( 'NONE',  ( -11.16785209007719900, 8.970017253196022700, 5.427070689091481300 ) ) ;
#597 = CIRCLE ( 'NONE', #2839, 4.375000000000000000 ) ;
#599 = ORIENTED_EDGE ( 'NONE', *, *, #4512, .T. ) ;
#598 = ORIENTED_EDGE ( 'NONE', *, *, #4926, .F. ) ;
#600 = CONICAL_SURFACE ( 'NONE', #3564, 14.72534932307735800, 0.6108652381980183000 ) ;
#601 = LINE ( 'NONE', #3286, #3181 ) ;
#602 = ORIENTED_EDGE ( 'NONE', *, *, #4530, .F. ) ;
#603 = CARTESIAN_POINT ( 'NONE',  ( -14.56884846766593500, -3.376530435287165700, 5.602217234644990100 ) ) ;
#604 = DIRECTION ( 'NONE',  ( -1.000000000000000000, -1.355252715606888900E-016, 0.0000000000000000000 ) ) ;
#605 = ORIENTED_EDGE ( 'NONE', *, *, #3993, .F. ) ;
#606 = AXIS2_PLACEMENT_3D ( 'NONE', #4814, #5365, #3392 ) ;
#607 = DIRECTION ( 'NONE',  ( -0.0000000000000000000, -0.0000000000000000000, 1.000000000000000000 ) ) ;
#608 = VERTEX_POINT ( 'NONE', #3536 ) ;
#609 = EDGE_LOOP ( 'NONE', ( #4901, #3421, #3951, #2671, #5038, #5434 ) ) ;
#610 = DIRECTION ( 'NONE',  ( -0.5000000000000003300, 0.0000000000000000000, 0.8660254037844383700 ) ) ;
#611 = CARTESIAN_POINT ( 'NONE',  ( -11.44513164852103900, 9.191140322336055500, -5.932026979673796800 ) ) ;
#612 = AXIS2_PLACEMENT_3D ( 'NONE', #6133, #2273, #757 ) ;
#613 = EDGE_CURVE ( 'NONE', #5914, #745, #2108, .T. ) ;
#614 = DIRECTION ( 'NONE',  ( -1.000000000000000000, 0.0000000000000000000, 0.0000000000000000000 ) ) ;
#615 = ORIENTED_EDGE ( 'NONE', *, *, #5153, .T. ) ;
#616 = CARTESIAN_POINT ( 'NONE',  ( -6.475555199841668500, -13.56186717070432800, -5.353434673651931600 ) ) ;
#617 = CARTESIAN_POINT ( 'NONE',  ( -18.50000000000000000, 2.265596578422603400E-015, -5.100000000000002300 ) ) ;
#618 = ORIENTED_EDGE ( 'NONE', *, *, #1878, .F. ) ;
#619 = EDGE_CURVE ( 'NONE', #741, #3319, #5817, .T. ) ;
#620 = CARTESIAN_POINT ( 'NONE',  ( 11.47815240393711500, 9.217473496060902600, 5.948433861821531100 ) ) ;
#621 = CARTESIAN_POINT ( 'NONE',  ( 8.461138858443082000, 0.0000000000000000000, -4.374999999999999100 ) ) ;
#622 = DIRECTION ( 'NONE',  ( -0.0000000000000000000, -0.0000000000000000000, 1.000000000000000000 ) ) ;
#623 = EDGE_CURVE ( 'NONE', #2566, #4065, #584, .T. ) ;
#624 = DIRECTION ( 'NONE',  ( -0.0000000000000000000, -0.0000000000000000000, 1.000000000000000000 ) ) ;
#625 = CARTESIAN_POINT ( 'NONE',  ( -11.44190216537076300, 9.188564895463867900, -5.927666725627947400 ) ) ;
#626 = CARTESIAN_POINT ( 'NONE',  ( 0.0000000000000000000, 0.0000000000000000000, 5.888436744855735800 ) ) ;
#627 = CARTESIAN_POINT ( 'NONE',  ( 6.255420988009150900, -12.87427728262074600, -5.411869347303862400 ) ) ;
#628 = DIRECTION ( 'NONE',  ( 1.000000000000000000, 0.0000000000000000000, 0.0000000000000000000 ) ) ;
#629 = AXIS2_PLACEMENT_3D ( 'NONE', #1871, #5169, #6198 ) ;
#630 = AXIS2_PLACEMENT_3D ( 'NONE', #1237, #5139, #4236 ) ;
#631 = CARTESIAN_POINT ( 'NONE',  ( 0.0000000000000000000, 0.0000000000000000000, 5.700000000000000200 ) ) ;
#632 = PLANE ( 'NONE',  #1231 ) ;
#633 = CARTESIAN_POINT ( 'NONE',  ( 14.37115556973628100, -3.331408321401650300, -5.939344605127422100 ) ) ;
#634 = CARTESIAN_POINT ( 'NONE',  ( 5.315075804190019700, -11.03686863180466700, -6.000769315822028800E-016 ) ) ;
#635 = VECTOR ( 'NONE', #3041, 1000.000000000000000 ) ;
#636 = CYLINDRICAL_SURFACE ( 'NONE', #5430, 16.03886114155692200 ) ;
#637 = AXIS2_PLACEMENT_3D ( 'NONE', #3894, #1060, #2488 ) ;
#638 = CARTESIAN_POINT ( 'NONE',  ( 6.475519111230990000, -13.56179223193256400, -6.000000000000000000 ) ) ;
#639 = EDGE_LOOP ( 'NONE', ( #2365, #4063 ) ) ;
#640 = PLANE ( 'NONE',  #967 ) ;
#641 = CIRCLE ( 'NONE', #5468, 15.82672910720095800 ) ;
#642 = CARTESIAN_POINT ( 'NONE',  ( -6.565615998021420400, -13.51840385802071900, -6.000000000000000000 ) ) ;
#643 = ADVANCED_FACE ( 'NONE', ( #5754 ), #1541, .T. ) ;
#644 = DIRECTION ( 'NONE',  ( -0.0000000000000000000, -0.0000000000000000000, -1.000000000000000000 ) ) ;
#646 = EDGE_LOOP ( 'NONE', ( #4560, #282, #4869, #5813, #1329 ) ) ;
#645 = VERTEX_POINT ( 'NONE', #1555 ) ;
#647 = ORIENTED_EDGE ( 'NONE', *, *, #5791, .F. ) ;
#648 = EDGE_CURVE ( 'NONE', #1655, #4752, #121, .T. ) ;
#649 = CYLINDRICAL_SURFACE ( 'NONE', #2766, 14.55750222585390400 ) ;
#651 = ORIENTED_EDGE ( 'NONE', *, *, #2619, .T. ) ;
#650 = ORIENTED_EDGE ( 'NONE', *, *, #5691, .T. ) ;
#652 = ORIENTED_EDGE ( 'NONE', *, *, #1817, .T. ) ;
#653 = CARTESIAN_POINT ( 'NONE',  ( -13.96570648593269200, -3.136295527498560400, -5.411869347303862400 ) ) ;
#654 = DIRECTION ( 'NONE',  ( -0.0000000000000000000, -0.0000000000000000000, 1.000000000000000000 ) ) ;
#655 = VECTOR ( 'NONE', #2075, 1000.000000000000100 ) ;
#656 = EDGE_CURVE ( 'NONE', #2254, #1280, #2952, .T. ) ;
#657 = FACE_OUTER_BOUND ( 'NONE', #367, .T. ) ;
#659 = VERTEX_POINT ( 'NONE', #161 ) ;
#658 = ORIENTED_EDGE ( 'NONE', *, *, #3542, .T. ) ;
#660 = FACE_OUTER_BOUND ( 'NONE', #1905, .T. ) ;
#661 = CIRCLE ( 'NONE', #5098, 14.55750222585390400 ) ;
#662 = DIRECTION ( 'NONE',  ( -1.000000000000000000, 0.0000000000000000000, 0.0000000000000000000 ) ) ;
#663 = CARTESIAN_POINT ( 'NONE',  ( 13.96570648593265000, -3.136295527498749600, -5.353434673651931600 ) ) ;
#664 = ORIENTED_EDGE ( 'NONE', *, *, #715, .T. ) ;
#665 = ORIENTED_EDGE ( 'NONE', *, *, #5744, .F. ) ;
#666 = DIRECTION ( 'NONE',  ( -0.9009688679024157000, 0.4338837391175652300, 0.0000000000000000000 ) ) ;
#667 = AXIS2_PLACEMENT_3D ( 'NONE', #4681, #2833, #4709 ) ;
#668 = AXIS2_PLACEMENT_3D ( 'NONE', #4002, #2064, #4946 ) ;
#669 = VECTOR ( 'NONE', #3678, 1000.000000000000000 ) ;
#670 = DIRECTION ( 'NONE',  ( 1.000000000000000000, 0.0000000000000000000, 0.0000000000000000000 ) ) ;
#671 = CARTESIAN_POINT ( 'NONE',  ( -0.05000000000000005100, 14.76807660213553500, -5.925469712029102000 ) ) ;
#672 = EDGE_LOOP ( 'NONE', ( #5909, #4979 ) ) ;
#673 = CARTESIAN_POINT ( 'NONE',  ( 0.05000000000000005100, 14.76300934027016600, -5.931203594297440600 ) ) ;
#674 = ORIENTED_EDGE ( 'NONE', *, *, #4819, .F. ) ;
#675 = CARTESIAN_POINT ( 'NONE',  ( 15.02845821440191200, 0.0000000000000000000, 5.231869347303861800 ) ) ;
#676 = DIRECTION ( 'NONE',  ( 1.000000000000000000, 0.0000000000000000000, 0.0000000000000000000 ) ) ;
#677 = DIRECTION ( 'NONE',  ( 0.0000000000000000000, 0.0000000000000000000, -1.000000000000000000 ) ) ;
#678 = AXIS2_PLACEMENT_3D ( 'NONE', #3705, #1812, #4748 ) ;
#679 = VERTEX_POINT ( 'NONE', #98 ) ;
#680 = ADVANCED_FACE ( 'NONE', ( #3166 ), #1047, .T. ) ;
#681 = EDGE_LOOP ( 'NONE', ( #4673, #4409 ) ) ;
#682 = DIRECTION ( 'NONE',  ( 0.7071067811865432400, 8.659560562354881100E-017, -0.7071067811865517900 ) ) ;
#683 = VERTEX_POINT ( 'NONE', #3076 ) ;
#684 = CARTESIAN_POINT ( 'NONE',  ( -14.66270834660478600, -3.295381653834751600, -5.475000000000000500 ) ) ;
#685 = AXIS2_PLACEMENT_3D ( 'NONE', #6225, #4713, #5190 ) ;
#686 = EDGE_CURVE ( 'NONE', #3473, #2358, #5121, .T. ) ;
#687 = CARTESIAN_POINT ( 'NONE',  ( 0.05000000000000011400, 14.32409263543335200, 5.427070689091481300 ) ) ;
#688 = DIRECTION ( 'NONE',  ( -0.0000000000000000000, -0.0000000000000000000, 1.000000000000000000 ) ) ;
#689 = CARTESIAN_POINT ( 'NONE',  ( 0.0000000000000000000, 0.0000000000000000000, 5.353434673651931600 ) ) ;
#690 = ORIENTED_EDGE ( 'NONE', *, *, #4751, .F. ) ;
#691 = CARTESIAN_POINT ( 'NONE',  ( 11.58066691282628600, 9.171321288105373200, -5.918436744863155000 ) ) ;
#692 = CARTESIAN_POINT ( 'NONE',  ( -6.328121172534334700, -13.25571725841782600, -5.939797578137313600 ) ) ;
#693 = EDGE_CURVE ( 'NONE', #3806, #3051, #4464, .T. ) ;
#694 = DIRECTION ( 'NONE',  ( 1.000000000000000000, 0.0000000000000000000, 1.224646799147353200E-016 ) ) ;
#695 = CARTESIAN_POINT ( 'NONE',  ( 8.932094846991093500, 0.0000000000000000000, 6.000000000000000000 ) ) ;
#696 = CARTESIAN_POINT ( 'NONE',  ( 13.97608377365987500, -3.138664075704357300, -5.427070689091480400 ) ) ;
#697 = DIRECTION ( 'NONE',  ( -0.2225209339561718700, -0.9749279121818561500, 0.0000000000000000000 ) ) ;
#698 = AXIS2_PLACEMENT_3D ( 'NONE', #4444, #1559, #2011 ) ;
#699 = EDGE_CURVE ( 'NONE', #1917, #284, #194, .T. ) ;
#700 = CARTESIAN_POINT ( 'NONE',  ( 14.66278943697643700, -3.295400162183125000, -6.000000000000000900 ) ) ;
#701 = ADVANCED_FACE ( 'NONE', ( #1882 ), #4307, .T. ) ;
#702 = CARTESIAN_POINT ( 'NONE',  ( 11.51649923647897800, 9.120149273791973600, -5.940503640635170300 ) ) ;
#703 = DIRECTION ( 'NONE',  ( -0.6234898018587321500, 0.7818314824680309100, 0.0000000000000000000 ) ) ;
#704 = CARTESIAN_POINT ( 'NONE',  ( -0.05000000000000005100, 14.77210246294037400, -5.918874622419538800 ) ) ;
#705 = CARTESIAN_POINT ( 'NONE',  ( -6.320986015749528300, -13.24090095268628000, -5.924234549616731900 ) ) ;
#706 = AXIS2_PLACEMENT_3D ( 'NONE', #3287, #2366, #2848 ) ;
#707 = ORIENTED_EDGE ( 'NONE', *, *, #3208, .F. ) ;
#708 = CARTESIAN_POINT ( 'NONE',  ( -14.32137588624896400, -3.320046433488259100, -5.945246423886637800 ) ) ;
#709 = CARTESIAN_POINT ( 'NONE',  ( -0.05000000000000011400, 14.31344847641650600, -5.411869347303862400 ) ) ;
#710 = VECTOR ( 'NONE', #2331, 1000.000000000000000 ) ;
#711 = CARTESIAN_POINT ( 'NONE',  ( 14.41310753112671300, -3.238411896499628000, 5.918436744855735100 ) ) ;
#712 = ORIENTED_EDGE ( 'NONE', *, *, #402, .T. ) ;
#713 = AXIS2_PLACEMENT_3D ( 'NONE', #3908, #3447, #5384 ) ;
#714 = CONICAL_SURFACE ( 'NONE', #4375, 14.72534932307735800, 0.6108652381980183000 ) ;
#715 = EDGE_CURVE ( 'NONE', #2254, #3351, #3846, .T. ) ;
#716 = PLANE ( 'NONE',  #6103 ) ;
#718 = ORIENTED_EDGE ( 'NONE', *, *, #6005, .T. ) ;
#717 = ORIENTED_EDGE ( 'NONE', *, *, #1265, .T. ) ;
#719 = DIRECTION ( 'NONE',  ( 0.2225209339563181100, 0.9749279121818228400, 0.0000000000000000000 ) ) ;
#720 = ORIENTED_EDGE ( 'NONE', *, *, #5153, .F. ) ;
#721 = LINE ( 'NONE', #6001, #5373 ) ;
#722 = CARTESIAN_POINT ( 'NONE',  ( -6.172251592474292900, -12.93205074034841400, 5.434671360010759700 ) ) ;
#723 = CARTESIAN_POINT ( 'NONE',  ( 0.0000000000000000000, 0.0000000000000000000, 4.374999999999999100 ) ) ;
#724 = FACE_OUTER_BOUND ( 'NONE', #4998, .T. ) ;
#725 = CARTESIAN_POINT ( 'NONE',  ( -0.05000000000000006500, 14.70744733804134300, -5.947407054167841900 ) ) ;
#727 = ORIENTED_EDGE ( 'NONE', *, *, #4721, .T. ) ;
#726 = ORIENTED_EDGE ( 'NONE', *, *, #6223, .F. ) ;
#728 = EDGE_CURVE ( 'NONE', #5914, #1646, #1540, .T. ) ;
#729 = DIRECTION ( 'NONE',  ( -1.000000000000000000, -3.552713678800500900E-015, 0.0000000000000000000 ) ) ;
#730 = VECTOR ( 'NONE', #2216, 1000.000000000000000 ) ;
#731 = FACE_OUTER_BOUND ( 'NONE', #2779, .T. ) ;
#732 = CONICAL_SURFACE ( 'NONE', #1204, 15.02845821440191200, 0.5235987755982992600 ) ;
#733 = CARTESIAN_POINT ( 'NONE',  ( -11.78083122563843700, 9.330947000977268100, 5.475000000000000500 ) ) ;
#735 = ORIENTED_EDGE ( 'NONE', *, *, #3010, .T. ) ;
#734 = VERTEX_POINT ( 'NONE', #1161 ) ;
#736 = ADVANCED_FACE ( 'NONE', ( #5584 ), #2203, .T. ) ;
#737 = FACE_OUTER_BOUND ( 'NONE', #4784, .T. ) ;
#738 = VECTOR ( 'NONE', #3882, 1000.000000000000000 ) ;
#739 = EDGE_CURVE ( 'NONE', #1280, #928, #886, .T. ) ;
#740 = CARTESIAN_POINT ( 'NONE',  ( -14.50951746076134800, -3.362988520132197400, -5.707623739868810600 ) ) ;
#741 = VERTEX_POINT ( 'NONE', #5093 ) ;
#742 = ORIENTED_EDGE ( 'NONE', *, *, #4765, .T. ) ;
#743 = DIRECTION ( 'NONE',  ( -0.0000000000000000000, -0.0000000000000000000, 1.000000000000000000 ) ) ;
#744 = DIRECTION ( 'NONE',  ( -0.0000000000000000000, -0.0000000000000000000, 1.000000000000000000 ) ) ;
#745 = VERTEX_POINT ( 'NONE', #253 ) ;
#746 = CARTESIAN_POINT ( 'NONE',  ( 12.25000000000000000, 0.0000000000000000000, -6.429395695523609100E-016 ) ) ;
#747 = AXIS2_PLACEMENT_3D ( 'NONE', #2092, #688, #670 ) ;
#748 = ORIENTED_EDGE ( 'NONE', *, *, #2900, .T. ) ;
#749 = AXIS2_PLACEMENT_3D ( 'NONE', #1228, #3698, #3201 ) ;
#750 = DIRECTION ( 'NONE',  ( -0.0000000000000000000, -0.0000000000000000000, -1.000000000000000000 ) ) ;
#751 = CARTESIAN_POINT ( 'NONE',  ( 6.454196935872093200, -13.28703979148209900, 5.919740685676537800 ) ) ;
#752 = CARTESIAN_POINT ( 'NONE',  ( -6.323069643382895700, -13.24522765004945600, -5.930101898033889500 ) ) ;
#753 = CARTESIAN_POINT ( 'NONE',  ( 0.0000000000000000000, 0.0000000000000000000, -5.475000000000000500 ) ) ;
#754 = ORIENTED_EDGE ( 'NONE', *, *, #5691, .F. ) ;
#755 = CARTESIAN_POINT ( 'NONE',  ( -14.32757488010298300, -3.321461313383223600, -5.947407054167841900 ) ) ;
#756 = CARTESIAN_POINT ( 'NONE',  ( -5.315075804190173300, -11.03686863180459300, -6.000769315822028800E-016 ) ) ;
#757 = DIRECTION ( 'NONE',  ( 1.000000000000000000, 0.0000000000000000000, 0.0000000000000000000 ) ) ;
#758 = AXIS2_PLACEMENT_3D ( 'NONE', #2469, #997, #4389 ) ;
#759 = VERTEX_POINT ( 'NONE', #691 ) ;
#760 = EDGE_LOOP ( 'NONE', ( #2442, #4395, #4559, #4832 ) ) ;
#761 = CARTESIAN_POINT ( 'NONE',  ( -11.79673042312843700, 9.471530988649124800, -5.353434673651931600 ) ) ;
#762 = CARTESIAN_POINT ( 'NONE',  ( -11.15953015145343300, 8.963380728599656100, -5.353434673651931600 ) ) ;
#763 = EDGE_CURVE ( 'NONE', #3169, #439, #352, .T. ) ;
#764 = CARTESIAN_POINT ( 'NONE',  ( 0.0000000000000000000, 0.0000000000000000000, 5.918436744855735100 ) ) ;
#765 = ADVANCED_FACE ( 'NONE', ( #724 ), #5666, .T. ) ;
#766 = CARTESIAN_POINT ( 'NONE',  ( 0.0000000000000000000, 0.0000000000000000000, 5.353434673651931600 ) ) ;
#767 = CARTESIAN_POINT ( 'NONE',  ( 6.452676739104128400, -13.28388307036642100, 5.925469712029102000 ) ) ;
#768 = CARTESIAN_POINT ( 'NONE',  ( -6.320565779519142800, -13.24002832316226900, -5.922851331036820700 ) ) ;
#769 = CARTESIAN_POINT ( 'NONE',  ( -6.565615998021421300, -13.51840385802071900, 5.475000000000000500 ) ) ;
#770 = B_SPLINE_CURVE_WITH_KNOTS ( 'NONE', 3,
 ( #3647, #5136, #2926, #1024, #1067, #1890, #2903, #5382, #4224, #2818, #2369, #6177, #965, #2409, #2884, #3802, #5757, #3776, #3817, #5792, #4733, #385 ),
 .UNSPECIFIED., .F., .F.,
 ( 4, 3, 3, 3, 3, 3, 3, 4 ),
 ( 0.0002729695107799620200, 0.0002820482917521240500, 0.0003021945365587078800, 0.0003223408922757476000, 0.0003424873530129714900, 0.0003626338669241299900, 0.0003751336404210424700, 0.0003927652499993108600 ),
 .UNSPECIFIED. ) ;
#771 = ADVANCED_FACE ( 'NONE', ( #3761, #2500 ), #5983, .F. ) ;
#772 = EDGE_CURVE ( 'NONE', #1124, #2516, #2024, .T. ) ;
#773 = CARTESIAN_POINT ( 'NONE',  ( -6.533747535386178900, -13.45222831348277600, 5.602217234644991000 ) ) ;
#774 = DIRECTION ( 'NONE',  ( -0.0000000000000000000, -0.0000000000000000000, 1.000000000000000000 ) ) ;
#775 = CARTESIAN_POINT ( 'NONE',  ( 6.363028423500528800, -13.32820291194512100, -5.923592372379001600 ) ) ;
#776 = CIRCLE ( 'NONE', #4391, 16.03886114155692200 ) ;
#777 = AXIS2_PLACEMENT_3D ( 'NONE', #103, #5854, #2053 ) ;
#778 = EDGE_CURVE ( 'NONE', #3905, #2278, #2522, .T. ) ;
#779 = FACE_BOUND ( 'NONE', #219, .T. ) ;
#780 = VECTOR ( 'NONE', #2856, 1000.000000000000000 ) ;
#781 = CARTESIAN_POINT ( 'NONE',  ( 0.0000000000000000000, 0.0000000000000000000, 5.353434673651931600 ) ) ;
#782 = DIRECTION ( 'NONE',  ( 0.0000000000000000000, 0.0000000000000000000, 1.000000000000000000 ) ) ;
#783 = DIRECTION ( 'NONE',  ( 0.0000000000000000000, 0.0000000000000000000, 1.000000000000000000 ) ) ;
#784 = DIRECTION ( 'NONE',  ( 0.0000000000000000000, 0.0000000000000000000, -1.000000000000000000 ) ) ;
#785 = ORIENTED_EDGE ( 'NONE', *, *, #5642, .F. ) ;
#786 = CARTESIAN_POINT ( 'NONE',  ( -16.03886114155692200, 1.964193995897654400E-015, 6.000000000000000000 ) ) ;
#787 = LINE ( 'NONE', #1740, #576 ) ;
#788 = CC_DESIGN_PERSON_AND_ORGANIZATION_ASSIGNMENT ( #4888, #1430, ( #349 ) ) ;
#789 = CARTESIAN_POINT ( 'NONE',  ( 14.01368909232457900, 1.749480899781696400E-015, 5.787867965644034400 ) ) ;
#791 = ORIENTED_EDGE ( 'NONE', *, *, #4811, .F. ) ;
#790 = ORIENTED_EDGE ( 'NONE', *, *, #3061, .T. ) ;
#792 = ORIENTED_EDGE ( 'NONE', *, *, #2082, .F. ) ;
#793 = DIRECTION ( 'NONE',  ( 0.0000000000000000000, 0.0000000000000000000, -1.000000000000000000 ) ) ;
#794 = CARTESIAN_POINT ( 'NONE',  ( -14.41310753113574500, -3.238411896501485600, -5.918436744863155000 ) ) ;
#795 = CARTESIAN_POINT ( 'NONE',  ( 14.30732858555869700, -3.316840228773113800, -5.938247467940449600 ) ) ;
#796 = ADVANCED_FACE ( 'NONE', ( #1724 ), #2711, .F. ) ;
#797 = CIRCLE ( 'NONE', #5801, 14.31353580660732300 ) ;
#798 = CARTESIAN_POINT ( 'NONE',  ( 6.327263351766474900, -13.25393597523941500, -5.938247467940449600 ) ) ;
#800 = ORIENTED_EDGE ( 'NONE', *, *, #1232, .F. ) ;
#799 = VERTEX_POINT ( 'NONE', #4638 ) ;
#801 = AXIS2_PLACEMENT_3D ( 'NONE', #1097, #3075, #1121 ) ;
#802 = ORIENTED_EDGE ( 'NONE', *, *, #4667, .F. ) ;
#803 = EDGE_CURVE ( 'NONE', #1113, #5311, #1191, .T. ) ;
#804 = VECTOR ( 'NONE', #3188, 1000.000000000000000 ) ;
#805 = CARTESIAN_POINT ( 'NONE',  ( -6.156922924435674500, 4.909982189637602800, -3.321854442687193000E-016 ) ) ;
#806 = ADVANCED_FACE ( 'NONE', ( #3606 ), #5674, .T. ) ;
#807 = CIRCLE ( 'NONE', #749, 17.60000000000001200 ) ;
#809 = VERTEX_POINT ( 'NONE', #342 ) ;
#808 = ORIENTED_EDGE ( 'NONE', *, *, #1485, .F. ) ;
#810 = DIRECTION ( 'NONE',  ( 0.6234898018588493900, -0.7818314824679375400, 0.0000000000000000000 ) ) ;
#811 = CIRCLE ( 'NONE', #5438, 14.31353580660732300 ) ;
#812 = DIRECTION ( 'NONE',  ( 0.0000000000000000000, 0.0000000000000000000, -1.000000000000000000 ) ) ;
#813 = DIRECTION ( 'NONE',  ( -1.000000000000000000, 0.0000000000000000000, 0.0000000000000000000 ) ) ;
#814 = FACE_OUTER_BOUND ( 'NONE', #1379, .T. ) ;
#815 = DIRECTION ( 'NONE',  ( -0.0000000000000000000, -0.0000000000000000000, 1.000000000000000000 ) ) ;
#816 = EDGE_CURVE ( 'NONE', #4094, #2746, #6023, .T. ) ;
#817 = ORIENTED_EDGE ( 'NONE', *, *, #5729, .T. ) ;
#818 = CARTESIAN_POINT ( 'NONE',  ( -6.454533184872562200, -13.28773801972567300, -5.918436744863155000 ) ) ;
#819 = ORIENTED_EDGE ( 'NONE', *, *, #3703, .F. ) ;
#820 = DIRECTION ( 'NONE',  ( 0.7818314824680221400, -0.6234898018587431400, 0.0000000000000000000 ) ) ;
#821 = B_SPLINE_CURVE_WITH_KNOTS ( 'NONE', 3,
 ( #38, #5996, #1744, #283, #1681, #3155, #1182 ),
 .UNSPECIFIED., .F., .F.,
 ( 4, 3, 4 ),
 ( 0.001683847025956608000, 0.001830745039545440900, 0.002195884394735870200 ),
 .UNSPECIFIED. ) ;
#822 = VECTOR ( 'NONE', #682, 1000.000000000000000 ) ;
#823 = CARTESIAN_POINT ( 'NONE',  ( 0.05000000000000003100, 14.89406891116965400, -5.707623739869334600 ) ) ;
#824 = CARTESIAN_POINT ( 'NONE',  ( 0.05000000000000000300, 15.12845821440191200, -5.353434673651931600 ) ) ;
#826 = CARTESIAN_POINT ( 'NONE',  ( 0.0000000000000000000, 0.0000000000000000000, 5.475000000000000500 ) ) ;
#825 = PLANE ( 'NONE',  #5918 ) ;
#827 = VERTEX_POINT ( 'NONE', #3694 ) ;
#828 = VERTEX_POINT ( 'NONE', #6074 ) ;
#829 = EDGE_CURVE ( 'NONE', #3160, #2746, #5440, .T. ) ;
#830 = CARTESIAN_POINT ( 'NONE',  ( 13.94345439253701700, -3.233788318716931600, -5.411869347303862400 ) ) ;
#831 = CARTESIAN_POINT ( 'NONE',  ( 11.78083122563857000, 9.330947000977101200, -5.353434673651931600 ) ) ;
#832 = ORIENTED_EDGE ( 'NONE', *, *, #1142, .F. ) ;
#833 = EDGE_LOOP ( 'NONE', ( #1760, #214 ) ) ;
#834 = ORIENTED_EDGE ( 'NONE', *, *, #1101, .F. ) ;
#835 = CARTESIAN_POINT ( 'NONE',  ( -6.255420988009330300, -12.87427728262065700, 5.411869347303862400 ) ) ;
#836 = CARTESIAN_POINT ( 'NONE',  ( -8.932094846991093500, 1.093866136404820900E-015, 6.000000000000000000 ) ) ;
#837 = MANIFOLD_SOLID_BREP ( 'Revolve3[1]', #6182 ) ;
#838 = AXIS2_PLACEMENT_3D ( 'NONE', #2538, #4970, #5901 ) ;
#839 = CARTESIAN_POINT ( 'NONE',  ( 11.15953015145355900, 8.963380728599498000, 5.353434673651931600 ) ) ;
#840 = ORIENTED_EDGE ( 'NONE', *, *, #803, .F. ) ;
#841 = CARTESIAN_POINT ( 'NONE',  ( 0.0000000000000000000, 0.0000000000000000000, -5.411869347303862400 ) ) ;
#842 = CARTESIAN_POINT ( 'NONE',  ( -6.431842172214669700, -13.24061964643166600, -5.948810452728518600 ) ) ;
#843 = DIRECTION ( 'NONE',  ( -0.0000000000000000000, -0.0000000000000000000, 1.000000000000000000 ) ) ;
#844 = CARTESIAN_POINT ( 'NONE',  ( 0.0000000000000000000, 0.0000000000000000000, -6.000000000000000900 ) ) ;
#845 = ADVANCED_FACE ( 'NONE', ( #438 ), #4911, .T. ) ;
#846 = ORIENTED_EDGE ( 'NONE', *, *, #5811, .F. ) ;
#847 = CARTESIAN_POINT ( 'NONE',  ( -11.72340624023391000, 9.285152103260196900, 5.602217234644990100 ) ) ;
#848 = CARTESIAN_POINT ( 'NONE',  ( -14.36212128850576700, -3.226774619337520600, 5.948810452728518600 ) ) ;
#849 = CARTESIAN_POINT ( 'NONE',  ( 0.0000000000000000000, 0.0000000000000000000, 5.888436744855735800 ) ) ;
#850 = AXIS2_PLACEMENT_3D ( 'NONE', #6189, #1828, #5700 ) ;
#851 = EDGE_CURVE ( 'NONE', #2489, #3115, #2571, .T. ) ;
#852 = DIRECTION ( 'NONE',  ( 1.000000000000000000, 0.0000000000000000000, 0.0000000000000000000 ) ) ;
#853 = CARTESIAN_POINT ( 'NONE',  ( 11.51831793263320400, 9.249504436346423800, -5.918436744855735100 ) ) ;
#854 = EDGE_CURVE ( 'NONE', #679, #1201, #2329, .T. ) ;
#855 = CARTESIAN_POINT ( 'NONE',  ( -7.677557308431878400, -1.752352354905902100, -3.321854442687193000E-016 ) ) ;
#856 = CARTESIAN_POINT ( 'NONE',  ( -6.345059717983193800, -13.29089051046919700, 5.948368030137144700 ) ) ;
#857 = CARTESIAN_POINT ( 'NONE',  ( 11.71854727488177000, 9.409182008463082200, -5.353434673651931600 ) ) ;
#858 = CARTESIAN_POINT ( 'NONE',  ( -6.415925070728355300, -13.20756744462392100, -5.935654072712593700 ) ) ;
#859 = CARTESIAN_POINT ( 'NONE',  ( -0.05000000000000002400, 14.95492572546693200, 5.602217234644990100 ) ) ;
#860 = B_SPLINE_CURVE_WITH_KNOTS ( 'NONE', 3,
 ( #818, #2805, #1381, #1803, #880, #2267, #4276, #4772, #5676, #3730, #2323, #842, #3281, #4740, #5204, #6160, #5162, #3755, #858, #1356, #1845, #5233 ),
 .UNSPECIFIED., .F., .F.,
 ( 4, 3, 3, 3, 3, 3, 3, 4 ),
 ( 0.0002729695107799628900, 0.0002820482917521257300, 0.0003021945365587088000, 0.0003223408922757492800, 0.0003424873530129726800, 0.0003626338669241299900, 0.0003751336404210427900, 0.0003927652499993119900 ),
 .UNSPECIFIED. ) ;
#861 = DIRECTION ( 'NONE',  ( 1.000000000000000000, 0.0000000000000000000, 0.0000000000000000000 ) ) ;
#862 = EDGE_CURVE ( 'NONE', #5770, #828, #2385, .T. ) ;
#863 = CARTESIAN_POINT ( 'NONE',  ( -14.55750222585390400, 1.782779850447245300E-015, 4.374999999999999100 ) ) ;
#864 = CARTESIAN_POINT ( 'NONE',  ( 6.355669032028096400, -13.31292097808686300, 5.939344605127422100 ) ) ;
#865 = CALENDAR_DATE ( 2023, 11, 7 ) ;
#866 = DIRECTION ( 'NONE',  ( 0.7818314824680309100, 0.6234898018587321500, 0.0000000000000000000 ) ) ;
#867 = EDGE_LOOP ( 'NONE', ( #1682, #1953, #5847, #336 ) ) ;
#868 = DIRECTION ( 'NONE',  ( 0.0000000000000000000, 0.0000000000000000000, 1.000000000000000000 ) ) ;
#869 = LINE ( 'NONE', #695, #710 ) ;
#870 = AXIS2_PLACEMENT_3D ( 'NONE', #2224, #3204, #5082 ) ;
#871 = DIRECTION ( 'NONE',  ( 1.000000000000000000, 0.0000000000000000000, 0.0000000000000000000 ) ) ;
#872 = ADVANCED_FACE ( 'NONE', ( #2872 ), #4762, .F. ) ;
#873 = ORIENTED_EDGE ( 'NONE', *, *, #3221, .T. ) ;
#874 = CARTESIAN_POINT ( 'NONE',  ( -14.36884527198721400, -3.228309324689067900, -5.948453804110887900 ) ) ;
#875 = CIRCLE ( 'NONE', #2681, 15.02845821440191200 ) ;
#876 = CARTESIAN_POINT ( 'NONE',  ( 0.0000000000000000000, 0.0000000000000000000, 5.888436744855735800 ) ) ;
#877 = CARTESIAN_POINT ( 'NONE',  ( -0.05000000000000006500, 14.67432226772501900, 5.926874626044847700 ) ) ;
#879 = ORIENTED_EDGE ( 'NONE', *, *, #1802, .T. ) ;
#878 = VERTEX_POINT ( 'NONE', #2864 ) ;
#880 = CARTESIAN_POINT ( 'NONE',  ( -6.450478136579080900, -13.27931762518012200, -5.931203594297440600 ) ) ;
#881 = ORIENTED_EDGE ( 'NONE', *, *, #5622, .F. ) ;
#882 = CARTESIAN_POINT ( 'NONE',  ( -11.50237220945932600, 9.108883345680046900, -5.924234549616731900 ) ) ;
#883 = AXIS2_PLACEMENT_3D ( 'NONE', #1730, #6030, #1283 ) ;
#884 = FACE_OUTER_BOUND ( 'NONE', #646, .T. ) ;
#885 = DIRECTION ( 'NONE',  ( 1.000000000000000000, 2.993161274389422000E-013, 0.0000000000000000000 ) ) ;
#886 = CIRCLE ( 'NONE', #435, 15.02845821440191200 ) ;
#887 = CARTESIAN_POINT ( 'NONE',  ( 0.0000000000000000000, 0.0000000000000000000, -2.187500000000000000 ) ) ;
#889 = CARTESIAN_POINT ( 'NONE',  ( 11.51831793263320400, 9.249504436346423800, -5.918436744855735100 ) ) ;
#888 = CARTESIAN_POINT ( 'NONE',  ( 11.50161496993799300, 9.108279467312506500, -5.922851331036797600 ) ) ;
#891 = ORIENTED_EDGE ( 'NONE', *, *, #3425, .F. ) ;
#890 = ORIENTED_EDGE ( 'NONE', *, *, #1081, .T. ) ;
#892 = LINE ( 'NONE', #4874, #4605 ) ;
#893 = CONICAL_SURFACE ( 'NONE', #3245, 15.02845821440191200, 0.5235987755982992600 ) ;
#894 = CARTESIAN_POINT ( 'NONE',  ( -6.609040460543665700, -13.60857568358281400, 6.000000000000000900 ) ) ;
#895 = DIRECTION ( 'NONE',  ( 0.0000000000000000000, 0.0000000000000000000, 1.000000000000000000 ) ) ;
#896 = CYLINDRICAL_SURFACE ( 'NONE', #3048, 8.461138858443083800 ) ;
#898 = ORIENTED_EDGE ( 'NONE', *, *, #763, .F. ) ;
#897 = ORIENTED_EDGE ( 'NONE', *, *, #4961, .F. ) ;
#899 = EDGE_CURVE ( 'NONE', #2512, #2033, #1511, .T. ) ;
#900 = CARTESIAN_POINT ( 'NONE',  ( -6.221689659527791100, -13.03470994439018000, -5.597398009426060000 ) ) ;
#901 = DIRECTION ( 'NONE',  ( 1.000000000000000000, 0.0000000000000000000, 0.0000000000000000000 ) ) ;
#902 = FACE_OUTER_BOUND ( 'NONE', #609, .T. ) ;
#903 = LINE ( 'NONE', #4401, #738 ) ;
#904 = ORIENTED_EDGE ( 'NONE', *, *, #5642, .T. ) ;
#905 = CARTESIAN_POINT ( 'NONE',  ( -14.39896260723798200, -3.235183409926075900, -5.935790468940135500 ) ) ;
#906 = VERTEX_POINT ( 'NONE', #4794 ) ;
#907 = CARTESIAN_POINT ( 'NONE',  ( -6.339232511744926400, -13.27879019203319400, 5.948499693344809100 ) ) ;
#908 = DIRECTION ( 'NONE',  ( -1.000000000000000000, 0.0000000000000000000, 0.0000000000000000000 ) ) ;
#909 = EDGE_CURVE ( 'NONE', #6019, #1113, #1261, .T. ) ;
#910 = CARTESIAN_POINT ( 'NONE',  ( 0.0000000000000000000, 0.0000000000000000000, 5.475000000000000500 ) ) ;
#911 = CARTESIAN_POINT ( 'NONE',  ( -0.05000000000000001700, 15.02837503864021700, 5.475000000000000500 ) ) ;
#912 = ORIENTED_EDGE ( 'NONE', *, *, #1756, .T. ) ;
#913 = B_SPLINE_CURVE_WITH_KNOTS ( 'NONE', 3,
 ( #1631, #4522, #1620, #4962, #3126, #1661, #2129 ),
 .UNSPECIFIED., .F., .F.,
 ( 4, 3, 4 ),
 ( 0.001683847025956608400, 0.001830745039545441100, 0.002195884394735870200 ),
 .UNSPECIFIED. ) ;
#914 = ORIENTED_EDGE ( 'NONE', *, *, #5963, .T. ) ;
#915 = CARTESIAN_POINT ( 'NONE',  ( -13.94345439253706200, -3.233788318716743800, -5.353434673651931600 ) ) ;
#916 = ADVANCED_FACE ( 'NONE', ( #4069, #1576 ), #1862, .F. ) ;
#917 = DATE_TIME_ROLE ( 'creation_date' ) ;
#918 = CARTESIAN_POINT ( 'NONE',  ( -11.43926598975198900, 9.186462615559472400, 5.922851331036797600 ) ) ;
#920 = DIRECTION ( 'NONE',  ( 1.000000000000000000, 0.0000000000000000000, 0.0000000000000000000 ) ) ;
#919 = DIRECTION ( 'NONE',  ( -1.000000000000000000, 0.0000000000000000000, 0.0000000000000000000 ) ) ;
#921 = AXIS2_PLACEMENT_3D ( 'NONE', #4011, #1103, #6000 ) ;
#922 = ORIENTED_EDGE ( 'NONE', *, *, #3186, .F. ) ;
#923 = EDGE_CURVE ( 'NONE', #4062, #3567, #4600, .T. ) ;
#924 = CARTESIAN_POINT ( 'NONE',  ( 0.0000000000000000000, 0.0000000000000000000, 6.000000000000000000 ) ) ;
#925 = VERTEX_POINT ( 'NONE', #5232 ) ;
#926 = DIRECTION ( 'NONE',  ( -0.0000000000000000000, -0.0000000000000000000, 1.000000000000000000 ) ) ;
#927 = CARTESIAN_POINT ( 'NONE',  ( 0.0000000000000000000, 0.0000000000000000000, -6.000000000000000000 ) ) ;
#928 = VERTEX_POINT ( 'NONE', #4738 ) ;
#929 = AXIS2_PLACEMENT_3D ( 'NONE', #6163, #2828, #885 ) ;
#930 = CARTESIAN_POINT ( 'NONE',  ( -6.321901371141558800, -13.24280170774329900, 5.926874626044847700 ) ) ;
#931 = CARTESIAN_POINT ( 'NONE',  ( -15.02845821440191400, 1.840455324838705100E-015, 5.700000000000000200 ) ) ;
#932 = CARTESIAN_POINT ( 'NONE',  ( 0.05000000000000006500, 14.68668037230853300, 5.938247467940449600 ) ) ;
#933 = APPLICATION_CONTEXT ( 'configuration controlled 3d designs of mechanical parts and assemblies' ) ;
#934 = CARTESIAN_POINT ( 'NONE',  ( 13.94345439253701700, -3.233788318716931600, -5.353434673651931600 ) ) ;
#936 = CARTESIAN_POINT ( 'NONE',  ( 11.47290227895389900, 9.213286661098482700, -5.948499693344809100 ) ) ;
#935 = CARTESIAN_POINT ( 'NONE',  ( 6.333082655241632600, -13.26601988341872700, 5.945295989391454800 ) ) ;
#937 = AXIS2_PLACEMENT_3D ( 'NONE', #6174, #3249, #868 ) ;
#938 = EDGE_CURVE ( 'NONE', #5537, #356, #3317, .T. ) ;
#940 = CARTESIAN_POINT ( 'NONE',  ( -11.43926598975198900, 9.186462615559472400, 5.922851331036797600 ) ) ;
#939 = LOCAL_TIME ( 9, 11, 49.00000000000000000, #2845 ) ;
#941 = DIRECTION ( 'NONE',  ( -0.0000000000000000000, -0.0000000000000000000, 1.000000000000000000 ) ) ;
#942 = DIRECTION ( 'NONE',  ( 1.000000000000000000, 0.0000000000000000000, 0.0000000000000000000 ) ) ;
#943 = ADVANCED_FACE ( 'NONE', ( #5292 ), #2178, .T. ) ;
#944 = SPHERICAL_SURFACE ( 'NONE', #1736, 4.375000000000000000 ) ;
#945 = EDGE_CURVE ( 'NONE', #4893, #5503, #4393, .T. ) ;
#946 = CARTESIAN_POINT ( 'NONE',  ( -11.50161496993784000, 9.108279467312652100, 5.922851331036820700 ) ) ;
#947 = CARTESIAN_POINT ( 'NONE',  ( 0.0000000000000000000, 0.0000000000000000000, 5.787867965644034400 ) ) ;
#948 = CARTESIAN_POINT ( 'NONE',  ( -0.05000000000000006500, 14.67324049307459600, 5.925578038978351900 ) ) ;
#949 = CARTESIAN_POINT ( 'NONE',  ( 0.05000000000000005800, 14.72695472751185300, 5.948453804110887900 ) ) ;
#950 = CIRCLE ( 'NONE', #3515, 14.31353580660732300 ) ;
#951 = DIRECTION ( 'NONE',  ( 0.0000000000000000000, 0.0000000000000000000, -1.000000000000000000 ) ) ;
#952 = FACE_OUTER_BOUND ( 'NONE', #130, .T. ) ;
#953 = CARTESIAN_POINT ( 'NONE',  ( 8.249006824087119900, 1.023201321169828800E-015, 6.000000000000000000 ) ) ;
#954 = EDGE_CURVE ( 'NONE', #5516, #4458, #2643, .T. ) ;
#955 = ORIENTED_EDGE ( 'NONE', *, *, #851, .T. ) ;
#956 = DIRECTION ( 'NONE',  ( 0.0000000000000000000, 0.0000000000000000000, -1.000000000000000000 ) ) ;
#958 = CARTESIAN_POINT ( 'NONE',  ( 11.44082687721751800, 9.187707381776004200, -5.925578038978351900 ) ) ;
#957 = CARTESIAN_POINT ( 'NONE',  ( 0.0000000000000000000, 0.0000000000000000000, 5.353434673651931600 ) ) ;
#959 = LINE ( 'NONE', #6157, #6084 ) ;
#961 = ORIENTED_EDGE ( 'NONE', *, *, #2364, .T. ) ;
#960 = ORIENTED_EDGE ( 'NONE', *, *, #2019, .F. ) ;
#962 = CARTESIAN_POINT ( 'NONE',  ( 8.461138858443082000, 0.0000000000000000000, -4.845955988548011500 ) ) ;
#963 = ORIENTED_EDGE ( 'NONE', *, *, #1308, .F. ) ;
#964 = AXIS2_PLACEMENT_3D ( 'NONE', #1129, #1241, #2144 ) ;
#965 = CARTESIAN_POINT ( 'NONE',  ( 14.33336685472209700, -3.322783293794073300, 5.948026407833841000 ) ) ;
#966 = FACE_OUTER_BOUND ( 'NONE', #5035, .T. ) ;
#967 = AXIS2_PLACEMENT_3D ( 'NONE', #1550, #719, #4049 ) ;
#969 = ORIENTED_EDGE ( 'NONE', *, *, #419, .F. ) ;
#968 = ORIENTED_EDGE ( 'NONE', *, *, #5393, .T. ) ;
#970 = EDGE_LOOP ( 'NONE', ( #1225, #658, #3045, #508 ) ) ;
#971 = CARTESIAN_POINT ( 'NONE',  ( -6.262348479264534100, -12.88866236643665500, -5.434671360010760600 ) ) ;
#972 = CARTESIAN_POINT ( 'NONE',  ( -14.39085543773112300, -3.335904687717615900, 5.918436744855735100 ) ) ;
#973 = VECTOR ( 'NONE', #4330, 1000.000000000000000 ) ;
#974 = LINE ( 'NONE', #1114, #4318 ) ;
#975 = CARTESIAN_POINT ( 'NONE',  ( -6.475519111231179200, -13.56179223193247600, -5.353434673651931600 ) ) ;
#977 = ORIENTED_EDGE ( 'NONE', *, *, #5421, .F. ) ;
#976 = VERTEX_POINT ( 'NONE', #5420 ) ;
#978 = DIRECTION ( 'NONE',  ( -0.0000000000000000000, -0.0000000000000000000, 1.000000000000000000 ) ) ;
#979 = AXIS2_PLACEMENT_3D ( 'NONE', #1462, #5850, #5427 ) ;
#980 = CONICAL_SURFACE ( 'NONE', #2143, 14.72534932307735800, 0.6108652381980183000 ) ;
#981 = DIRECTION ( 'NONE',  ( 0.0000000000000000000, 0.0000000000000000000, -1.000000000000000000 ) ) ;
#982 = VECTOR ( 'NONE', #305, 1000.000000000000000 ) ;
#983 = DIRECTION ( 'NONE',  ( -0.0000000000000000000, -0.0000000000000000000, 1.000000000000000000 ) ) ;
#985 = DIRECTION ( 'NONE',  ( -0.0000000000000000000, -0.0000000000000000000, 1.000000000000000000 ) ) ;
#984 = DIRECTION ( 'NONE',  ( -0.0000000000000000000, -0.0000000000000000000, -1.000000000000000000 ) ) ;
#986 = VECTOR ( 'NONE', #3939, 1000.000000000000000 ) ;
#987 = EDGE_LOOP ( 'NONE', ( #4164, #1307, #4384, #5755, #598, #3600, #581, #3570, #2054, #5697, #1458, #2308, #2094, #5535, #2257, #1763, #2447, #4843, #3800, #5383 ) ) ;
#988 = CONICAL_SURFACE ( 'NONE', #3636, 14.72534932307735800, 0.6108652381980183000 ) ;
#989 = CARTESIAN_POINT ( 'NONE',  ( 0.0000000000000000000, 0.0000000000000000000, -5.353434673651931600 ) ) ;
#990 = EDGE_CURVE ( 'NONE', #3054, #5045, #3470, .T. ) ;
#991 = ORIENTED_EDGE ( 'NONE', *, *, #3612, .F. ) ;
#992 = CARTESIAN_POINT ( 'NONE',  ( 15.02845821440191200, 0.0000000000000000000, 6.000000000000000000 ) ) ;
#993 = DIRECTION ( 'NONE',  ( -1.000000000000000000, 0.0000000000000000000, 0.0000000000000000000 ) ) ;
#994 = ORIENTED_EDGE ( 'NONE', *, *, #5963, .F. ) ;
#995 = DIRECTION ( 'NONE',  ( 1.000000000000000000, 0.0000000000000000000, 0.0000000000000000000 ) ) ;
#996 = DIRECTION ( 'NONE',  ( 1.000000000000000000, 0.0000000000000000000, 0.0000000000000000000 ) ) ;
#997 = DIRECTION ( 'NONE',  ( 0.0000000000000000000, 0.0000000000000000000, -1.000000000000000000 ) ) ;
#998 = ORIENTED_EDGE ( 'NONE', *, *, #2289, .T. ) ;
#999 = DIRECTION ( 'NONE',  ( -0.1736481776669277800, 0.0000000000000000000, -0.9848077530122085800 ) ) ;
#1000 = EDGE_CURVE ( 'NONE', #71, #1947, #3833, .T. ) ;
#1001 = DIRECTION ( 'NONE',  ( 1.000000000000000000, 0.0000000000000000000, 0.0000000000000000000 ) ) ;
#1002 = DIRECTION ( 'NONE',  ( 0.7818314824680222500, -0.6234898018587430300, 0.0000000000000000000 ) ) ;
#1003 = ORIENTED_EDGE ( 'NONE', *, *, #5283, .F. ) ;
#1004 = DIRECTION ( 'NONE',  ( 0.0000000000000000000, 0.0000000000000000000, 1.000000000000000000 ) ) ;
#1006 = DIRECTION ( 'NONE',  ( -0.0000000000000000000, -0.0000000000000000000, 1.000000000000000000 ) ) ;
#1005 = DIRECTION ( 'NONE',  ( 1.000000000000000000, 0.0000000000000000000, 0.0000000000000000000 ) ) ;
#1007 = AXIS2_PLACEMENT_3D ( 'NONE', #5926, #102, #4467 ) ;
#1008 = AXIS2_PLACEMENT_3D ( 'NONE', #2096, #4440, #2601 ) ;
#1009 = ORIENTED_EDGE ( 'NONE', *, *, #3387, .T. ) ;
#1010 = CARTESIAN_POINT ( 'NONE',  ( 14.37619476952972300, -3.229986799543396200, 5.947141906180246600 ) ) ;
#1011 = CARTESIAN_POINT ( 'NONE',  ( 6.454533184868376200, -13.28773801971745500, -5.918436744855735100 ) ) ;
#1012 = ADVANCED_FACE ( 'NONE', ( #3994 ), #1429, .T. ) ;
#1013 = CARTESIAN_POINT ( 'NONE',  ( 0.0000000000000000000, 0.0000000000000000000, -5.787867965644033500 ) ) ;
#1014 = AXIS2_PLACEMENT_3D ( 'NONE', #2749, #743, #2731 ) ;
#1015 = CARTESIAN_POINT ( 'NONE',  ( -15.02845821440191200, 1.840455324838705100E-015, 5.231869347303861800 ) ) ;
#1016 = CARTESIAN_POINT ( 'NONE',  ( 0.0000000000000000000, 14.33469504429233900, -5.231869347303861800 ) ) ;
#1017 = CARTESIAN_POINT ( 'NONE',  ( 6.565615998021231200, -13.51840385802081100, 6.000000000000000000 ) ) ;
#1019 = CARTESIAN_POINT ( 'NONE',  ( -6.464896290569329000, -13.53973371753619600, -5.517405745169837100 ) ) ;
#1018 = DIRECTION ( 'NONE',  ( -0.9009688679024219200, -0.4338837391175525100, 0.0000000000000000000 ) ) ;
#1020 = AXIS2_PLACEMENT_3D ( 'NONE', #3591, #677, #4067 ) ;
#1021 = EDGE_CURVE ( 'NONE', #4429, #4525, #5181, .T. ) ;
#1022 = CIRCLE ( 'NONE', #4251, 15.02845821440191200 ) ;
#1023 = CARTESIAN_POINT ( 'NONE',  ( 14.32313122095237100, -3.217875390852631000, 5.933060780161923700 ) ) ;
#1024 = CARTESIAN_POINT ( 'NONE',  ( 14.38583869871851000, -3.334759649775473000, 5.925963813471787100 ) ) ;
#1025 = VERTEX_POINT ( 'NONE', #1474 ) ;
#1026 = EDGE_CURVE ( 'NONE', #2663, #5609, #1809, .T. ) ;
#1027 = CARTESIAN_POINT ( 'NONE',  ( -11.50612677671925300, 9.111877513156610300, 5.930101898033889500 ) ) ;
#1028 = LINE ( 'NONE', #3364, #1563 ) ;
#1029 = CARTESIAN_POINT ( 'NONE',  ( 14.32015750175207300, -3.217196658850493700, -5.930101898033889500 ) ) ;
#1030 = ORIENTED_EDGE ( 'NONE', *, *, #3375, .F. ) ;
#1031 = CARTESIAN_POINT ( 'NONE',  ( -15.02845821440191200, 0.0000000000000000000, -5.475000000000000500 ) ) ;
#1032 = ORIENTED_EDGE ( 'NONE', *, *, #3816, .T. ) ;
#1033 = CIRCLE ( 'NONE', #2040, 18.50000000000000000 ) ;
#1034 = DIRECTION ( 'NONE',  ( 0.0000000000000000000, 0.0000000000000000000, -1.000000000000000000 ) ) ;
#1035 = AXIS2_PLACEMENT_3D ( 'NONE', #5060, #5632, #4109 ) ;
#1036 = ADVANCED_FACE ( 'NONE', ( #657 ), #3100, .T. ) ;
#1037 = EDGE_CURVE ( 'NONE', #5451, #2258, #4214, .T. ) ;
#1038 = CARTESIAN_POINT ( 'NONE',  ( 14.45018645082043000, -3.349446604284411300, -5.813030243295935800 ) ) ;
#1040 = DIRECTION ( 'NONE',  ( 1.000000000000000000, 0.0000000000000000000, 0.0000000000000000000 ) ) ;
#1039 = DIRECTION ( 'NONE',  ( 1.000000000000000000, 0.0000000000000000000, 0.0000000000000000000 ) ) ;
#1041 = B_SPLINE_CURVE_WITH_KNOTS ( 'NONE', 3,
 ( #5555, #5495, #6031, #5521, #3626, #3093, #4555 ),
 .UNSPECIFIED., .F., .F.,
 ( 4, 3, 4 ),
 ( 0.0006677669885724642100, 0.001263725857711640000, 0.001291562031208901800 ),
 .UNSPECIFIED. ) ;
#1043 = EDGE_LOOP ( 'NONE', ( #5882, #5030, #3047, #1820 ) ) ;
#1042 = ORIENTED_EDGE ( 'NONE', *, *, #3176, .F. ) ;
#1044 = CARTESIAN_POINT ( 'NONE',  ( -14.64053734358084900, -3.392892953401109000, 5.353434673651931600 ) ) ;
#1045 = ORIENTED_EDGE ( 'NONE', *, *, #3644, .T. ) ;
#1046 = CONICAL_SURFACE ( 'NONE', #2458, 14.72534932307735800, 0.6108652381980183000 ) ;
#1047 = CONICAL_SURFACE ( 'NONE', #1008, 15.02845821440191200, 0.5235987755982992600 ) ;
#1049 = ORIENTED_EDGE ( 'NONE', *, *, #382, .T. ) ;
#1048 = ORIENTED_EDGE ( 'NONE', *, *, #4956, .T. ) ;
#1050 = DIRECTION ( 'NONE',  ( 1.000000000000000000, 0.0000000000000000000, 0.0000000000000000000 ) ) ;
#1051 = CARTESIAN_POINT ( 'NONE',  ( 6.429329398534982900, -13.23540181812152700, -5.948499693344809100 ) ) ;
#1052 = FACE_OUTER_BOUND ( 'NONE', #1545, .T. ) ;
#1053 = CIRCLE ( 'NONE', #5846, 8.461138858443082000 ) ;
#1054 = VECTOR ( 'NONE', #3651, 1000.000000000000000 ) ;
#1055 = CARTESIAN_POINT ( 'NONE',  ( -6.434834626383066700, -13.24683354154060300, 5.948453804110887900 ) ) ;
#1057 = ORIENTED_EDGE ( 'NONE', *, *, #2815, .T. ) ;
#1056 = ORIENTED_EDGE ( 'NONE', *, *, #4231, .T. ) ;
#1058 = CIRCLE ( 'NONE', #838, 4.375000000000000900 ) ;
#1059 = CYLINDRICAL_SURFACE ( 'NONE', #4749, 14.31353580660732300 ) ;
#1060 = DIRECTION ( 'NONE',  ( 0.0000000000000000000, 0.0000000000000000000, -1.000000000000000000 ) ) ;
#1061 = CARTESIAN_POINT ( 'NONE',  ( 6.364436298082134500, -13.33112639363751800, 5.918436744863155000 ) ) ;
#1062 = AXIS2_PLACEMENT_3D ( 'NONE', #1979, #5814, #5842 ) ;
#1063 = ORIENTED_EDGE ( 'NONE', *, *, #3342, .T. ) ;
#1064 = VERTEX_POINT ( 'NONE', #663 ) ;
#1065 = EDGE_CURVE ( 'NONE', #474, #3431, #519, .T. ) ;
#1066 = DIRECTION ( 'NONE',  ( -0.0000000000000000000, -0.0000000000000000000, 1.000000000000000000 ) ) ;
#1067 = CARTESIAN_POINT ( 'NONE',  ( 14.38174382693252600, -3.333825022011858200, 5.931203594297441500 ) ) ;
#1068 = DIRECTION ( 'NONE',  ( -0.0000000000000000000, -0.0000000000000000000, 1.000000000000000000 ) ) ;
#1069 = DIRECTION ( 'NONE',  ( -0.0000000000000000000, -0.0000000000000000000, 1.000000000000000000 ) ) ;
#1070 = ORIENTED_EDGE ( 'NONE', *, *, #6028, .T. ) ;
#1071 = ORIENTED_EDGE ( 'NONE', *, *, #1389, .F. ) ;
#1072 = EDGE_CURVE ( 'NONE', #180, #3003, #3925, .T. ) ;
#1073 = CARTESIAN_POINT ( 'NONE',  ( -14.50951746076134800, -3.362988520132197400, 5.707623739868810600 ) ) ;
#1074 = DIRECTION ( 'NONE',  ( 0.0000000000000000000, 0.0000000000000000000, -1.000000000000000000 ) ) ;
#1075 = ADVANCED_FACE ( 'NONE', ( #4228 ), #1172, .T. ) ;
#1076 = ORIENTED_EDGE ( 'NONE', *, *, #141, .F. ) ;
#1077 = CARTESIAN_POINT ( 'NONE',  ( -6.413917861343330500, -13.20339943138851900, 5.932026979673796800 ) ) ;
#1078 = B_SPLINE_CURVE_WITH_KNOTS ( 'NONE', 3,
 ( #3845, #465, #3872, #4360, #3378, #1946, #5334 ),
 .UNSPECIFIED., .F., .F.,
 ( 4, 3, 4 ),
 ( 0.001465605684353204100, 0.001830745039545445900, 0.001977643053134278900 ),
 .UNSPECIFIED. ) ;
#1079 = ORIENTED_EDGE ( 'NONE', *, *, #5622, .T. ) ;
#1080 = ORIENTED_EDGE ( 'NONE', *, *, #5565, .F. ) ;
#1081 = EDGE_CURVE ( 'NONE', #2795, #4968, #4690, .T. ) ;
#1082 = DIRECTION ( 'NONE',  ( 1.000000000000000000, 2.993161274389422000E-013, 0.0000000000000000000 ) ) ;
#1083 = CARTESIAN_POINT ( 'NONE',  ( -11.51712982129070700, 9.248556949168024800, -5.921068843291819500 ) ) ;
#1084 = CARTESIAN_POINT ( 'NONE',  ( 6.167633264981177800, -12.92246068449304100, 5.419470018189161700 ) ) ;
#1085 = CARTESIAN_POINT ( 'NONE',  ( 6.165324101218907900, -12.91766565653250100, 5.411869347303862400 ) ) ;
#1086 = AXIS2_PLACEMENT_3D ( 'NONE', #280, #304, #5107 ) ;
#1087 = CARTESIAN_POINT ( 'NONE',  ( 11.49365334069502600, 9.229835080628086900, 5.944857023634334300 ) ) ;
#1088 = CARTESIAN_POINT ( 'NONE',  ( 14.31353580660732300, -1.752902581004268700E-015, -5.351869347303861900 ) ) ;
#1089 = CARTESIAN_POINT ( 'NONE',  ( 0.0000000000000000000, 0.0000000000000000000, 6.000000000000000000 ) ) ;
#1090 = PERSON_AND_ORGANIZATION ( #1270, #409 ) ;
#1091 = DIRECTION ( 'NONE',  ( 1.000000000000000000, 0.0000000000000000000, 0.0000000000000000000 ) ) ;
#1092 = AXIS2_PLACEMENT_3D ( 'NONE', #4859, #1998, #2484 ) ;
#1093 = CARTESIAN_POINT ( 'NONE',  ( 0.0000000000000000000, 0.0000000000000000000, -5.353434673651931600 ) ) ;
#1094 = CARTESIAN_POINT ( 'NONE',  ( 13.94864303641247900, -3.234972592822440400, -5.419470018189162600 ) ) ;
#1095 = DATE_AND_TIME ( #4960, #2156 ) ;
#1096 = CARTESIAN_POINT ( 'NONE',  ( 6.320565779518970500, -13.24002832316238300, -5.922851331036797600 ) ) ;
#1097 = CARTESIAN_POINT ( 'NONE',  ( 0.0000000000000000000, 0.0000000000000000000, -6.000000000000000900 ) ) ;
#1098 = CARTESIAN_POINT ( 'NONE',  ( 0.0000000000000000000, 0.0000000000000000000, -5.922851331036798500 ) ) ;
#1099 = FACE_OUTER_BOUND ( 'NONE', #3302, .T. ) ;
#1100 = CIRCLE ( 'NONE', #4899, 14.77243989039088300 ) ;
#1101 = EDGE_CURVE ( 'NONE', #1522, #1109, #4708, .T. ) ;
#1102 = ORIENTED_EDGE ( 'NONE', *, *, #4325, .F. ) ;
#1103 = DIRECTION ( 'NONE',  ( -0.0000000000000000000, -0.0000000000000000000, 1.000000000000000000 ) ) ;
#1104 = PLANE ( 'NONE',  #5690 ) ;
#1105 = CIRCLE ( 'NONE', #5902, 8.461138858443083800 ) ;
#1107 = ORIENTED_EDGE ( 'NONE', *, *, #87, .T. ) ;
#1106 = ORIENTED_EDGE ( 'NONE', *, *, #3881, .F. ) ;
#1108 = EDGE_CURVE ( 'NONE', #3551, #520, #351, .T. ) ;
#1109 = VERTEX_POINT ( 'NONE', #4953 ) ;
#1110 = CONICAL_SURFACE ( 'NONE', #1141, 14.72534932307735800, 0.6108652381980183000 ) ;
#1111 = CARTESIAN_POINT ( 'NONE',  ( 14.31453137071973500, -3.215912531156299300, 5.922851331036820700 ) ) ;
#1113 = VERTEX_POINT ( 'NONE', #2109 ) ;
#1112 = EDGE_LOOP ( 'NONE', ( #5203, #1667, #1894, #4459 ) ) ;
#1114 = CARTESIAN_POINT ( 'NONE',  ( 13.94345439253701500, -3.233788318716931200, 6.000000000000000000 ) ) ;
#1115 = EDGE_LOOP ( 'NONE', ( #3017, #1049, #2357, #605 ) ) ;
#1116 = CARTESIAN_POINT ( 'NONE',  ( -14.30410379272008600, -3.316104190851236800, 5.935654072712593700 ) ) ;
#1117 = AXIS2_PLACEMENT_3D ( 'NONE', #4565, #604, #2068 ) ;
#1118 = CONICAL_SURFACE ( 'NONE', #4097, 14.31353580660732300, 0.1745329251994303900 ) ;
#1119 = EDGE_CURVE ( 'NONE', #2947, #205, #2794, .T. ) ;
#1120 = CARTESIAN_POINT ( 'NONE',  ( 11.52416960063703800, 9.126266185091065400, -5.945295989391454800 ) ) ;
#1121 = DIRECTION ( 'NONE',  ( 1.000000000000000000, 0.0000000000000000000, 0.0000000000000000000 ) ) ;
#1122 = VECTOR ( 'NONE', #2005, 1000.000000000000000 ) ;
#1123 = CARTESIAN_POINT ( 'NONE',  ( 0.0000000000000000000, 0.0000000000000000000, 5.787867965644034400 ) ) ;
#1125 = ORIENTED_EDGE ( 'NONE', *, *, #3402, .T. ) ;
#1124 = VERTEX_POINT ( 'NONE', #3989 ) ;
#1126 = LINE ( 'NONE', #3828, #1898 ) ;
#1127 = FACE_OUTER_BOUND ( 'NONE', #335, .T. ) ;
#1128 = CIRCLE ( 'NONE', #4036, 14.31353580660732300 ) ;
#1129 = CARTESIAN_POINT ( 'NONE',  ( 0.0000000000000000000, 0.0000000000000000000, -5.411869347303862400 ) ) ;
#1130 = CARTESIAN_POINT ( 'NONE',  ( -8.461138858443082000, 1.036190662013361000E-015, -5.787867965644033500 ) ) ;
#1131 = CARTESIAN_POINT ( 'NONE',  ( -11.15953015145343300, 8.963380728599656100, -5.411869347303862400 ) ) ;
#1132 = ORIENTED_EDGE ( 'NONE', *, *, #5919, .F. ) ;
#1133 = AXIS2_PLACEMENT_3D ( 'NONE', #5228, #1375, #5762 ) ;
#1134 = ADVANCED_FACE ( 'NONE', ( #4326 ), #988, .F. ) ;
#1135 = VECTOR ( 'NONE', #1908, 1000.000000000000200 ) ;
#1136 = CARTESIAN_POINT ( 'NONE',  ( -6.464896290569329000, -13.53973371753619600, 5.517405745169837100 ) ) ;
#1137 = ORIENTED_EDGE ( 'NONE', *, *, #2595, .T. ) ;
#1138 = ORIENTED_EDGE ( 'NONE', *, *, #2466, .T. ) ;
#1139 = DIRECTION ( 'NONE',  ( -0.0000000000000000000, -0.0000000000000000000, 1.000000000000000000 ) ) ;
#1140 = CARTESIAN_POINT ( 'NONE',  ( -15.02845821440191200, -1.840455324838705100E-015, -5.475000000000000500 ) ) ;
#1141 = AXIS2_PLACEMENT_3D ( 'NONE', #1482, #5827, #1521 ) ;
#1142 = EDGE_CURVE ( 'NONE', #226, #4018, #3252, .T. ) ;
#1143 = EDGE_LOOP ( 'NONE', ( #3262, #1106, #1347, #4981, #1441, #58 ) ) ;
#1144 = CARTESIAN_POINT ( 'NONE',  ( -11.26109737796958900, 9.044377888928885100, 5.597398009426060900 ) ) ;
#1145 = CARTESIAN_POINT ( 'NONE',  ( -0.05000000000000005800, 14.71426647176137200, -5.948499693344809100 ) ) ;
#1146 = ORIENTED_EDGE ( 'NONE', *, *, #87, .F. ) ;
#1147 = ORIENTED_EDGE ( 'NONE', *, *, #6203, .F. ) ;
#1148 = EDGE_CURVE ( 'NONE', #6254, #3054, #2893, .T. ) ;
#1149 = CARTESIAN_POINT ( 'NONE',  ( 11.51831793263320400, 9.249504436346423800, 5.918436744855735100 ) ) ;
#1150 = DIRECTION ( 'NONE',  ( 1.000000000000000000, 0.0000000000000000000, 0.0000000000000000000 ) ) ;
#1151 = ORIENTED_EDGE ( 'NONE', *, *, #2473, .F. ) ;
#1152 = EDGE_LOOP ( 'NONE', ( #4183, #2946, #5703, #2086, #1964, #2659 ) ) ;
#1153 = CARTESIAN_POINT ( 'NONE',  ( 6.900000000000001200, 8.450062914116738600E-016, -6.000000000000000000 ) ) ;
#1154 = EDGE_CURVE ( 'NONE', #1870, #5603, #1833, .T. ) ;
#1155 = CARTESIAN_POINT ( 'NONE',  ( -11.78083122563843700, 9.330947000977268100, -5.353434673651931600 ) ) ;
#1156 = DIRECTION ( 'NONE',  ( 1.000000000000000000, 0.0000000000000000000, 0.0000000000000000000 ) ) ;
#1157 = CARTESIAN_POINT ( 'NONE',  ( -14.59110056106156800, -3.279037644068983200, -5.602217234644991000 ) ) ;
#1158 = CARTESIAN_POINT ( 'NONE',  ( 0.0000000000000000000, 0.0000000000000000000, 6.000000000000000000 ) ) ;
#1159 = CARTESIAN_POINT ( 'NONE',  ( 11.52935016334902600, 9.130397545993311300, -5.947242360947049300 ) ) ;
#1160 = CARTESIAN_POINT ( 'NONE',  ( -15.02845821440191400, 1.840455324838705100E-015, 6.000000000000000000 ) ) ;
#1161 = CARTESIAN_POINT ( 'NONE',  ( -11.71848224545256300, 9.409130149224070600, 5.353434673651931600 ) ) ;
#1162 = CARTESIAN_POINT ( 'NONE',  ( 0.05000000000000005800, 14.75784658615539700, -5.935790468940135500 ) ) ;
#1163 = AXIS2_PLACEMENT_3D ( 'NONE', #5823, #3328, #4335 ) ;
#1164 = CARTESIAN_POINT ( 'NONE',  ( -14.37718465212133800, -3.332784420112395300, -5.934919143280428200 ) ) ;
#1165 = CARTESIAN_POINT ( 'NONE',  ( 14.55750222585390400, 0.0000000000000000000, 6.000000000000000000 ) ) ;
#1166 = CARTESIAN_POINT ( 'NONE',  ( 0.0000000000000000000, 0.0000000000000000000, -5.888436744855735800 ) ) ;
#1167 = CIRCLE ( 'NONE', #5938, 4.375000000000000000 ) ;
#1168 = AXIS2_PLACEMENT_3D ( 'NONE', #553, #2016, #5422 ) ;
#1169 = EDGE_CURVE ( 'NONE', #3128, #5807, #3559, .T. ) ;
#1170 = DIRECTION ( 'NONE',  ( -0.0000000000000000000, -0.0000000000000000000, 1.000000000000000000 ) ) ;
#1171 = VERTEX_POINT ( 'NONE', #4124 ) ;
#1172 = PLANE ( 'NONE',  #6229 ) ;
#1173 = FACE_OUTER_BOUND ( 'NONE', #4093, .T. ) ;
#1174 = CARTESIAN_POINT ( 'NONE',  ( 0.05000000000000011400, 14.32941471490539900, 5.434671360010760600 ) ) ;
#1175 = CARTESIAN_POINT ( 'NONE',  ( 11.51368357810905300, 9.117903861169773800, -5.938247467940449600 ) ) ;
#1176 = CARTESIAN_POINT ( 'NONE',  ( 11.94286692422732800, -2.725881440964898200, -6.000769315822028800E-016 ) ) ;
#1178 = ORIENTED_EDGE ( 'NONE', *, *, #1629, .T. ) ;
#1177 = EDGE_LOOP ( 'NONE', ( #5248, #4252, #6167, #2324 ) ) ;
#1179 = DIRECTION ( 'NONE',  ( -1.000000000000000000, 0.0000000000000000000, 0.0000000000000000000 ) ) ;
#1180 = ORIENTED_EDGE ( 'NONE', *, *, #3106, .T. ) ;
#1181 = EDGE_CURVE ( 'NONE', #5586, #1337, #3344, .T. ) ;
#1182 = CARTESIAN_POINT ( 'NONE',  ( 11.51831793263320400, 9.249504436346423800, -5.918436744855735100 ) ) ;
#1183 = FACE_OUTER_BOUND ( 'NONE', #5819, .T. ) ;
#1185 = ORIENTED_EDGE ( 'NONE', *, *, #3554, .F. ) ;
#1184 = ORIENTED_EDGE ( 'NONE', *, *, #6119, .T. ) ;
#1186 = ORIENTED_EDGE ( 'NONE', *, *, #4942, .F. ) ;
#1187 = CARTESIAN_POINT ( 'NONE',  ( -0.05000000000000011400, 14.31877055593707800, -5.419470018189162600 ) ) ;
#1188 = CARTESIAN_POINT ( 'NONE',  ( -11.35018168790249500, 9.115420255467334700, -5.760124666611660300 ) ) ;
#1189 = CIRCLE ( 'NONE', #39, 4.375000000000000000 ) ;
#1190 = EDGE_CURVE ( 'NONE', #5053, #137, #2591, .T. ) ;
#1191 = CIRCLE ( 'NONE', #1086, 14.31353580660732300 ) ;
#1192 = CARTESIAN_POINT ( 'NONE',  ( -14.39085543773112300, -3.335904687717615900, -5.918436744855735100 ) ) ;
#1194 = ORIENTED_EDGE ( 'NONE', *, *, #6070, .T. ) ;
#1193 = ORIENTED_EDGE ( 'NONE', *, *, #268, .F. ) ;
#1195 = LINE ( 'NONE', #4414, #1657 ) ;
#1196 = VECTOR ( 'NONE', #610, 1000.000000000000100 ) ;
#1197 = CARTESIAN_POINT ( 'NONE',  ( 11.15953015145355900, 8.963380728599498000, -5.353434673651931600 ) ) ;
#1198 = CARTESIAN_POINT ( 'NONE',  ( 0.0000000000000000000, 0.0000000000000000000, -5.487867965644035500 ) ) ;
#1199 = CIRCLE ( 'NONE', #1858, 15.02845821440191400 ) ;
#1201 = VERTEX_POINT ( 'NONE', #1153 ) ;
#1200 = ORIENTED_EDGE ( 'NONE', *, *, #3575, .T. ) ;
#1202 = CARTESIAN_POINT ( 'NONE',  ( 0.05000000000000011400, 14.31877055593708000, 5.419470018189161700 ) ) ;
#1203 = AXIS2_PLACEMENT_3D ( 'NONE', #5934, #5498, #3133 ) ;
#1204 = AXIS2_PLACEMENT_3D ( 'NONE', #753, #5163, #2183 ) ;
#1205 = FACE_OUTER_BOUND ( 'NONE', #1256, .T. ) ;
#1206 = CARTESIAN_POINT ( 'NONE',  ( 11.56486884528367300, 9.158722749644372400, -5.939344605127422100 ) ) ;
#1207 = CARTESIAN_POINT ( 'NONE',  ( 6.410662666309201000, -13.19663994925060300, -5.922851331036820700 ) ) ;
#1208 = CIRCLE ( 'NONE', #3163, 4.375000000000000000 ) ;
#1209 = DIRECTION ( 'NONE',  ( -1.000000000000000000, -1.355252715606888900E-016, 0.0000000000000000000 ) ) ;
#1210 = VERTEX_POINT ( 'NONE', #2680 ) ;
#1211 = ORIENTED_EDGE ( 'NONE', *, *, #4890, .T. ) ;
#1212 = DIRECTION ( 'NONE',  ( -1.000000000000000000, 0.0000000000000000000, 0.0000000000000000000 ) ) ;
#1213 = ORIENTED_EDGE ( 'NONE', *, *, #4186, .T. ) ;
#1214 = EDGE_LOOP ( 'NONE', ( #4526, #817, #4157, #5962 ) ) ;
#1215 = VERTEX_POINT ( 'NONE', #6050 ) ;
#1216 = DIRECTION ( 'NONE',  ( 0.0000000000000000000, 0.0000000000000000000, -1.000000000000000000 ) ) ;
#1217 = ORIENTED_EDGE ( 'NONE', *, *, #4064, .F. ) ;
#1218 = CARTESIAN_POINT ( 'NONE',  ( 18.50000000000000000, 0.0000000000000000000, 6.000000000000000000 ) ) ;
#1219 = DIRECTION ( 'NONE',  ( -0.0000000000000000000, -0.0000000000000000000, 1.000000000000000000 ) ) ;
#1220 = EDGE_CURVE ( 'NONE', #1064, #5441, #3112, .T. ) ;
#1221 = ORIENTED_EDGE ( 'NONE', *, *, #579, .F. ) ;
#1222 = ADVANCED_FACE ( 'NONE', ( #3867 ), #6194, .F. ) ;
#1223 = CARTESIAN_POINT ( 'NONE',  ( -13.94864303641252300, -3.234972592822251700, 5.419470018189160900 ) ) ;
#1224 = DIRECTION ( 'NONE',  ( -0.0000000000000000000, -0.0000000000000000000, 1.000000000000000000 ) ) ;
#1225 = ORIENTED_EDGE ( 'NONE', *, *, #5722, .F. ) ;
#1226 = DIRECTION ( 'NONE',  ( 0.0000000000000000000, 0.0000000000000000000, 1.000000000000000000 ) ) ;
#1227 = CARTESIAN_POINT ( 'NONE',  ( -6.360609522082224700, -13.32318001139334200, -5.930672822065825600 ) ) ;
#1228 = CARTESIAN_POINT ( 'NONE',  ( 0.0000000000000000000, 0.0000000000000000000, -6.000000000000000000 ) ) ;
#1229 = EDGE_CURVE ( 'NONE', #1655, #2314, #4927, .T. ) ;
#1230 = CARTESIAN_POINT ( 'NONE',  ( -14.41310753113574500, -3.238411896501485600, 5.918436744863155000 ) ) ;
#1231 = AXIS2_PLACEMENT_3D ( 'NONE', #5533, #3566, #5986 ) ;
#1232 = EDGE_CURVE ( 'NONE', #3537, #6060, #5385, .T. ) ;
#1233 = CARTESIAN_POINT ( 'NONE',  ( -14.67132924350647700, 0.0000000000000000000, 5.922851331036798500 ) ) ;
#1234 = CALENDAR_DATE ( 2023, 11, 7 ) ;
#1235 = CARTESIAN_POINT ( 'NONE',  ( -14.36009919465020200, -3.328884775937638500, 5.944857023634334300 ) ) ;
#1236 = CARTESIAN_POINT ( 'NONE',  ( 0.0000000000000000000, 0.0000000000000000000, -5.411869347303862400 ) ) ;
#1237 = CARTESIAN_POINT ( 'NONE',  ( -14.64053734358084900, -3.392892953401109000, -6.000000000000000900 ) ) ;
#1238 = VECTOR ( 'NONE', #4091, 1000.000000000000000 ) ;
#1239 = DIRECTION ( 'NONE',  ( -1.000000000000000000, 0.0000000000000000000, 0.0000000000000000000 ) ) ;
#1240 = DIRECTION ( 'NONE',  ( 0.0000000000000000000, 0.0000000000000000000, 1.000000000000000000 ) ) ;
#1241 = DIRECTION ( 'NONE',  ( -0.0000000000000000000, -0.0000000000000000000, 1.000000000000000000 ) ) ;
#1242 = CARTESIAN_POINT ( 'NONE',  ( 11.22187913163943300, 8.885197580352695500, -5.411869347303862400 ) ) ;
#1243 = CYLINDRICAL_SURFACE ( 'NONE', #380, 14.55750222585390400 ) ;
#1244 = FACE_OUTER_BOUND ( 'NONE', #5662, .T. ) ;
#1245 = ADVANCED_FACE ( 'NONE', ( #1524 ), #2122, .T. ) ;
#1246 = DIRECTION ( 'NONE',  ( 0.0000000000000000000, 0.0000000000000000000, -1.000000000000000000 ) ) ;
#1247 = VERTEX_POINT ( 'NONE', #3642 ) ;
#1248 = AXIS2_PLACEMENT_3D ( 'NONE', #5595, #5619, #4121 ) ;
#1249 = VECTOR ( 'NONE', #2754, 1000.000000000000000 ) ;
#1250 = EDGE_CURVE ( 'NONE', #1201, #679, #4083, .T. ) ;
#1251 = DIRECTION ( 'NONE',  ( 1.000000000000000000, 0.0000000000000000000, 0.0000000000000000000 ) ) ;
#1252 = ADVANCED_FACE ( 'NONE', ( #6280 ), #5832, .F. ) ;
#1254 = EDGE_LOOP ( 'NONE', ( #5508, #4172, #5989, #1529, #6013, #1063 ) ) ;
#1253 = VERTEX_POINT ( 'NONE', #711 ) ;
#1255 = DIRECTION ( 'NONE',  ( 1.000000000000000000, 0.0000000000000000000, 0.0000000000000000000 ) ) ;
#1256 = EDGE_LOOP ( 'NONE', ( #4590, #2713, #5974, #2790, #735, #3876 ) ) ;
#1257 = CARTESIAN_POINT ( 'NONE',  ( -0.05000000000000003100, 14.89406891116995600, -5.707623739868810600 ) ) ;
#1258 = FACE_OUTER_BOUND ( 'NONE', #3457, .T. ) ;
#1259 = CARTESIAN_POINT ( 'NONE',  ( 11.76168956422729500, 9.315682035382613100, 5.517405745169837100 ) ) ;
#1260 = CARTESIAN_POINT ( 'NONE',  ( 0.0000000000000000000, 0.0000000000000000000, -6.000000000000000000 ) ) ;
#1261 = LINE ( 'NONE', #1453, #5374 ) ;
#1262 = CARTESIAN_POINT ( 'NONE',  ( 6.454423494643299000, -13.28751024561808900, 5.918874622419537000 ) ) ;
#1264 = ORIENTED_EDGE ( 'NONE', *, *, #2164, .T. ) ;
#1263 = EDGE_LOOP ( 'NONE', ( #5734, #1572, #1373, #2889 ) ) ;
#1265 = EDGE_CURVE ( 'NONE', #2729, #3918, #2513, .T. ) ;
#1266 = FACE_OUTER_BOUND ( 'NONE', #5653, .T. ) ;
#1267 = B_SPLINE_CURVE_WITH_KNOTS ( 'NONE', 3,
 ( #3904, #3507, #2561, #5509, #2103, #2052, #5457, #1558, #5910, #2616, #4949, #5967, #620, #3049, #2543, #1087, #3023, #4503, #3108, #4489, #178, #3576, #4010, #163, #1149 ),
 .UNSPECIFIED., .F., .F.,
 ( 4, 3, 3, 3, 3, 3, 3, 3, 4 ),
 ( 0.0003576089778190567700, 0.0003626343305416511500, 0.0003751336018886962600, 0.0003952800579771911600, 0.0004154265102964865300, 0.0004355730134115523800, 0.0004557195170136850000, 0.0004758659491588497300, 0.0004773643735645362700 ),
 .UNSPECIFIED. ) ;
#1268 = FACE_OUTER_BOUND ( 'NONE', #160, .T. ) ;
#1269 = FACE_OUTER_BOUND ( 'NONE', #2026, .T. ) ;
#1270 = PERSON ( 'UNSPECIFIED', 'UNSPECIFIED', 'UNSPECIFIED', ('UNSPECIFIED'), ('UNSPECIFIED'), ('UNSPECIFIED') ) ;
#1271 = CARTESIAN_POINT ( 'NONE',  ( 11.41253066808849900, 9.037237107220368800, 5.760124666611659400 ) ) ;
#1273 = CARTESIAN_POINT ( 'NONE',  ( 8.249006824087119900, 0.0000000000000000000, -6.000000000000000000 ) ) ;
#1272 = DIRECTION ( 'NONE',  ( -0.7818314824680220300, 0.6234898018587432500, 0.0000000000000000000 ) ) ;
#1275 = ORIENTED_EDGE ( 'NONE', *, *, #334, .T. ) ;
#1274 = ORIENTED_EDGE ( 'NONE', *, *, #4811, .T. ) ;
#1276 = CIRCLE ( 'NONE', #6066, 15.02845821440191200 ) ;
#1277 = LINE ( 'NONE', #400, #5520 ) ;
#1278 = EDGE_CURVE ( 'NONE', #4065, #827, #5971, .T. ) ;
#1279 = DIRECTION ( 'NONE',  ( 0.0000000000000000000, 0.0000000000000000000, -1.000000000000000000 ) ) ;
#1280 = VERTEX_POINT ( 'NONE', #4551 ) ;
#1281 = ORIENTED_EDGE ( 'NONE', *, *, #2215, .T. ) ;
#1282 = FACE_OUTER_BOUND ( 'NONE', #5061, .T. ) ;
#1283 = DIRECTION ( 'NONE',  ( 1.000000000000000000, 0.0000000000000000000, 0.0000000000000000000 ) ) ;
#1284 = B_SPLINE_CURVE_WITH_KNOTS ( 'NONE', 3,
 ( #4660, #5623, #775, #4178, #4248, #1336, #1771, #5151, #1837, #2747, #6115, #2213, #312, #2699, #2764, #3222, #3708, #798, #1305, #3191, #4689, #1788 ),
 .UNSPECIFIED., .F., .F.,
 ( 4, 3, 3, 3, 3, 3, 3, 4 ),
 ( 0.0002729695107799593700, 0.0002820482917521218900, 0.0003021945365587055500, 0.0003223408922757441300, 0.0003424873530129686200, 0.0003626338669241253200, 0.0003751336404210366100, 0.0003927652499993045100 ),
 .UNSPECIFIED. ) ;
#1285 = VERTEX_POINT ( 'NONE', #167 ) ;
#1286 = CARTESIAN_POINT ( 'NONE',  ( -14.39085543773112300, -3.335904687717615900, 5.918436744855735100 ) ) ;
#1287 = AXIS2_PLACEMENT_3D ( 'NONE', #6044, #2693, #1660 ) ;
#1288 = ADVANCED_FACE ( 'NONE', ( #1282 ), #2148, .T. ) ;
#1289 = EDGE_LOOP ( 'NONE', ( #4906, #2333 ) ) ;
#1290 = AXIS2_PLACEMENT_3D ( 'NONE', #1198, #2669, #1156 ) ;
#1291 = CARTESIAN_POINT ( 'NONE',  ( -6.271127721766451800, -13.13736913843382900, 5.760124666611660300 ) ) ;
#1292 = CARTESIAN_POINT ( 'NONE',  ( 6.364436298082134500, -13.33112639363751800, -5.918436744863155000 ) ) ;
#1293 = CARTESIAN_POINT ( 'NONE',  ( 6.438105460497438600, -13.25362549856421000, 5.947141906180245700 ) ) ;
#1294 = DIRECTION ( 'NONE',  ( 0.9749279121818258400, 0.2225209339563049300, 0.0000000000000000000 ) ) ;
#1295 = CARTESIAN_POINT ( 'NONE',  ( 11.78083122563857000, 9.330947000977101200, 5.475000000000000500 ) ) ;
#1296 = VERTEX_POINT ( 'NONE', #3596 ) ;
#1297 = ADVANCED_FACE ( 'NONE', ( #2807 ), #4550, .F. ) ;
#1298 = CARTESIAN_POINT ( 'NONE',  ( -9.577435660233272000, 7.637750072769604200, -6.000769315822028800E-016 ) ) ;
#1299 = PLANE ( 'NONE',  #2172 ) ;
#1301 = DIRECTION ( 'NONE',  ( 1.000000000000000000, 0.0000000000000000000, 0.0000000000000000000 ) ) ;
#1300 = CARTESIAN_POINT ( 'NONE',  ( 8.932094846991093500, 0.0000000000000000000, 6.000000000000000000 ) ) ;
#1302 = AXIS2_PLACEMENT_3D ( 'NONE', #3067, #1139, #2648 ) ;
#1303 = EDGE_LOOP ( 'NONE', ( #834, #968, #963, #6285 ) ) ;
#1304 = VERTEX_POINT ( 'NONE', #5173 ) ;
#1305 = CARTESIAN_POINT ( 'NONE',  ( 6.325828183937928500, -13.25095581853576500, -5.935654072712593700 ) ) ;
#1306 = CARTESIAN_POINT ( 'NONE',  ( 14.07010665240881800, -3.262695870549436000, 5.597398009426060900 ) ) ;
#1307 = ORIENTED_EDGE ( 'NONE', *, *, #4315, .T. ) ;
#1308 = EDGE_CURVE ( 'NONE', #242, #2734, #6090, .T. ) ;
#1309 = CARTESIAN_POINT ( 'NONE',  ( 11.17201305936077000, 8.973335515471367400, -5.434671360010759700 ) ) ;
#1310 = CARTESIAN_POINT ( 'NONE',  ( 6.448449112904763000, -13.27510431410672900, 5.934919143280428200 ) ) ;
#1311 = DIRECTION ( 'NONE',  ( -0.0000000000000000000, -0.0000000000000000000, 1.000000000000000000 ) ) ;
#1312 = CARTESIAN_POINT ( 'NONE',  ( -8.932094846991093500, 1.093866136404820900E-015, 4.845955988548011500 ) ) ;
#1313 = B_SPLINE_CURVE_WITH_KNOTS ( 'NONE', 3,
 ( #1292, #341, #1323, #6096, #1378, #3808, #3346 ),
 .UNSPECIFIED., .F., .F.,
 ( 4, 3, 4 ),
 ( 0.001465605684353204600, 0.001830745039545445900, 0.001977643053134278900 ),
 .UNSPECIFIED. ) ;
#1314 = EDGE_CURVE ( 'NONE', #3318, #5578, #2966, .T. ) ;
#1315 = DIRECTION ( 'NONE',  ( 1.000000000000000000, 0.0000000000000000000, 0.0000000000000000000 ) ) ;
#1316 = PLANE ( 'NONE',  #4543 ) ;
#1317 = DIRECTION ( 'NONE',  ( 0.0000000000000000000, 0.0000000000000000000, -1.000000000000000000 ) ) ;
#1318 = AXIS2_PLACEMENT_3D ( 'NONE', #3971, #5443, #3036 ) ;
#1319 = CARTESIAN_POINT ( 'NONE',  ( 14.66270834660474200, -3.295381653834949600, 5.475000000000000500 ) ) ;
#1320 = ADVANCED_FACE ( 'NONE', ( #4995 ), #3700, .F. ) ;
#1321 = FACE_OUTER_BOUND ( 'NONE', #3385, .T. ) ;
#1322 = CARTESIAN_POINT ( 'NONE',  ( -11.58066691281894500, 9.171321288099786500, 5.918436744855735100 ) ) ;
#1323 = CARTESIAN_POINT ( 'NONE',  ( 6.417245866457664100, -13.44078659231305700, -5.707623739869334600 ) ) ;
#1324 = DIRECTION ( 'NONE',  ( 1.000000000000000000, 0.0000000000000000000, 0.0000000000000000000 ) ) ;
#1325 = ORIENTED_EDGE ( 'NONE', *, *, #4407, .T. ) ;
#1326 = VECTOR ( 'NONE', #5475, 1000.000000000000100 ) ;
#1327 = CARTESIAN_POINT ( 'NONE',  ( 14.66278943697643700, -3.295400162183125000, 5.353434673651931600 ) ) ;
#1329 = ORIENTED_EDGE ( 'NONE', *, *, #2228, .F. ) ;
#1328 = ORIENTED_EDGE ( 'NONE', *, *, #4765, .F. ) ;
#1330 = ORIENTED_EDGE ( 'NONE', *, *, #5041, .T. ) ;
#1331 = DIRECTION ( 'NONE',  ( 1.000000000000000000, 0.0000000000000000000, 0.0000000000000000000 ) ) ;
#1332 = CARTESIAN_POINT ( 'NONE',  ( -14.33677374232121500, -3.220989207329093800, 5.942348470219661400 ) ) ;
#1334 = DIRECTION ( 'NONE',  ( 1.000000000000000000, 0.0000000000000000000, 0.0000000000000000000 ) ) ;
#1333 = CARTESIAN_POINT ( 'NONE',  ( 6.363776946026864500, -13.32975723498687300, 5.921068843291819500 ) ) ;
#1335 = SPHERICAL_SURFACE ( 'NONE', #4842, 4.375000000000000000 ) ;
#1336 = CARTESIAN_POINT ( 'NONE',  ( 6.358141214729192500, -13.31805451836192600, -5.935790468940135500 ) ) ;
#1338 = EDGE_LOOP ( 'NONE', ( #4446, #188, #1884, #6268, #3557, #3016, #3957, #4166, #4620, #2635, #211, #1370, #1496, #5750, #1178, #5749, #5820, #3841, #3489, #3037 ) ) ;
#1337 = VERTEX_POINT ( 'NONE', #4221 ) ;
#1339 = CARTESIAN_POINT ( 'NONE',  ( 11.71854727488177000, 9.409182008463082200, 6.000000000000000900 ) ) ;
#1340 = AXIS2_PLACEMENT_3D ( 'NONE', #2695, #4194, #3205 ) ;
#1341 = ORIENTED_EDGE ( 'NONE', *, *, #772, .F. ) ;
#1342 = EDGE_CURVE ( 'NONE', #3774, #205, #4694, .T. ) ;
#1343 = DIRECTION ( 'NONE',  ( 1.000000000000000000, 0.0000000000000000000, 0.0000000000000000000 ) ) ;
#1344 = LINE ( 'NONE', #4754, #3018 ) ;
#1345 = DIRECTION ( 'NONE',  ( -0.0000000000000000000, -0.0000000000000000000, 1.000000000000000000 ) ) ;
#1347 = ORIENTED_EDGE ( 'NONE', *, *, #1000, .T. ) ;
#1346 = ORIENTED_EDGE ( 'NONE', *, *, #2772, .F. ) ;
#1348 = CARTESIAN_POINT ( 'NONE',  ( -14.40399592032820100, -3.236332230793480800, -5.931203594297440600 ) ) ;
#1349 = VECTOR ( 'NONE', #3711, 999.9999999999998900 ) ;
#1350 = CARTESIAN_POINT ( 'NONE',  ( -6.364214506944674300, -13.33066583959453900, 5.919309338810702300 ) ) ;
#1351 = DIRECTION ( 'NONE',  ( -0.0000000000000000000, -0.0000000000000000000, 1.000000000000000000 ) ) ;
#1352 = VECTOR ( 'NONE', #3388, 1000.000000000000200 ) ;
#1353 = DIRECTION ( 'NONE',  ( 0.0000000000000000000, 0.0000000000000000000, -1.000000000000000000 ) ) ;
#1354 = EDGE_CURVE ( 'NONE', #3427, #5603, #1284, .T. ) ;
#1355 = FACE_OUTER_BOUND ( 'NONE', #5852, .T. ) ;
#1356 = CARTESIAN_POINT ( 'NONE',  ( -6.413917861343330500, -13.20339943138851900, -5.932026979673796800 ) ) ;
#1357 = EDGE_LOOP ( 'NONE', ( #5776, #5133 ) ) ;
#1358 = DIRECTION ( 'NONE',  ( -0.0000000000000000000, -0.0000000000000000000, 1.000000000000000000 ) ) ;
#1359 = B_SPLINE_CURVE_WITH_KNOTS ( 'NONE', 3,
 ( #4894, #1038, #4919, #2021, #95, #2539, #3976 ),
 .UNSPECIFIED., .F., .F.,
 ( 4, 3, 4 ),
 ( 0.001465605684353203300, 0.001830745039545445400, 0.001977643053134278500 ),
 .UNSPECIFIED. ) ;
#1360 = FACE_OUTER_BOUND ( 'NONE', #1874, .T. ) ;
#1361 = ADVANCED_FACE ( 'NONE', ( #1205 ), #1316, .T. ) ;
#1362 = CARTESIAN_POINT ( 'NONE',  ( -14.40994406566628200, -3.237689856151622100, 5.923592372379001600 ) ) ;
#1364 = DIRECTION ( 'NONE',  ( -0.0000000000000000000, -0.0000000000000000000, 1.000000000000000000 ) ) ;
#1363 = CARTESIAN_POINT ( 'NONE',  ( 11.35018168790262600, 9.115420255467171300, 5.760124666611660300 ) ) ;
#1365 = ORIENTED_EDGE ( 'NONE', *, *, #1181, .T. ) ;
#1366 = ORIENTED_EDGE ( 'NONE', *, *, #854, .T. ) ;
#1367 = AXIS2_PLACEMENT_3D ( 'NONE', #689, #5499, #3605 ) ;
#1368 = EDGE_CURVE ( 'NONE', #3003, #180, #1822, .T. ) ;
#1369 = CARTESIAN_POINT ( 'NONE',  ( 11.85907940331444600, 9.393347840402153500, -5.353434673651931600 ) ) ;
#1370 = ORIENTED_EDGE ( 'NONE', *, *, #6077, .F. ) ;
#1371 = DIRECTION ( 'NONE',  ( -0.0000000000000000000, -0.0000000000000000000, 1.000000000000000000 ) ) ;
#1372 = DIRECTION ( 'NONE',  ( 0.0000000000000000000, 0.0000000000000000000, 1.000000000000000000 ) ) ;
#1373 = ORIENTED_EDGE ( 'NONE', *, *, #2164, .F. ) ;
#1374 = DIRECTION ( 'NONE',  ( 1.000000000000000000, 0.0000000000000000000, 0.0000000000000000000 ) ) ;
#1375 = DIRECTION ( 'NONE',  ( -0.0000000000000000000, -0.0000000000000000000, 1.000000000000000000 ) ) ;
#1376 = AXIS2_PLACEMENT_3D ( 'NONE', #2386, #4288, #4803 ) ;
#1377 = DIRECTION ( 'NONE',  ( -0.2225209339563050400, 0.9749279121818258400, 0.0000000000000000000 ) ) ;
#1378 = CARTESIAN_POINT ( 'NONE',  ( 6.454273469691790900, -13.51767520269251000, -5.559811490052915400 ) ) ;
#1379 = EDGE_LOOP ( 'NONE', ( #3623, #74, #1743, #6117, #4666, #4993 ) ) ;
#1380 = CARTESIAN_POINT ( 'NONE',  ( -0.05000000000000005800, 14.77235527311781700, 5.918436744855735100 ) ) ;
#1381 = CARTESIAN_POINT ( 'NONE',  ( -6.453125310290955600, -13.28481453803327600, -5.923592372379001600 ) ) ;
#1382 = CARTESIAN_POINT ( 'NONE',  ( -11.50402162288189700, 9.110198708991813300, -5.926874626044847700 ) ) ;
#1383 = VERTEX_POINT ( 'NONE', #830 ) ;
#1384 = DIRECTION ( 'NONE',  ( 0.9009688679024158200, -0.4338837391175650600, -0.0000000000000000000 ) ) ;
#1385 = ORIENTED_EDGE ( 'NONE', *, *, #1723, .T. ) ;
#1386 = CARTESIAN_POINT ( 'NONE',  ( 0.0000000000000000000, 0.0000000000000000000, -5.922851331036798500 ) ) ;
#1387 = CARTESIAN_POINT ( 'NONE',  ( 6.363028423500528800, -13.32820291194512100, 5.923592372379001600 ) ) ;
#1388 = AXIS2_PLACEMENT_3D ( 'NONE', #3117, #3580, #5480 ) ;
#1389 = EDGE_CURVE ( 'NONE', #906, #4864, #3040, .T. ) ;
#1390 = DIRECTION ( 'NONE',  ( -0.0000000000000000000, -0.0000000000000000000, 1.000000000000000000 ) ) ;
#1391 = CARTESIAN_POINT ( 'NONE',  ( 6.454533184868376200, -13.28773801971745500, 5.918436744855735100 ) ) ;
#1392 = ADVANCED_FACE ( 'NONE', ( #206 ), #1980, .F. ) ;
#1393 = EDGE_CURVE ( 'NONE', #4320, #3674, #5312, .T. ) ;
#1394 = CARTESIAN_POINT ( 'NONE',  ( -14.36212128850576700, -3.226774619337520600, -5.948810452728518600 ) ) ;
#1395 = DIRECTION ( 'NONE',  ( -0.0000000000000000000, -0.0000000000000000000, 1.000000000000000000 ) ) ;
#1396 = DIRECTION ( 'NONE',  ( 0.9749279121818227300, -0.2225209339563180800, 0.0000000000000000000 ) ) ;
#1397 = CARTESIAN_POINT ( 'NONE',  ( 9.577435660233380300, 7.637750072769468300, -6.000769315822028800E-016 ) ) ;
#1398 = DATE_AND_TIME ( #236, #939 ) ;
#1399 = CARTESIAN_POINT ( 'NONE',  ( 11.94286692422732800, -2.725881440964898200, -6.000769315822028800E-016 ) ) ;
#1400 = B_SPLINE_CURVE_WITH_KNOTS ( 'NONE', 3,
 ( #3631, #3210, #301, #5610, #6095, #1259, #3691 ),
 .UNSPECIFIED., .F., .F.,
 ( 4, 3, 4 ),
 ( 0.001465605684353204100, 0.001830745039545446100, 0.001977643053134279400 ),
 .UNSPECIFIED. ) ;
#1401 = DIRECTION ( 'NONE',  ( -0.0000000000000000000, -0.0000000000000000000, 1.000000000000000000 ) ) ;
#1402 = EDGE_CURVE ( 'NONE', #4631, #3681, #5680, .T. ) ;
#1403 = APPROVAL_ROLE ( '' ) ;
#1404 = CARTESIAN_POINT ( 'NONE',  ( -11.48282235675710300, 9.221197659162447400, 5.948453804110887900 ) ) ;
#1405 = DIRECTION ( 'NONE',  ( -0.0000000000000000000, -0.0000000000000000000, 1.000000000000000000 ) ) ;
#1406 = VECTOR ( 'NONE', #793, 1000.000000000000000 ) ;
#1407 = CARTESIAN_POINT ( 'NONE',  ( 13.94345439253701500, -3.233788318716931200, -6.000000000000000000 ) ) ;
#1408 = CIRCLE ( 'NONE', #4940, 6.000000000000001800 ) ;
#1409 = CIRCLE ( 'NONE', #1203, 0.06000000000000015700 ) ;
#1410 = AXIS2_PLACEMENT_3D ( 'NONE', #3983, #124, #5000 ) ;
#1411 = CARTESIAN_POINT ( 'NONE',  ( -6.271127721766451800, -13.13736913843382900, -5.760124666611660300 ) ) ;
#1412 = CARTESIAN_POINT ( 'NONE',  ( 8.932094846991093500, 0.0000000000000000000, 4.845955988548011500 ) ) ;
#1413 = AXIS2_PLACEMENT_3D ( 'NONE', #1515, #1920, #2896 ) ;
#1414 = DIRECTION ( 'NONE',  ( 0.0000000000000000000, 0.0000000000000000000, -1.000000000000000000 ) ) ;
#1415 = EDGE_LOOP ( 'NONE', ( #5360, #3766, #1589, #479, #6159, #191 ) ) ;
#1416 = DIRECTION ( 'NONE',  ( 1.000000000000000000, 0.0000000000000000000, 0.0000000000000000000 ) ) ;
#1417 = LINE ( 'NONE', #302, #3381 ) ;
#1418 = CARTESIAN_POINT ( 'NONE',  ( -6.356094922129346800, -13.31380534799422600, 5.939165479577829900 ) ) ;
#1419 = CARTESIAN_POINT ( 'NONE',  ( 14.64045625320910900, -3.392874445053132100, 5.475000000000000500 ) ) ;
#1420 = CARTESIAN_POINT ( 'NONE',  ( -0.05000000000000006500, 14.70744733804134300, 5.947407054167841900 ) ) ;
#1422 = ORIENTED_EDGE ( 'NONE', *, *, #6223, .T. ) ;
#1421 = ORIENTED_EDGE ( 'NONE', *, *, #816, .T. ) ;
#1423 = CARTESIAN_POINT ( 'NONE',  ( 0.05000000000000006500, 14.68337264791336400, 5.935654072712593700 ) ) ;
#1424 = ORIENTED_EDGE ( 'NONE', *, *, #363, .T. ) ;
#1425 = CARTESIAN_POINT ( 'NONE',  ( -13.96570648593269200, -3.136295527498560400, 5.411869347303862400 ) ) ;
#1426 = AXIS2_PLACEMENT_3D ( 'NONE', #384, #1819, #1855 ) ;
#1427 = LINE ( 'NONE', #3519, #2784 ) ;
#1428 = CARTESIAN_POINT ( 'NONE',  ( 0.0000000000000000000, 0.0000000000000000000, -5.918436744855735100 ) ) ;
#1429 = TOROIDAL_SURFACE ( 'NONE', #2029, 14.72047836616381700, 0.05999999999999999800 ) ;
#1430 = PERSON_AND_ORGANIZATION_ROLE ( 'classification_officer' ) ;
#1431 = CARTESIAN_POINT ( 'NONE',  ( -11.51101098809974500, 9.243677342527222500, 5.931203594297441500 ) ) ;
#1433 = CARTESIAN_POINT ( 'NONE',  ( 11.44167264269615300, 9.188381857238452400, -5.926874626044847700 ) ) ;
#1432 = CARTESIAN_POINT ( 'NONE',  ( 11.15953015145355900, 8.963380728599498000, 5.411869347303862400 ) ) ;
#1435 = ORIENTED_EDGE ( 'NONE', *, *, #5372, .T. ) ;
#1434 = ORIENTED_EDGE ( 'NONE', *, *, #4933, .T. ) ;
#1436 = FACE_OUTER_BOUND ( 'NONE', #2590, .T. ) ;
#1437 = CIRCLE ( 'NONE', #108, 14.31353580660732300 ) ;
#1438 = DIRECTION ( 'NONE',  ( -0.0000000000000000000, -0.0000000000000000000, 1.000000000000000000 ) ) ;
#1439 = VECTOR ( 'NONE', #4534, 1000.000000000000000 ) ;
#1441 = ORIENTED_EDGE ( 'NONE', *, *, #3253, .F. ) ;
#1440 = EDGE_LOOP ( 'NONE', ( #727, #5501, #1656, #6213 ) ) ;
#1442 = EDGE_CURVE ( 'NONE', #3347, #2567, #3936, .T. ) ;
#1443 = CARTESIAN_POINT ( 'NONE',  ( 0.0000000000000000000, 0.0000000000000000000, -5.411869347303862400 ) ) ;
#1444 = DIRECTION ( 'NONE',  ( 0.6234898018587431400, 0.7818314824680221400, 0.0000000000000000000 ) ) ;
#1445 = CIRCLE ( 'NONE', #4431, 14.31353580660732300 ) ;
#1446 = DIRECTION ( 'NONE',  ( -0.9009688679024218100, -0.4338837391175526200, -0.0000000000000000000 ) ) ;
#1447 = CIRCLE ( 'NONE', #678, 8.932094846991095200 ) ;
#1448 = CIRCLE ( 'NONE', #2294, 15.02845821440191200 ) ;
#1449 = CARTESIAN_POINT ( 'NONE',  ( -11.55106517636155200, 9.147714691010305500, 5.947141906180245700 ) ) ;
#1450 = ORIENTED_EDGE ( 'NONE', *, *, #1169, .F. ) ;
#1451 = DIRECTION ( 'NONE',  ( 0.0000000000000000000, 0.0000000000000000000, 1.000000000000000000 ) ) ;
#1452 = VECTOR ( 'NONE', #607, 1000.000000000000000 ) ;
#1453 = CARTESIAN_POINT ( 'NONE',  ( -11.78089625506750900, 9.330998860216448400, 5.353434673651931600 ) ) ;
#1454 = EDGE_CURVE ( 'NONE', #5441, #1383, #5526, .T. ) ;
#1455 = CARTESIAN_POINT ( 'NONE',  ( 0.05000000000000005100, 14.77235527312704000, 5.918436744863155000 ) ) ;
#1456 = DIRECTION ( 'NONE',  ( 1.000000000000000000, 0.0000000000000000000, 0.0000000000000000000 ) ) ;
#1457 = ORIENTED_EDGE ( 'NONE', *, *, #410, .T. ) ;
#1458 = ORIENTED_EDGE ( 'NONE', *, *, #4886, .T. ) ;
#1459 = CARTESIAN_POINT ( 'NONE',  ( -11.79673042312843700, 9.471530988649124800, -6.000000000000000900 ) ) ;
#1460 = CARTESIAN_POINT ( 'NONE',  ( -11.51712982129070700, 9.248556949168024800, 5.921068843291819500 ) ) ;
#1462 = CARTESIAN_POINT ( 'NONE',  ( 0.0000000000000000000, 0.0000000000000000000, 5.888436744855735800 ) ) ;
#1461 = DIRECTION ( 'NONE',  ( 1.000000000000000000, 0.0000000000000000000, 0.0000000000000000000 ) ) ;
#1463 = ORIENTED_EDGE ( 'NONE', *, *, #2042, .T. ) ;
#1464 = EDGE_CURVE ( 'NONE', #344, #4925, #1479, .T. ) ;
#1465 = CARTESIAN_POINT ( 'NONE',  ( -8.461138858443083800, 1.036190662013361400E-015, 2.187500000000000000 ) ) ;
#1466 = DIRECTION ( 'NONE',  ( -0.7071067811865512400, 8.659560562354979700E-017, 0.7071067811865439100 ) ) ;
#1467 = ORIENTED_EDGE ( 'NONE', *, *, #1393, .F. ) ;
#1468 = CARTESIAN_POINT ( 'NONE',  ( -11.51997743094284100, 9.122923041318530900, 5.943085793353259500 ) ) ;
#1469 = AXIS2_PLACEMENT_3D ( 'NONE', #5296, #2822, #4255 ) ;
#1470 = ORIENTED_EDGE ( 'NONE', *, *, #2119, .F. ) ;
#1471 = CARTESIAN_POINT ( 'NONE',  ( 0.0000000000000000000, 0.0000000000000000000, -5.487867965644035500 ) ) ;
#1472 = CARTESIAN_POINT ( 'NONE',  ( 0.0000000000000000000, 0.0000000000000000000, 5.918436744855735100 ) ) ;
#1473 = CC_DESIGN_PERSON_AND_ORGANIZATION_ASSIGNMENT ( #3819, #2359, ( #1851 ) ) ;
#1474 = CARTESIAN_POINT ( 'NONE',  ( -14.41310753113574500, -3.238411896501485600, 5.918436744863155000 ) ) ;
#1475 = EDGE_LOOP ( 'NONE', ( #122, #1421, #3256, #4691, #1221, #1502 ) ) ;
#1476 = PLANE ( 'NONE',  #4219 ) ;
#1477 = CARTESIAN_POINT ( 'NONE',  ( 0.0000000000000000000, 0.0000000000000000000, -5.922851331036798500 ) ) ;
#1478 = DIRECTION ( 'NONE',  ( 1.000000000000000000, -8.881784197001252300E-016, 0.0000000000000000000 ) ) ;
#1479 = B_SPLINE_CURVE_WITH_KNOTS ( 'NONE', 3,
 ( #5242, #3814, #2851, #6224, #5706, #2816, #6171 ),
 .UNSPECIFIED., .F., .F.,
 ( 4, 3, 4 ),
 ( 0.001235889684214378900, 0.001263725857711643100, 0.001859684726850813400 ),
 .UNSPECIFIED. ) ;
#1480 = DIRECTION ( 'NONE',  ( 1.000000000000000000, 0.0000000000000000000, 0.0000000000000000000 ) ) ;
#1481 = DIRECTION ( 'NONE',  ( 1.000000000000000000, 0.0000000000000000000, 0.0000000000000000000 ) ) ;
#1483 = CARTESIAN_POINT ( 'NONE',  ( 11.48340254176895100, 9.221660341269757300, -5.948368030137144700 ) ) ;
#1482 = CARTESIAN_POINT ( 'NONE',  ( 0.0000000000000000000, 0.0000000000000000000, 6.000000000000000900 ) ) ;
#1484 = AXIS2_PLACEMENT_3D ( 'NONE', #460, #3840, #4342 ) ;
#1485 = EDGE_CURVE ( 'NONE', #608, #3884, #1746, .T. ) ;
#1486 = CARTESIAN_POINT ( 'NONE',  ( 14.31453137071973500, -3.215912531156299300, 5.922851331036820700 ) ) ;
#1487 = DIRECTION ( 'NONE',  ( -0.0000000000000000000, -0.0000000000000000000, 1.000000000000000000 ) ) ;
#1488 = EDGE_CURVE ( 'NONE', #2125, #5810, #4408, .T. ) ;
#1489 = CARTESIAN_POINT ( 'NONE',  ( 0.0000000000000000000, 17.60000000000001200, 6.000000000000000000 ) ) ;
#1490 = CARTESIAN_POINT ( 'NONE',  ( 0.05000000000000002400, 14.97940883035960400, 5.559811490052915400 ) ) ;
#1491 = DIRECTION ( 'NONE',  ( -1.000000000000000000, 0.0000000000000000000, 0.0000000000000000000 ) ) ;
#1492 = LINE ( 'NONE', #4358, #2306 ) ;
#1493 = CARTESIAN_POINT ( 'NONE',  ( 6.165324101218907900, -12.91766565653250100, -5.353434673651931600 ) ) ;
#1494 = ADVANCED_FACE ( 'NONE', ( #5225 ), #5284, .T. ) ;
#1495 = EDGE_CURVE ( 'NONE', #5940, #2051, #3954, .T. ) ;
#1496 = ORIENTED_EDGE ( 'NONE', *, *, #1485, .T. ) ;
#1497 = DIRECTION ( 'NONE',  ( 0.6234898018586257900, 0.7818314824681157300, 0.0000000000000000000 ) ) ;
#1498 = B_SPLINE_CURVE_WITH_KNOTS ( 'NONE', 3,
 ( #1425, #4277, #6147, #4775, #5715, #3261, #6216 ),
 .UNSPECIFIED., .F., .F.,
 ( 4, 3, 4 ),
 ( 0.001235889684214378700, 0.001263725857711642900, 0.001859684726850812900 ),
 .UNSPECIFIED. ) ;
#1499 = CIRCLE ( 'NONE', #4692, 16.03886114155692200 ) ;
#1501 = ORIENTED_EDGE ( 'NONE', *, *, #2127, .T. ) ;
#1500 = ORIENTED_EDGE ( 'NONE', *, *, #1609, .T. ) ;
#1502 = ORIENTED_EDGE ( 'NONE', *, *, #537, .F. ) ;
#1503 = CARTESIAN_POINT ( 'NONE',  ( 6.438105460497438600, -13.25362549856421000, -5.947141906180245700 ) ) ;
#1504 = FACE_OUTER_BOUND ( 'NONE', #1357, .T. ) ;
#1505 = AXIS2_PLACEMENT_3D ( 'NONE', #5920, #1034, #2976 ) ;
#1507 = ORIENTED_EDGE ( 'NONE', *, *, #656, .F. ) ;
#1506 = ORIENTED_EDGE ( 'NONE', *, *, #4956, .F. ) ;
#1508 = VERTEX_POINT ( 'NONE', #4210 ) ;
#1509 = DIRECTION ( 'NONE',  ( -1.000000000000000000, 0.0000000000000000000, 0.0000000000000000000 ) ) ;
#1510 = CIRCLE ( 'NONE', #1426, 14.55750222585390400 ) ;
#1511 = LINE ( 'NONE', #2844, #5881 ) ;
#1512 = DIRECTION ( 'NONE',  ( 1.000000000000000000, 0.0000000000000000000, 0.0000000000000000000 ) ) ;
#1514 = ORIENTED_EDGE ( 'NONE', *, *, #4275, .T. ) ;
#1513 = ORIENTED_EDGE ( 'NONE', *, *, #1232, .T. ) ;
#1515 = CARTESIAN_POINT ( 'NONE',  ( 0.0000000000000000000, 0.0000000000000000000, -5.922851331036798500 ) ) ;
#1516 = AXIS2_PLACEMENT_3D ( 'NONE', #4783, #6260, #5259 ) ;
#1517 = LINE ( 'NONE', #2374, #60 ) ;
#1518 = EDGE_CURVE ( 'NONE', #3158, #3318, #364, .T. ) ;
#1519 = CARTESIAN_POINT ( 'NONE',  ( 6.507342753248037700, -13.39739821840157500, 5.707623739868810600 ) ) ;
#1520 = CIRCLE ( 'NONE', #3129, 14.77243989039088300 ) ;
#1521 = DIRECTION ( 'NONE',  ( 1.000000000000000000, 0.0000000000000000000, 0.0000000000000000000 ) ) ;
#1522 = VERTEX_POINT ( 'NONE', #6130 ) ;
#1523 = ORIENTED_EDGE ( 'NONE', *, *, #1673, .F. ) ;
#1524 = FACE_OUTER_BOUND ( 'NONE', #4222, .T. ) ;
#1525 = EDGE_CURVE ( 'NONE', #5516, #1201, #5460, .T. ) ;
#1526 = ORIENTED_EDGE ( 'NONE', *, *, #1021, .F. ) ;
#1527 = DIRECTION ( 'NONE',  ( -0.0000000000000000000, -0.0000000000000000000, 1.000000000000000000 ) ) ;
#1528 = CARTESIAN_POINT ( 'NONE',  ( 0.0000000000000000000, 0.0000000000000000000, 6.000000000000000000 ) ) ;
#1529 = ORIENTED_EDGE ( 'NONE', *, *, #2408, .T. ) ;
#1530 = ADVANCED_FACE ( 'NONE', ( #459, #4860 ), #6148, .F. ) ;
#1531 = CARTESIAN_POINT ( 'NONE',  ( -11.51522931772075100, 9.119136547376513100, 5.939797578137314500 ) ) ;
#1532 = ORIENTED_EDGE ( 'NONE', *, *, #1766, .F. ) ;
#1533 = ORIENTED_EDGE ( 'NONE', *, *, #5538, .T. ) ;
#1534 = CARTESIAN_POINT ( 'NONE',  ( 14.38235128804579000, -3.231391984719650600, -5.944857023634334300 ) ) ;
#1535 = EDGE_CURVE ( 'NONE', #2031, #1909, #2654, .T. ) ;
#1536 = DIRECTION ( 'NONE',  ( -0.0000000000000000000, -0.0000000000000000000, 1.000000000000000000 ) ) ;
#1537 = CARTESIAN_POINT ( 'NONE',  ( -11.43926598975198900, 9.186462615559472400, -5.922851331036797600 ) ) ;
#1538 = ORIENTED_EDGE ( 'NONE', *, *, #686, .F. ) ;
#1539 = CARTESIAN_POINT ( 'NONE',  ( -14.64053734358084900, -3.392892953401109000, 6.000000000000000900 ) ) ;
#1540 = B_SPLINE_CURVE_WITH_KNOTS ( 'NONE', 3,
 ( #1680, #2675, #173, #3633, #5076, #3153, #2614, #3607, #3122, #5052, #725, #1145, #4589, #1695, #2632, #4105, #4086, #195, #6061, #2179, #671, #4058, #4116, #704, #4618 ),
 .UNSPECIFIED., .F., .F.,
 ( 4, 3, 3, 3, 3, 3, 3, 3, 4 ),
 ( 0.0003576089778190603500, 0.0003626343305416545100, 0.0003751336018886994000, 0.0003952800579771941400, 0.0004154265102964907100, 0.0004355730134115556900, 0.0004557195170136886300, 0.0004758659491588528700, 0.0004773643735645392500 ),
 .UNSPECIFIED. ) ;
#1541 = PLANE ( 'NONE',  #668 ) ;
#1542 = ORIENTED_EDGE ( 'NONE', *, *, #3781, .F. ) ;
#1543 = AXIS2_PLACEMENT_3D ( 'NONE', #5594, #3638, #6109 ) ;
#1544 = AXIS2_PLACEMENT_3D ( 'NONE', #3146, #5976, #4101 ) ;
#1545 = EDGE_LOOP ( 'NONE', ( #4672, #4908, #4756, #2983 ) ) ;
#1546 = DIRECTION ( 'NONE',  ( 0.0000000000000000000, 0.0000000000000000000, -1.000000000000000000 ) ) ;
#1547 = CARTESIAN_POINT ( 'NONE',  ( 6.443585277372386100, -13.26500445555434000, -5.942572141193089400 ) ) ;
#1548 = AXIS2_PLACEMENT_3D ( 'NONE', #3343, #3820, #5249 ) ;
#1549 = CARTESIAN_POINT ( 'NONE',  ( 0.05000000000000001700, 15.00389193474824800, 5.517405745169836200 ) ) ;
#1550 = CARTESIAN_POINT ( 'NONE',  ( 14.73803013479898500, -3.415145046796938600, -6.000000000000000900 ) ) ;
#1551 = CARTESIAN_POINT ( 'NONE',  ( -11.69934058404128800, 9.393865183629580800, 5.517405745169837100 ) ) ;
#1552 = ADVANCED_FACE ( 'NONE', ( #1665, #5145 ), #4191, .F. ) ;
#1553 = CARTESIAN_POINT ( 'NONE',  ( 0.05000000000000006500, 14.67874650223409600, -5.932026979673797700 ) ) ;
#1554 = LOCAL_TIME ( 9, 11, 49.00000000000000000, #97 ) ;
#1555 = CARTESIAN_POINT ( 'NONE',  ( -6.565615998021421300, -13.51840385802071900, -5.353434673651931600 ) ) ;
#1556 = EDGE_CURVE ( 'NONE', #1642, #5840, #2270, .T. ) ;
#1557 = APPROVAL_PERSON_ORGANIZATION ( #3656, #5017, #5327 ) ;
#1558 = CARTESIAN_POINT ( 'NONE',  ( 11.45288033753500700, 9.197319695623154000, 5.939797578137313600 ) ) ;
#1559 = DIRECTION ( 'NONE',  ( -0.0000000000000000000, -0.0000000000000000000, 1.000000000000000000 ) ) ;
#1560 = EDGE_CURVE ( 'NONE', #809, #3309, #5063, .T. ) ;
#1561 = CARTESIAN_POINT ( 'NONE',  ( -6.426054537437865500, -13.22860149898208500, 5.947242360947049300 ) ) ;
#1562 = B_SPLINE_CURVE_WITH_KNOTS ( 'NONE', 3,
 ( #5933, #567, #2991, #81, #4453, #1551, #4939 ),
 .UNSPECIFIED., .F., .F.,
 ( 4, 3, 4 ),
 ( 0.001465605684353204100, 0.001830745039545445900, 0.001977643053134278900 ),
 .UNSPECIFIED. ) ;
#1563 = VECTOR ( 'NONE', #3339, 1000.000000000000000 ) ;
#1564 = LINE ( 'NONE', #3444, #5937 ) ;
#1565 = VERTEX_POINT ( 'NONE', #2776 ) ;
#1566 = CARTESIAN_POINT ( 'NONE',  ( -11.45133459792304900, 9.196087009416739700, -5.938247467940449600 ) ) ;
#1567 = CIRCLE ( 'NONE', #2665, 15.02845821440191200 ) ;
#1568 = AXIS2_PLACEMENT_3D ( 'NONE', #756, #6045, #3162 ) ;
#1569 = EDGE_CURVE ( 'NONE', #5407, #1296, #2437, .T. ) ;
#1570 = CARTESIAN_POINT ( 'NONE',  ( -11.35018168790249500, 9.115420255467334700, 5.760124666611660300 ) ) ;
#1572 = ORIENTED_EDGE ( 'NONE', *, *, #1148, .T. ) ;
#1571 = VERTEX_POINT ( 'NONE', #5682 ) ;
#1573 = CARTESIAN_POINT ( 'NONE',  ( 12.25000000000000000, 0.0000000000000000000, -6.429395695523609100E-016 ) ) ;
#1574 = ORIENTED_EDGE ( 'NONE', *, *, #1101, .T. ) ;
#1575 = VECTOR ( 'NONE', #5534, 1000.000000000000000 ) ;
#1576 = FACE_OUTER_BOUND ( 'NONE', #681, .T. ) ;
#1578 = ORIENTED_EDGE ( 'NONE', *, *, #1488, .F. ) ;
#1577 = ORIENTED_EDGE ( 'NONE', *, *, #5004, .F. ) ;
#1579 = DIRECTION ( 'NONE',  ( -1.000000000000000000, 0.0000000000000000000, 0.0000000000000000000 ) ) ;
#1580 = CARTESIAN_POINT ( 'NONE',  ( 0.0000000000000000000, 0.0000000000000000000, 6.000000000000000000 ) ) ;
#1581 = CARTESIAN_POINT ( 'NONE',  ( 0.0000000000000000000, 0.0000000000000000000, 5.351869347303861900 ) ) ;
#1582 = AXIS2_PLACEMENT_3D ( 'NONE', #2220, #6187, #3787 ) ;
#1583 = VECTOR ( 'NONE', #5576, 1000.000000000000000 ) ;
#1584 = ADVANCED_FACE ( 'NONE', ( #1360 ), #2427, .F. ) ;
#1585 = CIRCLE ( 'NONE', #1388, 15.02845821440191200 ) ;
#1586 = CONICAL_SURFACE ( 'NONE', #1290, 16.03886114155692200, 0.7853981633974441700 ) ;
#1587 = CARTESIAN_POINT ( 'NONE',  ( 0.0000000000000000000, 0.0000000000000000000, -6.000000000000000900 ) ) ;
#1589 = ORIENTED_EDGE ( 'NONE', *, *, #3061, .F. ) ;
#1588 = ORIENTED_EDGE ( 'NONE', *, *, #6039, .T. ) ;
#1590 = CIRCLE ( 'NONE', #3230, 0.06000000000000015700 ) ;
#1591 = FACE_OUTER_BOUND ( 'NONE', #4125, .T. ) ;
#1592 = CARTESIAN_POINT ( 'NONE',  ( 13.95383168026424400, -3.236156866922539800, -5.427070689091481300 ) ) ;
#1593 = ORIENTED_EDGE ( 'NONE', *, *, #92, .T. ) ;
#1594 = VERTEX_POINT ( 'NONE', #789 ) ;
#1595 = EDGE_CURVE ( 'NONE', #3674, #5537, #4161, .T. ) ;
#1596 = CARTESIAN_POINT ( 'NONE',  ( -11.15953015145343300, 8.963380728599656100, 5.411869347303862400 ) ) ;
#1597 = CIRCLE ( 'NONE', #258, 8.461138858443082000 ) ;
#1598 = DIRECTION ( 'NONE',  ( 0.0000000000000000000, 0.0000000000000000000, -1.000000000000000000 ) ) ;
#1599 = CARTESIAN_POINT ( 'NONE',  ( -11.22604010096069200, 8.888515842658614800, -5.419470018189161700 ) ) ;
#1600 = DIRECTION ( 'NONE',  ( -1.000000000000000000, 0.0000000000000000000, 0.0000000000000000000 ) ) ;
#1601 = ORIENTED_EDGE ( 'NONE', *, *, #3554, .T. ) ;
#1602 = VERTEX_POINT ( 'NONE', #3301 ) ;
#1603 = EDGE_CURVE ( 'NONE', #3830, #226, #1597, .T. ) ;
#1604 = PLANE ( 'NONE',  #2878 ) ;
#1605 = PLANE ( 'NONE',  #360 ) ;
#1606 = ORIENTED_EDGE ( 'NONE', *, *, #938, .F. ) ;
#1607 = DIRECTION ( 'NONE',  ( 0.0000000000000000000, 0.0000000000000000000, -1.000000000000000000 ) ) ;
#1608 = EDGE_LOOP ( 'NONE', ( #3838, #6051, #1463, #3797 ) ) ;
#1609 = EDGE_CURVE ( 'NONE', #1171, #5116, #2112, .T. ) ;
#1610 = CARTESIAN_POINT ( 'NONE',  ( 13.98127241748802500, -3.139848349799067700, 5.434671360010759700 ) ) ;
#1611 = DIRECTION ( 'NONE',  ( 0.0000000000000000000, 0.0000000000000000000, -1.000000000000000000 ) ) ;
#1612 = CARTESIAN_POINT ( 'NONE',  ( -14.34731665746758000, -3.325967245239555700, 5.948368030137144700 ) ) ;
#1613 = VERTEX_POINT ( 'NONE', #4707 ) ;
#1614 = ADVANCED_FACE ( 'NONE', ( #142 ), #132, .F. ) ;
#1615 = CARTESIAN_POINT ( 'NONE',  ( 11.58066691282628600, 9.171321288105373200, -5.918436744863155000 ) ) ;
#1616 = CARTESIAN_POINT ( 'NONE',  ( 0.0000000000000000000, 0.0000000000000000000, 6.000000000000000900 ) ) ;
#1617 = ORIENTED_EDGE ( 'NONE', *, *, #5161, .T. ) ;
#1618 = AXIS2_PLACEMENT_3D ( 'NONE', #4746, #2781, #1315 ) ;
#1619 = AXIS2_PLACEMENT_3D ( 'NONE', #1742, #5645, #3199 ) ;
#1620 = CARTESIAN_POINT ( 'NONE',  ( 6.544370356482032100, -13.47428682878075500, -5.559811490052914500 ) ) ;
#1621 = CARTESIAN_POINT ( 'NONE',  ( 14.35937077251754300, -3.328718518339462300, -5.945518194124296900 ) ) ;
#1622 = CARTESIAN_POINT ( 'NONE',  ( -6.410662666309396400, -13.19663994925053700, 5.922851331036797600 ) ) ;
#1623 = AXIS2_PLACEMENT_3D ( 'NONE', #1399, #1933, #1919 ) ;
#1624 = DIRECTION ( 'NONE',  ( -0.2225209339563183600, -0.9749279121818227300, 0.0000000000000000000 ) ) ;
#1625 = CONICAL_SURFACE ( 'NONE', #4461, 17.60000000000001200, 0.7853981633974425100 ) ;
#1626 = CARTESIAN_POINT ( 'NONE',  ( -0.05000000000000010700, 14.31344847641650400, 6.000000000000000000 ) ) ;
#1627 = DIRECTION ( 'NONE',  ( 0.0000000000000000000, 0.0000000000000000000, 1.000000000000000000 ) ) ;
#1628 = CIRCLE ( 'NONE', #4647, 7.875000000000001800 ) ;
#1629 = EDGE_CURVE ( 'NONE', #4595, #4341, #3690, .T. ) ;
#1630 = ORIENTED_EDGE ( 'NONE', *, *, #3881, .T. ) ;
#1631 = CARTESIAN_POINT ( 'NONE',  ( 6.565615998021232100, -13.51840385802081300, -5.475000000000000500 ) ) ;
#1632 = CARTESIAN_POINT ( 'NONE',  ( 14.32686449781284700, -3.321299173261381500, -5.947242360947049300 ) ) ;
#1633 = TOROIDAL_SURFACE ( 'NONE', #3071, 12.25000000000000000, 4.375000000000000000 ) ;
#1634 = ADVANCED_FACE ( 'NONE', ( #902 ), #3352, .T. ) ;
#1636 = ORIENTED_EDGE ( 'NONE', *, *, #245, .F. ) ;
#1635 = ORIENTED_EDGE ( 'NONE', *, *, #5415, .F. ) ;
#1637 = EDGE_CURVE ( 'NONE', #2630, #3003, #4007, .T. ) ;
#1638 = CARTESIAN_POINT ( 'NONE',  ( 0.0000000000000000000, 0.0000000000000000000, 5.700000000000000200 ) ) ;
#1639 = ORIENTED_EDGE ( 'NONE', *, *, #5903, .T. ) ;
#1640 = VECTOR ( 'NONE', #5426, 1000.000000000000000 ) ;
#1641 = CARTESIAN_POINT ( 'NONE',  ( 0.05000000000000012100, 14.31344847641650600, 5.353434673651931600 ) ) ;
#1643 = VERTEX_POINT ( 'NONE', #4797 ) ;
#1642 = VERTEX_POINT ( 'NONE', #1493 ) ;
#1644 = DIRECTION ( 'NONE',  ( -0.2225209339565968300, 0.9749279121817591200, 0.0000000000000000000 ) ) ;
#1645 = CARTESIAN_POINT ( 'NONE',  ( 0.0000000000000000000, 0.0000000000000000000, -5.353434673651931600 ) ) ;
#1646 = VERTEX_POINT ( 'NONE', #5772 ) ;
#1647 = CARTESIAN_POINT ( 'NONE',  ( -14.29790540835648300, -3.314689450068482500, 5.930101898033889500 ) ) ;
#1648 = AXIS2_PLACEMENT_3D ( 'NONE', #3898, #6220, #1004 ) ;
#1649 = FACE_OUTER_BOUND ( 'NONE', #3640, .T. ) ;
#1650 = AXIS2_PLACEMENT_3D ( 'NONE', #4991, #1611, #2537 ) ;
#1651 = CARTESIAN_POINT ( 'NONE',  ( -14.55750222585390400, 1.782779850447244900E-015, -4.845955988548011500 ) ) ;
#1652 = CARTESIAN_POINT ( 'NONE',  ( 6.000000000000001800, 0.0000000000000000000, 5.100000000000009400 ) ) ;
#1653 = VECTOR ( 'NONE', #233, 1000.000000000000000 ) ;
#1654 = DIRECTION ( 'NONE',  ( -0.9749279121818257300, -0.2225209339563051800, 0.0000000000000000000 ) ) ;
#1656 = ORIENTED_EDGE ( 'NONE', *, *, #4926, .T. ) ;
#1655 = VERTEX_POINT ( 'NONE', #953 ) ;
#1657 = VECTOR ( 'NONE', #548, 1000.000000000000000 ) ;
#1658 = SPHERICAL_SURFACE ( 'NONE', #850, 4.375000000000000000 ) ;
#1659 = ORIENTED_EDGE ( 'NONE', *, *, #2238, .T. ) ;
#1660 = DIRECTION ( 'NONE',  ( -1.000000000000000000, 0.0000000000000000000, 0.0000000000000000000 ) ) ;
#1661 = CARTESIAN_POINT ( 'NONE',  ( 6.480937969759070300, -13.34256812051487500, -5.813030243294887700 ) ) ;
#1662 = CARTESIAN_POINT ( 'NONE',  ( 13.97089512980811100, -3.137479801604257500, -5.419470018189160900 ) ) ;
#1663 = ORIENTED_EDGE ( 'NONE', *, *, #2199, .F. ) ;
#1664 = AXIS2_PLACEMENT_3D ( 'NONE', #4917, #2493, #5872 ) ;
#1665 = FACE_OUTER_BOUND ( 'NONE', #2047, .T. ) ;
#1666 = DIRECTION ( 'NONE',  ( 1.000000000000000000, 0.0000000000000000000, 0.0000000000000000000 ) ) ;
#1667 = ORIENTED_EDGE ( 'NONE', *, *, #6256, .F. ) ;
#1668 = VERTEX_POINT ( 'NONE', #2451 ) ;
#1669 = DIRECTION ( 'NONE',  ( -0.0000000000000000000, -0.0000000000000000000, 1.000000000000000000 ) ) ;
#1670 = CARTESIAN_POINT ( 'NONE',  ( -11.22187913163930500, 8.885197580352853600, 5.411869347303862400 ) ) ;
#1671 = DIRECTION ( 'NONE',  ( 0.0000000000000000000, 0.0000000000000000000, -1.000000000000000000 ) ) ;
#1672 = AXIS2_PLACEMENT_3D ( 'NONE', #1166, #5015, #1212 ) ;
#1673 = EDGE_CURVE ( 'NONE', #5167, #542, #1126, .T. ) ;
#1674 = ORIENTED_EDGE ( 'NONE', *, *, #185, .T. ) ;
#1675 = CARTESIAN_POINT ( 'NONE',  ( 6.165324101218907900, -12.91766565653250100, -5.411869347303862400 ) ) ;
#1676 = EDGE_LOOP ( 'NONE', ( #1523, #5507, #6048, #1726 ) ) ;
#1677 = ADVANCED_FACE ( 'NONE', ( #3408 ), #2379, .T. ) ;
#1678 = ORIENTED_EDGE ( 'NONE', *, *, #3451, .F. ) ;
#1679 = CARTESIAN_POINT ( 'NONE',  ( 11.62824669111895700, 9.209264895142702300, -5.813030243295935800 ) ) ;
#1680 = CARTESIAN_POINT ( 'NONE',  ( -0.05000000000000006500, 14.67124404307172400, -5.922851331036820700 ) ) ;
#1681 = CARTESIAN_POINT ( 'NONE',  ( 11.61347748670808300, 9.325391648419058700, -5.707623739868810600 ) ) ;
#1682 = ORIENTED_EDGE ( 'NONE', *, *, #1842, .F. ) ;
#1683 = EDGE_CURVE ( 'NONE', #2954, #1337, #5822, .T. ) ;
#1684 = CARTESIAN_POINT ( 'NONE',  ( -14.59110056106156800, -3.279037644068983200, 5.602217234644991000 ) ) ;
#1685 = CARTESIAN_POINT ( 'NONE',  ( 0.0000000000000000000, 0.0000000000000000000, 5.475000000000000500 ) ) ;
#1686 = EDGE_LOOP ( 'NONE', ( #1365, #1814, #2334, #3541 ) ) ;
#1687 = DIRECTION ( 'NONE',  ( 0.0000000000000000000, 0.0000000000000000000, 1.000000000000000000 ) ) ;
#1688 = AXIS2_PLACEMENT_3D ( 'NONE', #3666, #3258, #4636 ) ;
#1689 = EDGE_CURVE ( 'NONE', #3947, #3235, #2956, .T. ) ;
#1690 = CARTESIAN_POINT ( 'NONE',  ( 11.71848224545269600, 9.409130149223903700, 5.353434673651931600 ) ) ;
#1691 = DIRECTION ( 'NONE',  ( 0.0000000000000000000, 0.0000000000000000000, -1.000000000000000000 ) ) ;
#1692 = CARTESIAN_POINT ( 'NONE',  ( -14.32757488010298300, -3.321461313383223600, 5.947407054167841900 ) ) ;
#1693 = DIRECTION ( 'NONE',  ( 0.0000000000000000000, 0.0000000000000000000, -1.000000000000000000 ) ) ;
#1694 = CARTESIAN_POINT ( 'NONE',  ( 6.262348479264354700, -12.88866236643674400, -5.434671360010759700 ) ) ;
#1695 = CARTESIAN_POINT ( 'NONE',  ( -0.05000000000000005800, 14.72769681199518400, -5.948368030137144700 ) ) ;
#1696 = CARTESIAN_POINT ( 'NONE',  ( -6.364326607853243400, -13.33089861952975500, -5.918874622419537900 ) ) ;
#1697 = AXIS2_PLACEMENT_3D ( 'NONE', #321, #4279, #2808 ) ;
#1698 = PERSON_AND_ORGANIZATION ( #1270, #409 ) ;
#1699 = CARTESIAN_POINT ( 'NONE',  ( -14.53176955415668600, -3.265495728913947500, 5.707623739869335500 ) ) ;
#1700 = CARTESIAN_POINT ( 'NONE',  ( -14.29227927732414600, -3.313405322374288100, 5.922851331036820700 ) ) ;
#1701 = CARTESIAN_POINT ( 'NONE',  ( 13.96570648593265000, -3.136295527498749600, -5.411869347303862400 ) ) ;
#1702 = ADVANCED_FACE ( 'NONE', ( #737 ), #2726, .T. ) ;
#1703 = CARTESIAN_POINT ( 'NONE',  ( 16.03886114155692200, 0.0000000000000000000, 6.000000000000000000 ) ) ;
#1704 = LINE ( 'NONE', #6168, #1406 ) ;
#1705 = EDGE_CURVE ( 'NONE', #3169, #5609, #4544, .T. ) ;
#1706 = CARTESIAN_POINT ( 'NONE',  ( 0.0000000000000000000, 0.0000000000000000000, -5.353434673651931600 ) ) ;
#1707 = ORIENTED_EDGE ( 'NONE', *, *, #64, .F. ) ;
#1708 = CARTESIAN_POINT ( 'NONE',  ( 0.0000000000000000000, 0.0000000000000000000, 5.787867965644034400 ) ) ;
#1709 = CIRCLE ( 'NONE', #2525, 8.461138858443082000 ) ;
#1710 = CARTESIAN_POINT ( 'NONE',  ( -11.50161496993784000, 9.108279467312652100, 5.922851331036820700 ) ) ;
#1711 = DIRECTION ( 'NONE',  ( 1.355252715606888900E-016, -1.000000000000000000, 0.0000000000000000000 ) ) ;
#1712 = VERTEX_POINT ( 'NONE', #915 ) ;
#1713 = EDGE_CURVE ( 'NONE', #3389, #180, #3178, .T. ) ;
#1714 = CARTESIAN_POINT ( 'NONE',  ( 14.66278943697643700, -3.295400162183125000, -5.353434673651931600 ) ) ;
#1715 = LINE ( 'NONE', #5559, #3985 ) ;
#1717 = EDGE_LOOP ( 'NONE', ( #5469, #2530, #4141, #4258 ) ) ;
#1716 = VERTEX_POINT ( 'NONE', #2472 ) ;
#1718 = ORIENTED_EDGE ( 'NONE', *, *, #1065, .F. ) ;
#1719 = CARTESIAN_POINT ( 'NONE',  ( -6.565615998021421300, -13.51840385802071900, -5.475000000000000500 ) ) ;
#1720 = CARTESIAN_POINT ( 'NONE',  ( 0.0000000000000000000, 0.0000000000000000000, -5.353434673651931600 ) ) ;
#1721 = DIRECTION ( 'NONE',  ( 1.000000000000000000, 0.0000000000000000000, 0.0000000000000000000 ) ) ;
#1722 = LINE ( 'NONE', #3901, #1575 ) ;
#1723 = EDGE_CURVE ( 'NONE', #5692, #1508, #1590, .T. ) ;
#1724 = FACE_OUTER_BOUND ( 'NONE', #5405, .T. ) ;
#1725 = CARTESIAN_POINT ( 'NONE',  ( -14.59271773000267700, -3.381978438654033700, -5.559811490052914500 ) ) ;
#1727 = ORIENTED_EDGE ( 'NONE', *, *, #4730, .T. ) ;
#1726 = ORIENTED_EDGE ( 'NONE', *, *, #5380, .F. ) ;
#1728 = LINE ( 'NONE', #5087, #1583 ) ;
#1729 = LINE ( 'NONE', #3764, #3171 ) ;
#1730 = CARTESIAN_POINT ( 'NONE',  ( 0.0000000000000000000, 0.0000000000000000000, 6.000000000000000000 ) ) ;
#1731 = CARTESIAN_POINT ( 'NONE',  ( 0.0000000000000000000, 0.0000000000000000000, -5.231869347303861800 ) ) ;
#1732 = FACE_OUTER_BOUND ( 'NONE', #1686, .T. ) ;
#1734 = ORIENTED_EDGE ( 'NONE', *, *, #2815, .F. ) ;
#1733 = VERTEX_POINT ( 'NONE', #4306 ) ;
#1735 = CARTESIAN_POINT ( 'NONE',  ( -11.32344635815546300, 8.966194740682082600, 5.597398009426060000 ) ) ;
#1736 = AXIS2_PLACEMENT_3D ( 'NONE', #1298, #353, #2330 ) ;
#1737 = ADVANCED_FACE ( 'NONE', ( #2345 ), #3422, .T. ) ;
#1738 = AXIS2_PLACEMENT_3D ( 'NONE', #1573, #5960, #3060 ) ;
#1739 = SPHERICAL_SURFACE ( 'NONE', #1664, 4.375000000000000000 ) ;
#1740 = CARTESIAN_POINT ( 'NONE',  ( 6.165324101218907900, -12.91766565653249900, 6.000000000000000000 ) ) ;
#1741 = VECTOR ( 'NONE', #2432, 1000.000000000000100 ) ;
#1742 = CARTESIAN_POINT ( 'NONE',  ( 0.0000000000000000000, 0.0000000000000000000, 5.100000000000001400 ) ) ;
#1743 = ORIENTED_EDGE ( 'NONE', *, *, #5482, .F. ) ;
#1744 = CARTESIAN_POINT ( 'NONE',  ( 11.68019892224182900, 9.378600217725251700, -5.559811490052914500 ) ) ;
#1745 = EDGE_LOOP ( 'NONE', ( #6244, #2160, #1883, #3637 ) ) ;
#1746 = LINE ( 'NONE', #403, #4241 ) ;
#1747 = ADVANCED_FACE ( 'NONE', ( #4851 ), #600, .F. ) ;
#1748 = CARTESIAN_POINT ( 'NONE',  ( -14.30087912755678100, -3.315368182070619300, -5.933060780161923700 ) ) ;
#1749 = CARTESIAN_POINT ( 'NONE',  ( 11.22604010096081800, 8.888515842658456700, 5.419470018189161700 ) ) ;
#1750 = CARTESIAN_POINT ( 'NONE',  ( 0.0000000000000000000, 0.0000000000000000000, 5.231869347303861800 ) ) ;
#1751 = AXIS2_PLACEMENT_3D ( 'NONE', #5141, #3634, #1239 ) ;
#1752 = EDGE_LOOP ( 'NONE', ( #3244, #1138 ) ) ;
#1753 = ORIENTED_EDGE ( 'NONE', *, *, #594, .F. ) ;
#1754 = CARTESIAN_POINT ( 'NONE',  ( 6.475519111230990900, -13.56179223193256600, 5.475000000000000500 ) ) ;
#1755 = ORIENTED_EDGE ( 'NONE', *, *, #3739, .T. ) ;
#1756 = EDGE_CURVE ( 'NONE', #2489, #3115, #1058, .T. ) ;
#1757 = CARTESIAN_POINT ( 'NONE',  ( -11.41253066808837100, 9.037237107220530400, 5.760124666611660300 ) ) ;
#1758 = DIRECTION ( 'NONE',  ( 0.0000000000000000000, 0.0000000000000000000, 1.000000000000000000 ) ) ;
#1759 = CARTESIAN_POINT ( 'NONE',  ( 0.0000000000000000000, 0.0000000000000000000, -6.429395695523609100E-016 ) ) ;
#1760 = ORIENTED_EDGE ( 'NONE', *, *, #3212, .F. ) ;
#1761 = CARTESIAN_POINT ( 'NONE',  ( 6.413166530172953000, -13.20183927613779000, 5.930101898033889500 ) ) ;
#1762 = CARTESIAN_POINT ( 'NONE',  ( 11.58066691282628600, 9.171321288105373200, 5.918436744863155000 ) ) ;
#1763 = ORIENTED_EDGE ( 'NONE', *, *, #229, .F. ) ;
#1764 = B_SPLINE_CURVE_WITH_KNOTS ( 'NONE', 3,
 ( #2639, #5033, #222, #2589, #5942, #148, #633, #4523, #1621, #3082, #4042, #165, #5511, #1632, #2130, #5987, #289, #795, #4217, #5633, #2721, #5655 ),
 .UNSPECIFIED., .F., .F.,
 ( 4, 3, 3, 3, 3, 3, 3, 4 ),
 ( 0.0002729695107799620200, 0.0002820482917521240500, 0.0003021945365587078800, 0.0003223408922757476000, 0.0003424873530129714900, 0.0003626338669241299900, 0.0003751336404210424700, 0.0003927652499993108600 ),
 .UNSPECIFIED. ) ;
#1765 = ORIENTED_EDGE ( 'NONE', *, *, #1637, .T. ) ;
#1766 = EDGE_CURVE ( 'NONE', #4429, #6101, #5894, .T. ) ;
#1767 = DIRECTION ( 'NONE',  ( -0.0000000000000000000, -0.0000000000000000000, 1.000000000000000000 ) ) ;
#1769 = CARTESIAN_POINT ( 'NONE',  ( 14.73803013479898500, -3.415145046796938600, 6.000000000000000900 ) ) ;
#1768 = CARTESIAN_POINT ( 'NONE',  ( 11.22604010096081800, 8.888515842658456700, -5.419470018189161700 ) ) ;
#1770 = ADVANCED_FACE ( 'NONE', ( #3327 ), #5135, .T. ) ;
#1771 = CARTESIAN_POINT ( 'NONE',  ( 6.355669032028096400, -13.31292097808686300, -5.939344605127422100 ) ) ;
#1772 = AXIS2_PLACEMENT_3D ( 'NONE', #4504, #3521, #2145 ) ;
#1773 = EDGE_CURVE ( 'NONE', #3020, #5675, #2048, .T. ) ;
#1774 = DIRECTION ( 'NONE',  ( -0.0000000000000000000, -0.0000000000000000000, 1.000000000000000000 ) ) ;
#1775 = ADVANCED_FACE ( 'NONE', ( #4321 ), #980, .F. ) ;
#1776 = DIRECTION ( 'NONE',  ( -0.0000000000000000000, -0.0000000000000000000, -1.000000000000000000 ) ) ;
#1777 = CARTESIAN_POINT ( 'NONE',  ( -6.255420988009330300, -12.87427728262065700, -5.353434673651931600 ) ) ;
#1778 = CARTESIAN_POINT ( 'NONE',  ( -14.07010665240886200, -3.262695870549245900, -5.597398009426060000 ) ) ;
#1779 = VECTOR ( 'NONE', #2742, 1000.000000000000000 ) ;
#1780 = CARTESIAN_POINT ( 'NONE',  ( -8.461138858443082000, 1.036190662013361000E-015, 5.787867965644034400 ) ) ;
#1781 = CARTESIAN_POINT ( 'NONE',  ( 0.0000000000000000000, 0.0000000000000000000, 2.187499999999999600 ) ) ;
#1782 = CARTESIAN_POINT ( 'NONE',  ( 0.0000000000000000000, 0.0000000000000000000, 2.187499999999999600 ) ) ;
#1783 = DIRECTION ( 'NONE',  ( -1.000000000000000000, 0.0000000000000000000, 0.0000000000000000000 ) ) ;
#1785 = CARTESIAN_POINT ( 'NONE',  ( 11.58066691282628600, 9.171321288105373200, 5.918436744863155000 ) ) ;
#1784 = CARTESIAN_POINT ( 'NONE',  ( 11.15953015145355900, 8.963380728599498000, -5.411869347303862400 ) ) ;
#1786 = CONICAL_SURFACE ( 'NONE', #629, 8.461138858443082000, 0.7853981633974422800 ) ;
#1787 = CYLINDRICAL_SURFACE ( 'NONE', #3485, 8.932094846991093500 ) ;
#1788 = CARTESIAN_POINT ( 'NONE',  ( 6.320565779518970500, -13.24002832316238300, -5.922851331036797600 ) ) ;
#1789 = EDGE_LOOP ( 'NONE', ( #5564, #961, #6191, #177 ) ) ;
#1790 = VECTOR ( 'NONE', #2769, 999.9999999999998900 ) ;
#1791 = EDGE_CURVE ( 'NONE', #2795, #4968, #5670, .T. ) ;
#1793 = CLOSED_SHELL ( 'NONE', ( #2958, #3012 ) ) ;
#1792 = EDGE_LOOP ( 'NONE', ( #5376, #4557, #3756, #1801, #1507, #664 ) ) ;
#1794 = VERTEX_POINT ( 'NONE', #1596 ) ;
#1795 = CARTESIAN_POINT ( 'NONE',  ( -14.36625571288425000, -3.330289961049524000, 5.942572141193089400 ) ) ;
#1796 = CIRCLE ( 'NONE', #155, 8.932094846991093500 ) ;
#1797 = DIRECTION ( 'NONE',  ( 0.6234898018587320400, -0.7818314824680310200, 0.0000000000000000000 ) ) ;
#1798 = DIRECTION ( 'NONE',  ( 0.0000000000000000000, 0.0000000000000000000, 1.000000000000000000 ) ) ;
#1799 = CARTESIAN_POINT ( 'NONE',  ( 0.0000000000000000000, 0.0000000000000000000, 6.000000000000000000 ) ) ;
#1801 = ORIENTED_EDGE ( 'NONE', *, *, #2077, .F. ) ;
#1800 = ORIENTED_EDGE ( 'NONE', *, *, #6125, .T. ) ;
#1802 = EDGE_CURVE ( 'NONE', #6122, #2516, #5891, .T. ) ;
#1803 = CARTESIAN_POINT ( 'NONE',  ( -6.452300525967577200, -13.28310185573822200, -5.925963813471787100 ) ) ;
#1804 = ORIENTED_EDGE ( 'NONE', *, *, #3307, .T. ) ;
#1805 = CARTESIAN_POINT ( 'NONE',  ( -11.50161496993784000, 9.108279467312652100, -5.922851331036820700 ) ) ;
#1806 = B_SPLINE_CURVE_WITH_KNOTS ( 'NONE', 3,
 ( #4828, #4350, #2468, #971, #5841, #5336, #4363 ),
 .UNSPECIFIED., .F., .F.,
 ( 4, 3, 4 ),
 ( 0.001235889684214378900, 0.001263725857711643100, 0.001859684726850812900 ),
 .UNSPECIFIED. ) ;
#1807 = VECTOR ( 'NONE', #895, 1000.000000000000000 ) ;
#1808 = ADVANCED_FACE ( 'NONE', ( #660 ), #5598, .T. ) ;
#1809 = CIRCLE ( 'NONE', #72, 14.31353580660732300 ) ;
#1810 = CARTESIAN_POINT ( 'NONE',  ( 0.0000000000000000000, 0.0000000000000000000, -6.000000000000000000 ) ) ;
#1812 = DIRECTION ( 'NONE',  ( -0.0000000000000000000, -0.0000000000000000000, 1.000000000000000000 ) ) ;
#1811 = CARTESIAN_POINT ( 'NONE',  ( 8.461138858443082000, 0.0000000000000000000, 4.845955988548010600 ) ) ;
#1814 = ORIENTED_EDGE ( 'NONE', *, *, #1683, .F. ) ;
#1813 = ORIENTED_EDGE ( 'NONE', *, *, #511, .T. ) ;
#1815 = CIRCLE ( 'NONE', #5016, 14.31353580660732300 ) ;
#1816 = CIRCLE ( 'NONE', #4704, 15.02845821440191200 ) ;
#1817 = EDGE_CURVE ( 'NONE', #5908, #5494, #1445, .T. ) ;
#1818 = DIRECTION ( 'NONE',  ( -0.0000000000000000000, 0.0000000000000000000, 1.000000000000000000 ) ) ;
#1819 = DIRECTION ( 'NONE',  ( -0.0000000000000000000, -0.0000000000000000000, 1.000000000000000000 ) ) ;
#1820 = ORIENTED_EDGE ( 'NONE', *, *, #5295, .T. ) ;
#1821 = ORIENTED_EDGE ( 'NONE', *, *, #2733, .F. ) ;
#1822 = CIRCLE ( 'NONE', #1376, 15.02845821440191200 ) ;
#1823 = ORIENTED_EDGE ( 'NONE', *, *, #5803, .T. ) ;
#1824 = CARTESIAN_POINT ( 'NONE',  ( 11.66105726004816900, 9.363335251506832400, 5.602217234644990100 ) ) ;
#1825 = ORIENTED_EDGE ( 'NONE', *, *, #5791, .T. ) ;
#1826 = AXIS2_PLACEMENT_3D ( 'NONE', #3011, #2552, #614 ) ;
#1827 = CARTESIAN_POINT ( 'NONE',  ( -8.249006824087119900, 0.0000000000000000000, 6.000000000000000000 ) ) ;
#1828 = DIRECTION ( 'NONE',  ( 0.6234898018587320400, -0.7818314824680310200, 0.0000000000000000000 ) ) ;
#1829 = CARTESIAN_POINT ( 'NONE',  ( -11.52991984571416700, 9.130851852519896300, -5.947407054167841900 ) ) ;
#1830 = ORIENTED_EDGE ( 'NONE', *, *, #3654, .F. ) ;
#1831 = ORIENTED_EDGE ( 'NONE', *, *, #5612, .F. ) ;
#1832 = CARTESIAN_POINT ( 'NONE',  ( 0.0000000000000000000, 14.33469504429233900, 5.231869347303861800 ) ) ;
#1833 = B_SPLINE_CURVE_WITH_KNOTS ( 'NONE', 3,
 ( #73, #2083, #3953, #4494, #3510, #3523, #5479 ),
 .UNSPECIFIED., .F., .F.,
 ( 4, 3, 4 ),
 ( 0.001235889684214380500, 0.001263725857711642900, 0.001859684726850814200 ),
 .UNSPECIFIED. ) ;
#1835 = DIRECTION ( 'NONE',  ( 1.000000000000000000, 0.0000000000000000000, 0.0000000000000000000 ) ) ;
#1834 = CARTESIAN_POINT ( 'NONE',  ( 6.347581028994921000, -13.29612606673293100, 5.946985995365509800 ) ) ;
#1836 = ORIENTED_EDGE ( 'NONE', *, *, #5380, .T. ) ;
#1837 = CARTESIAN_POINT ( 'NONE',  ( 6.350424303860897600, -13.30203018782846900, -5.945518194124296900 ) ) ;
#1838 = CARTESIAN_POINT ( 'NONE',  ( 6.475519111230990900, -13.56179223193256600, -5.353434673651931600 ) ) ;
#1839 = DIRECTION ( 'NONE',  ( 1.224646799147353200E-016, 1.000000000000000000, 0.0000000000000000000 ) ) ;
#1840 = ADVANCED_FACE ( 'NONE', ( #3032 ), #1739, .T. ) ;
#1841 = ORIENTED_EDGE ( 'NONE', *, *, #5333, .F. ) ;
#1842 = EDGE_CURVE ( 'NONE', #3411, #4239, #1562, .T. ) ;
#1843 = CARTESIAN_POINT ( 'NONE',  ( 16.20817654002280200, -3.699410527023790300, -3.321854442687193000E-016 ) ) ;
#1844 = PLANE ( 'NONE',  #5721 ) ;
#1845 = CARTESIAN_POINT ( 'NONE',  ( -6.412125633406646800, -13.19967783173045800, -5.927666725627945600 ) ) ;
#1846 = CARTESIAN_POINT ( 'NONE',  ( -11.57732171314187400, 9.168653580376823000, -5.925469712029101100 ) ) ;
#1847 = B_SPLINE_CURVE_WITH_KNOTS ( 'NONE', 3,
 ( #3231, #2202, #5583, #1309, #4167, #5628, #2262 ),
 .UNSPECIFIED., .F., .F.,
 ( 4, 3, 4 ),
 ( 0.0006677669885724646400, 0.001263725857711640300, 0.001291562031208902700 ),
 .UNSPECIFIED. ) ;
#1848 = CARTESIAN_POINT ( 'NONE',  ( 6.565652086631720500, -13.51847879679266600, 5.353434673651931600 ) ) ;
#1849 = EDGE_CURVE ( 'NONE', #3160, #906, #6036, .T. ) ;
#1850 = PLANE ( 'NONE',  #5862 ) ;
#1851 = PRODUCT ( '6153K154_Stainless Steel Ball Bearing', '6153K154_Stainless Steel Ball Bearing', '', ( #5773 ) ) ;
#1852 = CARTESIAN_POINT ( 'NONE',  ( -14.32184572756718000, -3.217581985375885400, 5.932026979673796800 ) ) ;
#1853 = CARTESIAN_POINT ( 'NONE',  ( 11.57335996828575000, 9.165494194280254800, 5.931203594297441500 ) ) ;
#1854 = CARTESIAN_POINT ( 'NONE',  ( 0.0000000000000000000, 0.0000000000000000000, -5.918436744855735100 ) ) ;
#1855 = DIRECTION ( 'NONE',  ( 1.000000000000000000, 0.0000000000000000000, 0.0000000000000000000 ) ) ;
#1856 = AXIS2_PLACEMENT_3D ( 'NONE', #5551, #2247, #2662 ) ;
#1857 = CARTESIAN_POINT ( 'NONE',  ( -14.66270834660478600, -3.295381653834751600, -5.353434673651931600 ) ) ;
#1858 = AXIS2_PLACEMENT_3D ( 'NONE', #6043, #4703, #5111 ) ;
#1859 = CARTESIAN_POINT ( 'NONE',  ( -6.410662666309396400, -13.19663994925053700, 5.922851331036797600 ) ) ;
#1860 = DIRECTION ( 'NONE',  ( -0.0000000000000000000, -0.0000000000000000000, -1.000000000000000000 ) ) ;
#1861 = DIRECTION ( 'NONE',  ( -1.000000000000000000, 0.0000000000000000000, 0.0000000000000000000 ) ) ;
#1862 = PLANE ( 'NONE',  #2678 ) ;
#1863 = ORIENTED_EDGE ( 'NONE', *, *, #623, .F. ) ;
#1864 = CARTESIAN_POINT ( 'NONE',  ( -14.64053734358084900, -3.392892953401109000, -5.353434673651931600 ) ) ;
#1865 = LINE ( 'NONE', #1165, #2025 ) ;
#1866 = CARTESIAN_POINT ( 'NONE',  ( -11.58066691281894500, 9.171321288099786500, -5.918436744855735100 ) ) ;
#1867 = AXIS2_PLACEMENT_3D ( 'NONE', #1489, #528, #484 ) ;
#1868 = CARTESIAN_POINT ( 'NONE',  ( 0.05000000000000002400, 14.95492572546693200, -5.602217234644991000 ) ) ;
#1869 = ADVANCED_FACE ( 'NONE', ( #2584 ), #3552, .T. ) ;
#1870 = VERTEX_POINT ( 'NONE', #1675 ) ;
#1871 = CARTESIAN_POINT ( 'NONE',  ( 0.0000000000000000000, 0.0000000000000000000, 5.787867965644034400 ) ) ;
#1872 = CARTESIAN_POINT ( 'NONE',  ( -16.03886114155692200, 1.964193995897654400E-015, 5.487867965644034600 ) ) ;
#1873 = VECTOR ( 'NONE', #2138, 1000.000000000000000 ) ;
#1875 = ORIENTED_EDGE ( 'NONE', *, *, #699, .F. ) ;
#1874 = EDGE_LOOP ( 'NONE', ( #4312, #1639, #372, #2481 ) ) ;
#1876 = CARTESIAN_POINT ( 'NONE',  ( 6.900000000000001200, 0.0000000000000000000, 5.999999999999999100 ) ) ;
#1877 = ORIENTED_EDGE ( 'NONE', *, *, #1488, .T. ) ;
#1878 = EDGE_CURVE ( 'NONE', #4458, #4095, #3857, .T. ) ;
#1879 = CARTESIAN_POINT ( 'NONE',  ( 14.66270834660474000, -3.295381653834949200, 6.000000000000000000 ) ) ;
#1880 = VECTOR ( 'NONE', #3140, 1000.000000000000000 ) ;
#1881 = CARTESIAN_POINT ( 'NONE',  ( 0.0000000000000000000, 0.0000000000000000000, 6.000000000000000000 ) ) ;
#1882 = FACE_OUTER_BOUND ( 'NONE', #4013, .T. ) ;
#1884 = ORIENTED_EDGE ( 'NONE', *, *, #1389, .T. ) ;
#1883 = ORIENTED_EDGE ( 'NONE', *, *, #169, .T. ) ;
#1885 = CARTESIAN_POINT ( 'NONE',  ( -14.33677374232121500, -3.220989207329093800, -5.942348470219661400 ) ) ;
#1886 = FACE_OUTER_BOUND ( 'NONE', #3550, .T. ) ;
#1887 = CARTESIAN_POINT ( 'NONE',  ( 0.0000000000000000000, 0.0000000000000000000, 5.353434673651931600 ) ) ;
#1888 = CARTESIAN_POINT ( 'NONE',  ( 0.0000000000000000000, 0.0000000000000000000, -2.187500000000000000 ) ) ;
#1889 = LINE ( 'NONE', #5068, #3682 ) ;
#1890 = CARTESIAN_POINT ( 'NONE',  ( 14.37671051384230700, -3.332676201144452400, 5.935790468940135500 ) ) ;
#1891 = EDGE_CURVE ( 'NONE', #2486, #4864, #1815, .T. ) ;
#1892 = CIRCLE ( 'NONE', #2389, 7.875000000000001800 ) ;
#1893 = DIRECTION ( 'NONE',  ( -0.4338837391175527400, 0.9009688679024217000, 0.0000000000000000000 ) ) ;
#1895 = EDGE_LOOP ( 'NONE', ( #1048, #4487, #2666, #6098 ) ) ;
#1894 = ORIENTED_EDGE ( 'NONE', *, *, #4630, .T. ) ;
#1896 = DIRECTION ( 'NONE',  ( -1.000000000000000000, 0.0000000000000000000, 0.0000000000000000000 ) ) ;
#1897 = B_SPLINE_CURVE_WITH_KNOTS ( 'NONE', 3,
 ( #1486, #3429, #2010, #1993, #5884, #1023, #4871, #1944, #3460, #2477, #4931, #575, #522, #3000, #1010, #88, #2920, #3886, #5834, #3490, #5401, #2440, #4410, #2968, #3949 ),
 .UNSPECIFIED., .F., .F.,
 ( 4, 3, 3, 3, 3, 3, 3, 3, 4 ),
 ( 0.0003576089778190626800, 0.0003626343305416570600, 0.0003751336018887015200, 0.0003952800579771962000, 0.0004154265102964930400, 0.0004355730134115589400, 0.0004557195170136920500, 0.0004758659491588563400, 0.0004773643735645441900 ),
 .UNSPECIFIED. ) ;
#1898 = VECTOR ( 'NONE', #2931, 1000.000000000000000 ) ;
#1899 = LINE ( 'NONE', #3832, #1741 ) ;
#1900 = CARTESIAN_POINT ( 'NONE',  ( -11.78089625506750900, 9.330998860216448400, -5.353434673651931600 ) ) ;
#1902 = DIRECTION ( 'NONE',  ( -0.0000000000000000000, -0.0000000000000000000, 1.000000000000000000 ) ) ;
#1901 = CARTESIAN_POINT ( 'NONE',  ( -11.23020107026307100, 8.891834104949220200, -5.427070689091480400 ) ) ;
#1903 = FACE_OUTER_BOUND ( 'NONE', #5915, .T. ) ;
#1904 = MANIFOLD_SOLID_BREP ( 'Revolve1[1]', #4152 ) ;
#1905 = EDGE_LOOP ( 'NONE', ( #2407, #49 ) ) ;
#1906 = AXIS2_PLACEMENT_3D ( 'NONE', #442, #1395, #3785 ) ;
#1907 = EDGE_CURVE ( 'NONE', #645, #3114, #1276, .T. ) ;
#1908 = DIRECTION ( 'NONE',  ( 0.4338837391175527900, -0.9009688679024217000, 0.0000000000000000000 ) ) ;
#1909 = VERTEX_POINT ( 'NONE', #3532 ) ;
#1910 = CARTESIAN_POINT ( 'NONE',  ( -0.05000000000000011400, 14.31344847641650600, -5.411869347303862400 ) ) ;
#1911 = VERTEX_POINT ( 'NONE', #2171 ) ;
#1912 = CARTESIAN_POINT ( 'NONE',  ( 14.63883908524361600, -3.289933650690759500, 5.517405745169837100 ) ) ;
#1913 = ADVANCED_FACE ( 'NONE', ( #5454 ), #6272, .T. ) ;
#1914 = CARTESIAN_POINT ( 'NONE',  ( 11.69934058404142300, 9.393865183629415600, 5.517405745169837100 ) ) ;
#1915 = DIRECTION ( 'NONE',  ( 0.0000000000000000000, 0.0000000000000000000, -1.000000000000000000 ) ) ;
#1916 = CARTESIAN_POINT ( 'NONE',  ( 14.56884846766589100, -3.376530435287362900, 5.602217234644991000 ) ) ;
#1917 = VERTEX_POINT ( 'NONE', #2089 ) ;
#1918 = DIRECTION ( 'NONE',  ( -0.0000000000000000000, -0.0000000000000000000, 1.000000000000000000 ) ) ;
#1919 = DIRECTION ( 'NONE',  ( 0.9749279121818227300, -0.2225209339563182500, 0.0000000000000000000 ) ) ;
#1920 = DIRECTION ( 'NONE',  ( 0.0000000000000000000, 0.0000000000000000000, 1.000000000000000000 ) ) ;
#1921 = CARTESIAN_POINT ( 'NONE',  ( -6.255420988009329400, -12.87427728262065500, -6.000000000000000000 ) ) ;
#1922 = ORIENTED_EDGE ( 'NONE', *, *, #5803, .F. ) ;
#1924 = CARTESIAN_POINT ( 'NONE',  ( 17.60000000000001200, 2.210487472460973700E-015, 6.000000000000000900 ) ) ;
#1923 = CARTESIAN_POINT ( 'NONE',  ( 6.565652086631720500, -13.51847879679266600, 6.000000000000000900 ) ) ;
#1925 = AXIS2_PLACEMENT_3D ( 'NONE', #405, #3772, #4804 ) ;
#1926 = EDGE_CURVE ( 'NONE', #2486, #1064, #4398, .T. ) ;
#1927 = CARTESIAN_POINT ( 'NONE',  ( 0.05000000000000005100, 14.77235527312704000, -5.918436744863155000 ) ) ;
#1928 = CARTESIAN_POINT ( 'NONE',  ( -14.33469504429233900, 0.0000000000000000000, -5.231869347303861800 ) ) ;
#1929 = DIRECTION ( 'NONE',  ( 1.000000000000000000, 6.217248937900876600E-015, 0.0000000000000000000 ) ) ;
#1930 = EDGE_CURVE ( 'NONE', #3413, #2057, #2548, .T. ) ;
#1931 = CARTESIAN_POINT ( 'NONE',  ( 11.56589771093355700, 9.287448043389879600, 5.813030243294887700 ) ) ;
#1932 = DIRECTION ( 'NONE',  ( 1.000000000000000000, 0.0000000000000000000, 0.0000000000000000000 ) ) ;
#1933 = DIRECTION ( 'NONE',  ( -0.2225209339563182200, -0.9749279121818227300, 1.224646799147353200E-016 ) ) ;
#1934 = CARTESIAN_POINT ( 'NONE',  ( 0.0000000000000000000, 0.0000000000000000000, -5.475000000000000500 ) ) ;
#1935 = CARTESIAN_POINT ( 'NONE',  ( -13.96570648593269000, -3.136295527498560400, 6.000000000000000000 ) ) ;
#1936 = EDGE_CURVE ( 'NONE', #5946, #3413, #452, .T. ) ;
#1937 = CARTESIAN_POINT ( 'NONE',  ( 0.0000000000000000000, 0.0000000000000000000, -5.353434673651931600 ) ) ;
#1939 = DIRECTION ( 'NONE',  ( -0.0000000000000000000, -0.0000000000000000000, 1.000000000000000000 ) ) ;
#1938 = DIRECTION ( 'NONE',  ( 0.0000000000000000000, -0.0000000000000000000, 1.000000000000000000 ) ) ;
#1940 = COORDINATED_UNIVERSAL_TIME_OFFSET ( 6, 0, .BEHIND. ) ;
#1941 = CIRCLE ( 'NONE', #5315, 14.77243989039088300 ) ;
#1942 = CIRCLE ( 'NONE', #3801, 8.461138858443082000 ) ;
#1943 = AXIS2_PLACEMENT_3D ( 'NONE', #6078, #4564, #4119 ) ;
#1944 = CARTESIAN_POINT ( 'NONE',  ( 14.33150818472293900, -3.219787378168465600, 5.939797578137313600 ) ) ;
#1945 = AXIS2_PLACEMENT_3D ( 'NONE', #1397, #5766, #5733 ) ;
#1946 = CARTESIAN_POINT ( 'NONE',  ( -11.69934058404128800, 9.393865183629580800, -5.517405745169837100 ) ) ;
#1947 = VERTEX_POINT ( 'NONE', #5557 ) ;
#1948 = DIRECTION ( 'NONE',  ( -0.0000000000000000000, -0.0000000000000000000, 1.000000000000000000 ) ) ;
#1949 = FACE_OUTER_BOUND ( 'NONE', #260, .T. ) ;
#1950 = DIRECTION ( 'NONE',  ( -0.0000000000000000000, -0.0000000000000000000, 1.000000000000000000 ) ) ;
#1951 = CARTESIAN_POINT ( 'NONE',  ( 14.39943674551692600, -3.235291628894407800, -5.934919143280428200 ) ) ;
#1953 = ORIENTED_EDGE ( 'NONE', *, *, #3952, .T. ) ;
#1952 = ORIENTED_EDGE ( 'NONE', *, *, #4032, .F. ) ;
#1954 = CARTESIAN_POINT ( 'NONE',  ( 0.05000000000000005100, 14.77083562167245400, 5.921068843291819500 ) ) ;
#1955 = ORIENTED_EDGE ( 'NONE', *, *, #1169, .T. ) ;
#1956 = DIRECTION ( 'NONE',  ( -0.0000000000000000000, -0.0000000000000000000, 1.000000000000000000 ) ) ;
#1957 = AXIS2_PLACEMENT_3D ( 'NONE', #2001, #1536, #4967 ) ;
#1958 = FACE_BOUND ( 'NONE', #414, .T. ) ;
#1959 = DIRECTION ( 'NONE',  ( -0.6234898018587430300, -0.7818314824680222500, 0.0000000000000000000 ) ) ;
#1960 = CARTESIAN_POINT ( 'NONE',  ( -11.45710298687295200, 9.200687146101014200, 5.942348470219661400 ) ) ;
#1962 = CARTESIAN_POINT ( 'NONE',  ( 11.49859048498807800, 9.233772321818870300, -5.942572141193089400 ) ) ;
#1961 = DIRECTION ( 'NONE',  ( 1.000000000000000000, 0.0000000000000000000, 0.0000000000000000000 ) ) ;
#1964 = ORIENTED_EDGE ( 'NONE', *, *, #4325, .T. ) ;
#1963 = EDGE_LOOP ( 'NONE', ( #3948, #2937 ) ) ;
#1965 = ORIENTED_EDGE ( 'NONE', *, *, #2916, .F. ) ;
#1966 = VECTOR ( 'NONE', #240, 1000.000000000000000 ) ;
#1967 = FACE_OUTER_BOUND ( 'NONE', #4619, .T. ) ;
#1969 = EDGE_LOOP ( 'NONE', ( #2097, #5464, #4841, #5042 ) ) ;
#1968 = ORIENTED_EDGE ( 'NONE', *, *, #4966, .F. ) ;
#1970 = EDGE_CURVE ( 'NONE', #5241, #3458, #2055, .T. ) ;
#1971 = DIRECTION ( 'NONE',  ( -0.0000000000000000000, -0.0000000000000000000, 1.000000000000000000 ) ) ;
#1972 = DIRECTION ( 'NONE',  ( -1.000000000000000000, 1.224646799147353000E-016, 0.0000000000000000000 ) ) ;
#1973 = VECTOR ( 'NONE', #4352, 1000.000000000000000 ) ;
#1974 = TOROIDAL_SURFACE ( 'NONE', #979, 14.72047836616381700, 0.05999999999999999800 ) ;
#1975 = ORIENTED_EDGE ( 'NONE', *, *, #3603, .T. ) ;
#1976 = CARTESIAN_POINT ( 'NONE',  ( 14.59110056106152300, -3.279037644069180900, -5.602217234644990100 ) ) ;
#1977 = VERTEX_POINT ( 'NONE', #5175 ) ;
#1978 = PLANE ( 'NONE',  #5392 ) ;
#1979 = CARTESIAN_POINT ( 'NONE',  ( 0.0000000000000000000, 0.0000000000000000000, -5.700000000000000200 ) ) ;
#1980 = CYLINDRICAL_SURFACE ( 'NONE', #2891, 15.02845821440191400 ) ;
#1981 = CARTESIAN_POINT ( 'NONE',  ( 14.33742898506702800, -3.221138762210170800, -5.943085793353259500 ) ) ;
#1982 = EDGE_CURVE ( 'NONE', #6141, #645, #2193, .T. ) ;
#1983 = DIRECTION ( 'NONE',  ( 1.000000000000000000, 0.0000000000000000000, 0.0000000000000000000 ) ) ;
#1984 = CARTESIAN_POINT ( 'NONE',  ( 0.0000000000000000000, 0.0000000000000000000, 5.475000000000000500 ) ) ;
#1985 = ORIENTED_EDGE ( 'NONE', *, *, #3575, .F. ) ;
#1986 = ORIENTED_EDGE ( 'NONE', *, *, #4584, .T. ) ;
#1987 = CARTESIAN_POINT ( 'NONE',  ( 15.02845821440191400, 0.0000000000000000000, 6.000000000000000000 ) ) ;
#1988 = CARTESIAN_POINT ( 'NONE',  ( -11.51429482030820900, 9.246296111327026800, 5.925963813471787100 ) ) ;
#1989 = DIRECTION ( 'NONE',  ( -0.0000000000000000000, -0.0000000000000000000, 1.000000000000000000 ) ) ;
#1990 = ORIENTED_EDGE ( 'NONE', *, *, #5705, .F. ) ;
#1991 = ORIENTED_EDGE ( 'NONE', *, *, #4890, .F. ) ;
#1992 = EDGE_LOOP ( 'NONE', ( #2664, #665, #5122, #3312, #1606, #2875 ) ) ;
#1993 = CARTESIAN_POINT ( 'NONE',  ( 14.31753241785419900, -3.216597500581077600, 5.926874626044847700 ) ) ;
#1994 = ORIENTED_EDGE ( 'NONE', *, *, #2421, .T. ) ;
#1995 = DIRECTION ( 'NONE',  ( -1.000000000000000000, 0.0000000000000000000, 0.0000000000000000000 ) ) ;
#1996 = AXIS2_PLACEMENT_3D ( 'NONE', #746, #4668, #3628 ) ;
#1997 = ORIENTED_EDGE ( 'NONE', *, *, #1026, .F. ) ;
#1998 = DIRECTION ( 'NONE',  ( -0.0000000000000000000, -0.0000000000000000000, 1.000000000000000000 ) ) ;
#1999 = CARTESIAN_POINT ( 'NONE',  ( 14.41235198649029500, -3.238239448366755400, -5.919740685676537800 ) ) ;
#2000 = EDGE_LOOP ( 'NONE', ( #2095, #2593, #5067, #3856 ) ) ;
#2001 = CARTESIAN_POINT ( 'NONE',  ( 0.0000000000000000000, 0.0000000000000000000, 5.700000000000000200 ) ) ;
#2002 = CARTESIAN_POINT ( 'NONE',  ( 0.0000000000000000000, 0.0000000000000000000, -6.000000000000000000 ) ) ;
#2003 = CARTESIAN_POINT ( 'NONE',  ( 0.0000000000000000000, 0.0000000000000000000, -5.411869347303862400 ) ) ;
#2004 = ADVANCED_FACE ( 'NONE', ( #4988 ), #2886, .F. ) ;
#2005 = DIRECTION ( 'NONE',  ( -0.9749279121818257300, -0.2225209339563051800, -0.0000000000000000000 ) ) ;
#2007 = CARTESIAN_POINT ( 'NONE',  ( 0.05000000000000006500, 14.69405841870249000, -5.942348470219661400 ) ) ;
#2006 = PLANE ( 'NONE',  #3973 ) ;
#2008 = AXIS2_PLACEMENT_3D ( 'NONE', #2209, #5148, #2305 ) ;
#2009 = EDGE_CURVE ( 'NONE', #3918, #1296, #276, .T. ) ;
#2010 = CARTESIAN_POINT ( 'NONE',  ( 14.31647776555281100, -3.216356783075535300, 5.925578038978351900 ) ) ;
#2011 = DIRECTION ( 'NONE',  ( 1.000000000000000000, 0.0000000000000000000, 0.0000000000000000000 ) ) ;
#2012 = CALENDAR_DATE ( 2023, 11, 7 ) ;
#2013 = EDGE_CURVE ( 'NONE', #242, #1109, #525, .T. ) ;
#2014 = CARTESIAN_POINT ( 'NONE',  ( 0.0000000000000000000, 0.0000000000000000000, 4.845955988548011500 ) ) ;
#2015 = CARTESIAN_POINT ( 'NONE',  ( -14.31353580660732300, 0.0000000000000000000, 5.351869347303861900 ) ) ;
#2016 = DIRECTION ( 'NONE',  ( -0.0000000000000000000, -0.0000000000000000000, 1.000000000000000000 ) ) ;
#2017 = CARTESIAN_POINT ( 'NONE',  ( -6.507342753248092700, -13.39739821840120900, -5.707623739869334600 ) ) ;
#2018 = AXIS2_PLACEMENT_3D ( 'NONE', #2801, #2235, #3197 ) ;
#2019 = EDGE_CURVE ( 'NONE', #5473, #514, #4233, .T. ) ;
#2020 = ORIENTED_EDGE ( 'NONE', *, *, #6245, .F. ) ;
#2021 = CARTESIAN_POINT ( 'NONE',  ( 14.56884846766589100, -3.376530435287362900, -5.602217234644991000 ) ) ;
#2023 = CARTESIAN_POINT ( 'NONE',  ( 0.05000000000000005800, 14.72695472751185300, -5.948453804110887900 ) ) ;
#2022 = CARTESIAN_POINT ( 'NONE',  ( -7.875000000000001800, 9.644093543285408700E-016, -1.178722544179328000E-015 ) ) ;
#2024 = B_SPLINE_CURVE_WITH_KNOTS ( 'NONE', 3,
 ( #5548, #2657, #5201, #2298, #1761, #2803, #6145, #317, #3259, #4185, #369, #6124, #5698, #3233, #1293, #6158, #4206, #4168, #1310, #3280, #767, #751, #2265, #1262, #2755 ),
 .UNSPECIFIED., .F., .F.,
 ( 4, 3, 3, 3, 3, 3, 3, 3, 4 ),
 ( 0.0003576089778190603000, 0.0003626343305416549400, 0.0003751336018887001600, 0.0003952800579771956600, 0.0004154265102964921700, 0.0004355730134115567200, 0.0004557195170136903700, 0.0004758659491588545000, 0.0004773643735645420700 ),
 .UNSPECIFIED. ) ;
#2025 = VECTOR ( 'NONE', #2588, 1000.000000000000000 ) ;
#2026 = EDGE_LOOP ( 'NONE', ( #3119, #5723, #3031, #4849 ) ) ;
#2027 = CARTESIAN_POINT ( 'NONE',  ( 14.55750222585390400, 1.782779850447245300E-015, 4.845955988548011500 ) ) ;
#2028 = CIRCLE ( 'NONE', #2992, 14.01368909232457900 ) ;
#2029 = AXIS2_PLACEMENT_3D ( 'NONE', #3436, #563, #55 ) ;
#2031 = VERTEX_POINT ( 'NONE', #4184 ) ;
#2030 = EDGE_LOOP ( 'NONE', ( #551, #1325, #2932, #577 ) ) ;
#2032 = CARTESIAN_POINT ( 'NONE',  ( -6.454273469691978300, -13.51767520269242200, 5.559811490052914500 ) ) ;
#2033 = VERTEX_POINT ( 'NONE', #4165 ) ;
#2034 = FACE_OUTER_BOUND ( 'NONE', #3940, .T. ) ;
#2035 = CARTESIAN_POINT ( 'NONE',  ( 14.37619476952972300, -3.229986799543396200, -5.947141906180246600 ) ) ;
#2036 = VECTOR ( 'NONE', #5924, 1000.000000000000000 ) ;
#2038 = ORIENTED_EDGE ( 'NONE', *, *, #1368, .T. ) ;
#2037 = ORIENTED_EDGE ( 'NONE', *, *, #1154, .T. ) ;
#2039 = CARTESIAN_POINT ( 'NONE',  ( -15.02845821440191200, 1.840455324838704800E-015, 6.000000000000000000 ) ) ;
#2040 = AXIS2_PLACEMENT_3D ( 'NONE', #4682, #2248, #5170 ) ;
#2041 = FACE_BOUND ( 'NONE', #672, .T. ) ;
#2042 = EDGE_CURVE ( 'NONE', #4582, #3720, #811, .T. ) ;
#2043 = CIRCLE ( 'NONE', #1957, 15.82672910720095800 ) ;
#2044 = VECTOR ( 'NONE', #1240, 1000.000000000000000 ) ;
#2045 = DIRECTION ( 'NONE',  ( -1.000000000000000000, -3.552713678800500900E-015, 0.0000000000000000000 ) ) ;
#2047 = EDGE_LOOP ( 'NONE', ( #1952, #800 ) ) ;
#2046 = EDGE_LOOP ( 'NONE', ( #3562, #4418, #2118, #5524 ) ) ;
#2048 = LINE ( 'NONE', #554, #5759 ) ;
#2049 = LINE ( 'NONE', #2471, #5446 ) ;
#2050 = EDGE_CURVE ( 'NONE', #3473, #362, #3511, .T. ) ;
#2051 = VERTEX_POINT ( 'NONE', #6071 ) ;
#2052 = CARTESIAN_POINT ( 'NONE',  ( 11.44616253417591900, 9.191962426212535700, 5.933060780161923700 ) ) ;
#2053 = DIRECTION ( 'NONE',  ( 1.000000000000000000, 0.0000000000000000000, 0.0000000000000000000 ) ) ;
#2054 = ORIENTED_EDGE ( 'NONE', *, *, #4133, .F. ) ;
#2055 = B_SPLINE_CURVE_WITH_KNOTS ( 'NONE', 3,
 ( #5543, #4021, #4536, #4585, #1647, #5024, #1116, #4081, #6010, #5994, #1692, #5071, #4513, #1612, #4994, #1235, #1795, #6092, #2259, #5581, #3195, #5669, #275, #3148, #1286 ),
 .UNSPECIFIED., .F., .F.,
 ( 4, 3, 3, 3, 3, 3, 3, 3, 4 ),
 ( 0.0003576089778190656600, 0.0003626343305416600400, 0.0003751336018887042300, 0.0003952800579771989100, 0.0004154265102964958600, 0.0004355730134115603500, 0.0004557195170136940000, 0.0004758659491588589400, 0.0004773643735645467900 ),
 .UNSPECIFIED. ) ;
#2056 = ORIENTED_EDGE ( 'NONE', *, *, #1982, .T. ) ;
#2057 = VERTEX_POINT ( 'NONE', #315 ) ;
#2058 = EDGE_CURVE ( 'NONE', #3537, #2031, #6113, .T. ) ;
#2059 = CARTESIAN_POINT ( 'NONE',  ( -11.74254790242756900, 9.300417069478617900, -5.559811490052914500 ) ) ;
#2060 = CARTESIAN_POINT ( 'NONE',  ( -6.544370356482220400, -13.47428682878066500, -5.559811490052915400 ) ) ;
#2061 = CARTESIAN_POINT ( 'NONE',  ( 0.0000000000000000000, 0.0000000000000000000, 6.000000000000000900 ) ) ;
#2062 = ORIENTED_EDGE ( 'NONE', *, *, #1220, .F. ) ;
#2063 = CARTESIAN_POINT ( 'NONE',  ( -11.43926598975198900, 9.186462615559472400, 5.922851331036797600 ) ) ;
#2064 = DIRECTION ( 'NONE',  ( 0.0000000000000000000, 0.0000000000000000000, 1.000000000000000000 ) ) ;
#2065 = ORIENTED_EDGE ( 'NONE', *, *, #739, .F. ) ;
#2066 = AXIS2_PLACEMENT_3D ( 'NONE', #4726, #3216, #4781 ) ;
#2067 = ORIENTED_EDGE ( 'NONE', *, *, #1773, .T. ) ;
#2068 = DIRECTION ( 'NONE',  ( 1.355252715606888900E-016, -1.000000000000000000, 0.0000000000000000000 ) ) ;
#2069 = DIRECTION ( 'NONE',  ( -0.2225209339563050400, 0.9749279121818257300, 0.0000000000000000000 ) ) ;
#2070 = CARTESIAN_POINT ( 'NONE',  ( -11.56563627272795500, 9.159334752609355600, 5.939165479577829000 ) ) ;
#2071 = AXIS2_PLACEMENT_3D ( 'NONE', #5408, #93, #1512 ) ;
#2072 = DIRECTION ( 'NONE',  ( -0.9009688679024158200, 0.4338837391175651700, 0.0000000000000000000 ) ) ;
#2073 = CARTESIAN_POINT ( 'NONE',  ( -11.51101098809974500, 9.243677342527222500, -5.931203594297441500 ) ) ;
#2074 = CARTESIAN_POINT ( 'NONE',  ( -11.94286692422736700, -2.725881440964736900, -6.000769315822028800E-016 ) ) ;
#2075 = DIRECTION ( 'NONE',  ( 0.4338837391175653400, 0.9009688679024157000, 0.0000000000000000000 ) ) ;
#2076 = DIRECTION ( 'NONE',  ( -0.0000000000000000000, -0.0000000000000000000, 1.000000000000000000 ) ) ;
#2077 = EDGE_CURVE ( 'NONE', #1280, #1646, #3991, .T. ) ;
#2078 = CIRCLE ( 'NONE', #2964, 4.375000000000000000 ) ;
#2079 = CARTESIAN_POINT ( 'NONE',  ( 13.96570648593265000, -3.136295527498749600, 5.411869347303862400 ) ) ;
#2080 = PLANE ( 'NONE',  #1772 ) ;
#2081 = ADVANCED_FACE ( 'NONE', ( #5304 ), #4766, .T. ) ;
#2082 = EDGE_CURVE ( 'NONE', #3918, #5123, #5590, .T. ) ;
#2083 = CARTESIAN_POINT ( 'NONE',  ( 6.167633264981177800, -12.92246068449304100, -5.419470018189161700 ) ) ;
#2084 = FACE_OUTER_BOUND ( 'NONE', #5870, .T. ) ;
#2085 = TOROIDAL_SURFACE ( 'NONE', #6056, 12.25000000000000000, 4.374999999999999100 ) ;
#2086 = ORIENTED_EDGE ( 'NONE', *, *, #6155, .T. ) ;
#2087 = DIRECTION ( 'NONE',  ( -0.7818314824680222500, 0.6234898018587430300, 0.0000000000000000000 ) ) ;
#2088 = CONICAL_SURFACE ( 'NONE', #2336, 6.900000000000001200, 0.7853981633974536100 ) ;
#2089 = CARTESIAN_POINT ( 'NONE',  ( -14.64045625320915500, -3.392874445052934000, 5.353434673651931600 ) ) ;
#2090 = AXIS2_PLACEMENT_3D ( 'NONE', #5510, #5001, #147 ) ;
#2091 = EDGE_CURVE ( 'NONE', #5451, #5150, #91, .T. ) ;
#2092 = CARTESIAN_POINT ( 'NONE',  ( 0.0000000000000000000, 0.0000000000000000000, -5.787867965644033500 ) ) ;
#2093 = CARTESIAN_POINT ( 'NONE',  ( -11.17201305936064200, 8.973335515471527300, 5.434671360010760600 ) ) ;
#2095 = ORIENTED_EDGE ( 'NONE', *, *, #3130, .F. ) ;
#2094 = ORIENTED_EDGE ( 'NONE', *, *, #2127, .F. ) ;
#2096 = CARTESIAN_POINT ( 'NONE',  ( 0.0000000000000000000, 0.0000000000000000000, -5.475000000000000500 ) ) ;
#2097 = ORIENTED_EDGE ( 'NONE', *, *, #2653, .F. ) ;
#2098 = ORIENTED_EDGE ( 'NONE', *, *, #2748, .F. ) ;
#2099 = LINE ( 'NONE', #1900, #3156 ) ;
#2101 = VERTEX_POINT ( 'NONE', #6210 ) ;
#2100 = VERTEX_POINT ( 'NONE', #3255 ) ;
#2102 = ORIENTED_EDGE ( 'NONE', *, *, #938, .T. ) ;
#2103 = CARTESIAN_POINT ( 'NONE',  ( 11.44377779653351000, 9.190060661403249400, 5.930101898033889500 ) ) ;
#2104 = DIRECTION ( 'NONE',  ( -0.0000000000000000000, -0.0000000000000000000, 1.000000000000000000 ) ) ;
#2105 = CARTESIAN_POINT ( 'NONE',  ( 14.20344506330203200, -3.190557806394110200, -5.760124666611660300 ) ) ;
#2106 = AXIS2_PLACEMENT_3D ( 'NONE', #4852, #4822, #1929 ) ;
#2107 = FACE_OUTER_BOUND ( 'NONE', #2433, .T. ) ;
#2108 = CIRCLE ( 'NONE', #3150, 14.67132924350647700 ) ;
#2109 = CARTESIAN_POINT ( 'NONE',  ( -11.22187913163930500, 8.885197580352853600, 5.353434673651931600 ) ) ;
#2111 = ORIENTED_EDGE ( 'NONE', *, *, #945, .T. ) ;
#2110 = EDGE_LOOP ( 'NONE', ( #3535, #5302, #464, #1045 ) ) ;
#2112 = LINE ( 'NONE', #1848, #4687 ) ;
#2113 = CONICAL_SURFACE ( 'NONE', #2930, 14.72534932307735800, 0.6108652381980183000 ) ;
#2114 = CARTESIAN_POINT ( 'NONE',  ( -0.05000000000000001700, 15.02837503864021700, 5.475000000000000500 ) ) ;
#2115 = CARTESIAN_POINT ( 'NONE',  ( -11.78083122563843700, 9.330947000977268100, 5.475000000000000500 ) ) ;
#2116 = AXIS2_PLACEMENT_3D ( 'NONE', #4174, #5097, #1272 ) ;
#2117 = FACE_OUTER_BOUND ( 'NONE', #4637, .T. ) ;
#2118 = ORIENTED_EDGE ( 'NONE', *, *, #5929, .F. ) ;
#2119 = EDGE_CURVE ( 'NONE', #4213, #4396, #1517, .T. ) ;
#2120 = CARTESIAN_POINT ( 'NONE',  ( 0.0000000000000000000, 0.0000000000000000000, -5.411869347303862400 ) ) ;
#2121 = ADVANCED_FACE ( 'NONE', ( #3321 ), #2335, .T. ) ;
#2122 = CONICAL_SURFACE ( 'NONE', #176, 15.02845821440191200, 0.5235987755982992600 ) ;
#2123 = CARTESIAN_POINT ( 'NONE',  ( 11.51109749504158100, 9.115841528742027600, -5.935654072712593700 ) ) ;
#2124 = CARTESIAN_POINT ( 'NONE',  ( 6.361224608556511000, -13.09398076452216300, -5.760124666611660300 ) ) ;
#2125 = VERTEX_POINT ( 'NONE', #855 ) ;
#2126 = ORIENTED_EDGE ( 'NONE', *, *, #4111, .F. ) ;
#2127 = EDGE_CURVE ( 'NONE', #5116, #4631, #4314, .T. ) ;
#2128 = DIRECTION ( 'NONE',  ( -0.0000000000000000000, -0.0000000000000000000, 1.000000000000000000 ) ) ;
#2129 = CARTESIAN_POINT ( 'NONE',  ( 6.454533184868376200, -13.28773801971745500, -5.918436744855735100 ) ) ;
#2130 = CARTESIAN_POINT ( 'NONE',  ( 14.32040444177521900, -3.319824707626598300, -5.945295989391454800 ) ) ;
#2131 = ORIENTED_EDGE ( 'NONE', *, *, #3866, .T. ) ;
#2132 = ORIENTED_EDGE ( 'NONE', *, *, #1791, .F. ) ;
#2133 = ORIENTED_EDGE ( 'NONE', *, *, #1037, .T. ) ;
#2134 = EDGE_CURVE ( 'NONE', #356, #2051, #2877, .T. ) ;
#2135 = CARTESIAN_POINT ( 'NONE',  ( 0.0000000000000000000, 0.0000000000000000000, 6.000000000000000000 ) ) ;
#2136 = DIRECTION ( 'NONE',  ( 1.000000000000000000, 0.0000000000000000000, 0.0000000000000000000 ) ) ;
#2137 = CARTESIAN_POINT ( 'NONE',  ( 14.64045625320910900, -3.392874445053132100, 5.353434673651931600 ) ) ;
#2138 = DIRECTION ( 'NONE',  ( -0.0000000000000000000, -0.0000000000000000000, 1.000000000000000000 ) ) ;
#2139 = ORIENTED_EDGE ( 'NONE', *, *, #5010, .T. ) ;
#2140 = CARTESIAN_POINT ( 'NONE',  ( 0.0000000000000000000, 8.932094846991095200, -5.787867965644034400 ) ) ;
#2141 = PRODUCT_DEFINITION ( 'UNKNOWN', '', #4542, #34 ) ;
#2142 = CARTESIAN_POINT ( 'NONE',  ( 0.05000000000000006500, 14.68668037230853300, -5.938247467940449600 ) ) ;
#2143 = AXIS2_PLACEMENT_3D ( 'NONE', #3452, #1066, #3499 ) ;
#2144 = DIRECTION ( 'NONE',  ( 1.000000000000000000, 0.0000000000000000000, 0.0000000000000000000 ) ) ;
#2145 = DIRECTION ( 'NONE',  ( -0.4338837391175527400, 0.9009688679024217000, 0.0000000000000000000 ) ) ;
#2146 = DIRECTION ( 'NONE',  ( -0.7071067811865428000, 0.0000000000000000000, -0.7071067811865522400 ) ) ;
#2147 = ADVANCED_FACE ( 'NONE', ( #4767 ), #2576, .F. ) ;
#2148 = PLANE ( 'NONE',  #5912 ) ;
#2149 = AXIS2_PLACEMENT_3D ( 'NONE', #4403, #5587, #4640 ) ;
#2150 = EDGE_CURVE ( 'NONE', #527, #3397, #267, .T. ) ;
#2151 = CARTESIAN_POINT ( 'NONE',  ( 0.0000000000000000000, 0.0000000000000000000, -5.231869347303861800 ) ) ;
#2152 = CARTESIAN_POINT ( 'NONE',  ( 0.0000000000000000000, 17.60000000000001200, -6.000000000000000000 ) ) ;
#2153 = DIRECTION ( 'NONE',  ( 1.000000000000000000, 0.0000000000000000000, 0.0000000000000000000 ) ) ;
#2154 = CARTESIAN_POINT ( 'NONE',  ( 11.74254790242770200, 9.300417069478449200, -5.559811490052915400 ) ) ;
#2155 = DIRECTION ( 'NONE',  ( 0.0000000000000000000, 0.0000000000000000000, -1.000000000000000000 ) ) ;
#2156 = LOCAL_TIME ( 9, 11, 49.00000000000000000, #4441 ) ;
#2157 = EDGE_CURVE ( 'NONE', #3588, #6101, #3466, .T. ) ;
#2158 = DIRECTION ( 'NONE',  ( -0.1736481776669277800, 0.0000000000000000000, 0.9848077530122085800 ) ) ;
#2159 = ADVANCED_BREP_SHAPE_REPRESENTATION ( '6153K154_Stainless Steel Ball Bearing', ( #1904, #168, #4686, #2363, #2562, #3024, #4604, #5350, #6184, #837, #5991, #4126, #3491, #3885 ), #6142 ) ;
#2160 = ORIENTED_EDGE ( 'NONE', *, *, #2542, .T. ) ;
#2161 = CARTESIAN_POINT ( 'NONE',  ( -14.37211253610684000, -3.331626742730736900, -5.939165479577829900 ) ) ;
#2162 = CIRCLE ( 'NONE', #1543, 14.77243989039088300 ) ;
#2163 = ORIENTED_EDGE ( 'NONE', *, *, #2459, .T. ) ;
#2164 = EDGE_CURVE ( 'NONE', #5045, #3054, #5056, .T. ) ;
#2165 = DIRECTION ( 'NONE',  ( -1.000000000000000000, 0.0000000000000000000, 0.0000000000000000000 ) ) ;
#2166 = ORIENTED_EDGE ( 'NONE', *, *, #6256, .T. ) ;
#2167 = CIRCLE ( 'NONE', #2981, 8.461138858443082000 ) ;
#2169 = ORIENTED_EDGE ( 'NONE', *, *, #4886, .F. ) ;
#2168 = ORIENTED_EDGE ( 'NONE', *, *, #1495, .T. ) ;
#2170 = ORIENTED_EDGE ( 'NONE', *, *, #4562, .F. ) ;
#2171 = CARTESIAN_POINT ( 'NONE',  ( -15.02845821440191400, 1.840455324838705100E-015, -5.700000000000000200 ) ) ;
#2172 = AXIS2_PLACEMENT_3D ( 'NONE', #5367, #5774, #1481 ) ;
#2173 = ADVANCED_FACE ( 'NONE', ( #2041, #4073 ), #3380, .F. ) ;
#2174 = LINE ( 'NONE', #5490, #4599 ) ;
#2175 = AXIS2_PLACEMENT_3D ( 'NONE', #285, #6127, #5143 ) ;
#2176 = CARTESIAN_POINT ( 'NONE',  ( -18.50000000000000000, 2.265596578422603400E-015, 6.000000000000000000 ) ) ;
#2177 = CARTESIAN_POINT ( 'NONE',  ( -11.22187913163930500, 8.885197580352853600, -5.411869347303862400 ) ) ;
#2178 = CONICAL_SURFACE ( 'NONE', #5268, 15.02845821440191200, 0.5235987755982992600 ) ;
#2179 = CARTESIAN_POINT ( 'NONE',  ( -0.05000000000000005100, 14.76353545423297800, -5.930672822065825600 ) ) ;
#2181 = ORIENTED_EDGE ( 'NONE', *, *, #3096, .T. ) ;
#2180 = ORIENTED_EDGE ( 'NONE', *, *, #4854, .T. ) ;
#2182 = DIRECTION ( 'NONE',  ( 0.2225209339563182200, 0.9749279121818227300, -0.0000000000000000000 ) ) ;
#2183 = DIRECTION ( 'NONE',  ( -1.000000000000000000, 0.0000000000000000000, 0.0000000000000000000 ) ) ;
#2184 = FACE_OUTER_BOUND ( 'NONE', #4027, .T. ) ;
#2185 = CIRCLE ( 'NONE', #1302, 15.02845821440191200 ) ;
#2186 = FACE_OUTER_BOUND ( 'NONE', #587, .T. ) ;
#2187 = CARTESIAN_POINT ( 'NONE',  ( -14.63883908524365800, -3.289933650690561400, 5.517405745169836200 ) ) ;
#2188 = CARTESIAN_POINT ( 'NONE',  ( 6.255420988009150900, -12.87427728262074600, -5.353434673651931600 ) ) ;
#2189 = CARTESIAN_POINT ( 'NONE',  ( 18.50000000000000000, 2.265596578422603400E-015, 5.100000000000001400 ) ) ;
#2191 = ORIENTED_EDGE ( 'NONE', *, *, #2134, .T. ) ;
#2190 = VERTEX_POINT ( 'NONE', #3446 ) ;
#2192 = AXIS2_PLACEMENT_3D ( 'NONE', #2683, #3144, #6121 ) ;
#2193 = LINE ( 'NONE', #642, #4154 ) ;
#2194 = VECTOR ( 'NONE', #1294, 999.9999999999998900 ) ;
#2195 = CARTESIAN_POINT ( 'NONE',  ( 0.0000000000000000000, 0.0000000000000000000, -5.353434673651931600 ) ) ;
#2196 = ORIENTED_EDGE ( 'NONE', *, *, #5998, .F. ) ;
#2197 = VERTEX_POINT ( 'NONE', #2444 ) ;
#2198 = CARTESIAN_POINT ( 'NONE',  ( -14.66270834660478600, -3.295381653834751600, -5.475000000000000500 ) ) ;
#2199 = EDGE_CURVE ( 'NONE', #514, #6112, #1195, .T. ) ;
#2200 = ORIENTED_EDGE ( 'NONE', *, *, #2867, .F. ) ;
#2201 = ORIENTED_EDGE ( 'NONE', *, *, #3253, .T. ) ;
#2202 = CARTESIAN_POINT ( 'NONE',  ( 11.35018168790262600, 9.115420255467171300, -5.760124666611660300 ) ) ;
#2203 = PLANE ( 'NONE',  #2627 ) ;
#2204 = CARTESIAN_POINT ( 'NONE',  ( -6.454533184872562200, -13.28773801972567300, -5.918436744863155000 ) ) ;
#2205 = CARTESIAN_POINT ( 'NONE',  ( 14.72534932307735800, 0.0000000000000000000, 6.000000000000000900 ) ) ;
#2206 = CLOSED_SHELL ( 'NONE', ( #872, #1012, #3658, #1222, #680, #166, #4022, #1702, #3516, #538, #561, #1245, #5062, #4685, #4724, #1134, #1584, #4823, #4280, #1614, #3702, #6234, #3829, #1036, #6093, #2242, #2233, #6106, #104, #3164, #3393, #5616, #736, #1677, #4483, #1075, #2081, #250, #3132, #3265, #3072, #2545, #3493, #1361, #3202, #5157, #437, #3760, #806, #1634, #2380, #2276 ) ) ;
#2207 = EDGE_CURVE ( 'NONE', #5738, #1947, #4495, .T. ) ;
#2208 = CARTESIAN_POINT ( 'NONE',  ( -8.249006824087119900, 1.023201321169828800E-015, -6.000000000000000000 ) ) ;
#2209 = CARTESIAN_POINT ( 'NONE',  ( 0.0000000000000000000, 0.0000000000000000000, 5.411869347303862400 ) ) ;
#2210 = ORIENTED_EDGE ( 'NONE', *, *, #3816, .F. ) ;
#2211 = ADVANCED_FACE ( 'NONE', ( #5218 ), #125, .T. ) ;
#2212 = EDGE_LOOP ( 'NONE', ( #2253, #1003, #3086, #1830 ) ) ;
#2213 = CARTESIAN_POINT ( 'NONE',  ( 6.341745285424243800, -13.28400802034351200, -5.948810452728518600 ) ) ;
#2214 = EDGE_LOOP ( 'NONE', ( #1975, #2907, #3174, #7, #4380, #3038 ) ) ;
#2215 = EDGE_CURVE ( 'NONE', #5597, #2497, #5064, .T. ) ;
#2216 = DIRECTION ( 'NONE',  ( -0.7818314824680222500, 0.6234898018587430300, 0.0000000000000000000 ) ) ;
#2217 = DIRECTION ( 'NONE',  ( -0.0000000000000000000, -0.0000000000000000000, 1.000000000000000000 ) ) ;
#2218 = CARTESIAN_POINT ( 'NONE',  ( -0.05000000000000002400, 14.95492572546693200, -5.602217234644990100 ) ) ;
#2219 = CARTESIAN_POINT ( 'NONE',  ( 0.0000000000000000000, 0.0000000000000000000, 6.000000000000000000 ) ) ;
#2220 = CARTESIAN_POINT ( 'NONE',  ( 0.0000000000000000000, 0.0000000000000000000, -5.351869347303861900 ) ) ;
#2221 = CARTESIAN_POINT ( 'NONE',  ( -11.78083122563843700, 9.330947000977268100, -5.475000000000000500 ) ) ;
#2222 = AXIS2_PLACEMENT_3D ( 'NONE', #1638, #1246, #4644 ) ;
#2223 = CARTESIAN_POINT ( 'NONE',  ( -14.35394267613413500, -3.327479590761384100, -5.947141906180245700 ) ) ;
#2224 = CARTESIAN_POINT ( 'NONE',  ( 0.0000000000000000000, 0.0000000000000000000, 5.787867965644034400 ) ) ;
#2225 = CARTESIAN_POINT ( 'NONE',  ( 11.22187913163943300, 8.885197580352695500, -5.411869347303862400 ) ) ;
#2226 = CARTESIAN_POINT ( 'NONE',  ( 0.0000000000000000000, 0.0000000000000000000, 5.999999999999999100 ) ) ;
#2227 = LOCAL_TIME ( 9, 11, 49.00000000000000000, #1940 ) ;
#2228 = EDGE_CURVE ( 'NONE', #1716, #4592, #3768, .T. ) ;
#2229 = CARTESIAN_POINT ( 'NONE',  ( 13.94345439253701700, -3.233788318716931600, 5.411869347303862400 ) ) ;
#2230 = DIRECTION ( 'NONE',  ( -0.0000000000000000000, -0.0000000000000000000, -1.000000000000000000 ) ) ;
#2231 = CIRCLE ( 'NONE', #777, 8.461138858443082000 ) ;
#2232 = CIRCLE ( 'NONE', #3274, 14.31353580660732300 ) ;
#2233 = ADVANCED_FACE ( 'NONE', ( #1436 ), #3998, .T. ) ;
#2234 = DIRECTION ( 'NONE',  ( -0.0000000000000000000, -0.0000000000000000000, 1.000000000000000000 ) ) ;
#2235 = DIRECTION ( 'NONE',  ( -0.0000000000000000000, -0.0000000000000000000, 1.000000000000000000 ) ) ;
#2236 = CARTESIAN_POINT ( 'NONE',  ( -13.94345439253706200, -3.233788318716743800, -5.411869347303862400 ) ) ;
#2237 = ORIENTED_EDGE ( 'NONE', *, *, #5339, .F. ) ;
#2238 = EDGE_CURVE ( 'NONE', #3473, #5877, #582, .T. ) ;
#2239 = VECTOR ( 'NONE', #2155, 1000.000000000000000 ) ;
#2240 = PLANE ( 'NONE',  #300 ) ;
#2241 = B_SPLINE_CURVE_WITH_KNOTS ( 'NONE', 3,
 ( #4269, #1411, #900, #5725, #3376, #432, #481 ),
 .UNSPECIFIED., .F., .F.,
 ( 4, 3, 4 ),
 ( 0.0006677669885724646400, 0.001263725857711639600, 0.001291562031208902200 ),
 .UNSPECIFIED. ) ;
#2242 = ADVANCED_FACE ( 'NONE', ( #1266 ), #2646, .T. ) ;
#2244 = ORIENTED_EDGE ( 'NONE', *, *, #3654, .T. ) ;
#2243 = ORIENTED_EDGE ( 'NONE', *, *, #739, .T. ) ;
#2245 = ORIENTED_EDGE ( 'NONE', *, *, #3517, .T. ) ;
#2246 = DIRECTION ( 'NONE',  ( 0.0000000000000000000, 0.0000000000000000000, 1.000000000000000000 ) ) ;
#2247 = DIRECTION ( 'NONE',  ( 0.0000000000000000000, 0.0000000000000000000, -1.000000000000000000 ) ) ;
#2249 = CARTESIAN_POINT ( 'NONE',  ( 11.56041410172134200, 9.155170210199116800, 5.942898760672944600 ) ) ;
#2248 = DIRECTION ( 'NONE',  ( -0.0000000000000000000, -0.0000000000000000000, 1.000000000000000000 ) ) ;
#2250 = FACE_OUTER_BOUND ( 'NONE', #2046, .T. ) ;
#2251 = EDGE_CURVE ( 'NONE', #181, #1602, #1728, .T. ) ;
#2253 = ORIENTED_EDGE ( 'NONE', *, *, #2772, .T. ) ;
#2252 = EDGE_LOOP ( 'NONE', ( #3103, #3837 ) ) ;
#2254 = VERTEX_POINT ( 'NONE', #4632 ) ;
#2255 = LINE ( 'NONE', #638, #4074 ) ;
#2256 = CIRCLE ( 'NONE', #2527, 17.60000000000001200 ) ;
#2258 = VERTEX_POINT ( 'NONE', #2198 ) ;
#2257 = ORIENTED_EDGE ( 'NONE', *, *, #41, .T. ) ;
#2259 = CARTESIAN_POINT ( 'NONE',  ( -14.37718465212133800, -3.332784420112395300, 5.934919143280428200 ) ) ;
#2260 = AXIS2_PLACEMENT_3D ( 'NONE', #5069, #1219, #228 ) ;
#2261 = VECTOR ( 'NONE', #3662, 1000.000000000000000 ) ;
#2262 = CARTESIAN_POINT ( 'NONE',  ( 11.15953015145355900, 8.963380728599498000, -5.411869347303862400 ) ) ;
#2263 = DIRECTION ( 'NONE',  ( -0.5000000000000014400, 0.0000000000000000000, -0.8660254037844379300 ) ) ;
#2264 = SPHERICAL_SURFACE ( 'NONE', #4016, 4.375000000000000000 ) ;
#2265 = CARTESIAN_POINT ( 'NONE',  ( 6.454311393734732500, -13.28727746568287500, 5.919309338810702300 ) ) ;
#2266 = LINE ( 'NONE', #4971, #1122 ) ;
#2267 = CARTESIAN_POINT ( 'NONE',  ( -6.448238101519618400, -13.27466614445008200, -5.935790468940135500 ) ) ;
#2268 = ORIENTED_EDGE ( 'NONE', *, *, #3288, .T. ) ;
#2269 = CARTESIAN_POINT ( 'NONE',  ( -6.410662666309396400, -13.19663994925053700, 5.922851331036797600 ) ) ;
#2270 = LINE ( 'NONE', #4677, #68 ) ;
#2271 = DIRECTION ( 'NONE',  ( 1.000000000000000000, 0.0000000000000000000, 0.0000000000000000000 ) ) ;
#2272 = CARTESIAN_POINT ( 'NONE',  ( -16.03886114155692200, 1.964193995897654400E-015, 2.187499999999999600 ) ) ;
#2274 = CARTESIAN_POINT ( 'NONE',  ( 11.54517133694310600, 9.143014510915479700, 5.948453804110887900 ) ) ;
#2273 = DIRECTION ( 'NONE',  ( 0.0000000000000000000, 0.0000000000000000000, -1.000000000000000000 ) ) ;
#2275 = ORIENTED_EDGE ( 'NONE', *, *, #3946, .T. ) ;
#2276 = ADVANCED_FACE ( 'NONE', ( #3929 ), #3683, .T. ) ;
#2277 = ORIENTED_EDGE ( 'NONE', *, *, #3136, .T. ) ;
#2278 = VERTEX_POINT ( 'NONE', #2279 ) ;
#2279 = CARTESIAN_POINT ( 'NONE',  ( -13.94345439253706200, -3.233788318716743800, -5.411869347303862400 ) ) ;
#2280 = ADVANCED_FACE ( 'NONE', ( #6027 ), #2506, .F. ) ;
#2281 = EDGE_CURVE ( 'NONE', #1733, #3672, #441, .T. ) ;
#2282 = DIRECTION ( 'NONE',  ( 1.000000000000000000, 0.0000000000000000000, 0.0000000000000000000 ) ) ;
#2283 = CARTESIAN_POINT ( 'NONE',  ( 0.0000000000000000000, 0.0000000000000000000, 5.999999999999999100 ) ) ;
#2284 = ORIENTED_EDGE ( 'NONE', *, *, #5347, .F. ) ;
#2285 = CARTESIAN_POINT ( 'NONE',  ( -11.57377130074511000, 9.165822220970845500, -5.930672822065825600 ) ) ;
#2286 = B_SPLINE_CURVE_WITH_KNOTS ( 'NONE', 3,
 ( #4364, #4732, #5753, #4356, #1901, #1599, #2177 ),
 .UNSPECIFIED., .F., .F.,
 ( 4, 3, 4 ),
 ( 0.0006677669885724656200, 0.001263725857711639600, 0.001291562031208903500 ),
 .UNSPECIFIED. ) ;
#2287 = DIRECTION ( 'NONE',  ( 1.000000000000000000, 0.0000000000000000000, 0.0000000000000000000 ) ) ;
#2288 = ORIENTED_EDGE ( 'NONE', *, *, #4160, .T. ) ;
#2289 = EDGE_CURVE ( 'NONE', #1594, #5045, #3780, .T. ) ;
#2290 = CARTESIAN_POINT ( 'NONE',  ( -14.38162286591321900, -3.231225727121085400, 5.945518194124296900 ) ) ;
#2292 = CARTESIAN_POINT ( 'NONE',  ( 11.52935016334902600, 9.130397545993311300, 5.947242360947049300 ) ) ;
#2291 = CARTESIAN_POINT ( 'NONE',  ( 6.360381249788653200, -13.32270599909196700, 5.931203594297441500 ) ) ;
#2293 = CARTESIAN_POINT ( 'NONE',  ( 17.60000000000001200, 0.0000000000000000000, -6.000000000000000000 ) ) ;
#2294 = AXIS2_PLACEMENT_3D ( 'NONE', #59, #1956, #509 ) ;
#2295 = DIRECTION ( 'NONE',  ( 0.6234898018587431400, 0.7818314824680221400, 0.0000000000000000000 ) ) ;
#2296 = CARTESIAN_POINT ( 'NONE',  ( 11.61347748670808300, 9.325391648419058700, 5.707623739868810600 ) ) ;
#2297 = DIRECTION ( 'NONE',  ( 0.0000000000000000000, 0.0000000000000000000, -1.000000000000000000 ) ) ;
#2298 = CARTESIAN_POINT ( 'NONE',  ( 6.411998257931616200, -13.19941333383163200, 5.926874626044847700 ) ) ;
#2299 = CARTESIAN_POINT ( 'NONE',  ( -11.54575152195469600, 9.143477193023118200, -5.948368030137143800 ) ) ;
#2300 = AXIS2_PLACEMENT_3D ( 'NONE', #436, #365, #3744 ) ;
#2301 = CC_DESIGN_PERSON_AND_ORGANIZATION_ASSIGNMENT ( #2999, #2454, ( #2141 ) ) ;
#2302 = CARTESIAN_POINT ( 'NONE',  ( 0.05000000000000001700, 15.00389193474824800, -5.517405745169836200 ) ) ;
#2303 = ADVANCED_FACE ( 'NONE', ( #4469 ), #4916, .F. ) ;
#2304 = DIRECTION ( 'NONE',  ( 0.0000000000000000000, 0.0000000000000000000, -1.000000000000000000 ) ) ;
#2305 = DIRECTION ( 'NONE',  ( 1.000000000000000000, 0.0000000000000000000, 0.0000000000000000000 ) ) ;
#2306 = VECTOR ( 'NONE', #1466, 999.9999999999998900 ) ;
#2307 = DIRECTION ( 'NONE',  ( 1.000000000000000000, 0.0000000000000000000, 0.0000000000000000000 ) ) ;
#2308 = ORIENTED_EDGE ( 'NONE', *, *, #4639, .F. ) ;
#2309 = DIRECTION ( 'NONE',  ( 1.000000000000000000, 0.0000000000000000000, 0.0000000000000000000 ) ) ;
#2310 = AXIS2_PLACEMENT_3D ( 'NONE', #5707, #1317, #3799 ) ;
#2311 = FACE_OUTER_BOUND ( 'NONE', #6018, .T. ) ;
#2312 = EDGE_CURVE ( 'NONE', #368, #976, #3610, .T. ) ;
#2313 = CARTESIAN_POINT ( 'NONE',  ( -0.05000000000000011400, 14.31344847641650600, 5.411869347303862400 ) ) ;
#2314 = VERTEX_POINT ( 'NONE', #4181 ) ;
#2315 = ORIENTED_EDGE ( 'NONE', *, *, #3266, .F. ) ;
#2316 = CARTESIAN_POINT ( 'NONE',  ( -14.32184572756718000, -3.217581985375885400, -5.932026979673796800 ) ) ;
#2317 = LINE ( 'NONE', #3042, #1640 ) ;
#2318 = CARTESIAN_POINT ( 'NONE',  ( -16.03886114155692200, 1.964193995897654400E-015, 6.000000000000000000 ) ) ;
#2319 = CARTESIAN_POINT ( 'NONE',  ( 0.0000000000000000000, 6.900000000000001200, 6.000000000000000000 ) ) ;
#2321 = ORIENTED_EDGE ( 'NONE', *, *, #5085, .T. ) ;
#2320 = ORIENTED_EDGE ( 'NONE', *, *, #1518, .F. ) ;
#2322 = EDGE_CURVE ( 'NONE', #468, #5961, #2717, .T. ) ;
#2323 = CARTESIAN_POINT ( 'NONE',  ( -6.434834626383066700, -13.24683354154060300, -5.948453804110887900 ) ) ;
#2324 = ORIENTED_EDGE ( 'NONE', *, *, #3710, .T. ) ;
#2325 = CARTESIAN_POINT ( 'NONE',  ( -11.50612677671925300, 9.111877513156610300, -5.930101898033889500 ) ) ;
#2326 = B_SPLINE_CURVE_WITH_KNOTS ( 'NONE', 3,
 ( #487, #467, #4737, #1916, #2394, #6212, #1419 ),
 .UNSPECIFIED., .F., .F.,
 ( 4, 3, 4 ),
 ( 0.001465605684353203300, 0.001830745039545445400, 0.001977643053134278500 ),
 .UNSPECIFIED. ) ;
#2327 = CIRCLE ( 'NONE', #1020, 14.77243989039088300 ) ;
#2328 = CARTESIAN_POINT ( 'NONE',  ( 0.0000000000000000000, 0.0000000000000000000, -5.353434673651931600 ) ) ;
#2329 = CIRCLE ( 'NONE', #2479, 6.900000000000001200 ) ;
#2330 = DIRECTION ( 'NONE',  ( 0.0000000000000000000, 0.0000000000000000000, 1.000000000000000000 ) ) ;
#2331 = DIRECTION ( 'NONE',  ( -0.0000000000000000000, -0.0000000000000000000, 1.000000000000000000 ) ) ;
#2332 = CARTESIAN_POINT ( 'NONE',  ( 11.57947880147671200, 9.170373800921057100, 5.921068843291818600 ) ) ;
#2334 = ORIENTED_EDGE ( 'NONE', *, *, #237, .T. ) ;
#2333 = ORIENTED_EDGE ( 'NONE', *, *, #3141, .F. ) ;
#2335 = TOROIDAL_SURFACE ( 'NONE', #4261, 14.72047836616381700, 0.05999999999999999800 ) ;
#2336 = AXIS2_PLACEMENT_3D ( 'NONE', #2283, #3211, #5672 ) ;
#2337 = FACE_OUTER_BOUND ( 'NONE', #4460, .T. ) ;
#2338 = EDGE_CURVE ( 'NONE', #5770, #3765, #5751, .T. ) ;
#2339 = CARTESIAN_POINT ( 'NONE',  ( -11.15953015145343100, 8.963380728599656100, 6.000000000000000000 ) ) ;
#2340 = CIRCLE ( 'NONE', #4006, 14.33469504429233900 ) ;
#2342 = ORIENTED_EDGE ( 'NONE', *, *, #4512, .F. ) ;
#2341 = ORIENTED_EDGE ( 'NONE', *, *, #1402, .T. ) ;
#2343 = CARTESIAN_POINT ( 'NONE',  ( 0.0000000000000000000, 0.0000000000000000000, 5.353434673651931600 ) ) ;
#2344 = CARTESIAN_POINT ( 'NONE',  ( 0.0000000000000000000, 0.0000000000000000000, 5.353434673651931600 ) ) ;
#2345 = FACE_OUTER_BOUND ( 'NONE', #1440, .T. ) ;
#2346 = CARTESIAN_POINT ( 'NONE',  ( 13.96570648593265000, -3.136295527498749600, -5.411869347303862400 ) ) ;
#2347 = ADVANCED_FACE ( 'NONE', ( #1886 ), #2799, .T. ) ;
#2348 = FACE_BOUND ( 'NONE', #1289, .T. ) ;
#2349 = ORIENTED_EDGE ( 'NONE', *, *, #2554, .T. ) ;
#2350 = ORIENTED_EDGE ( 'NONE', *, *, #1556, .T. ) ;
#2351 = AXIS2_PLACEMENT_3D ( 'NONE', #1832, #6218, #861 ) ;
#2352 = CARTESIAN_POINT ( 'NONE',  ( -6.360609522082224700, -13.32318001139334200, 5.930672822065825600 ) ) ;
#2353 = CARTESIAN_POINT ( 'NONE',  ( 14.73803013479898500, -3.415145046796938600, 5.353434673651931600 ) ) ;
#2354 = CARTESIAN_POINT ( 'NONE',  ( 15.02845821440191200, 0.0000000000000000000, 6.000000000000000000 ) ) ;
#2355 = CARTESIAN_POINT ( 'NONE',  ( -11.51997743094284100, 9.122923041318530900, -5.943085793353259500 ) ) ;
#2356 = VERTEX_POINT ( 'NONE', #805 ) ;
#2357 = ORIENTED_EDGE ( 'NONE', *, *, #2322, .T. ) ;
#2358 = VERTEX_POINT ( 'NONE', #1233 ) ;
#2359 = PERSON_AND_ORGANIZATION_ROLE ( 'design_owner' ) ;
#2360 = CARTESIAN_POINT ( 'NONE',  ( -14.34911659120852300, -3.223806382043005400, 5.947242360947049300 ) ) ;
#2361 = CARTESIAN_POINT ( 'NONE',  ( 14.39085543774006800, -3.335904687719862600, 5.918436744863155000 ) ) ;
#2362 = AXIS2_PLACEMENT_3D ( 'NONE', #4816, #5719, #5685 ) ;
#2363 = MANIFOLD_SOLID_BREP ( 'CirPattern1[1]', #1793 ) ;
#2364 = EDGE_CURVE ( 'NONE', #440, #5877, #5444, .T. ) ;
#2365 = ORIENTED_EDGE ( 'NONE', *, *, #3946, .F. ) ;
#2366 = DIRECTION ( 'NONE',  ( 0.2225209339563050400, -0.9749279121818257300, 0.0000000000000000000 ) ) ;
#2367 = DIRECTION ( 'NONE',  ( -0.0000000000000000000, -0.0000000000000000000, 1.000000000000000000 ) ) ;
#2368 = VERTEX_POINT ( 'NONE', #3657 ) ;
#2369 = CARTESIAN_POINT ( 'NONE',  ( 14.34659317859153800, -3.325802115907444900, 5.948453804110887900 ) ) ;
#2370 = CARTESIAN_POINT ( 'NONE',  ( -14.01368909232457900, 0.0000000000000000000, 5.787867965644034400 ) ) ;
#2371 = CARTESIAN_POINT ( 'NONE',  ( 6.156922924435744600, 4.909982189637514900, -3.321854442687193000E-016 ) ) ;
#2372 = ORIENTED_EDGE ( 'NONE', *, *, #3065, .F. ) ;
#2373 = EDGE_CURVE ( 'NONE', #2938, #4215, #4448, .T. ) ;
#2374 = CARTESIAN_POINT ( 'NONE',  ( -17.60000000000001200, 2.155378366499343200E-015, -6.000000000000000000 ) ) ;
#2375 = CARTESIAN_POINT ( 'NONE',  ( -6.364326607853243400, -13.33089861952975500, 5.918874622419537900 ) ) ;
#2376 = DIRECTION ( 'NONE',  ( -0.0000000000000000000, -0.0000000000000000000, 1.000000000000000000 ) ) ;
#2377 = CARTESIAN_POINT ( 'NONE',  ( 11.71848224545269400, 9.409130149223901900, -6.000000000000000000 ) ) ;
#2378 = CARTESIAN_POINT ( 'NONE',  ( 0.0000000000000000000, 0.0000000000000000000, 5.411869347303862400 ) ) ;
#2379 = PLANE ( 'NONE',  #1163 ) ;
#2380 = ADVANCED_FACE ( 'NONE', ( #1052 ), #716, .T. ) ;
#2381 = EDGE_CURVE ( 'NONE', #2033, #520, #4935, .T. ) ;
#2382 = CARTESIAN_POINT ( 'NONE',  ( -11.47743014066840300, 9.216897510324603400, 5.948810452728518600 ) ) ;
#2384 = CARTESIAN_POINT ( 'NONE',  ( 11.44874851485570700, 9.194024676988830100, -5.935654072712593700 ) ) ;
#2383 = CARTESIAN_POINT ( 'NONE',  ( 6.325828183937928500, -13.25095581853576500, 5.935654072712593700 ) ) ;
#2385 = B_SPLINE_CURVE_WITH_KNOTS ( 'NONE', 3,
 ( #3667, #4770, #948, #877, #2825, #2911, #4331, #3365, #3822, #6232, #1420, #469, #2894, #5271, #5251, #5796, #4810, #6250, #3295, #4274, #5321, #5299, #392, #3852, #1380 ),
 .UNSPECIFIED., .F., .F.,
 ( 4, 3, 3, 3, 3, 3, 3, 3, 4 ),
 ( 0.0003576089778190603500, 0.0003626343305416545100, 0.0003751336018886994000, 0.0003952800579771941400, 0.0004154265102964907100, 0.0004355730134115556900, 0.0004557195170136886300, 0.0004758659491588528700, 0.0004773643735645392500 ),
 .UNSPECIFIED. ) ;
#2386 = CARTESIAN_POINT ( 'NONE',  ( 0.0000000000000000000, 0.0000000000000000000, 6.000000000000000000 ) ) ;
#2387 = AXIS2_PLACEMENT_3D ( 'NONE', #5859, #2978, #2519 ) ;
#2388 = DIRECTION ( 'NONE',  ( 1.000000000000000000, 0.0000000000000000000, 0.0000000000000000000 ) ) ;
#2389 = AXIS2_PLACEMENT_3D ( 'NONE', #6008, #744, #2684 ) ;
#2390 = DIRECTION ( 'NONE',  ( -1.000000000000000000, 1.224646799147353000E-016, 0.0000000000000000000 ) ) ;
#2391 = CONICAL_SURFACE ( 'NONE', #5222, 18.50000000000000000, 0.7853981633974416200 ) ;
#2392 = DIRECTION ( 'NONE',  ( -1.000000000000000000, 0.0000000000000000000, 0.0000000000000000000 ) ) ;
#2393 = DIRECTION ( 'NONE',  ( 0.0000000000000000000, 0.0000000000000000000, -1.000000000000000000 ) ) ;
#2394 = CARTESIAN_POINT ( 'NONE',  ( 14.59271773000263300, -3.381978438654231300, 5.559811490052915400 ) ) ;
#2395 = LINE ( 'NONE', #5780, #5103 ) ;
#2396 = DIRECTION ( 'NONE',  ( -0.9009688679024218100, -0.4338837391175526200, 0.0000000000000000000 ) ) ;
#2397 = VECTOR ( 'NONE', #539, 1000.000000000000000 ) ;
#2398 = AXIS2_PLACEMENT_3D ( 'NONE', #2423, #2913, #6282 ) ;
#2399 = ORIENTED_EDGE ( 'NONE', *, *, #4997, .F. ) ;
#2400 = CARTESIAN_POINT ( 'NONE',  ( -8.249006824087119900, 1.010211980326296500E-015, -6.000000000000000000 ) ) ;
#2401 = CARTESIAN_POINT ( 'NONE',  ( 11.46259965843286500, 9.205070595397202700, -5.945246423886637800 ) ) ;
#2402 = FACE_OUTER_BOUND ( 'NONE', #535, .T. ) ;
#2404 = ORIENTED_EDGE ( 'NONE', *, *, #2459, .F. ) ;
#2403 = ORIENTED_EDGE ( 'NONE', *, *, #3022, .F. ) ;
#2405 = DIRECTION ( 'NONE',  ( 1.000000000000000000, 0.0000000000000000000, 0.0000000000000000000 ) ) ;
#2406 = ORIENTED_EDGE ( 'NONE', *, *, #5172, .T. ) ;
#2407 = ORIENTED_EDGE ( 'NONE', *, *, #6119, .F. ) ;
#2408 = EDGE_CURVE ( 'NONE', #3226, #1253, #5419, .T. ) ;
#2409 = CARTESIAN_POINT ( 'NONE',  ( 14.32686449781284700, -3.321299173261381500, 5.947242360947049300 ) ) ;
#2410 = CARTESIAN_POINT ( 'NONE',  ( 0.0000000000000000000, 0.0000000000000000000, -5.100000000000009400 ) ) ;
#2411 = CIRCLE ( 'NONE', #2362, 15.02845821440191200 ) ;
#2412 = DIRECTION ( 'NONE',  ( -0.0000000000000000000, -0.0000000000000000000, 1.000000000000000000 ) ) ;
#2414 = ORIENTED_EDGE ( 'NONE', *, *, #5652, .T. ) ;
#2413 = ORIENTED_EDGE ( 'NONE', *, *, #5488, .F. ) ;
#2415 = CARTESIAN_POINT ( 'NONE',  ( 11.51831793263320400, 9.249504436346423800, 5.918436744855735100 ) ) ;
#2416 = ORIENTED_EDGE ( 'NONE', *, *, #4486, .T. ) ;
#2417 = DIRECTION ( 'NONE',  ( -0.0000000000000000000, -0.0000000000000000000, 1.000000000000000000 ) ) ;
#2418 = CARTESIAN_POINT ( 'NONE',  ( 6.565652086631720500, -13.51847879679266600, -6.000000000000000900 ) ) ;
#2419 = FACE_OUTER_BOUND ( 'NONE', #2110, .T. ) ;
#2420 = DIRECTION ( 'NONE',  ( 0.5000000000000017800, 0.0000000000000000000, 0.8660254037844377100 ) ) ;
#2421 = EDGE_CURVE ( 'NONE', #5770, #5756, #5463, .T. ) ;
#2422 = CIRCLE ( 'NONE', #100, 14.67132924350647700 ) ;
#2423 = CARTESIAN_POINT ( 'NONE',  ( 0.0000000000000000000, 0.0000000000000000000, 5.700000000000000200 ) ) ;
#2425 = ORIENTED_EDGE ( 'NONE', *, *, #1354, .F. ) ;
#2424 = EDGE_LOOP ( 'NONE', ( #5352, #3227 ) ) ;
#2426 = DIRECTION ( 'NONE',  ( -0.0000000000000000000, -0.0000000000000000000, 1.000000000000000000 ) ) ;
#2427 = CONICAL_SURFACE ( 'NONE', #6016, 14.72534932307735800, 0.6108652381980183000 ) ;
#2428 = DIRECTION ( 'NONE',  ( 0.0000000000000000000, 0.0000000000000000000, 1.000000000000000000 ) ) ;
#2429 = FACE_OUTER_BOUND ( 'NONE', #4535, .T. ) ;
#2430 = CARTESIAN_POINT ( 'NONE',  ( -11.45415025629297300, 9.198332422038939500, 5.940503640635170300 ) ) ;
#2432 = DIRECTION ( 'NONE',  ( 0.1736481776669277800, 2.126576849575740500E-017, -0.9848077530122085800 ) ) ;
#2431 = CARTESIAN_POINT ( 'NONE',  ( 0.0000000000000000000, 0.0000000000000000000, -5.787867965644033500 ) ) ;
#2433 = EDGE_LOOP ( 'NONE', ( #3277, #3910 ) ) ;
#2434 = ORIENTED_EDGE ( 'NONE', *, *, #198, .F. ) ;
#2435 = AXIS2_PLACEMENT_3D ( 'NONE', #3063, #2104, #3508 ) ;
#2436 = EDGE_CURVE ( 'NONE', #4213, #2977, #3170, .T. ) ;
#2437 = CIRCLE ( 'NONE', #3445, 16.03886114155692200 ) ;
#2438 = CARTESIAN_POINT ( 'NONE',  ( 0.0000000000000000000, 0.0000000000000000000, -6.000000000000000900 ) ) ;
#2439 = ORIENTED_EDGE ( 'NONE', *, *, #500, .F. ) ;
#2440 = CARTESIAN_POINT ( 'NONE',  ( 14.41235198649029500, -3.238239448366755400, 5.919740685676537800 ) ) ;
#2441 = CARTESIAN_POINT ( 'NONE',  ( 0.0000000000000000000, 0.0000000000000000000, 5.353434673651931600 ) ) ;
#2442 = ORIENTED_EDGE ( 'NONE', *, *, #4844, .T. ) ;
#2443 = CARTESIAN_POINT ( 'NONE',  ( 8.461138858443083800, 0.0000000000000000000, 2.187500000000000000 ) ) ;
#2444 = CARTESIAN_POINT ( 'NONE',  ( -6.410662666309396400, -13.19663994925053700, -5.922851331036797600 ) ) ;
#2445 = AXIS2_PLACEMENT_3D ( 'NONE', #1881, #1345, #4716 ) ;
#2446 = CARTESIAN_POINT ( 'NONE',  ( -13.94345439253706000, -3.233788318716742900, -6.000000000000000000 ) ) ;
#2447 = ORIENTED_EDGE ( 'NONE', *, *, #2951, .F. ) ;
#2448 = CC_DESIGN_PERSON_AND_ORGANIZATION_ASSIGNMENT ( #4039, #5256, ( #4542 ) ) ;
#2449 = DIRECTION ( 'NONE',  ( 1.000000000000000000, 0.0000000000000000000, 0.0000000000000000000 ) ) ;
#2450 = ORIENTED_EDGE ( 'NONE', *, *, #4594, .T. ) ;
#2451 = CARTESIAN_POINT ( 'NONE',  ( 14.55750222585390400, 0.0000000000000000000, 4.374999999999999100 ) ) ;
#2452 = ADVANCED_FACE ( 'NONE', ( #589 ), #3849, .F. ) ;
#2453 = VERTEX_POINT ( 'NONE', #853 ) ;
#2454 = PERSON_AND_ORGANIZATION_ROLE ( 'creator' ) ;
#2455 = CARTESIAN_POINT ( 'NONE',  ( -11.50697458439657500, 9.240458417987159800, 5.935790468940135500 ) ) ;
#2457 = CARTESIAN_POINT ( 'NONE',  ( 11.49365334069502600, 9.229835080628086900, -5.944857023634334300 ) ) ;
#2456 = CARTESIAN_POINT ( 'NONE',  ( -17.60000000000001200, 2.210487472460973700E-015, -6.000000000000000000 ) ) ;
#2458 = AXIS2_PLACEMENT_3D ( 'NONE', #4548, #3127, #3109 ) ;
#2459 = EDGE_CURVE ( 'NONE', #5123, #5407, #1208, .T. ) ;
#2460 = ORIENTED_EDGE ( 'NONE', *, *, #2741, .F. ) ;
#2461 = ORIENTED_EDGE ( 'NONE', *, *, #1705, .T. ) ;
#2462 = DIRECTION ( 'NONE',  ( 0.0000000000000000000, 0.0000000000000000000, -1.000000000000000000 ) ) ;
#2463 = CARTESIAN_POINT ( 'NONE',  ( 0.0000000000000000000, 0.0000000000000000000, -5.787867965644033500 ) ) ;
#2464 = DIRECTION ( 'NONE',  ( 1.224646799147353200E-016, 1.000000000000000000, 0.0000000000000000000 ) ) ;
#2465 = CARTESIAN_POINT ( 'NONE',  ( 0.0000000000000000000, 0.0000000000000000000, 4.374999999999999100 ) ) ;
#2466 = EDGE_CURVE ( 'NONE', #2356, #274, #2514, .T. ) ;
#2467 = CARTESIAN_POINT ( 'NONE',  ( 0.0000000000000000000, 0.0000000000000000000, 6.000000000000000000 ) ) ;
#2468 = CARTESIAN_POINT ( 'NONE',  ( -6.260039315523321200, -12.88386733851983700, -5.427070689091481300 ) ) ;
#2469 = CARTESIAN_POINT ( 'NONE',  ( 0.0000000000000000000, 0.0000000000000000000, -5.100000000000009400 ) ) ;
#2470 = CARTESIAN_POINT ( 'NONE',  ( 0.05000000000000001700, 15.02837503864021700, 5.475000000000000500 ) ) ;
#2471 = CARTESIAN_POINT ( 'NONE',  ( -15.02845821440191200, 0.0000000000000000000, 5.475000000000000500 ) ) ;
#2472 = CARTESIAN_POINT ( 'NONE',  ( 14.67132924350647900, 0.0000000000000000000, 5.922851331036798500 ) ) ;
#2473 = EDGE_CURVE ( 'NONE', #906, #3160, #6264, .T. ) ;
#2474 = DIRECTION ( 'NONE',  ( 0.6234898018587431400, 0.7818314824680221400, 0.0000000000000000000 ) ) ;
#2475 = VECTOR ( 'NONE', #4037, 1000.000000000000000 ) ;
#2476 = CC_DESIGN_DATE_AND_TIME_ASSIGNMENT ( #243, #917, ( #2141 ) ) ;
#2477 = CARTESIAN_POINT ( 'NONE',  ( 14.34362797964455000, -3.222553642270270700, 5.945246423886637800 ) ) ;
#2478 = CARTESIAN_POINT ( 'NONE',  ( 6.432242998088892900, -13.24145196993626600, -5.948433861821531100 ) ) ;
#2479 = AXIS2_PLACEMENT_3D ( 'NONE', #445, #1918, #413 ) ;
#2480 = ADVANCED_FACE ( 'NONE', ( #3025 ), #6196, .F. ) ;
#2481 = ORIENTED_EDGE ( 'NONE', *, *, #5372, .F. ) ;
#2482 = CARTESIAN_POINT ( 'NONE',  ( -11.50851151436166100, 9.113779277965896600, 5.933060780161923700 ) ) ;
#2483 = CIRCLE ( 'NONE', #22, 15.02845821440191400 ) ;
#2484 = DIRECTION ( 'NONE',  ( 1.000000000000000000, 0.0000000000000000000, 0.0000000000000000000 ) ) ;
#2485 = DIRECTION ( 'NONE',  ( 0.0000000000000000000, 0.0000000000000000000, 1.000000000000000000 ) ) ;
#2487 = VERTEX_POINT ( 'NONE', #408 ) ;
#2486 = VERTEX_POINT ( 'NONE', #2346 ) ;
#2488 = DIRECTION ( 'NONE',  ( -0.2225209339563182200, -0.9749279121818227300, -0.0000000000000000000 ) ) ;
#2489 = VERTEX_POINT ( 'NONE', #2371 ) ;
#2490 = DIRECTION ( 'NONE',  ( -0.0000000000000000000, -0.0000000000000000000, 1.000000000000000000 ) ) ;
#2491 = AXIS2_PLACEMENT_3D ( 'NONE', #4394, #4880, #1983 ) ;
#2492 = CIRCLE ( 'NONE', #2008, 14.31353580660732300 ) ;
#2493 = DIRECTION ( 'NONE',  ( -0.2225209339563182800, -0.9749279121818228400, 0.0000000000000000000 ) ) ;
#2494 = DIRECTION ( 'NONE',  ( -1.000000000000000000, 0.0000000000000000000, 0.0000000000000000000 ) ) ;
#2495 = PLANE ( 'NONE',  #5065 ) ;
#2497 = VERTEX_POINT ( 'NONE', #5247 ) ;
#2496 = ORIENTED_EDGE ( 'NONE', *, *, #2821, .T. ) ;
#2498 = CLOSED_SHELL ( 'NONE', ( #4211, #3653 ) ) ;
#2499 = CIRCLE ( 'NONE', #3529, 14.67132924350647700 ) ;
#2500 = FACE_BOUND ( 'NONE', #5154, .T. ) ;
#2502 = ORIENTED_EDGE ( 'NONE', *, *, #4075, .T. ) ;
#2501 = ORIENTED_EDGE ( 'NONE', *, *, #2091, .T. ) ;
#2503 = EDGE_CURVE ( 'NONE', #5451, #1508, #4929, .T. ) ;
#2504 = DIRECTION ( 'NONE',  ( 1.000000000000000000, 0.0000000000000000000, 0.0000000000000000000 ) ) ;
#2505 = CARTESIAN_POINT ( 'NONE',  ( 6.411082902539585700, -13.19751257877461500, -5.924234549616731900 ) ) ;
#2506 = CYLINDRICAL_SURFACE ( 'NONE', #883, 16.03886114155692200 ) ;
#2507 = LINE ( 'NONE', #1031, #1196 ) ;
#2508 = CIRCLE ( 'NONE', #2965, 14.67132924350647700 ) ;
#2509 = DIRECTION ( 'NONE',  ( 1.000000000000000000, 0.0000000000000000000, 0.0000000000000000000 ) ) ;
#2510 = B_SPLINE_CURVE_WITH_KNOTS ( 'NONE', 3,
 ( #4060, #1019, #3917, #5906, #3945, #3480, #4945 ),
 .UNSPECIFIED., .F., .F.,
 ( 4, 3, 4 ),
 ( 0.001683847025956607600, 0.001830745039545440400, 0.002195884394735870700 ),
 .UNSPECIFIED. ) ;
#2512 = VERTEX_POINT ( 'NONE', #6179 ) ;
#2511 = ORIENTED_EDGE ( 'NONE', *, *, #5461, .F. ) ;
#2513 = LINE ( 'NONE', #1703, #3417 ) ;
#2514 = CIRCLE ( 'NONE', #223, 4.375000000000000000 ) ;
#2515 = EDGE_CURVE ( 'NONE', #5503, #2487, #6185, .T. ) ;
#2516 = VERTEX_POINT ( 'NONE', #1391 ) ;
#2517 = ORIENTED_EDGE ( 'NONE', *, *, #314, .T. ) ;
#2518 = CARTESIAN_POINT ( 'NONE',  ( 6.480937969759070300, -13.34256812051487500, 5.813030243294887700 ) ) ;
#2519 = DIRECTION ( 'NONE',  ( 1.000000000000000000, 0.0000000000000000000, 0.0000000000000000000 ) ) ;
#2521 = DIRECTION ( 'NONE',  ( 1.000000000000000000, 0.0000000000000000000, 0.0000000000000000000 ) ) ;
#2520 = DIRECTION ( 'NONE',  ( 1.000000000000000000, 0.0000000000000000000, -0.0000000000000000000 ) ) ;
#2522 = B_SPLINE_CURVE_WITH_KNOTS ( 'NONE', 3,
 ( #6097, #4701, #1778, #4720, #3716, #4140, #2236 ),
 .UNSPECIFIED., .F., .F.,
 ( 4, 3, 4 ),
 ( 0.0006677669885724650800, 0.001263725857711640500, 0.001291562031208903100 ),
 .UNSPECIFIED. ) ;
#2523 = CARTESIAN_POINT ( 'NONE',  ( 0.0000000000000000000, 0.0000000000000000000, 5.922851331036798500 ) ) ;
#2524 = ORIENTED_EDGE ( 'NONE', *, *, #2908, .T. ) ;
#2525 = AXIS2_PLACEMENT_3D ( 'NONE', #887, #5213, #325 ) ;
#2526 = VERTEX_POINT ( 'NONE', #2858 ) ;
#2527 = AXIS2_PLACEMENT_3D ( 'NONE', #5472, #3482, #5935 ) ;
#2528 = CARTESIAN_POINT ( 'NONE',  ( 0.0000000000000000000, 0.0000000000000000000, -5.475000000000000500 ) ) ;
#2529 = DIRECTION ( 'NONE',  ( -0.0000000000000000000, -0.0000000000000000000, 1.000000000000000000 ) ) ;
#2530 = ORIENTED_EDGE ( 'NONE', *, *, #5993, .T. ) ;
#2531 = CARTESIAN_POINT ( 'NONE',  ( -6.428948358502592200, -13.23461058034084400, 5.948026407833841000 ) ) ;
#2532 = AXIS2_PLACEMENT_3D ( 'NONE', #764, #5625, #5643 ) ;
#2533 = ORIENTED_EDGE ( 'NONE', *, *, #3402, .F. ) ;
#2534 = CARTESIAN_POINT ( 'NONE',  ( 14.34362797964455000, -3.222553642270270700, -5.945246423886637800 ) ) ;
#2535 = ORIENTED_EDGE ( 'NONE', *, *, #537, .T. ) ;
#2536 = CARTESIAN_POINT ( 'NONE',  ( 0.0000000000000000000, 0.0000000000000000000, 5.787867965644034400 ) ) ;
#2537 = DIRECTION ( 'NONE',  ( -1.000000000000000000, 0.0000000000000000000, -0.0000000000000000000 ) ) ;
#2538 = CARTESIAN_POINT ( 'NONE',  ( 9.577435660233380300, 7.637750072769468300, -6.000769315822028800E-016 ) ) ;
#2539 = CARTESIAN_POINT ( 'NONE',  ( 14.61658699184798300, -3.387426441908941900, -5.517405745169837100 ) ) ;
#2540 = CARTESIAN_POINT ( 'NONE',  ( -14.66270834660478400, -3.295381653834751100, 6.000000000000000000 ) ) ;
#2541 = DIRECTION ( 'NONE',  ( -1.000000000000000000, -1.776356839400250500E-015, 0.0000000000000000000 ) ) ;
#2542 = EDGE_CURVE ( 'NONE', #4423, #1383, #3475, .T. ) ;
#2543 = CARTESIAN_POINT ( 'NONE',  ( 11.48871619617581000, 9.225897839256944600, 5.947141906180246600 ) ) ;
#2544 = CARTESIAN_POINT ( 'NONE',  ( 6.411998257931616200, -13.19941333383163200, -5.926874626044847700 ) ) ;
#2545 = ADVANCED_FACE ( 'NONE', ( #5885 ), #9, .T. ) ;
#2546 = EDGE_CURVE ( 'NONE', #1668, #6254, #5297, .T. ) ;
#2547 = CARTESIAN_POINT ( 'NONE',  ( -6.390841082969015700, -13.38595649442654100, 5.813030243294889500 ) ) ;
#2548 = B_SPLINE_CURVE_WITH_KNOTS ( 'NONE', 3,
 ( #4558, #1202, #687, #1174, #5047, #3558, #138 ),
 .UNSPECIFIED., .F., .F.,
 ( 4, 3, 4 ),
 ( 0.001235889684214378900, 0.001263725857711643100, 0.001859684726850813400 ),
 .UNSPECIFIED. ) ;
#2549 = CARTESIAN_POINT ( 'NONE',  ( 6.565652086631720500, -13.51847879679266600, -5.353434673651931600 ) ) ;
#2550 = CARTESIAN_POINT ( 'NONE',  ( -11.49306919149915500, 9.229369237189510900, -5.945518194124296900 ) ) ;
#2551 = LINE ( 'NONE', #3721, #5638 ) ;
#2552 = DIRECTION ( 'NONE',  ( 0.0000000000000000000, 0.0000000000000000000, -1.000000000000000000 ) ) ;
#2553 = AXIS2_PLACEMENT_3D ( 'NONE', #5413, #2520, #4138 ) ;
#2554 = EDGE_CURVE ( 'NONE', #4457, #928, #1078, .T. ) ;
#2555 = DIRECTION ( 'NONE',  ( 1.000000000000000000, 0.0000000000000000000, 0.0000000000000000000 ) ) ;
#2556 = CARTESIAN_POINT ( 'NONE',  ( 11.22187913163943300, 8.885197580352695500, -5.353434673651931600 ) ) ;
#2557 = CARTESIAN_POINT ( 'NONE',  ( 0.0000000000000000000, 0.0000000000000000000, -5.922851331036798500 ) ) ;
#2558 = CIRCLE ( 'NONE', #2066, 16.03886114155692200 ) ;
#2559 = FACE_OUTER_BOUND ( 'NONE', #6136, .T. ) ;
#2560 = ORIENTED_EDGE ( 'NONE', *, *, #5856, .F. ) ;
#2561 = CARTESIAN_POINT ( 'NONE',  ( 11.44082687721751800, 9.187707381776004200, 5.925578038978351900 ) ) ;
#2562 = MANIFOLD_SOLID_BREP ( 'CirPattern1[2]', #5112 ) ;
#2563 = DIRECTION ( 'NONE',  ( -0.0000000000000000000, -0.0000000000000000000, 1.000000000000000000 ) ) ;
#2564 = CARTESIAN_POINT ( 'NONE',  ( -15.02845821440191200, -1.840455324838705100E-015, -5.231869347303861800 ) ) ;
#2565 = FACE_OUTER_BOUND ( 'NONE', #2819, .T. ) ;
#2567 = VERTEX_POINT ( 'NONE', #3409 ) ;
#2566 = VERTEX_POINT ( 'NONE', #2443 ) ;
#2568 = CARTESIAN_POINT ( 'NONE',  ( -6.445765918818523200, -13.26953260417501900, 5.939344605127422100 ) ) ;
#2569 = ORIENTED_EDGE ( 'NONE', *, *, #2436, .T. ) ;
#2570 = FACE_OUTER_BOUND ( 'NONE', #3543, .T. ) ;
#2571 = CIRCLE ( 'NONE', #1945, 4.375000000000000000 ) ;
#2573 = EDGE_LOOP ( 'NONE', ( #4932, #5459, #3540, #4743 ) ) ;
#2572 = EDGE_LOOP ( 'NONE', ( #1328, #3707, #712, #197 ) ) ;
#2574 = CARTESIAN_POINT ( 'NONE',  ( -11.46700118316302200, 9.208580694240277300, -5.947242360947049300 ) ) ;
#2575 = AXIS2_PLACEMENT_3D ( 'NONE', #1750, #774, #1721 ) ;
#2576 = CYLINDRICAL_SURFACE ( 'NONE', #1548, 8.461138858443082000 ) ;
#2577 = EDGE_CURVE ( 'NONE', #4864, #5949, #892, .T. ) ;
#2578 = ADVANCED_FACE ( 'NONE', ( #2348, #200 ), #498, .F. ) ;
#2579 = CIRCLE ( 'NONE', #5323, 8.461138858443082000 ) ;
#2580 = CIRCLE ( 'NONE', #1544, 15.02845821440191200 ) ;
#2581 = DIRECTION ( 'NONE',  ( -0.0000000000000000000, -0.0000000000000000000, 1.000000000000000000 ) ) ;
#2583 = ORIENTED_EDGE ( 'NONE', *, *, #5744, .T. ) ;
#2582 = ORIENTED_EDGE ( 'NONE', *, *, #4098, .F. ) ;
#2584 = FACE_OUTER_BOUND ( 'NONE', #3079, .T. ) ;
#2585 = LINE ( 'NONE', #4208, #982 ) ;
#2586 = EDGE_CURVE ( 'NONE', #5738, #123, #5124, .T. ) ;
#2587 = ORIENTED_EDGE ( 'NONE', *, *, #656, .T. ) ;
#2588 = DIRECTION ( 'NONE',  ( -0.0000000000000000000, -0.0000000000000000000, 1.000000000000000000 ) ) ;
#2589 = CARTESIAN_POINT ( 'NONE',  ( 14.38583869871851000, -3.334759649775473000, -5.925963813471787100 ) ) ;
#2590 = EDGE_LOOP ( 'NONE', ( #5046, #3627, #5220, #3420 ) ) ;
#2591 = CIRCLE ( 'NONE', #4297, 14.67132924350647700 ) ;
#2592 = CARTESIAN_POINT ( 'NONE',  ( -6.454533184872562200, -13.28773801972567300, 5.918436744863155000 ) ) ;
#2593 = ORIENTED_EDGE ( 'NONE', *, *, #1713, .T. ) ;
#2594 = EDGE_LOOP ( 'NONE', ( #4987, #998, #1264, #5301 ) ) ;
#2595 = EDGE_CURVE ( 'NONE', #3588, #4525, #3620, .T. ) ;
#2596 = CARTESIAN_POINT ( 'NONE',  ( -8.461138858443082000, 1.036190662013361000E-015, -2.187500000000000000 ) ) ;
#2597 = DIRECTION ( 'NONE',  ( 0.0000000000000000000, 0.0000000000000000000, 1.000000000000000000 ) ) ;
#2598 = ORIENTED_EDGE ( 'NONE', *, *, #162, .F. ) ;
#2599 = CARTESIAN_POINT ( 'NONE',  ( 11.54517133694310600, 9.143014510915479700, -5.948453804110887900 ) ) ;
#2600 = CARTESIAN_POINT ( 'NONE',  ( -14.31353580660732300, 1.752902581004268700E-015, 6.000000000000000000 ) ) ;
#2601 = DIRECTION ( 'NONE',  ( -1.000000000000000000, 0.0000000000000000000, 0.0000000000000000000 ) ) ;
#2602 = EDGE_LOOP ( 'NONE', ( #2132, #890 ) ) ;
#2603 = AXIS2_PLACEMENT_3D ( 'NONE', #1428, #473, #1478 ) ;
#2604 = ORIENTED_EDGE ( 'NONE', *, *, #5612, .T. ) ;
#2605 = DIRECTION ( 'NONE',  ( 1.000000000000000000, 0.0000000000000000000, 0.0000000000000000000 ) ) ;
#2606 = CARTESIAN_POINT ( 'NONE',  ( -11.26109737796958900, 9.044377888928885100, -5.597398009426060900 ) ) ;
#2607 = ADVANCED_FACE ( 'NONE', ( #2184 ), #5634, .T. ) ;
#2608 = ORIENTED_EDGE ( 'NONE', *, *, #4160, .F. ) ;
#2609 = CARTESIAN_POINT ( 'NONE',  ( 0.0000000000000000000, 0.0000000000000000000, 5.231869347303861800 ) ) ;
#2610 = CARTESIAN_POINT ( 'NONE',  ( -0.05000000000000012100, 14.31344847641650600, -5.353434673651931600 ) ) ;
#2611 = DIRECTION ( 'NONE',  ( -0.0000000000000000000, -0.0000000000000000000, 1.000000000000000000 ) ) ;
#2612 = CARTESIAN_POINT ( 'NONE',  ( 11.57335996828575000, 9.165494194280254800, -5.931203594297441500 ) ) ;
#2613 = CARTESIAN_POINT ( 'NONE',  ( 6.257730151771419000, -12.87907231058128400, -5.419470018189162600 ) ) ;
#2614 = CARTESIAN_POINT ( 'NONE',  ( -0.05000000000000006500, 14.68337264791336400, -5.935654072712593700 ) ) ;
#2615 = EDGE_CURVE ( 'NONE', #5012, #344, #4477, .T. ) ;
#2616 = CARTESIAN_POINT ( 'NONE',  ( 11.46259965843286500, 9.205070595397202700, 5.945246423886637800 ) ) ;
#2617 = DIRECTION ( 'NONE',  ( 0.0000000000000000000, 0.0000000000000000000, -1.000000000000000000 ) ) ;
#2618 = CARTESIAN_POINT ( 'NONE',  ( -11.43926598975198900, 9.186462615559472400, -5.922851331036797600 ) ) ;
#2619 = EDGE_CURVE ( 'NONE', #5578, #741, #1816, .T. ) ;
#2620 = LINE ( 'NONE', #992, #248 ) ;
#2621 = DIRECTION ( 'NONE',  ( 0.0000000000000000000, 0.0000000000000000000, 1.000000000000000000 ) ) ;
#2622 = ORIENTED_EDGE ( 'NONE', *, *, #1278, .T. ) ;
#2623 = DIRECTION ( 'NONE',  ( -0.0000000000000000000, -0.0000000000000000000, 1.000000000000000000 ) ) ;
#2624 = CARTESIAN_POINT ( 'NONE',  ( -14.63883908524365800, -3.289933650690561400, -5.517405745169836200 ) ) ;
#2625 = FACE_OUTER_BOUND ( 'NONE', #5836, .T. ) ;
#2626 = AXIS2_PLACEMENT_3D ( 'NONE', #406, #926, #2984 ) ;
#2627 = AXIS2_PLACEMENT_3D ( 'NONE', #5560, #1209, #1711 ) ;
#2628 = CARTESIAN_POINT ( 'NONE',  ( -14.18119296990644600, -3.288050597612100400, 5.760124666611659400 ) ) ;
#2629 = CARTESIAN_POINT ( 'NONE',  ( 6.311786546317852000, -12.99132157047851000, -5.597398009426060900 ) ) ;
#2631 = ORIENTED_EDGE ( 'NONE', *, *, #4594, .F. ) ;
#2630 = VERTEX_POINT ( 'NONE', #2783 ) ;
#2632 = CARTESIAN_POINT ( 'NONE',  ( -0.05000000000000005800, 14.73449323107782800, -5.947141906180245700 ) ) ;
#2633 = ORIENTED_EDGE ( 'NONE', *, *, #334, .F. ) ;
#2634 = FACE_OUTER_BOUND ( 'NONE', #4793, .T. ) ;
#2636 = ORIENTED_EDGE ( 'NONE', *, *, #1525, .T. ) ;
#2635 = ORIENTED_EDGE ( 'NONE', *, *, #5307, .T. ) ;
#2637 = VERTEX_POINT ( 'NONE', #1273 ) ;
#2638 = CARTESIAN_POINT ( 'NONE',  ( -14.33422304390353700, -3.322978713387377200, -5.948499693344809100 ) ) ;
#2639 = CARTESIAN_POINT ( 'NONE',  ( 14.39085543774006800, -3.335904687719862600, -5.918436744863155000 ) ) ;
#2640 = AXIS2_PLACEMENT_3D ( 'NONE', #483, #5794, #1446 ) ;
#2641 = FACE_OUTER_BOUND ( 'NONE', #4481, .T. ) ;
#2642 = CC_DESIGN_DATE_AND_TIME_ASSIGNMENT ( #5021, #5746, ( #349 ) ) ;
#2643 = LINE ( 'NONE', #4299, #5745 ) ;
#2645 = ORIENTED_EDGE ( 'NONE', *, *, #5786, .T. ) ;
#2644 = EDGE_LOOP ( 'NONE', ( #259, #1467, #754, #602 ) ) ;
#2646 = TOROIDAL_SURFACE ( 'NONE', #3084, 14.72047836616381700, 0.05999999999999999800 ) ;
#2647 = CONICAL_SURFACE ( 'NONE', #5950, 15.02845821440191200, 0.5235987755982992600 ) ;
#2648 = DIRECTION ( 'NONE',  ( 1.000000000000000000, 0.0000000000000000000, 0.0000000000000000000 ) ) ;
#2649 = DIRECTION ( 'NONE',  ( -0.0000000000000000000, -0.0000000000000000000, 1.000000000000000000 ) ) ;
#2650 = AXIS2_PLACEMENT_3D ( 'NONE', #399, #3795, #919 ) ;
#2651 = EDGE_LOOP ( 'NONE', ( #1991, #3573, #4301, #1042, #4104, #3617 ) ) ;
#2652 = EDGE_LOOP ( 'NONE', ( #6204, #5465, #3981, #3679 ) ) ;
#2653 = EDGE_CURVE ( 'NONE', #2497, #5597, #1447, .T. ) ;
#2654 = CIRCLE ( 'NONE', #5837, 15.02845821440191200 ) ;
#2655 = CARTESIAN_POINT ( 'NONE',  ( 11.78083122563857000, 9.330947000977101200, -5.475000000000000500 ) ) ;
#2656 = CARTESIAN_POINT ( 'NONE',  ( 0.0000000000000000000, 0.0000000000000000000, 5.353434673651931600 ) ) ;
#2657 = CARTESIAN_POINT ( 'NONE',  ( 6.411082902539585700, -13.19751257877461500, 5.924234549616731900 ) ) ;
#2658 = ORIENTED_EDGE ( 'NONE', *, *, #3186, .T. ) ;
#2659 = ORIENTED_EDGE ( 'NONE', *, *, #5575, .F. ) ;
#2660 = EDGE_CURVE ( 'NONE', #2972, #4592, #3029, .T. ) ;
#2661 = CARTESIAN_POINT ( 'NONE',  ( -14.39060896603265100, -3.335848432160817300, -5.918874622419537900 ) ) ;
#2662 = DIRECTION ( 'NONE',  ( -1.000000000000000000, 0.0000000000000000000, 0.0000000000000000000 ) ) ;
#2663 = VERTEX_POINT ( 'NONE', #2812 ) ;
#2664 = ORIENTED_EDGE ( 'NONE', *, *, #1689, .F. ) ;
#2665 = AXIS2_PLACEMENT_3D ( 'NONE', #1887, #5731, #1377 ) ;
#2666 = ORIENTED_EDGE ( 'NONE', *, *, #803, .T. ) ;
#2667 = EDGE_CURVE ( 'NONE', #3102, #3674, #601, .T. ) ;
#2668 = CARTESIAN_POINT ( 'NONE',  ( 14.66270834660474200, -3.295381653834949600, 5.475000000000000500 ) ) ;
#2669 = DIRECTION ( 'NONE',  ( -0.0000000000000000000, -0.0000000000000000000, 1.000000000000000000 ) ) ;
#2670 = CARTESIAN_POINT ( 'NONE',  ( 0.0000000000000000000, 0.0000000000000000000, 5.100000000000009400 ) ) ;
#2671 = ORIENTED_EDGE ( 'NONE', *, *, #2554, .F. ) ;
#2672 = CARTESIAN_POINT ( 'NONE',  ( 14.66270834660474200, -3.295381653834949600, -5.475000000000000500 ) ) ;
#2673 = DIRECTION ( 'NONE',  ( 0.7071067811865432400, 8.659560562354881100E-017, -0.7071067811865517900 ) ) ;
#2674 = ORIENTED_EDGE ( 'NONE', *, *, #3096, .F. ) ;
#2675 = CARTESIAN_POINT ( 'NONE',  ( -0.05000000000000006500, 14.67221258877302000, -5.924234549616732800 ) ) ;
#2676 = CARTESIAN_POINT ( 'NONE',  ( 0.0000000000000000000, 0.0000000000000000000, -5.353434673651931600 ) ) ;
#2677 = DIRECTION ( 'NONE',  ( 0.9749279121818257300, 0.2225209339563051800, 0.0000000000000000000 ) ) ;
#2678 = AXIS2_PLACEMENT_3D ( 'NONE', #2319, #3384, #3752 ) ;
#2679 = CARTESIAN_POINT ( 'NONE',  ( 0.0000000000000000000, 0.0000000000000000000, -6.000000000000000000 ) ) ;
#2680 = CARTESIAN_POINT ( 'NONE',  ( 6.475519111230990900, -13.56179223193256600, -5.475000000000000500 ) ) ;
#2681 = AXIS2_PLACEMENT_3D ( 'NONE', #3944, #3862, #4895 ) ;
#2682 = EDGE_CURVE ( 'NONE', #5435, #1215, #1277, .T. ) ;
#2683 = CARTESIAN_POINT ( 'NONE',  ( 0.0000000000000000000, 0.0000000000000000000, 5.999999999999999100 ) ) ;
#2684 = DIRECTION ( 'NONE',  ( 1.000000000000000000, 0.0000000000000000000, 0.0000000000000000000 ) ) ;
#2685 = ADVANCED_FACE ( 'NONE', ( #814 ), #5720, .T. ) ;
#2686 = PLANE ( 'NONE',  #4573 ) ;
#2687 = DIRECTION ( 'NONE',  ( -0.7818314824680309100, -0.6234898018587321500, -0.0000000000000000000 ) ) ;
#2688 = DIRECTION ( 'NONE',  ( -0.0000000000000000000, -0.0000000000000000000, 1.000000000000000000 ) ) ;
#2689 = LINE ( 'NONE', #3734, #3372 ) ;
#2690 = EDGE_CURVE ( 'NONE', #181, #2487, #1899, .T. ) ;
#2691 = CARTESIAN_POINT ( 'NONE',  ( 0.0000000000000000000, 0.0000000000000000000, 6.000000000000000000 ) ) ;
#2692 = CARTESIAN_POINT ( 'NONE',  ( 11.71848224545269400, 9.409130149223901900, 6.000000000000000000 ) ) ;
#2693 = DIRECTION ( 'NONE',  ( 0.0000000000000000000, 0.0000000000000000000, 1.000000000000000000 ) ) ;
#2694 = CARTESIAN_POINT ( 'NONE',  ( -0.05000000000000010000, 14.44335783513858700, -5.597398009426060000 ) ) ;
#2695 = CARTESIAN_POINT ( 'NONE',  ( 0.0000000000000000000, 0.0000000000000000000, 5.918436744855735100 ) ) ;
#2696 = VECTOR ( 'NONE', #2529, 1000.000000000000000 ) ;
#2697 = FACE_OUTER_BOUND ( 'NONE', #4611, .T. ) ;
#2698 = EDGE_CURVE ( 'NONE', #3318, #3413, #5455, .T. ) ;
#2699 = CARTESIAN_POINT ( 'NONE',  ( 6.335957650647439500, -13.27198987289393100, -5.947242360947049300 ) ) ;
#2700 = ORIENTED_EDGE ( 'NONE', *, *, #6215, .F. ) ;
#2701 = CONICAL_SURFACE ( 'NONE', #5790, 15.02845821440191200, 0.5235987755982992600 ) ;
#2703 = ORIENTED_EDGE ( 'NONE', *, *, #293, .F. ) ;
#2702 = EDGE_LOOP ( 'NONE', ( #5036, #1180, #3386, #2860 ) ) ;
#2704 = CARTESIAN_POINT ( 'NONE',  ( -7.213317162829521400, -14.97860742887766200, -3.321854442687193000E-016 ) ) ;
#2705 = ORIENTED_EDGE ( 'NONE', *, *, #6245, .T. ) ;
#2706 = AXIS2_PLACEMENT_3D ( 'NONE', #2994, #84, #3478 ) ;
#2707 = CONICAL_SURFACE ( 'NONE', #4313, 14.72534932307735800, 0.6108652381980183000 ) ;
#2708 = AXIS2_PLACEMENT_3D ( 'NONE', #4609, #4189, #3889 ) ;
#2709 = CARTESIAN_POINT ( 'NONE',  ( -14.07010665240886200, -3.262695870549245900, 5.597398009426060000 ) ) ;
#2710 = DIRECTION ( 'NONE',  ( -0.0000000000000000000, -0.0000000000000000000, 1.000000000000000000 ) ) ;
#2711 = CYLINDRICAL_SURFACE ( 'NONE', #4649, 15.02845821440191400 ) ;
#2712 = DIRECTION ( 'NONE',  ( -0.0000000000000000000, -0.0000000000000000000, 1.000000000000000000 ) ) ;
#2714 = ORIENTED_EDGE ( 'NONE', *, *, #4608, .T. ) ;
#2713 = ORIENTED_EDGE ( 'NONE', *, *, #5853, .T. ) ;
#2715 = CARTESIAN_POINT ( 'NONE',  ( -6.356094922129346800, -13.31380534799422600, -5.939165479577829900 ) ) ;
#2716 = DIRECTION ( 'NONE',  ( 1.000000000000000000, 0.0000000000000000000, 0.0000000000000000000 ) ) ;
#2717 = LINE ( 'NONE', #1218, #357 ) ;
#2718 = CIRCLE ( 'NONE', #713, 15.02845821440191200 ) ;
#2719 = CONICAL_SURFACE ( 'NONE', #2708, 15.02845821440191200, 0.5235987755982992600 ) ;
#2720 = CARTESIAN_POINT ( 'NONE',  ( -14.66270834660478600, -3.295381653834751600, 5.475000000000000500 ) ) ;
#2721 = CARTESIAN_POINT ( 'NONE',  ( 14.29556653455256100, -3.314155617385518700, -5.927666725627945600 ) ) ;
#2723 = ORIENTED_EDGE ( 'NONE', *, *, #2042, .F. ) ;
#2722 = VERTEX_POINT ( 'NONE', #1924 ) ;
#2724 = AXIS2_PLACEMENT_3D ( 'NONE', #4076, #1170, #5007 ) ;
#2725 = ADVANCED_FACE ( 'NONE', ( #4155 ), #4989, .T. ) ;
#2726 = CONICAL_SURFACE ( 'NONE', #2922, 15.02845821440191200, 0.5235987755982992600 ) ;
#2727 = CIRCLE ( 'NONE', #4882, 8.461138858443082000 ) ;
#2728 = ORIENTED_EDGE ( 'NONE', *, *, #1393, .T. ) ;
#2729 = VERTEX_POINT ( 'NONE', #4373 ) ;
#2730 = VECTOR ( 'NONE', #6195, 1000.000000000000000 ) ;
#2731 = DIRECTION ( 'NONE',  ( -1.000000000000000000, -1.776356839400250500E-015, 0.0000000000000000000 ) ) ;
#2732 = ADVANCED_FACE ( 'NONE', ( #4853 ), #1059, .F. ) ;
#2733 = EDGE_CURVE ( 'NONE', #3319, #4239, #526, .T. ) ;
#2734 = VERTEX_POINT ( 'NONE', #3358 ) ;
#2735 = DIRECTION ( 'NONE',  ( 1.000000000000000000, 0.0000000000000000000, 0.0000000000000000000 ) ) ;
#2736 = EDGE_LOOP ( 'NONE', ( #4753, #6275, #2037, #819 ) ) ;
#2737 = DIRECTION ( 'NONE',  ( 1.000000000000000000, 0.0000000000000000000, 0.0000000000000000000 ) ) ;
#2738 = CARTESIAN_POINT ( 'NONE',  ( -6.321901371141558800, -13.24280170774329900, -5.926874626044847700 ) ) ;
#2739 = B_SPLINE_CURVE_WITH_KNOTS ( 'NONE', 3,
 ( #1207, #2124, #2629, #1694, #5075, #2613, #3632 ),
 .UNSPECIFIED., .F., .F.,
 ( 4, 3, 4 ),
 ( 0.0006677669885724642100, 0.001263725857711640000, 0.001291562031208901800 ),
 .UNSPECIFIED. ) ;
#2740 = ORIENTED_EDGE ( 'NONE', *, *, #2855, .T. ) ;
#2741 = EDGE_CURVE ( 'NONE', #3567, #5675, #661, .T. ) ;
#2742 = DIRECTION ( 'NONE',  ( 0.0000000000000000000, 0.0000000000000000000, -1.000000000000000000 ) ) ;
#2743 = DIRECTION ( 'NONE',  ( -0.2225209339563182200, -0.9749279121818227300, 0.0000000000000000000 ) ) ;
#2745 = DIRECTION ( 'NONE',  ( -0.0000000000000000000, -0.0000000000000000000, 1.000000000000000000 ) ) ;
#2744 = CARTESIAN_POINT ( 'NONE',  ( -11.15953015145343100, 8.963380728599656100, -6.000000000000000000 ) ) ;
#2746 = VERTEX_POINT ( 'NONE', #4340 ) ;
#2747 = CARTESIAN_POINT ( 'NONE',  ( 6.347581028994921000, -13.29612606673293100, -5.946985995365509800 ) ) ;
#2748 = EDGE_CURVE ( 'NONE', #5577, #2453, #4963, .T. ) ;
#2749 = CARTESIAN_POINT ( 'NONE',  ( 0.0000000000000000000, 0.0000000000000000000, 5.922851331036798500 ) ) ;
#2750 = VERTEX_POINT ( 'NONE', #1872 ) ;
#2751 = DIRECTION ( 'NONE',  ( -0.0000000000000000000, -0.0000000000000000000, 1.000000000000000000 ) ) ;
#2752 = ADVANCED_FACE ( 'NONE', ( #6274 ), #5280, .T. ) ;
#2753 = CARTESIAN_POINT ( 'NONE',  ( -11.78083122563843500, 9.330947000977268100, 6.000000000000000000 ) ) ;
#2754 = DIRECTION ( 'NONE',  ( -0.7818314824680311400, -0.6234898018587319300, 0.0000000000000000000 ) ) ;
#2755 = CARTESIAN_POINT ( 'NONE',  ( 6.454533184868376200, -13.28773801971745500, 5.918436744855735100 ) ) ;
#2756 = CARTESIAN_POINT ( 'NONE',  ( -14.64045625320915400, -3.392874445052933600, -6.000000000000000000 ) ) ;
#2757 = CARTESIAN_POINT ( 'NONE',  ( 0.0000000000000000000, 0.0000000000000000000, -5.922851331036798500 ) ) ;
#2758 = AXIS2_PLACEMENT_3D ( 'NONE', #4295, #3293, #1416 ) ;
#2759 = PRODUCT_RELATED_PRODUCT_CATEGORY ( 'detail', '', ( #1851 ) ) ;
#2760 = DIRECTION ( 'NONE',  ( 1.000000000000000000, 0.0000000000000000000, 0.0000000000000000000 ) ) ;
#2761 = ADVANCED_FACE ( 'NONE', ( #2429 ), #1974, .T. ) ;
#2762 = DIRECTION ( 'NONE',  ( 0.9749279121818226200, -0.2225209339563183300, 0.0000000000000000000 ) ) ;
#2763 = CARTESIAN_POINT ( 'NONE',  ( 11.51945196705895700, 9.122503997854048300, 5.942348470219661400 ) ) ;
#2764 = CARTESIAN_POINT ( 'NONE',  ( 6.333082655241632600, -13.26601988341872700, -5.945295989391454800 ) ) ;
#2765 = DIRECTION ( 'NONE',  ( 1.000000000000000000, 0.0000000000000000000, 0.0000000000000000000 ) ) ;
#2766 = AXIS2_PLACEMENT_3D ( 'NONE', #20, #65, #1461 ) ;
#2767 = EDGE_CURVE ( 'NONE', #1909, #439, #3693, .T. ) ;
#2768 = FACE_OUTER_BOUND ( 'NONE', #36, .T. ) ;
#2769 = DIRECTION ( 'NONE',  ( 0.7071067811865512400, 0.0000000000000000000, 0.7071067811865439100 ) ) ;
#2770 = CARTESIAN_POINT ( 'NONE',  ( 14.64045625320910700, -3.392874445053131600, 6.000000000000000000 ) ) ;
#2771 = ORIENTED_EDGE ( 'NONE', *, *, #5339, .T. ) ;
#2772 = EDGE_CURVE ( 'NONE', #3919, #5140, #2510, .T. ) ;
#2773 = DIRECTION ( 'NONE',  ( -0.0000000000000000000, -0.0000000000000000000, -1.000000000000000000 ) ) ;
#2774 = FACE_OUTER_BOUND ( 'NONE', #5893, .T. ) ;
#2775 = B_SPLINE_CURVE_WITH_KNOTS ( 'NONE', 3,
 ( #1111, #5975, #3090, #1610, #4509, #3555, #4990 ),
 .UNSPECIFIED., .F., .F.,
 ( 4, 3, 4 ),
 ( 0.0006677669885724647500, 0.001263725857711640700, 0.001291562031208903300 ),
 .UNSPECIFIED. ) ;
#2776 = CARTESIAN_POINT ( 'NONE',  ( -6.565615998021421300, -13.51840385802071900, 5.353434673651931600 ) ) ;
#2778 = EDGE_LOOP ( 'NONE', ( #3609, #5066, #373, #1211, #1056, #2882, #5288, #2321, #6040, #5763, #5660, #6012, #650, #2714, #1734, #1071 ) ) ;
#2777 = ORIENTED_EDGE ( 'NONE', *, *, #619, .F. ) ;
#2779 = EDGE_LOOP ( 'NONE', ( #3855, #110, #742, #3015 ) ) ;
#2780 = CARTESIAN_POINT ( 'NONE',  ( -11.67582646689382400, 9.247208500172421400, 5.707623739868810600 ) ) ;
#2781 = DIRECTION ( 'NONE',  ( -0.0000000000000000000, -0.0000000000000000000, 1.000000000000000000 ) ) ;
#2783 = CARTESIAN_POINT ( 'NONE',  ( 15.02845821440191400, 0.0000000000000000000, 5.700000000000000200 ) ) ;
#2782 = CARTESIAN_POINT ( 'NONE',  ( 6.353196835861817600, -13.30778740985106100, 5.942898760672944600 ) ) ;
#2784 = VECTOR ( 'NONE', #3502, 1000.000000000000000 ) ;
#2785 = EDGE_CURVE ( 'NONE', #3782, #3145, #2727, .T. ) ;
#2786 = CARTESIAN_POINT ( 'NONE',  ( -15.02845821440191200, -1.840455324838705100E-015, -6.000000000000000000 ) ) ;
#2788 = ORIENTED_EDGE ( 'NONE', *, *, #5410, .F. ) ;
#2787 = ORIENTED_EDGE ( 'NONE', *, *, #4437, .T. ) ;
#2789 = CARTESIAN_POINT ( 'NONE',  ( -11.22187913163930300, 8.885197580352853600, 6.000000000000000000 ) ) ;
#2790 = ORIENTED_EDGE ( 'NONE', *, *, #237, .F. ) ;
#2791 = VECTOR ( 'NONE', #4249, 1000.000000000000000 ) ;
#2792 = CARTESIAN_POINT ( 'NONE',  ( -0.05000000000000011400, 14.32409263543335200, 5.427070689091480400 ) ) ;
#2793 = ADVANCED_FACE ( 'NONE', ( #1127 ), #2495, .T. ) ;
#2794 = CIRCLE ( 'NONE', #2798, 15.02845821440191200 ) ;
#2796 = ORIENTED_EDGE ( 'NONE', *, *, #119, .F. ) ;
#2795 = VERTEX_POINT ( 'NONE', #5396 ) ;
#2797 = CARTESIAN_POINT ( 'NONE',  ( -14.37523408528160300, -3.229767529632609600, -5.946985995365509800 ) ) ;
#2798 = AXIS2_PLACEMENT_3D ( 'NONE', #105, #129, #1091 ) ;
#2799 = CONICAL_SURFACE ( 'NONE', #3934, 15.02845821440191200, 0.5235987755982992600 ) ;
#2800 = CARTESIAN_POINT ( 'NONE',  ( -6.324393072930443600, -13.24797577982179700, 5.933060780161923700 ) ) ;
#2801 = CARTESIAN_POINT ( 'NONE',  ( 0.0000000000000000000, 0.0000000000000000000, 6.000000000000000000 ) ) ;
#2802 = CIRCLE ( 'NONE', #451, 14.31353580660732300 ) ;
#2803 = CARTESIAN_POINT ( 'NONE',  ( 6.414489959720501000, -13.20458740591012900, 5.933060780161923700 ) ) ;
#2804 = FACE_OUTER_BOUND ( 'NONE', #1789, .T. ) ;
#2805 = CARTESIAN_POINT ( 'NONE',  ( -6.453873832817290400, -13.28636886107502900, -5.921068843291819500 ) ) ;
#2806 = ORIENTED_EDGE ( 'NONE', *, *, #4997, .T. ) ;
#2807 = FACE_OUTER_BOUND ( 'NONE', #6257, .T. ) ;
#2808 = DIRECTION ( 'NONE',  ( 1.000000000000000000, 0.0000000000000000000, 0.0000000000000000000 ) ) ;
#2809 = DIRECTION ( 'NONE',  ( -1.355252715606888700E-016, 1.000000000000000000, 0.0000000000000000000 ) ) ;
#2810 = CARTESIAN_POINT ( 'NONE',  ( -14.32958067895437400, -3.219347437554737700, 5.938247467940449600 ) ) ;
#2812 = CARTESIAN_POINT ( 'NONE',  ( -14.31353580660732300, 1.752902581004268700E-015, 5.411869347303862400 ) ) ;
#2811 = CARTESIAN_POINT ( 'NONE',  ( 11.43926598975209800, 9.186462615559293000, 5.922851331036820700 ) ) ;
#2813 = EDGE_LOOP ( 'NONE', ( #2170, #1184 ) ) ;
#2814 = ORIENTED_EDGE ( 'NONE', *, *, #3612, .T. ) ;
#2815 = EDGE_CURVE ( 'NONE', #4864, #4057, #3553, .T. ) ;
#2816 = CARTESIAN_POINT ( 'NONE',  ( 0.05000000000000007900, 14.55730094427470600, -5.760124666611658600 ) ) ;
#2817 = ORIENTED_EDGE ( 'NONE', *, *, #3034, .T. ) ;
#2818 = CARTESIAN_POINT ( 'NONE',  ( 14.35298199188592800, -3.327260320850986100, 5.946985995365509800 ) ) ;
#2819 = EDGE_LOOP ( 'NONE', ( #6007, #2728, #4789, #1990, #2414, #1217 ) ) ;
#2820 = CARTESIAN_POINT ( 'NONE',  ( 14.53176955415693600, -3.265495728914211200, 5.707623739868810600 ) ) ;
#2821 = EDGE_CURVE ( 'NONE', #5940, #4925, #2988, .T. ) ;
#2822 = DIRECTION ( 'NONE',  ( 0.6234898018587319300, -0.7818314824680311400, 0.0000000000000000000 ) ) ;
#2823 = CARTESIAN_POINT ( 'NONE',  ( -8.461138858443082000, 0.0000000000000000000, 5.787867965644034400 ) ) ;
#2824 = ORIENTED_EDGE ( 'NONE', *, *, #3952, .F. ) ;
#2825 = CARTESIAN_POINT ( 'NONE',  ( -0.05000000000000006500, 14.67701486054657200, 5.930101898033889500 ) ) ;
#2826 = CARTESIAN_POINT ( 'NONE',  ( -0.05000000000000003100, 14.89406891116995600, 5.707623739868810600 ) ) ;
#2827 = B_SPLINE_CURVE_WITH_KNOTS ( 'NONE', 3,
 ( #3179, #1291, #4205, #722, #4137, #4670, #5644 ),
 .UNSPECIFIED., .F., .F.,
 ( 4, 3, 4 ),
 ( 0.0006677669885724646400, 0.001263725857711639600, 0.001291562031208902200 ),
 .UNSPECIFIED. ) ;
#2828 = DIRECTION ( 'NONE',  ( 0.0000000000000000000, -0.0000000000000000000, -1.000000000000000000 ) ) ;
#2829 = ADVANCED_FACE ( 'NONE', ( #1591 ), #4617, .T. ) ;
#2830 = ORIENTED_EDGE ( 'NONE', *, *, #3703, .T. ) ;
#2831 = EDGE_CURVE ( 'NONE', #1602, #925, #4324, .T. ) ;
#2832 = DIRECTION ( 'NONE',  ( 1.000000000000000000, 0.0000000000000000000, 0.0000000000000000000 ) ) ;
#2833 = DIRECTION ( 'NONE',  ( -0.0000000000000000000, -0.0000000000000000000, 1.000000000000000000 ) ) ;
#2834 = CARTESIAN_POINT ( 'NONE',  ( 11.32344635815558900, 8.966194740681920900, -5.597398009426060000 ) ) ;
#2835 = UNCERTAINTY_MEASURE_WITH_UNIT (LENGTH_MEASURE( 1.000000000000000100E-005 ), #5146, 'distance_accuracy_value', 'NONE');
#2836 = DIRECTION ( 'NONE',  ( 0.6234898018587319300, -0.7818314824680311400, 0.0000000000000000000 ) ) ;
#2837 = AXIS2_PLACEMENT_3D ( 'NONE', #5982, #3533, #5527 ) ;
#2838 = CARTESIAN_POINT ( 'NONE',  ( 0.05000000000000006500, 14.67124404307175000, -5.922851331036797600 ) ) ;
#2839 = AXIS2_PLACEMENT_3D ( 'NONE', #235, #4170, #820 ) ;
#2840 = DIRECTION ( 'NONE',  ( 1.000000000000000000, 0.0000000000000000000, 0.0000000000000000000 ) ) ;
#2841 = CARTESIAN_POINT ( 'NONE',  ( 0.0000000000000000000, 0.0000000000000000000, 5.353434673651931600 ) ) ;
#2842 = CARTESIAN_POINT ( 'NONE',  ( -6.323069643382895700, -13.24522765004945600, 5.930101898033889500 ) ) ;
#2843 = CARTESIAN_POINT ( 'NONE',  ( -8.932094846991093500, 1.093866136404820900E-015, -4.845955988548011500 ) ) ;
#2844 = CARTESIAN_POINT ( 'NONE',  ( -6.255420988009329400, -12.87427728262065500, 6.000000000000000000 ) ) ;
#2845 = COORDINATED_UNIVERSAL_TIME_OFFSET ( 6, 0, .BEHIND. ) ;
#2846 = CARTESIAN_POINT ( 'NONE',  ( -8.461138858443082000, 1.036190662013361000E-015, 4.845955988548010600 ) ) ;
#2847 = AXIS2_PLACEMENT_3D ( 'NONE', #2467, #5353, #5839 ) ;
#2848 = DIRECTION ( 'NONE',  ( 0.9749279121818257300, 0.2225209339563050400, 0.0000000000000000000 ) ) ;
#2850 = CARTESIAN_POINT ( 'NONE',  ( 0.0000000000000000000, 0.0000000000000000000, 5.475000000000000500 ) ) ;
#2849 = CARTESIAN_POINT ( 'NONE',  ( 11.23436203954664200, 8.895152367224564900, -5.434671360010760600 ) ) ;
#2851 = CARTESIAN_POINT ( 'NONE',  ( 0.05000000000000011400, 14.32409263543335200, -5.427070689091481300 ) ) ;
#2852 = DIRECTION ( 'NONE',  ( -0.0000000000000000000, -0.0000000000000000000, 1.000000000000000000 ) ) ;
#2853 = CONICAL_SURFACE ( 'NONE', #1856, 6.000000000000001800, 0.7853981633974531600 ) ;
#2854 = LINE ( 'NONE', #2905, #780 ) ;
#2855 = EDGE_CURVE ( 'NONE', #356, #2453, #821, .T. ) ;
#2856 = DIRECTION ( 'NONE',  ( -0.4338837391175650600, -0.9009688679024158200, -0.0000000000000000000 ) ) ;
#2857 = DIRECTION ( 'NONE',  ( 1.000000000000000000, 0.0000000000000000000, 0.0000000000000000000 ) ) ;
#2858 = CARTESIAN_POINT ( 'NONE',  ( -6.475519111231179200, -13.56179223193247600, 5.353434673651931600 ) ) ;
#2859 = ADVANCED_FACE ( 'NONE', ( #133 ), #5599, .F. ) ;
#2860 = ORIENTED_EDGE ( 'NONE', *, *, #6137, .F. ) ;
#2861 = CARTESIAN_POINT ( 'NONE',  ( 11.71848224545269600, 9.409130149223903700, 5.475000000000000500 ) ) ;
#2862 = FACE_OUTER_BOUND ( 'NONE', #833, .T. ) ;
#2863 = DIRECTION ( 'NONE',  ( -0.9009688679024219200, -0.4338837391175525100, 0.0000000000000000000 ) ) ;
#2864 = CARTESIAN_POINT ( 'NONE',  ( 6.320565779518970500, -13.24002832316238300, 5.922851331036797600 ) ) ;
#2866 = ORIENTED_EDGE ( 'NONE', *, *, #4630, .F. ) ;
#2865 = ORIENTED_EDGE ( 'NONE', *, *, #954, .T. ) ;
#2867 = EDGE_CURVE ( 'NONE', #3160, #4879, #5306, .T. ) ;
#2868 = DIRECTION ( 'NONE',  ( 0.9009688679024218100, 0.4338837391175527900, 0.0000000000000000000 ) ) ;
#2869 = EDGE_LOOP ( 'NONE', ( #808, #5728, #3095, #1346, #4129, #5006 ) ) ;
#2870 = VECTOR ( 'NONE', #6238, 1000.000000000000000 ) ;
#2871 = DIRECTION ( 'NONE',  ( -0.0000000000000000000, -0.0000000000000000000, 1.000000000000000000 ) ) ;
#2872 = FACE_OUTER_BOUND ( 'NONE', #4833, .T. ) ;
#2873 = DIRECTION ( 'NONE',  ( 0.7818314824680220300, -0.6234898018587432500, 0.0000000000000000000 ) ) ;
#2874 = CARTESIAN_POINT ( 'NONE',  ( 11.41253066808849900, 9.037237107220368800, -5.760124666611659400 ) ) ;
#2876 = EDGE_LOOP ( 'NONE', ( #2439, #5646 ) ) ;
#2875 = ORIENTED_EDGE ( 'NONE', *, *, #4530, .T. ) ;
#2877 = CIRCLE ( 'NONE', #1133, 15.02845821440191200 ) ;
#2878 = AXIS2_PLACEMENT_3D ( 'NONE', #4490, #2617, #164 ) ;
#2879 = CIRCLE ( 'NONE', #4659, 8.932094846991095200 ) ;
#2880 = EDGE_CURVE ( 'NONE', #2100, #5140, #3699, .T. ) ;
#2881 = FACE_OUTER_BOUND ( 'NONE', #2212, .T. ) ;
#2883 = EDGE_LOOP ( 'NONE', ( #3839, #955 ) ) ;
#2882 = ORIENTED_EDGE ( 'NONE', *, *, #3962, .T. ) ;
#2884 = CARTESIAN_POINT ( 'NONE',  ( 14.32040444177521900, -3.319824707626598300, 5.945295989391454800 ) ) ;
#2885 = CARTESIAN_POINT ( 'NONE',  ( 0.0000000000000000000, 0.0000000000000000000, 5.353434673651931600 ) ) ;
#2886 = TOROIDAL_SURFACE ( 'NONE', #5144, 12.25000000000000000, 4.375000000000000000 ) ;
#2887 = DIRECTION ( 'NONE',  ( 0.5735764363510484900, 0.0000000000000000000, -0.8191520442889900200 ) ) ;
#2888 = LINE ( 'NONE', #1714, #5673 ) ;
#2889 = ORIENTED_EDGE ( 'NONE', *, *, #5172, .F. ) ;
#2890 = VERTEX_POINT ( 'NONE', #5613 ) ;
#2891 = AXIS2_PLACEMENT_3D ( 'NONE', #924, #383, #3771 ) ;
#2892 = CARTESIAN_POINT ( 'NONE',  ( 14.31353580660732300, 0.0000000000000000000, -5.411869347303862400 ) ) ;
#2893 = LINE ( 'NONE', #4985, #1452 ) ;
#2894 = CARTESIAN_POINT ( 'NONE',  ( -0.05000000000000005800, 14.72098163366127500, 5.948433861821531100 ) ) ;
#2895 = CARTESIAN_POINT ( 'NONE',  ( 0.05000000000000005800, 14.73350784104420800, 5.946985995365509800 ) ) ;
#2896 = DIRECTION ( 'NONE',  ( -1.000000000000000000, 0.0000000000000000000, 0.0000000000000000000 ) ) ;
#2897 = ORIENTED_EDGE ( 'NONE', *, *, #772, .T. ) ;
#2898 = ORIENTED_EDGE ( 'NONE', *, *, #1970, .F. ) ;
#2899 = AXIS2_PLACEMENT_3D ( 'NONE', #5184, #3813, #4747 ) ;
#2900 = EDGE_CURVE ( 'NONE', #2101, #4763, #4008, .T. ) ;
#2901 = ORIENTED_EDGE ( 'NONE', *, *, #5853, .F. ) ;
#2902 = DIRECTION ( 'NONE',  ( -1.000000000000000000, 6.217248937900876600E-015, 0.0000000000000000000 ) ) ;
#2903 = CARTESIAN_POINT ( 'NONE',  ( 14.37115556973628100, -3.331408321401650300, 5.939344605127422100 ) ) ;
#2904 = ORIENTED_EDGE ( 'NONE', *, *, #778, .F. ) ;
#2905 = CARTESIAN_POINT ( 'NONE',  ( -6.609040460543665700, -13.60857568358281400, -5.353434673651931600 ) ) ;
#2906 = DIRECTION ( 'NONE',  ( -0.0000000000000000000, -0.0000000000000000000, -1.000000000000000000 ) ) ;
#2907 = ORIENTED_EDGE ( 'NONE', *, *, #909, .F. ) ;
#2908 = EDGE_CURVE ( 'NONE', #2358, #3184, #3033, .T. ) ;
#2909 = EDGE_LOOP ( 'NONE', ( #6219, #5189, #4603, #2434 ) ) ;
#2910 = DIRECTION ( 'NONE',  ( -0.0000000000000000000, -0.0000000000000000000, 1.000000000000000000 ) ) ;
#2911 = CARTESIAN_POINT ( 'NONE',  ( -0.05000000000000006500, 14.68006505447695500, 5.933060780161923700 ) ) ;
#2912 = ORIENTED_EDGE ( 'NONE', *, *, #6237, .T. ) ;
#2913 = DIRECTION ( 'NONE',  ( -0.0000000000000000000, -0.0000000000000000000, 1.000000000000000000 ) ) ;
#2914 = DIRECTION ( 'NONE',  ( 1.000000000000000000, 0.0000000000000000000, 0.0000000000000000000 ) ) ;
#2915 = DIRECTION ( 'NONE',  ( -1.000000000000000000, 0.0000000000000000000, 0.0000000000000000000 ) ) ;
#2916 = EDGE_CURVE ( 'NONE', #683, #1064, #2888, .T. ) ;
#2917 = CARTESIAN_POINT ( 'NONE',  ( 15.02845821440191200, 0.0000000000000000000, 5.475000000000000500 ) ) ;
#2918 = CARTESIAN_POINT ( 'NONE',  ( 0.0000000000000000000, 0.0000000000000000000, -4.845955988548011500 ) ) ;
#2919 = CARTESIAN_POINT ( 'NONE',  ( 11.22187913163943300, 8.885197580352695500, 5.353434673651931600 ) ) ;
#2920 = CARTESIAN_POINT ( 'NONE',  ( 14.38850780627983800, -3.232797169831536100, 5.942572141193089400 ) ) ;
#2921 = CARTESIAN_POINT ( 'NONE',  ( -6.320565779519142800, -13.24002832316226900, 5.922851331036820700 ) ) ;
#2922 = AXIS2_PLACEMENT_3D ( 'NONE', #18, #5305, #2915 ) ;
#2923 = DIRECTION ( 'NONE',  ( -0.0000000000000000000, -0.0000000000000000000, 1.000000000000000000 ) ) ;
#2924 = FACE_OUTER_BOUND ( 'NONE', #1254, .T. ) ;
#2925 = DIRECTION ( 'NONE',  ( -0.0000000000000000000, -0.0000000000000000000, 1.000000000000000000 ) ) ;
#2926 = CARTESIAN_POINT ( 'NONE',  ( 14.38769197227060700, -3.335182647369999000, 5.923592372379001600 ) ) ;
#2927 = CARTESIAN_POINT ( 'NONE',  ( 0.0000000000000000000, 0.0000000000000000000, -5.888436744855735800 ) ) ;
#2928 = CARTESIAN_POINT ( 'NONE',  ( 0.05000000000000005800, 14.72005782426656700, 5.948810452728518600 ) ) ;
#2929 = FACE_OUTER_BOUND ( 'NONE', #2652, .T. ) ;
#2930 = AXIS2_PLACEMENT_3D ( 'NONE', #3236, #1311, #319 ) ;
#2931 = DIRECTION ( 'NONE',  ( -0.0000000000000000000, -0.0000000000000000000, 1.000000000000000000 ) ) ;
#2932 = ORIENTED_EDGE ( 'NONE', *, *, #4133, .T. ) ;
#2933 = CARTESIAN_POINT ( 'NONE',  ( -11.50251986509766800, 9.236905897891340100, 5.939344605127422100 ) ) ;
#2935 = CARTESIAN_POINT ( 'NONE',  ( 11.51142232055936700, 9.244005369217484600, -5.930672822065825600 ) ) ;
#2934 = CARTESIAN_POINT ( 'NONE',  ( 14.64045625320910700, -3.392874445053131600, -6.000000000000000000 ) ) ;
#2936 = CIRCLE ( 'NONE', #3192, 8.461138858443082000 ) ;
#2938 = VERTEX_POINT ( 'NONE', #5094 ) ;
#2937 = ORIENTED_EDGE ( 'NONE', *, *, #594, .T. ) ;
#2939 = DIRECTION ( 'NONE',  ( 1.355252715606888900E-016, 1.000000000000000000, 0.0000000000000000000 ) ) ;
#2940 = ORIENTED_EDGE ( 'NONE', *, *, #5556, .T. ) ;
#2941 = EDGE_CURVE ( 'NONE', #4519, #2254, #5760, .T. ) ;
#2942 = CARTESIAN_POINT ( 'NONE',  ( 0.0000000000000000000, 0.0000000000000000000, -5.353434673651931600 ) ) ;
#2943 = LINE ( 'NONE', #2600, #339 ) ;
#2944 = DIRECTION ( 'NONE',  ( 0.0000000000000000000, 0.0000000000000000000, -1.000000000000000000 ) ) ;
#2946 = ORIENTED_EDGE ( 'NONE', *, *, #2381, .T. ) ;
#2945 = ORIENTED_EDGE ( 'NONE', *, *, #23, .T. ) ;
#2947 = VERTEX_POINT ( 'NONE', #2221 ) ;
#2948 = CARTESIAN_POINT ( 'NONE',  ( 0.0000000000000000000, 0.0000000000000000000, 5.888436744855735800 ) ) ;
#2949 = LINE ( 'NONE', #2789, #3923 ) ;
#2950 = CARTESIAN_POINT ( 'NONE',  ( 14.40450884351549000, -3.236449302164047500, -5.930672822065825600 ) ) ;
#2951 = EDGE_CURVE ( 'NONE', #3309, #3125, #279, .T. ) ;
#2952 = LINE ( 'NONE', #4025, #2036 ) ;
#2954 = VERTEX_POINT ( 'NONE', #2204 ) ;
#2953 = ORIENTED_EDGE ( 'NONE', *, *, #5196, .T. ) ;
#2955 = CARTESIAN_POINT ( 'NONE',  ( 14.31453137071973500, -3.215912531156299300, -5.922851331036820700 ) ) ;
#2956 = LINE ( 'NONE', #4399, #1973 ) ;
#2957 = DIRECTION ( 'NONE',  ( 0.0000000000000000000, 0.0000000000000000000, 1.000000000000000000 ) ) ;
#2958 = ADVANCED_FACE ( 'NONE', ( #5824 ), #2264, .T. ) ;
#2959 = VECTOR ( 'NONE', #5330, 1000.000000000000000 ) ;
#2960 = DIRECTION ( 'NONE',  ( 1.000000000000000000, 0.0000000000000000000, 0.0000000000000000000 ) ) ;
#2961 = CARTESIAN_POINT ( 'NONE',  ( -11.71848224545256100, 9.409130149224070600, 6.000000000000000000 ) ) ;
#2962 = ORIENTED_EDGE ( 'NONE', *, *, #6125, .F. ) ;
#2963 = VERTEX_POINT ( 'NONE', #2846 ) ;
#2964 = AXIS2_PLACEMENT_3D ( 'NONE', #3187, #694, #5081 ) ;
#2965 = AXIS2_PLACEMENT_3D ( 'NONE', #2757, #3635, #729 ) ;
#2966 = LINE ( 'NONE', #6082, #669 ) ;
#2967 = ORIENTED_EDGE ( 'NONE', *, *, #3874, .T. ) ;
#2968 = CARTESIAN_POINT ( 'NONE',  ( 14.41286105942823800, -3.238355640942829800, 5.918874622419537000 ) ) ;
#2969 = CARTESIAN_POINT ( 'NONE',  ( 6.420853063369062100, -13.21780052678497500, -5.943085793353259500 ) ) ;
#2970 = CARTESIAN_POINT ( 'NONE',  ( -11.51109749504145100, 9.115841528742191000, 5.935654072712593700 ) ) ;
#2971 = ORIENTED_EDGE ( 'NONE', *, *, #3578, .T. ) ;
#2972 = VERTEX_POINT ( 'NONE', #1762 ) ;
#2973 = CARTESIAN_POINT ( 'NONE',  ( 14.31753241785419900, -3.216597500581077600, -5.926874626044847700 ) ) ;
#2974 = PLANE ( 'NONE',  #5409 ) ;
#2975 = CARTESIAN_POINT ( 'NONE',  ( 0.0000000000000000000, 0.0000000000000000000, -6.000000000000000000 ) ) ;
#2976 = DIRECTION ( 'NONE',  ( 1.000000000000000000, -1.776356839400250500E-015, 0.0000000000000000000 ) ) ;
#2977 = VERTEX_POINT ( 'NONE', #4702 ) ;
#2978 = DIRECTION ( 'NONE',  ( -0.0000000000000000000, -0.0000000000000000000, 1.000000000000000000 ) ) ;
#2980 = CARTESIAN_POINT ( 'NONE',  ( 0.05000000000000005800, 14.74006092107380400, -5.945518194124296900 ) ) ;
#2979 = DIRECTION ( 'NONE',  ( 1.000000000000000000, 0.0000000000000000000, 0.0000000000000000000 ) ) ;
#2981 = AXIS2_PLACEMENT_3D ( 'NONE', #2431, #3454, #1961 ) ;
#2982 = EDGE_CURVE ( 'NONE', #5084, #284, #2585, .T. ) ;
#2983 = ORIENTED_EDGE ( 'NONE', *, *, #5492, .F. ) ;
#2984 = DIRECTION ( 'NONE',  ( 1.000000000000000000, 0.0000000000000000000, 0.0000000000000000000 ) ) ;
#2985 = CARTESIAN_POINT ( 'NONE',  ( 6.446191808919402400, -13.27041697408255900, -5.939165479577829900 ) ) ;
#2986 = ADVANCED_FACE ( 'NONE', ( #4688 ), #2113, .F. ) ;
#2987 = EDGE_CURVE ( 'NONE', #5954, #5586, #3247, .T. ) ;
#2988 = B_SPLINE_CURVE_WITH_KNOTS ( 'NONE', 3,
 ( #4439, #4921, #5861, #96, #673, #1162, #4885, #540, #2980, #4456, #2023, #5029, #571, #3123, #5414, #2007, #3455, #2142, #199, #1553, #5531, #4427 ),
 .UNSPECIFIED., .F., .F.,
 ( 4, 3, 3, 3, 3, 3, 3, 4 ),
 ( 0.0002729695107799599100, 0.0002820482917521218900, 0.0003021945365587053300, 0.0003223408922757445100, 0.0003424873530129687300, 0.0003626338669241258100, 0.0003751336404210375300, 0.0003927652499993059800 ),
 .UNSPECIFIED. ) ;
#2989 = CARTESIAN_POINT ( 'NONE',  ( 14.35647513729912500, -3.225485922169388300, -5.948499693344809100 ) ) ;
#2990 = CARTESIAN_POINT ( 'NONE',  ( -11.72340624023391000, 9.285152103260196900, -5.602217234644990100 ) ) ;
#2991 = CARTESIAN_POINT ( 'NONE',  ( -11.61347748670771200, 9.325391648419035600, 5.707623739869334600 ) ) ;
#2992 = AXIS2_PLACEMENT_3D ( 'NONE', #947, #4877, #486 ) ;
#2993 = EDGE_CURVE ( 'NONE', #6252, #2722, #4400, .T. ) ;
#2994 = CARTESIAN_POINT ( 'NONE',  ( 0.0000000000000000000, 0.0000000000000000000, -5.353434673651931600 ) ) ;
#2996 = CARTESIAN_POINT ( 'NONE',  ( 0.0000000000000000000, 0.0000000000000000000, -5.411869347303862400 ) ) ;
#2995 = DIRECTION ( 'NONE',  ( -0.0000000000000000000, -0.0000000000000000000, 1.000000000000000000 ) ) ;
#2997 = APPROVAL_DATE_TIME ( #1398, #5017 ) ;
#2998 = DIRECTION ( 'NONE',  ( 0.0000000000000000000, 0.0000000000000000000, -1.000000000000000000 ) ) ;
#2999 = PERSON_AND_ORGANIZATION ( #1270, #409 ) ;
#3000 = CARTESIAN_POINT ( 'NONE',  ( 14.36956875086316600, -3.228474454021567700, 5.948368030137144700 ) ) ;
#3001 = CARTESIAN_POINT ( 'NONE',  ( 6.410662666309201000, -13.19663994925060300, -5.922851331036820700 ) ) ;
#3002 = AXIS2_PLACEMENT_3D ( 'NONE', #634, #5462, #3004 ) ;
#3003 = VERTEX_POINT ( 'NONE', #2354 ) ;
#3004 = DIRECTION ( 'NONE',  ( -0.4338837391175525700, 0.9009688679024217000, 0.0000000000000000000 ) ) ;
#3005 = FACE_OUTER_BOUND ( 'NONE', #5517, .T. ) ;
#3006 = CARTESIAN_POINT ( 'NONE',  ( 0.0000000000000000000, 0.0000000000000000000, 5.787867965644034400 ) ) ;
#3007 = ORIENTED_EDGE ( 'NONE', *, *, #323, .T. ) ;
#3008 = CARTESIAN_POINT ( 'NONE',  ( 14.29227927732413100, -3.313405322374487500, -5.922851331036797600 ) ) ;
#3009 = CIRCLE ( 'NONE', #4286, 15.02845821440191400 ) ;
#3010 = EDGE_CURVE ( 'NONE', #2954, #2197, #860, .T. ) ;
#3011 = CARTESIAN_POINT ( 'NONE',  ( 0.0000000000000000000, 0.0000000000000000000, 5.475000000000000500 ) ) ;
#3012 = ADVANCED_FACE ( 'NONE', ( #3410 ), #1658, .T. ) ;
#3014 = CARTESIAN_POINT ( 'NONE',  ( 0.0000000000000000000, 0.0000000000000000000, -4.845955988548011500 ) ) ;
#3013 = CARTESIAN_POINT ( 'NONE',  ( -11.16369112077481800, 8.966698990905419100, 5.419470018189161700 ) ) ;
#3016 = ORIENTED_EDGE ( 'NONE', *, *, #1220, .T. ) ;
#3015 = ORIENTED_EDGE ( 'NONE', *, *, #4275, .F. ) ;
#3017 = ORIENTED_EDGE ( 'NONE', *, *, #5699, .F. ) ;
#3018 = VECTOR ( 'NONE', #2852, 1000.000000000000000 ) ;
#3019 = VECTOR ( 'NONE', #1654, 1000.000000000000000 ) ;
#3021 = EDGE_LOOP ( 'NONE', ( #5540, #4212 ) ) ;
#3020 = VERTEX_POINT ( 'NONE', #3696 ) ;
#3022 = EDGE_CURVE ( 'NONE', #5954, #1712, #3488, .T. ) ;
#3023 = CARTESIAN_POINT ( 'NONE',  ( 11.49859048498807800, 9.233772321818870300, 5.942572141193089400 ) ) ;
#3024 = MANIFOLD_SOLID_BREP ( 'CirPattern1[3]', #5375 ) ;
#3025 = FACE_OUTER_BOUND ( 'NONE', #3251, .T. ) ;
#3026 = CIRCLE ( 'NONE', #1092, 16.03886114155692200 ) ;
#3027 = LINE ( 'NONE', #4420, #3481 ) ;
#3028 = CARTESIAN_POINT ( 'NONE',  ( -6.448238101519618400, -13.27466614445008200, 5.935790468940135500 ) ) ;
#3029 = B_SPLINE_CURVE_WITH_KNOTS ( 'NONE', 3,
 ( #1785, #2332, #4218, #6150, #1853, #4656, #3304, #2249, #379, #5171, #2274, #4710, #5185, #2292, #6134, #2763, #3270, #3242, #5686, #327, #3737, #3723 ),
 .UNSPECIFIED., .F., .F.,
 ( 4, 3, 3, 3, 3, 3, 3, 4 ),
 ( 0.0002729695107799596900, 0.0002820482917521218900, 0.0003021945365587059800, 0.0003223408922757458600, 0.0003424873530129699700, 0.0003626338669241265700, 0.0003751336404210385100, 0.0003927652499993079300 ),
 .UNSPECIFIED. ) ;
#3031 = ORIENTED_EDGE ( 'NONE', *, *, #3982, .T. ) ;
#3030 = EDGE_LOOP ( 'NONE', ( #5156, #2787, #1813, #4230 ) ) ;
#3032 = FACE_OUTER_BOUND ( 'NONE', #4303, .T. ) ;
#3033 = CIRCLE ( 'NONE', #1751, 14.67132924350647700 ) ;
#3034 = EDGE_CURVE ( 'NONE', #5407, #2750, #3859, .T. ) ;
#3035 = CARTESIAN_POINT ( 'NONE',  ( 0.0000000000000000000, 0.0000000000000000000, 6.000000000000000000 ) ) ;
#3036 = DIRECTION ( 'NONE',  ( 1.000000000000000000, 0.0000000000000000000, 0.0000000000000000000 ) ) ;
#3037 = ORIENTED_EDGE ( 'NONE', *, *, #4424, .F. ) ;
#3038 = ORIENTED_EDGE ( 'NONE', *, *, #2050, .T. ) ;
#3039 = CARTESIAN_POINT ( 'NONE',  ( 6.565615998021232100, -13.51840385802081300, 5.475000000000000500 ) ) ;
#3040 = LINE ( 'NONE', #3248, #531 ) ;
#3041 = DIRECTION ( 'NONE',  ( -0.0000000000000000000, -0.0000000000000000000, 1.000000000000000000 ) ) ;
#3042 = CARTESIAN_POINT ( 'NONE',  ( 16.03886114155692200, 0.0000000000000000000, -5.487867965644035500 ) ) ;
#3043 = CARTESIAN_POINT ( 'NONE',  ( 0.0000000000000000000, 0.0000000000000000000, 6.000000000000000000 ) ) ;
#3044 = ORIENTED_EDGE ( 'NONE', *, *, #5031, .T. ) ;
#3045 = ORIENTED_EDGE ( 'NONE', *, *, #2381, .F. ) ;
#3046 = AXIS2_PLACEMENT_3D ( 'NONE', #4344, #1546, #4903 ) ;
#3047 = ORIENTED_EDGE ( 'NONE', *, *, #3469, .T. ) ;
#3048 = AXIS2_PLACEMENT_3D ( 'NONE', #5102, #5130, #5624 ) ;
#3049 = CARTESIAN_POINT ( 'NONE',  ( 11.48340254176895100, 9.221660341269757300, 5.948368030137144700 ) ) ;
#3050 = DIRECTION ( 'NONE',  ( 0.0000000000000000000, 0.0000000000000000000, 1.000000000000000000 ) ) ;
#3051 = VERTEX_POINT ( 'NONE', #1780 ) ;
#3052 = AXIS2_PLACEMENT_3D ( 'NONE', #3035, #5857, #3512 ) ;
#3053 = ORIENTED_EDGE ( 'NONE', *, *, #4486, .F. ) ;
#3054 = VERTEX_POINT ( 'NONE', #5647 ) ;
#3055 = CARTESIAN_POINT ( 'NONE',  ( -9.577435660233272000, 7.637750072769604200, -6.000769315822028800E-016 ) ) ;
#3056 = CARTESIAN_POINT ( 'NONE',  ( -11.48282235675710300, 9.221197659162447400, -5.948453804110887900 ) ) ;
#3057 = DIRECTION ( 'NONE',  ( 1.000000000000000000, 0.0000000000000000000, 0.0000000000000000000 ) ) ;
#3058 = CARTESIAN_POINT ( 'NONE',  ( 11.72340624023404300, 9.285152103260029900, -5.602217234644991000 ) ) ;
#3059 = DIRECTION ( 'NONE',  ( 1.000000000000000000, 0.0000000000000000000, 0.0000000000000000000 ) ) ;
#3060 = DIRECTION ( 'NONE',  ( 0.0000000000000000000, 0.0000000000000000000, -1.000000000000000000 ) ) ;
#3061 = EDGE_CURVE ( 'NONE', #4429, #2057, #3732, .T. ) ;
#3062 = DIRECTION ( 'NONE',  ( -0.0000000000000000000, -0.0000000000000000000, 1.000000000000000000 ) ) ;
#3063 = CARTESIAN_POINT ( 'NONE',  ( 0.0000000000000000000, 0.0000000000000000000, 5.787867965644034400 ) ) ;
#3064 = CARTESIAN_POINT ( 'NONE',  ( -6.165324101219088200, -12.91766565653241400, 5.353434673651931600 ) ) ;
#3065 = EDGE_CURVE ( 'NONE', #2101, #4763, #4545, .T. ) ;
#3066 = CARTESIAN_POINT ( 'NONE',  ( -6.417245866457982100, -13.44078659231323900, 5.707623739868810600 ) ) ;
#3067 = CARTESIAN_POINT ( 'NONE',  ( 0.0000000000000000000, 0.0000000000000000000, -5.475000000000000500 ) ) ;
#3068 = CARTESIAN_POINT ( 'NONE',  ( -6.480937969758994800, -13.34256812051424000, -5.813030243295936600 ) ) ;
#3069 = FACE_OUTER_BOUND ( 'NONE', #1338, .T. ) ;
#3070 = DIRECTION ( 'NONE',  ( 1.000000000000000000, 0.0000000000000000000, 0.0000000000000000000 ) ) ;
#3071 = AXIS2_PLACEMENT_3D ( 'NONE', #1759, #4719, #278 ) ;
#3072 = ADVANCED_FACE ( 'NONE', ( #4779 ), #1476, .T. ) ;
#3073 = EDGE_CURVE ( 'NONE', #928, #976, #5138, .T. ) ;
#3074 = CARTESIAN_POINT ( 'NONE',  ( 11.50425114555676800, 9.110381747216902000, -5.927666725627946500 ) ) ;
#3075 = DIRECTION ( 'NONE',  ( 0.0000000000000000000, 0.0000000000000000000, -1.000000000000000000 ) ) ;
#3076 = CARTESIAN_POINT ( 'NONE',  ( 14.66270834660474200, -3.295381653834949600, -5.353434673651931600 ) ) ;
#3077 = CONICAL_SURFACE ( 'NONE', #333, 14.31353580660732300, 0.1745329251994303900 ) ;
#3078 = CYLINDRICAL_SURFACE ( 'NONE', #2626, 8.461138858443082000 ) ;
#3079 = EDGE_LOOP ( 'NONE', ( #1578, #3175 ) ) ;
#3080 = DIRECTION ( 'NONE',  ( 0.0000000000000000000, 0.0000000000000000000, -1.000000000000000000 ) ) ;
#3081 = CARTESIAN_POINT ( 'NONE',  ( -16.03886114155692200, 1.964193995897654400E-015, -2.187500000000000000 ) ) ;
#3082 = CARTESIAN_POINT ( 'NONE',  ( 14.35298199188592800, -3.327260320850986100, -5.946985995365509800 ) ) ;
#3083 = FACE_OUTER_BOUND ( 'NONE', #3496, .T. ) ;
#3084 = AXIS2_PLACEMENT_3D ( 'NONE', #3581, #28, #1995 ) ;
#3086 = ORIENTED_EDGE ( 'NONE', *, *, #4667, .T. ) ;
#3085 = ORIENTED_EDGE ( 'NONE', *, *, #2831, .F. ) ;
#3087 = DIRECTION ( 'NONE',  ( -0.0000000000000000000, -0.0000000000000000000, 1.000000000000000000 ) ) ;
#3088 = ORIENTED_EDGE ( 'NONE', *, *, #127, .T. ) ;
#3089 = FACE_OUTER_BOUND ( 'NONE', #1263, .T. ) ;
#3090 = CARTESIAN_POINT ( 'NONE',  ( 14.09235874580445000, -3.165203079331254000, 5.597398009426060900 ) ) ;
#3092 = ORIENTED_EDGE ( 'NONE', *, *, #281, .F. ) ;
#3091 = ORIENTED_EDGE ( 'NONE', *, *, #3725, .T. ) ;
#3093 = CARTESIAN_POINT ( 'NONE',  ( 6.257730151771419000, -12.87907231058128400, 5.419470018189162600 ) ) ;
#3094 = AXIS2_PLACEMENT_3D ( 'NONE', #115, #1068, #4502 ) ;
#3095 = ORIENTED_EDGE ( 'NONE', *, *, #2880, .T. ) ;
#3096 = EDGE_CURVE ( 'NONE', #2630, #3389, #3330, .T. ) ;
#3097 = FACE_OUTER_BOUND ( 'NONE', #2778, .T. ) ;
#3098 = CARTESIAN_POINT ( 'NONE',  ( 0.0000000000000000000, 0.0000000000000000000, -5.353434673651931600 ) ) ;
#3099 = DIRECTION ( 'NONE',  ( 1.000000000000000000, 0.0000000000000000000, 0.0000000000000000000 ) ) ;
#3100 = TOROIDAL_SURFACE ( 'NONE', #4736, 14.72047836616381700, 0.05999999999999999800 ) ;
#3101 = CARTESIAN_POINT ( 'NONE',  ( -14.76028222819466300, -3.317652255578556800, 5.353434673651931600 ) ) ;
#3103 = ORIENTED_EDGE ( 'NONE', *, *, #2900, .F. ) ;
#3102 = VERTEX_POINT ( 'NONE', #5737 ) ;
#3104 = VECTOR ( 'NONE', #2428, 1000.000000000000000 ) ;
#3105 = VECTOR ( 'NONE', #2158, 1000.000000000000100 ) ;
#3106 = EDGE_CURVE ( 'NONE', #440, #2031, #2049, .T. ) ;
#3107 = CONICAL_SURFACE ( 'NONE', #5758, 17.60000000000001200, 0.7853981633974425100 ) ;
#3108 = CARTESIAN_POINT ( 'NONE',  ( 11.50735481377461900, 9.240761640797549200, 5.934919143280428200 ) ) ;
#3109 = DIRECTION ( 'NONE',  ( 1.000000000000000000, 0.0000000000000000000, 0.0000000000000000000 ) ) ;
#3110 = ORIENTED_EDGE ( 'NONE', *, *, #6086, .T. ) ;
#3111 = ADVANCED_FACE ( 'NONE', ( #5965 ), #893, .T. ) ;
#3112 = CIRCLE ( 'NONE', #3968, 14.31353580660732300 ) ;
#3113 = CARTESIAN_POINT ( 'NONE',  ( 0.0000000000000000000, 0.0000000000000000000, -5.922851331036798500 ) ) ;
#3114 = VERTEX_POINT ( 'NONE', #975 ) ;
#3115 = VERTEX_POINT ( 'NONE', #5272 ) ;
#3116 = EDGE_CURVE ( 'NONE', #5441, #116, #6265, .T. ) ;
#3117 = CARTESIAN_POINT ( 'NONE',  ( 0.0000000000000000000, 0.0000000000000000000, 5.475000000000000500 ) ) ;
#3118 = DIRECTION ( 'NONE',  ( 1.000000000000000000, 0.0000000000000000000, 0.0000000000000000000 ) ) ;
#3119 = ORIENTED_EDGE ( 'NONE', *, *, #4865, .F. ) ;
#3120 = ORIENTED_EDGE ( 'NONE', *, *, #5415, .T. ) ;
#3121 = CARTESIAN_POINT ( 'NONE',  ( 11.50161496993799300, 9.108279467312506500, -5.922851331036797600 ) ) ;
#3122 = CARTESIAN_POINT ( 'NONE',  ( -0.05000000000000006500, 14.69473051223645200, -5.943085793353259500 ) ) ;
#3123 = CARTESIAN_POINT ( 'NONE',  ( 0.05000000000000005800, 14.70671868694702800, -5.947242360947049300 ) ) ;
#3124 = AXIS2_PLACEMENT_3D ( 'NONE', #2609, #4096, #4070 ) ;
#3125 = VERTEX_POINT ( 'NONE', #16 ) ;
#3126 = CARTESIAN_POINT ( 'NONE',  ( 6.507342753248037700, -13.39739821840157500, -5.707623739868810600 ) ) ;
#3127 = DIRECTION ( 'NONE',  ( -0.0000000000000000000, -0.0000000000000000000, 1.000000000000000000 ) ) ;
#3128 = VERTEX_POINT ( 'NONE', #3419 ) ;
#3129 = AXIS2_PLACEMENT_3D ( 'NONE', #1472, #5357, #3935 ) ;
#3130 = EDGE_CURVE ( 'NONE', #3389, #2630, #6186, .T. ) ;
#3131 = CARTESIAN_POINT ( 'NONE',  ( 13.96570648593265000, -3.136295527498749600, 5.353434673651931600 ) ) ;
#3132 = ADVANCED_FACE ( 'NONE', ( #4769 ), #4861, .T. ) ;
#3133 = DIRECTION ( 'NONE',  ( 0.0000000000000000000, 0.0000000000000000000, -1.000000000000000000 ) ) ;
#3134 = DIRECTION ( 'NONE',  ( -0.2225209339563182800, -0.9749279121818228400, 0.0000000000000000000 ) ) ;
#3135 = DIRECTION ( 'NONE',  ( 1.000000000000000000, 0.0000000000000000000, 0.0000000000000000000 ) ) ;
#3136 = EDGE_CURVE ( 'NONE', #4541, #5277, #4845, .T. ) ;
#3137 = CARTESIAN_POINT ( 'NONE',  ( -6.353488390582330500, -13.30839282946600500, -5.942572141193089400 ) ) ;
#3138 = CARTESIAN_POINT ( 'NONE',  ( 6.565615998021232100, -13.51840385802081300, 5.475000000000000500 ) ) ;
#3139 = CARTESIAN_POINT ( 'NONE',  ( -0.05000000000000007900, 14.55730094427470800, -5.760124666611660300 ) ) ;
#3140 = DIRECTION ( 'NONE',  ( 0.0000000000000000000, 0.0000000000000000000, -1.000000000000000000 ) ) ;
#3141 = EDGE_CURVE ( 'NONE', #3397, #1285, #2879, .T. ) ;
#3142 = DIRECTION ( 'NONE',  ( 1.000000000000000000, 0.0000000000000000000, 0.0000000000000000000 ) ) ;
#3143 = CYLINDRICAL_SURFACE ( 'NONE', #175, 14.31353580660732300 ) ;
#3144 = DIRECTION ( 'NONE',  ( -0.0000000000000000000, -0.0000000000000000000, 1.000000000000000000 ) ) ;
#3145 = VERTEX_POINT ( 'NONE', #5767 ) ;
#3146 = CARTESIAN_POINT ( 'NONE',  ( 0.0000000000000000000, 0.0000000000000000000, 5.475000000000000500 ) ) ;
#3147 = CIRCLE ( 'NONE', #4729, 15.02845821440191400 ) ;
#3148 = CARTESIAN_POINT ( 'NONE',  ( -14.39060896603265100, -3.335848432160817300, 5.918874622419537900 ) ) ;
#3149 = AXIS2_PLACEMENT_3D ( 'NONE', #626, #1693, #3560 ) ;
#3150 = AXIS2_PLACEMENT_3D ( 'NONE', #1098, #5450, #2541 ) ;
#3151 = CARTESIAN_POINT ( 'NONE',  ( -13.94345439253706200, -3.233788318716743800, 5.411869347303862400 ) ) ;
#3152 = DIRECTION ( 'NONE',  ( 1.000000000000000000, 0.0000000000000000000, 0.0000000000000000000 ) ) ;
#3153 = CARTESIAN_POINT ( 'NONE',  ( -0.05000000000000006500, 14.68006505447695500, -5.933060780161923700 ) ) ;
#3154 = ORIENTED_EDGE ( 'NONE', *, *, #2077, .T. ) ;
#3155 = CARTESIAN_POINT ( 'NONE',  ( 11.56589771093355700, 9.287448043389879600, -5.813030243294887700 ) ) ;
#3156 = VECTOR ( 'NONE', #2873, 1000.000000000000000 ) ;
#3158 = VERTEX_POINT ( 'NONE', #3913 ) ;
#3157 = ORIENTED_EDGE ( 'NONE', *, *, #4730, .F. ) ;
#3159 = VERTEX_POINT ( 'NONE', #3438 ) ;
#3160 = VERTEX_POINT ( 'NONE', #585 ) ;
#3161 = CARTESIAN_POINT ( 'NONE',  ( -14.47243854421610500, -3.251953813066033500, 5.813030243295935800 ) ) ;
#3162 = DIRECTION ( 'NONE',  ( 0.4338837391175651700, 0.9009688679024158200, 0.0000000000000000000 ) ) ;
#3163 = AXIS2_PLACEMENT_3D ( 'NONE', #4734, #1839, #2390 ) ;
#3164 = ADVANCED_FACE ( 'NONE', ( #63, #3770 ), #2974, .F. ) ;
#3165 = LINE ( 'NONE', #4579, #1880 ) ;
#3166 = FACE_OUTER_BOUND ( 'NONE', #6201, .T. ) ;
#3167 = CARTESIAN_POINT ( 'NONE',  ( 0.0000000000000000000, 0.0000000000000000000, -5.475000000000000500 ) ) ;
#3169 = VERTEX_POINT ( 'NONE', #109 ) ;
#3168 = ORIENTED_EDGE ( 'NONE', *, *, #3974, .F. ) ;
#3170 = CIRCLE ( 'NONE', #3811, 17.60000000000001200 ) ;
#3171 = VECTOR ( 'NONE', #1006, 1000.000000000000000 ) ;
#3172 = PLANE ( 'NONE',  #3664 ) ;
#3173 = LINE ( 'NONE', #5542, #1439 ) ;
#3175 = ORIENTED_EDGE ( 'NONE', *, *, #5925, .T. ) ;
#3174 = ORIENTED_EDGE ( 'NONE', *, *, #5778, .T. ) ;
#3176 = EDGE_CURVE ( 'NONE', #2947, #4175, #5702, .T. ) ;
#3177 = CARTESIAN_POINT ( 'NONE',  ( -14.41310753113574500, -3.238411896501485600, -5.918436744863155000 ) ) ;
#3178 = LINE ( 'NONE', #3897, #3246 ) ;
#3179 = CARTESIAN_POINT ( 'NONE',  ( -6.320565779519142800, -13.24002832316226900, 5.922851331036820700 ) ) ;
#3180 = PLANE ( 'NONE',  #6222 ) ;
#3181 = VECTOR ( 'NONE', #5240, 1000.000000000000000 ) ;
#3182 = ORIENTED_EDGE ( 'NONE', *, *, #2289, .F. ) ;
#3183 = CARTESIAN_POINT ( 'NONE',  ( -6.333514988704966900, -13.26691763310532200, -5.945246423886637800 ) ) ;
#3184 = VERTEX_POINT ( 'NONE', #3958 ) ;
#3185 = CARTESIAN_POINT ( 'NONE',  ( 8.932094846991093500, 0.0000000000000000000, -4.845955988548011500 ) ) ;
#3186 = EDGE_CURVE ( 'NONE', #1508, #205, #2507, .T. ) ;
#3187 = CARTESIAN_POINT ( 'NONE',  ( 0.0000000000000000000, 12.25000000000000000, -6.000769315822028800E-016 ) ) ;
#3188 = DIRECTION ( 'NONE',  ( -0.0000000000000000000, -0.0000000000000000000, 1.000000000000000000 ) ) ;
#3189 = ORIENTED_EDGE ( 'NONE', *, *, #3136, .F. ) ;
#3190 = ORIENTED_EDGE ( 'NONE', *, *, #1723, .F. ) ;
#3191 = CARTESIAN_POINT ( 'NONE',  ( 6.323820974552905500, -13.24678780530036300, -5.932026979673797700 ) ) ;
#3192 = AXIS2_PLACEMENT_3D ( 'NONE', #390, #340, #5199 ) ;
#3193 = EDGE_LOOP ( 'NONE', ( #5866, #4289, #3092, #2403 ) ) ;
#3194 = EDGE_CURVE ( 'NONE', #1285, #3397, #3322, .T. ) ;
#3195 = CARTESIAN_POINT ( 'NONE',  ( -14.38668404196345200, -3.334952593854546800, 5.925469712029102000 ) ) ;
#3196 = ADVANCED_FACE ( 'NONE', ( #3611 ), #444, .F. ) ;
#3197 = DIRECTION ( 'NONE',  ( 1.000000000000000000, 0.0000000000000000000, 0.0000000000000000000 ) ) ;
#3198 = ORIENTED_EDGE ( 'NONE', *, *, #2785, .F. ) ;
#3199 = DIRECTION ( 'NONE',  ( -1.000000000000000000, 0.0000000000000000000, 0.0000000000000000000 ) ) ;
#3200 = CARTESIAN_POINT ( 'NONE',  ( -6.364436298078318900, -13.33112639362912000, -5.918436744855735100 ) ) ;
#3201 = DIRECTION ( 'NONE',  ( 1.000000000000000000, 0.0000000000000000000, 0.0000000000000000000 ) ) ;
#3202 = ADVANCED_FACE ( 'NONE', ( #2337 ), #56, .T. ) ;
#3203 = CARTESIAN_POINT ( 'NONE',  ( 11.51831793263320400, 9.249504436346423800, 5.918436744855735100 ) ) ;
#3204 = DIRECTION ( 'NONE',  ( -0.0000000000000000000, -0.0000000000000000000, 1.000000000000000000 ) ) ;
#3205 = DIRECTION ( 'NONE',  ( 1.000000000000000000, -1.776356839400250500E-015, 0.0000000000000000000 ) ) ;
#3206 = DIRECTION ( 'NONE',  ( 1.000000000000000000, 0.0000000000000000000, 0.0000000000000000000 ) ) ;
#3207 = AXIS2_PLACEMENT_3D ( 'NONE', #2438, #4379, #3522 ) ;
#3208 = EDGE_CURVE ( 'NONE', #3351, #5012, #4470, .T. ) ;
#3209 = CARTESIAN_POINT ( 'NONE',  ( 0.0000000000000000000, 0.0000000000000000000, 5.475000000000000500 ) ) ;
#3210 = CARTESIAN_POINT ( 'NONE',  ( 11.62824669111895700, 9.209264895142702300, 5.813030243295935800 ) ) ;
#3211 = DIRECTION ( 'NONE',  ( -0.0000000000000000000, -0.0000000000000000000, 1.000000000000000000 ) ) ;
#3212 = EDGE_CURVE ( 'NONE', #2890, #1643, #2043, .T. ) ;
#3213 = CARTESIAN_POINT ( 'NONE',  ( -6.342146111298836400, -13.28484034384793200, -5.948433861821531100 ) ) ;
#3214 = B_SPLINE_CURVE_WITH_KNOTS ( 'NONE', 3,
 ( #3001, #2505, #46, #2544, #3950, #89, #26, #3967, #2969, #4430, #5865, #1051, #2478, #3430, #1503, #4950, #1547, #2985, #5377, #5835, #497, #70, #523, #5911, #1011 ),
 .UNSPECIFIED., .F., .F.,
 ( 4, 3, 3, 3, 3, 3, 3, 3, 4 ),
 ( 0.0003576089778190603000, 0.0003626343305416549400, 0.0003751336018887001600, 0.0003952800579771956600, 0.0004154265102964921700, 0.0004355730134115567200, 0.0004557195170136903700, 0.0004758659491588545000, 0.0004773643735645420700 ),
 .UNSPECIFIED. ) ;
#3215 = DIRECTION ( 'NONE',  ( 0.0000000000000000000, 0.0000000000000000000, -1.000000000000000000 ) ) ;
#3216 = DIRECTION ( 'NONE',  ( -0.0000000000000000000, -0.0000000000000000000, 1.000000000000000000 ) ) ;
#3217 = DIRECTION ( 'NONE',  ( 0.0000000000000000000, 0.0000000000000000000, -1.000000000000000000 ) ) ;
#3218 = LINE ( 'NONE', #2400, #3487 ) ;
#3219 = TOROIDAL_SURFACE ( 'NONE', #3149, 14.72047836616381700, 0.05999999999999999800 ) ;
#3220 = ADVANCED_FACE ( 'NONE', ( #731 ), #593, .F. ) ;
#3221 = EDGE_CURVE ( 'NONE', #3114, #3919, #4918, .T. ) ;
#3222 = CARTESIAN_POINT ( 'NONE',  ( 6.330464566123268400, -13.26058336534631000, -5.942348470219661400 ) ) ;
#3223 = ORIENTED_EDGE ( 'NONE', *, *, #2831, .T. ) ;
#3224 = CONICAL_SURFACE ( 'NONE', #3961, 14.55750222585390400, 0.5235987755983005900 ) ;
#3225 = ADVANCED_FACE ( 'NONE', ( #358 ), #5887, .F. ) ;
#3227 = ORIENTED_EDGE ( 'NONE', *, *, #370, .T. ) ;
#3226 = VERTEX_POINT ( 'NONE', #2668 ) ;
#3228 = ORIENTED_EDGE ( 'NONE', *, *, #2228, .T. ) ;
#3229 = FACE_OUTER_BOUND ( 'NONE', #1177, .T. ) ;
#3230 = AXIS2_PLACEMENT_3D ( 'NONE', #5787, #5276, #2957 ) ;
#3231 = CARTESIAN_POINT ( 'NONE',  ( 11.43926598975209800, 9.186462615559293000, -5.922851331036820700 ) ) ;
#3232 = CARTESIAN_POINT ( 'NONE',  ( 0.0000000000000000000, 0.0000000000000000000, 4.845955988548011500 ) ) ;
#3233 = CARTESIAN_POINT ( 'NONE',  ( 6.435156604773250200, -13.24750213655753100, 5.948368030137144700 ) ) ;
#3235 = VERTEX_POINT ( 'NONE', #1197 ) ;
#3234 = VERTEX_POINT ( 'NONE', #4033 ) ;
#3236 = CARTESIAN_POINT ( 'NONE',  ( 0.0000000000000000000, 0.0000000000000000000, 6.000000000000000900 ) ) ;
#3237 = ORIENTED_EDGE ( 'NONE', *, *, #92, .F. ) ;
#3238 = CARTESIAN_POINT ( 'NONE',  ( -14.77243989039088300, 0.0000000000000000000, 5.918436744855735100 ) ) ;
#3239 = LINE ( 'NONE', #1300, #1966 ) ;
#3240 = DIRECTION ( 'NONE',  ( 0.4338837391175527900, -0.9009688679024217000, 0.0000000000000000000 ) ) ;
#3241 = FACE_OUTER_BOUND ( 'NONE', #2876, .T. ) ;
#3242 = CARTESIAN_POINT ( 'NONE',  ( 11.51368357810905300, 9.117903861169773800, 5.938247467940449600 ) ) ;
#3244 = ORIENTED_EDGE ( 'NONE', *, *, #470, .F. ) ;
#3243 = ORIENTED_EDGE ( 'NONE', *, *, #579, .T. ) ;
#3245 = AXIS2_PLACEMENT_3D ( 'NONE', #910, #5322, #1491 ) ;
#3246 = VECTOR ( 'NONE', #2871, 1000.000000000000000 ) ;
#3247 = LINE ( 'NONE', #2756, #4235 ) ;
#3248 = CARTESIAN_POINT ( 'NONE',  ( 14.31353580660732300, 0.0000000000000000000, -6.000000000000000000 ) ) ;
#3249 = DIRECTION ( 'NONE',  ( -0.9009688679024157000, 0.4338837391175651700, 0.0000000000000000000 ) ) ;
#3250 = ORIENTED_EDGE ( 'NONE', *, *, #544, .T. ) ;
#3251 = EDGE_LOOP ( 'NONE', ( #4612, #5883, #2771, #3497 ) ) ;
#3252 = LINE ( 'NONE', #562, #286 ) ;
#3253 = EDGE_CURVE ( 'NONE', #683, #5738, #1889, .T. ) ;
#3254 = VERTEX_POINT ( 'NONE', #1155 ) ;
#3255 = CARTESIAN_POINT ( 'NONE',  ( -6.320565779519142800, -13.24002832316226900, -5.922851331036820700 ) ) ;
#3256 = ORIENTED_EDGE ( 'NONE', *, *, #4424, .T. ) ;
#3257 = CARTESIAN_POINT ( 'NONE',  ( -6.364100049082036700, -13.33042816539376400, 5.919740685676537800 ) ) ;
#3258 = DIRECTION ( 'NONE',  ( 0.0000000000000000000, 0.0000000000000000000, -1.000000000000000000 ) ) ;
#3259 = CARTESIAN_POINT ( 'NONE',  ( 6.420853063369062100, -13.21780052678497500, 5.943085793353259500 ) ) ;
#3260 = DIRECTION ( 'NONE',  ( 1.000000000000000000, 0.0000000000000000000, 0.0000000000000000000 ) ) ;
#3261 = CARTESIAN_POINT ( 'NONE',  ( -14.20344506330207500, -3.190557806393917500, 5.760124666611658600 ) ) ;
#3262 = ORIENTED_EDGE ( 'NONE', *, *, #1926, .F. ) ;
#3263 = B_SPLINE_CURVE_WITH_KNOTS ( 'NONE', 3,
 ( #1131, #5552, #6021, #5969, #2606, #1188, #2618 ),
 .UNSPECIFIED., .F., .F.,
 ( 4, 3, 4 ),
 ( 0.001235889684214379800, 0.001263725857711643700, 0.001859684726850814200 ),
 .UNSPECIFIED. ) ;
#3264 = ORIENTED_EDGE ( 'NONE', *, *, #2741, .T. ) ;
#3265 = ADVANCED_FACE ( 'NONE', ( #5752 ), #4100, .T. ) ;
#3266 = EDGE_CURVE ( 'NONE', #3226, #5473, #1585, .T. ) ;
#3267 = CARTESIAN_POINT ( 'NONE',  ( -6.544370356482220400, -13.47428682878066500, 5.559811490052915400 ) ) ;
#3268 = DIRECTION ( 'NONE',  ( 1.000000000000000000, -1.776356839400250500E-015, 0.0000000000000000000 ) ) ;
#3270 = CARTESIAN_POINT ( 'NONE',  ( 11.51649923647897800, 9.120149273791973600, 5.940503640635170300 ) ) ;
#3269 = CARTESIAN_POINT ( 'NONE',  ( 6.323820974552905500, -13.24678780530036300, 5.932026979673797700 ) ) ;
#3271 = ORIENTED_EDGE ( 'NONE', *, *, #3441, .F. ) ;
#3272 = CARTESIAN_POINT ( 'NONE',  ( 6.443650648595750300, -13.49561668739462300, 5.602217234644991000 ) ) ;
#3273 = CARTESIAN_POINT ( 'NONE',  ( 6.475519111230990900, -13.56179223193256600, 5.353434673651931600 ) ) ;
#3274 = AXIS2_PLACEMENT_3D ( 'NONE', #1443, #1371, #1343 ) ;
#3275 = AXIS2_PLACEMENT_3D ( 'NONE', #2140, #5528, #4576 ) ;
#3276 = CARTESIAN_POINT ( 'NONE',  ( 14.61496982339826500, -3.284485647436048900, 5.559811490052914500 ) ) ;
#3277 = ORIENTED_EDGE ( 'NONE', *, *, #3729, .F. ) ;
#3278 = CARTESIAN_POINT ( 'NONE',  ( -14.32635588611571700, -3.218611399633054300, -5.935654072712593700 ) ) ;
#3279 = CARTESIAN_POINT ( 'NONE',  ( -6.353488390582330500, -13.30839282946600500, 5.942572141193089400 ) ) ;
#3280 = CARTESIAN_POINT ( 'NONE',  ( 6.450706408872280300, -13.27979163748167600, 5.930672822065825600 ) ) ;
#3281 = CARTESIAN_POINT ( 'NONE',  ( -6.428948358502592200, -13.23461058034084400, -5.948026407833841000 ) ) ;
#3282 = AXIS2_PLACEMENT_3D ( 'NONE', #5838, #2944, #6243 ) ;
#3283 = CARTESIAN_POINT ( 'NONE',  ( -11.74254790242756900, 9.300417069478617900, 5.559811490052914500 ) ) ;
#3284 = CARTESIAN_POINT ( 'NONE',  ( -14.39340766313195600, -3.233915530183273400, 5.939344605127422100 ) ) ;
#3286 = CARTESIAN_POINT ( 'NONE',  ( 11.78083122563856800, 9.330947000977099400, -6.000000000000000000 ) ) ;
#3285 = CARTESIAN_POINT ( 'NONE',  ( 7.875000000000001800, 0.0000000000000000000, -1.178722544179328000E-015 ) ) ;
#3287 = CARTESIAN_POINT ( 'NONE',  ( -11.94286692422736700, -2.725881440964736900, -6.000769315822028800E-016 ) ) ;
#3288 = EDGE_CURVE ( 'NONE', #71, #5949, #6104, .T. ) ;
#3289 = CARTESIAN_POINT ( 'NONE',  ( -14.55750222585390400, 1.782779850447245300E-015, 6.000000000000000000 ) ) ;
#3290 = CARTESIAN_POINT ( 'NONE',  ( -6.257730151771599300, -12.87907231058119700, 5.419470018189161700 ) ) ;
#3291 = ADVANCED_FACE ( 'NONE', ( #3477 ), #5298, .T. ) ;
#3292 = APPROVAL_PERSON_ORGANIZATION ( #4285, #3443, #421 ) ;
#3293 = DIRECTION ( 'NONE',  ( -0.0000000000000000000, -0.0000000000000000000, 1.000000000000000000 ) ) ;
#3294 = CARTESIAN_POINT ( 'NONE',  ( -6.321432006711351200, -13.24182706246118200, 5.925578038978351900 ) ) ;
#3295 = CARTESIAN_POINT ( 'NONE',  ( -0.05000000000000005100, 14.75833291778367800, 5.934919143280428200 ) ) ;
#3296 = ORIENTED_EDGE ( 'NONE', *, *, #4780, .T. ) ;
#3297 = EDGE_CURVE ( 'NONE', #5586, #6141, #2185, .T. ) ;
#3298 = CIRCLE ( 'NONE', #2435, 14.01368909232457900 ) ;
#3299 = CARTESIAN_POINT ( 'NONE',  ( -11.58006101306391700, 9.170838099168820500, -5.919740685676537800 ) ) ;
#3300 = B_SPLINE_CURVE_WITH_KNOTS ( 'NONE', 3,
 ( #25, #4547, #5985, #603, #1073, #3544, #5014 ),
 .UNSPECIFIED., .F., .F.,
 ( 4, 3, 4 ),
 ( 0.001683847025956607300, 0.001830745039545440200, 0.002195884394735868900 ),
 .UNSPECIFIED. ) ;
#3301 = CARTESIAN_POINT ( 'NONE',  ( 14.31353580660732300, 0.0000000000000000000, 5.411869347303862400 ) ) ;
#3302 = EDGE_LOOP ( 'NONE', ( #4089, #4348, #4406, #994, #131 ) ) ;
#3304 = CARTESIAN_POINT ( 'NONE',  ( 11.56486884528367300, 9.158722749644372400, 5.939344605127422100 ) ) ;
#3303 = CARTESIAN_POINT ( 'NONE',  ( 11.17201305936077000, 8.973335515471367400, 5.434671360010759700 ) ) ;
#3305 = LINE ( 'NONE', #412, #1790 ) ;
#3306 = AXIS2_PLACEMENT_3D ( 'NONE', #3843, #6242, #2388 ) ;
#3307 = EDGE_CURVE ( 'NONE', #1613, #5516, #5379, .T. ) ;
#3308 = CARTESIAN_POINT ( 'NONE',  ( 6.518943573753234400, -13.65196405749466100, 5.353434673651931600 ) ) ;
#3310 = ORIENTED_EDGE ( 'NONE', *, *, #5283, .T. ) ;
#3309 = VERTEX_POINT ( 'NONE', #3131 ) ;
#3311 = DIRECTION ( 'NONE',  ( 1.000000000000000000, 0.0000000000000000000, 0.0000000000000000000 ) ) ;
#3312 = ORIENTED_EDGE ( 'NONE', *, *, #2855, .F. ) ;
#3313 = DIRECTION ( 'NONE',  ( -0.9749279121818257300, -0.2225209339563050900, 0.0000000000000000000 ) ) ;
#3314 = CARTESIAN_POINT ( 'NONE',  ( 0.0000000000000000000, 0.0000000000000000000, 5.411869347303862400 ) ) ;
#3315 = CIRCLE ( 'NONE', #1340, 14.77243989039088300 ) ;
#3316 = DIRECTION ( 'NONE',  ( -0.0000000000000000000, -0.0000000000000000000, 1.000000000000000000 ) ) ;
#3317 = LINE ( 'NONE', #2377, #263 ) ;
#3319 = VERTEX_POINT ( 'NONE', #2114 ) ;
#3318 = VERTEX_POINT ( 'NONE', #1641 ) ;
#3320 = AXIS2_PLACEMENT_3D ( 'NONE', #5044, #4050, #4078 ) ;
#3321 = FACE_OUTER_BOUND ( 'NONE', #5851, .T. ) ;
#3322 = CIRCLE ( 'NONE', #6284, 8.932094846991095200 ) ;
#3323 = VECTOR ( 'NONE', #3717, 1000.000000000000000 ) ;
#3324 = DIRECTION ( 'NONE',  ( -0.5000000000000003300, 0.0000000000000000000, -0.8660254037844383700 ) ) ;
#3326 = ORIENTED_EDGE ( 'NONE', *, *, #2019, .T. ) ;
#3325 = VERTEX_POINT ( 'NONE', #1690 ) ;
#3327 = FACE_OUTER_BOUND ( 'NONE', #586, .T. ) ;
#3328 = DIRECTION ( 'NONE',  ( 1.000000000000000000, -1.355252715606888900E-016, 0.0000000000000000000 ) ) ;
#3329 = ADVANCED_FACE ( 'NONE', ( #6029 ), #5591, .T. ) ;
#3330 = CIRCLE ( 'NONE', #2398, 15.02845821440191400 ) ;
#3331 = CARTESIAN_POINT ( 'NONE',  ( 6.328825924276045200, -13.25718069048923400, 5.940503640635170300 ) ) ;
#3332 = AXIS2_PLACEMENT_3D ( 'NONE', #1339, #2836, #5661 ) ;
#3333 = ORIENTED_EDGE ( 'NONE', *, *, #4844, .F. ) ;
#3334 = ORIENTED_EDGE ( 'NONE', *, *, #854, .F. ) ;
#3335 = EDGE_CURVE ( 'NONE', #3159, #3774, #269, .T. ) ;
#3336 = DIRECTION ( 'NONE',  ( 0.0000000000000000000, 0.0000000000000000000, -1.000000000000000000 ) ) ;
#3337 = PLANE ( 'NONE',  #3332 ) ;
#3338 = ORIENTED_EDGE ( 'NONE', *, *, #141, .T. ) ;
#3339 = DIRECTION ( 'NONE',  ( -0.0000000000000000000, -0.0000000000000000000, 1.000000000000000000 ) ) ;
#3340 = ORIENTED_EDGE ( 'NONE', *, *, #6028, .F. ) ;
#3341 = CARTESIAN_POINT ( 'NONE',  ( -6.311786546318032300, -12.99132157047841900, 5.597398009426060000 ) ) ;
#3342 = EDGE_CURVE ( 'NONE', #3234, #6088, #2775, .T. ) ;
#3343 = CARTESIAN_POINT ( 'NONE',  ( 0.0000000000000000000, 0.0000000000000000000, 6.000000000000000000 ) ) ;
#3344 = B_SPLINE_CURVE_WITH_KNOTS ( 'NONE', 3,
 ( #4628, #4045, #1725, #5990, #740, #5539, #1192 ),
 .UNSPECIFIED., .F., .F.,
 ( 4, 3, 4 ),
 ( 0.001683847025956607300, 0.001830745039545440200, 0.002195884394735868900 ),
 .UNSPECIFIED. ) ;
#3345 = CARTESIAN_POINT ( 'NONE',  ( -6.328121172534334700, -13.25571725841782600, 5.939797578137313600 ) ) ;
#3346 = CARTESIAN_POINT ( 'NONE',  ( 6.475519111230990900, -13.56179223193256600, -5.475000000000000500 ) ) ;
#3347 = VERTEX_POINT ( 'NONE', #4531 ) ;
#3348 = DIRECTION ( 'NONE',  ( 0.0000000000000000000, 0.0000000000000000000, -1.000000000000000000 ) ) ;
#3349 = CARTESIAN_POINT ( 'NONE',  ( 0.05000000000000005800, 14.74006092107380400, 5.945518194124296900 ) ) ;
#3350 = CARTESIAN_POINT ( 'NONE',  ( -11.50851151436166100, 9.113779277965896600, -5.933060780161923700 ) ) ;
#3351 = VERTEX_POINT ( 'NONE', #2610 ) ;
#3352 = PLANE ( 'NONE',  #5055 ) ;
#3353 = EDGE_LOOP ( 'NONE', ( #2268, #4465, #75, #2131, #4717 ) ) ;
#3354 = EDGE_CURVE ( 'NONE', #1210, #5840, #2255, .T. ) ;
#3355 = APPLICATION_PROTOCOL_DEFINITION ( 'international standard', 'config_control_design', 1994, #933 ) ;
#3356 = CARTESIAN_POINT ( 'NONE',  ( -11.49806512153533700, 9.233353358446084500, 5.942898760672944600 ) ) ;
#3358 = CARTESIAN_POINT ( 'NONE',  ( 6.475519111230990900, -13.56179223193256600, 5.475000000000000500 ) ) ;
#3357 = CARTESIAN_POINT ( 'NONE',  ( 6.330464566123268400, -13.26058336534631000, 5.942348470219661400 ) ) ;
#3359 = DIRECTION ( 'NONE',  ( 1.000000000000000000, 0.0000000000000000000, 0.0000000000000000000 ) ) ;
#3360 = AXIS2_PLACEMENT_3D ( 'NONE', #1685, #5096, #4282 ) ;
#3361 = CARTESIAN_POINT ( 'NONE',  ( -0.05000000000000006500, 14.67124404307172400, -5.922851331036820700 ) ) ;
#3362 = DIRECTION ( 'NONE',  ( 0.0000000000000000000, 0.0000000000000000000, 1.000000000000000000 ) ) ;
#3363 = CARTESIAN_POINT ( 'NONE',  ( -11.50317585740326000, 9.109524233529365100, 5.925578038978351900 ) ) ;
#3364 = CARTESIAN_POINT ( 'NONE',  ( -8.932094846991093500, 1.093866136404820900E-015, 6.000000000000000000 ) ) ;
#3365 = CARTESIAN_POINT ( 'NONE',  ( -0.05000000000000006500, 14.68865744747945200, 5.939797578137313600 ) ) ;
#3366 = CARTESIAN_POINT ( 'NONE',  ( 0.05000000000000006500, 14.69405841870249000, 5.942348470219661400 ) ) ;
#3367 = AXIS2_PLACEMENT_3D ( 'NONE', #2948, #3435, #1509 ) ;
#3368 = CARTESIAN_POINT ( 'NONE',  ( 0.0000000000000000000, 0.0000000000000000000, 5.353434673651931600 ) ) ;
#3369 = CARTESIAN_POINT ( 'NONE',  ( -14.33469504429233900, 0.0000000000000000000, 5.231869347303861800 ) ) ;
#3371 = CARTESIAN_POINT ( 'NONE',  ( 11.47815240393711500, 9.217473496060902600, -5.948433861821531100 ) ) ;
#3370 = CARTESIAN_POINT ( 'NONE',  ( 0.0000000000000000000, 0.0000000000000000000, 6.000000000000000000 ) ) ;
#3372 = VECTOR ( 'NONE', #3215, 1000.000000000000000 ) ;
#3373 = FACE_OUTER_BOUND ( 'NONE', #1415, .T. ) ;
#3374 = LINE ( 'NONE', #5873, #2397 ) ;
#3375 = EDGE_CURVE ( 'NONE', #3145, #2190, #1729, .T. ) ;
#3376 = CARTESIAN_POINT ( 'NONE',  ( -6.169942428733080000, -12.92725571243159500, -5.427070689091480400 ) ) ;
#3377 = CARTESIAN_POINT ( 'NONE',  ( 7.213317162829312700, -14.97860742887776400, -3.321854442687193000E-016 ) ) ;
#3378 = CARTESIAN_POINT ( 'NONE',  ( -11.68019892224169500, 9.378600217725420400, -5.559811490052915400 ) ) ;
#3379 = ORIENTED_EDGE ( 'NONE', *, *, #229, .T. ) ;
#3380 = PLANE ( 'NONE',  #1867 ) ;
#3381 = VECTOR ( 'NONE', #2263, 999.9999999999998900 ) ;
#3382 = CARTESIAN_POINT ( 'NONE',  ( 0.0000000000000000000, 0.0000000000000000000, -5.100000000000002300 ) ) ;
#3383 = CARTESIAN_POINT ( 'NONE',  ( -11.51831793264028100, 9.249504436352340900, 5.918436744863155000 ) ) ;
#3384 = DIRECTION ( 'NONE',  ( 0.0000000000000000000, 0.0000000000000000000, -1.000000000000000000 ) ) ;
#3386 = ORIENTED_EDGE ( 'NONE', *, *, #1535, .T. ) ;
#3385 = EDGE_LOOP ( 'NONE', ( #6262, #2897, #4739, #5667 ) ) ;
#3387 = EDGE_CURVE ( 'NONE', #3947, #344, #4316, .T. ) ;
#3388 = DIRECTION ( 'NONE',  ( 0.9749279121818227300, -0.2225209339563180800, 0.0000000000000000000 ) ) ;
#3389 = VERTEX_POINT ( 'NONE', #931 ) ;
#3390 = CARTESIAN_POINT ( 'NONE',  ( 15.02845821440191200, 0.0000000000000000000, -5.475000000000000500 ) ) ;
#3391 = FACE_OUTER_BOUND ( 'NONE', #2813, .T. ) ;
#3392 = DIRECTION ( 'NONE',  ( 1.000000000000000000, 0.0000000000000000000, 0.0000000000000000000 ) ) ;
#3393 = ADVANCED_FACE ( 'NONE', ( #2419 ), #1118, .F. ) ;
#3394 = DIRECTION ( 'NONE',  ( -0.0000000000000000000, -0.0000000000000000000, 1.000000000000000000 ) ) ;
#3396 = CARTESIAN_POINT ( 'NONE',  ( 11.44377779653351000, 9.190060661403249400, -5.930101898033889500 ) ) ;
#3395 = CARTESIAN_POINT ( 'NONE',  ( -11.58066691281894500, 9.171321288099786500, -5.918436744855735100 ) ) ;
#3398 = ORIENTED_EDGE ( 'NONE', *, *, #3266, .T. ) ;
#3397 = VERTEX_POINT ( 'NONE', #3786 ) ;
#3399 = VERTEX_POINT ( 'NONE', #5732 ) ;
#3400 = AXIS2_PLACEMENT_3D ( 'NONE', #3984, #4041, #1150 ) ;
#3401 = LINE ( 'NONE', #4642, #804 ) ;
#3402 = EDGE_CURVE ( 'NONE', #827, #542, #1053, .T. ) ;
#3403 = VECTOR ( 'NONE', #4118, 1000.000000000000100 ) ;
#3405 = ORIENTED_EDGE ( 'NONE', *, *, #3625, .F. ) ;
#3404 = ORIENTED_EDGE ( 'NONE', *, *, #5993, .F. ) ;
#3406 = CARTESIAN_POINT ( 'NONE',  ( -13.96570648593269200, -3.136295527498560400, -5.411869347303862400 ) ) ;
#3407 = CARTESIAN_POINT ( 'NONE',  ( 0.0000000000000000000, 0.0000000000000000000, 5.922851331036798500 ) ) ;
#3408 = FACE_OUTER_BOUND ( 'NONE', #1792, .T. ) ;
#3409 = CARTESIAN_POINT ( 'NONE',  ( 6.454533184868376200, -13.28773801971745500, -5.918436744855735100 ) ) ;
#3410 = FACE_OUTER_BOUND ( 'NONE', #208, .T. ) ;
#3411 = VERTEX_POINT ( 'NONE', #3383 ) ;
#3412 = DIRECTION ( 'NONE',  ( -1.000000000000000000, 0.0000000000000000000, 0.0000000000000000000 ) ) ;
#3413 = VERTEX_POINT ( 'NONE', #5231 ) ;
#3414 = AXIS2_PLACEMENT_3D ( 'NONE', #6052, #5174, #296 ) ;
#3415 = DIRECTION ( 'NONE',  ( -0.0000000000000000000, -0.0000000000000000000, 1.000000000000000000 ) ) ;
#3416 = DIRECTION ( 'NONE',  ( 0.0000000000000000000, 0.0000000000000000000, 1.000000000000000000 ) ) ;
#3417 = VECTOR ( 'NONE', #5571, 1000.000000000000000 ) ;
#3418 = CARTESIAN_POINT ( 'NONE',  ( 14.36302193607016000, -3.226980186267022900, -5.948433861821531100 ) ) ;
#3419 = CARTESIAN_POINT ( 'NONE',  ( -14.55750222585390400, 1.782779850447245300E-015, -4.374999999999999100 ) ) ;
#3420 = ORIENTED_EDGE ( 'NONE', *, *, #5031, .F. ) ;
#3421 = ORIENTED_EDGE ( 'NONE', *, *, #2312, .T. ) ;
#3422 = PLANE ( 'NONE',  #3887 ) ;
#3423 = CARTESIAN_POINT ( 'NONE',  ( 11.51791827882002300, 9.249185723065650700, -5.919309338810702300 ) ) ;
#3424 = AXIS2_PLACEMENT_3D ( 'NONE', #4515, #2076, #3059 ) ;
#3425 = EDGE_CURVE ( 'NONE', #4130, #659, #2326, .T. ) ;
#3426 = ORIENTED_EDGE ( 'NONE', *, *, #3792, .T. ) ;
#3427 = VERTEX_POINT ( 'NONE', #4273 ) ;
#3428 = DIRECTION ( 'NONE',  ( -1.000000000000000000, 0.0000000000000000000, 0.0000000000000000000 ) ) ;
#3429 = CARTESIAN_POINT ( 'NONE',  ( 14.31547563295815500, -3.216128052850331100, 5.924234549616732800 ) ) ;
#3430 = CARTESIAN_POINT ( 'NONE',  ( 6.435156604773250200, -13.24750213655753100, -5.948368030137144700 ) ) ;
#3431 = VERTEX_POINT ( 'NONE', #2843 ) ;
#3432 = EDGE_CURVE ( 'NONE', #3399, #5123, #4983, .T. ) ;
#3433 = DIRECTION ( 'NONE',  ( -0.0000000000000000000, -0.0000000000000000000, 1.000000000000000000 ) ) ;
#3434 = ORIENTED_EDGE ( 'NONE', *, *, #3176, .T. ) ;
#3435 = DIRECTION ( 'NONE',  ( 0.0000000000000000000, 0.0000000000000000000, -1.000000000000000000 ) ) ;
#3436 = CARTESIAN_POINT ( 'NONE',  ( 0.0000000000000000000, 0.0000000000000000000, -5.888436744855735800 ) ) ;
#3437 = EDGE_LOOP ( 'NONE', ( #1366, #4492 ) ) ;
#3438 = CARTESIAN_POINT ( 'NONE',  ( 15.02845821440191200, 0.0000000000000000000, -5.231869347303861800 ) ) ;
#3439 = CARTESIAN_POINT ( 'NONE',  ( 0.0000000000000000000, 0.0000000000000000000, -5.888436744855735800 ) ) ;
#3440 = DIRECTION ( 'NONE',  ( -0.0000000000000000000, -0.0000000000000000000, 1.000000000000000000 ) ) ;
#3441 = EDGE_CURVE ( 'NONE', #3125, #5668, #5057, .T. ) ;
#3442 = CARTESIAN_POINT ( 'NONE',  ( -14.64045625320915500, -3.392874445052934000, -5.475000000000000500 ) ) ;
#3443 = APPROVAL ( #3793, 'UNSPECIFIED' ) ;
#3444 = CARTESIAN_POINT ( 'NONE',  ( 13.96570648593264800, -3.136295527498749200, 6.000000000000000000 ) ) ;
#3445 = AXIS2_PLACEMENT_3D ( 'NONE', #1781, #376, #395 ) ;
#3446 = CARTESIAN_POINT ( 'NONE',  ( -8.461138858443082000, 1.036190662013361000E-015, -4.374999999999999100 ) ) ;
#3447 = DIRECTION ( 'NONE',  ( -0.0000000000000000000, -0.0000000000000000000, 1.000000000000000000 ) ) ;
#3448 = CARTESIAN_POINT ( 'NONE',  ( 14.31647776555281100, -3.216356783075535300, -5.925578038978351900 ) ) ;
#3449 = CONICAL_SURFACE ( 'NONE', #299, 15.82672910720095800, 0.7853981633974422800 ) ;
#3450 = AXIS2_PLACEMENT_3D ( 'NONE', #4417, #530, #3892 ) ;
#3451 = EDGE_CURVE ( 'NONE', #2190, #3715, #2579, .T. ) ;
#3452 = CARTESIAN_POINT ( 'NONE',  ( 0.0000000000000000000, 0.0000000000000000000, 6.000000000000000900 ) ) ;
#3453 = ORIENTED_EDGE ( 'NONE', *, *, #4643, .T. ) ;
#3455 = CARTESIAN_POINT ( 'NONE',  ( 0.05000000000000006500, 14.69028173453692300, -5.940503640635170300 ) ) ;
#3454 = DIRECTION ( 'NONE',  ( -0.0000000000000000000, -0.0000000000000000000, 1.000000000000000000 ) ) ;
#3456 = FACE_OUTER_BOUND ( 'NONE', #2869, .T. ) ;
#3457 = EDGE_LOOP ( 'NONE', ( #3426, #6261, #3920, #879, #1341, #1275 ) ) ;
#3458 = VERTEX_POINT ( 'NONE', #972 ) ;
#3459 = EDGE_CURVE ( 'NONE', #5756, #1794, #1437, .T. ) ;
#3460 = CARTESIAN_POINT ( 'NONE',  ( 14.33742898506702800, -3.221138762210170800, 5.943085793353259500 ) ) ;
#3461 = PLANE ( 'NONE',  #1117 ) ;
#3462 = VECTOR ( 'NONE', #644, 1000.000000000000000 ) ;
#3464 = EDGE_LOOP ( 'NONE', ( #2740, #1635, #2168, #5688 ) ) ;
#3463 = ORIENTED_EDGE ( 'NONE', *, *, #686, .T. ) ;
#3465 = ORIENTED_EDGE ( 'NONE', *, *, #4336, .T. ) ;
#3466 = B_SPLINE_CURVE_WITH_KNOTS ( 'NONE', 3,
 ( #2861, #1914, #4718, #1824, #2296, #1931, #2415 ),
 .UNSPECIFIED., .F., .F.,
 ( 4, 3, 4 ),
 ( 0.001683847025956608000, 0.001830745039545440900, 0.002195884394735870200 ),
 .UNSPECIFIED. ) ;
#3467 = LINE ( 'NONE', #2293, #2791 ) ;
#3468 = CARTESIAN_POINT ( 'NONE',  ( 14.32313122095237100, -3.217875390852631000, -5.933060780161923700 ) ) ;
#3469 = EDGE_CURVE ( 'NONE', #4752, #3051, #126, .T. ) ;
#3470 = CIRCLE ( 'NONE', #4171, 14.55750222585390400 ) ;
#3471 = CARTESIAN_POINT ( 'NONE',  ( -6.475519111231178300, -13.56179223193247600, -6.000000000000000000 ) ) ;
#3473 = VERTEX_POINT ( 'NONE', #4298 ) ;
#3472 = ORIENTED_EDGE ( 'NONE', *, *, #1181, .F. ) ;
#3474 = CARTESIAN_POINT ( 'NONE',  ( -11.45710298687295200, 9.200687146101014200, -5.942348470219661400 ) ) ;
#3475 = CIRCLE ( 'NONE', #29, 14.31353580660732300 ) ;
#3476 = CARTESIAN_POINT ( 'NONE',  ( 6.544370356482032100, -13.47428682878075500, 5.559811490052914500 ) ) ;
#3477 = FACE_OUTER_BOUND ( 'NONE', #4563, .T. ) ;
#3478 = DIRECTION ( 'NONE',  ( 1.000000000000000000, 0.0000000000000000000, 0.0000000000000000000 ) ) ;
#3480 = CARTESIAN_POINT ( 'NONE',  ( -6.390841082969015700, -13.38595649442654100, -5.813030243294889500 ) ) ;
#3479 = CARTESIAN_POINT ( 'NONE',  ( 0.0000000000000000000, 0.0000000000000000000, -5.918436744855735100 ) ) ;
#3481 = VECTOR ( 'NONE', #2087, 1000.000000000000000 ) ;
#3482 = DIRECTION ( 'NONE',  ( -0.0000000000000000000, -0.0000000000000000000, 1.000000000000000000 ) ) ;
#3484 = ORIENTED_EDGE ( 'NONE', *, *, #693, .T. ) ;
#3483 = EDGE_LOOP ( 'NONE', ( #5736, #5948, #707, #4824 ) ) ;
#3485 = AXIS2_PLACEMENT_3D ( 'NONE', #5779, #4291, #871 ) ;
#3486 = AXIS2_PLACEMENT_3D ( 'NONE', #2523, #1069, #2045 ) ;
#3487 = VECTOR ( 'NONE', #5328, 1000.000000000000000 ) ;
#3488 = LINE ( 'NONE', #1864, #2194 ) ;
#3489 = ORIENTED_EDGE ( 'NONE', *, *, #6215, .T. ) ;
#3490 = CARTESIAN_POINT ( 'NONE',  ( 14.40450884351549000, -3.236449302164047500, 5.930672822065825600 ) ) ;
#3491 = MANIFOLD_SOLID_BREP ( 'Mirror1', #2206 ) ;
#3492 = ORIENTED_EDGE ( 'NONE', *, *, #511, .F. ) ;
#3493 = ADVANCED_FACE ( 'NONE', ( #201 ), #1844, .T. ) ;
#3494 = CARTESIAN_POINT ( 'NONE',  ( -6.452300525967577200, -13.28310185573822200, 5.925963813471787100 ) ) ;
#3495 = AXIS2_PLACEMENT_3D ( 'NONE', #2465, #1487, #6273 ) ;
#3496 = EDGE_LOOP ( 'NONE', ( #2275, #5285, #4028, #2703 ) ) ;
#3497 = ORIENTED_EDGE ( 'NONE', *, *, #3194, .T. ) ;
#3498 = CARTESIAN_POINT ( 'NONE',  ( -11.49806512153533700, 9.233353358446084500, -5.942898760672944600 ) ) ;
#3499 = DIRECTION ( 'NONE',  ( 1.000000000000000000, 0.0000000000000000000, 0.0000000000000000000 ) ) ;
#3500 = CLOSED_SHELL ( 'NONE', ( #6209, #3329 ) ) ;
#3501 = CARTESIAN_POINT ( 'NONE',  ( 6.165324101218907900, -12.91766565653250100, 5.411869347303862400 ) ) ;
#3503 = CARTESIAN_POINT ( 'NONE',  ( 0.0000000000000000000, 0.0000000000000000000, 5.888436744855735800 ) ) ;
#3502 = DIRECTION ( 'NONE',  ( -0.0000000000000000000, -0.0000000000000000000, 1.000000000000000000 ) ) ;
#3504 = DIRECTION ( 'NONE',  ( -0.0000000000000000000, -0.0000000000000000000, 1.000000000000000000 ) ) ;
#3505 = EDGE_CURVE ( 'NONE', #5084, #2033, #2802, .T. ) ;
#3506 = ORIENTED_EDGE ( 'NONE', *, *, #552, .F. ) ;
#3507 = CARTESIAN_POINT ( 'NONE',  ( 11.44002322927358200, 9.187066493926686000, 5.924234549616731900 ) ) ;
#3508 = DIRECTION ( 'NONE',  ( 1.000000000000000000, 0.0000000000000000000, 0.0000000000000000000 ) ) ;
#3509 = EDGE_CURVE ( 'NONE', #799, #5435, #2718, .T. ) ;
#3510 = CARTESIAN_POINT ( 'NONE',  ( 6.221689659527610800, -13.03470994439026500, -5.597398009426060900 ) ) ;
#3511 = B_SPLINE_CURVE_WITH_KNOTS ( 'NONE', 3,
 ( #1710, #1757, #1735, #230, #6054, #3712, #4646 ),
 .UNSPECIFIED., .F., .F.,
 ( 4, 3, 4 ),
 ( 0.0006677669885724656200, 0.001263725857711639600, 0.001291562031208903500 ),
 .UNSPECIFIED. ) ;
#3512 = DIRECTION ( 'NONE',  ( 1.000000000000000000, 0.0000000000000000000, 0.0000000000000000000 ) ) ;
#3513 = CARTESIAN_POINT ( 'NONE',  ( -11.44874851485557700, 9.194024676988993500, -5.935654072712593700 ) ) ;
#3514 = CARTESIAN_POINT ( 'NONE',  ( 6.454533184868376200, -13.28773801971745500, 5.918436744855735100 ) ) ;
#3515 = AXIS2_PLACEMENT_3D ( 'NONE', #4270, #5726, #2857 ) ;
#3516 = ADVANCED_FACE ( 'NONE', ( #1268 ), #2647, .T. ) ;
#3517 = EDGE_CURVE ( 'NONE', #6042, #1247, #3547, .T. ) ;
#3518 = CARTESIAN_POINT ( 'NONE',  ( 11.71848224545269600, 9.409130149223903700, -5.353434673651931600 ) ) ;
#3519 = CARTESIAN_POINT ( 'NONE',  ( -8.461138858443082000, 1.036190662013361000E-015, 6.000000000000000000 ) ) ;
#3520 = CIRCLE ( 'NONE', #213, 6.000000000000001800 ) ;
#3521 = DIRECTION ( 'NONE',  ( 0.9009688679024218100, 0.4338837391175527900, -0.0000000000000000000 ) ) ;
#3522 = DIRECTION ( 'NONE',  ( 1.000000000000000000, 0.0000000000000000000, 0.0000000000000000000 ) ) ;
#3523 = CARTESIAN_POINT ( 'NONE',  ( 6.271127721766268900, -13.13736913843391500, -5.760124666611659400 ) ) ;
#3524 = CIRCLE ( 'NONE', #6085, 14.67132924350647700 ) ;
#3525 = LINE ( 'NONE', #1626, #5491 ) ;
#3526 = DIRECTION ( 'NONE',  ( 0.0000000000000000000, 0.0000000000000000000, 1.000000000000000000 ) ) ;
#3527 = EDGE_LOOP ( 'NONE', ( #615, #3296 ) ) ;
#3528 = CARTESIAN_POINT ( 'NONE',  ( 14.07010665240881800, -3.262695870549436000, -5.597398009426060900 ) ) ;
#3529 = AXIS2_PLACEMENT_3D ( 'NONE', #4982, #4012, #2902 ) ;
#3530 = LINE ( 'NONE', #3648, #3669 ) ;
#3531 = EDGE_CURVE ( 'NONE', #4130, #2516, #1520, .T. ) ;
#3532 = CARTESIAN_POINT ( 'NONE',  ( -14.66270834660478600, -3.295381653834751600, 5.475000000000000500 ) ) ;
#3533 = DIRECTION ( 'NONE',  ( -0.0000000000000000000, -0.0000000000000000000, 1.000000000000000000 ) ) ;
#3535 = ORIENTED_EDGE ( 'NONE', *, *, #5161, .F. ) ;
#3534 = ORIENTED_EDGE ( 'NONE', *, *, #2466, .F. ) ;
#3536 = CARTESIAN_POINT ( 'NONE',  ( -6.165324101219088200, -12.91766565653241400, -5.411869347303862400 ) ) ;
#3537 = VERTEX_POINT ( 'NONE', #1015 ) ;
#3538 = ORIENTED_EDGE ( 'NONE', *, *, #4450, .F. ) ;
#3539 = CONICAL_SURFACE ( 'NONE', #4629, 14.31353580660732300, 0.1745329251994303900 ) ;
#3541 = ORIENTED_EDGE ( 'NONE', *, *, #3297, .F. ) ;
#3540 = ORIENTED_EDGE ( 'NONE', *, *, #2421, .F. ) ;
#3542 = EDGE_CURVE ( 'NONE', #5241, #520, #5219, .T. ) ;
#3543 = EDGE_LOOP ( 'NONE', ( #4496, #5193, #5876, #914, #6091, #4697, #2102, #2191, #387, #5108, #2587, #2243, #83, #5945, #6286, #224 ) ) ;
#3544 = CARTESIAN_POINT ( 'NONE',  ( -14.45018645082106400, -3.349446604284350900, 5.813030243294887700 ) ) ;
#3545 = CARTESIAN_POINT ( 'NONE',  ( -6.475519111231179200, -13.56179223193247600, -5.475000000000000500 ) ) ;
#3546 = ADVANCED_FACE ( 'NONE', ( #5126 ), #517, .F. ) ;
#3547 = CIRCLE ( 'NONE', #1062, 15.82672910720095800 ) ;
#3548 = FACE_OUTER_BOUND ( 'NONE', #4875, .T. ) ;
#3549 = CARTESIAN_POINT ( 'NONE',  ( -6.417360238556900900, -13.21054760132757100, 5.938247467940449600 ) ) ;
#3551 = VERTEX_POINT ( 'NONE', #30 ) ;
#3550 = EDGE_LOOP ( 'NONE', ( #3868, #3338, #891, #578 ) ) ;
#3552 = SPHERICAL_SURFACE ( 'NONE', #5988, 4.375000000000000000 ) ;
#3553 = CIRCLE ( 'NONE', #4351, 14.31353580660732300 ) ;
#3554 = EDGE_CURVE ( 'NONE', #2750, #6172, #3026, .T. ) ;
#3555 = CARTESIAN_POINT ( 'NONE',  ( 13.97089512980811100, -3.137479801604257500, 5.419470018189160900 ) ) ;
#3556 = CIRCLE ( 'NONE', #4977, 15.02845821440191200 ) ;
#3557 = ORIENTED_EDGE ( 'NONE', *, *, #1926, .T. ) ;
#3558 = CARTESIAN_POINT ( 'NONE',  ( 0.05000000000000007900, 14.55730094427470600, 5.760124666611658600 ) ) ;
#3559 = CIRCLE ( 'NONE', #4204, 14.55750222585390400 ) ;
#3560 = DIRECTION ( 'NONE',  ( -1.000000000000000000, 0.0000000000000000000, 0.0000000000000000000 ) ) ;
#3561 = DIRECTION ( 'NONE',  ( 0.0000000000000000000, 0.0000000000000000000, -1.000000000000000000 ) ) ;
#3562 = ORIENTED_EDGE ( 'NONE', *, *, #3542, .F. ) ;
#3563 = ORIENTED_EDGE ( 'NONE', *, *, #6070, .F. ) ;
#3564 = AXIS2_PLACEMENT_3D ( 'NONE', #2061, #3440, #590 ) ;
#3565 = CARTESIAN_POINT ( 'NONE',  ( 0.0000000000000000000, 0.0000000000000000000, 5.100000000000001400 ) ) ;
#3566 = DIRECTION ( 'NONE',  ( -0.9009688679024157000, 0.4338837391175652800, 0.0000000000000000000 ) ) ;
#3567 = VERTEX_POINT ( 'NONE', #504 ) ;
#3568 = AXIS2_PLACEMENT_3D ( 'NONE', #5714, #2773, #4238 ) ;
#3569 = ORIENTED_EDGE ( 'NONE', *, *, #2615, .F. ) ;
#3570 = ORIENTED_EDGE ( 'NONE', *, *, #899, .F. ) ;
#3571 = ADVANCED_FACE ( 'NONE', ( #884 ), #4305, .T. ) ;
#3572 = DIRECTION ( 'NONE',  ( 0.0000000000000000000, 0.0000000000000000000, -1.000000000000000000 ) ) ;
#3573 = ORIENTED_EDGE ( 'NONE', *, *, #4678, .F. ) ;
#3574 = DIRECTION ( 'NONE',  ( 0.9749279121818258400, 0.2225209339563049300, -0.0000000000000000000 ) ) ;
#3575 = EDGE_CURVE ( 'NONE', #5675, #3567, #1510, .T. ) ;
#3576 = CARTESIAN_POINT ( 'NONE',  ( 11.51771203287817600, 9.249021247415461400, 5.919740685676537800 ) ) ;
#3577 = CARTESIAN_POINT ( 'NONE',  ( -14.31453137071980600, -3.215912531156111900, -5.922851331036797600 ) ) ;
#3578 = EDGE_CURVE ( 'NONE', #2977, #468, #3467, .T. ) ;
#3579 = DIRECTION ( 'NONE',  ( 1.000000000000000000, 0.0000000000000000000, 0.0000000000000000000 ) ) ;
#3580 = DIRECTION ( 'NONE',  ( -0.0000000000000000000, -0.0000000000000000000, 1.000000000000000000 ) ) ;
#3581 = CARTESIAN_POINT ( 'NONE',  ( 0.0000000000000000000, 0.0000000000000000000, -5.888436744855735800 ) ) ;
#3582 = DIRECTION ( 'NONE',  ( -0.0000000000000000000, -0.0000000000000000000, 1.000000000000000000 ) ) ;
#3583 = AXIS2_PLACEMENT_3D ( 'NONE', #2679, #6063, #4577 ) ;
#3584 = AXIS2_PLACEMENT_3D ( 'NONE', #3895, #2426, #2914 ) ;
#3585 = CARTESIAN_POINT ( 'NONE',  ( 0.0000000000000000000, 0.0000000000000000000, -5.475000000000000500 ) ) ;
#3586 = CIRCLE ( 'NONE', #4975, 8.249006824087119900 ) ;
#3587 = CARTESIAN_POINT ( 'NONE',  ( -6.324393072930443600, -13.24797577982179700, -5.933060780161923700 ) ) ;
#3588 = VERTEX_POINT ( 'NONE', #4432 ) ;
#3589 = CARTESIAN_POINT ( 'NONE',  ( -14.34076984267457400, -3.324472977485011700, -5.948433861821531100 ) ) ;
#3590 = CARTESIAN_POINT ( 'NONE',  ( 11.50161496993799300, 9.108279467312506500, 5.922851331036797600 ) ) ;
#3591 = CARTESIAN_POINT ( 'NONE',  ( 0.0000000000000000000, 0.0000000000000000000, -5.918436744855735100 ) ) ;
#3592 = CIRCLE ( 'NONE', #3306, 18.50000000000000000 ) ;
#3593 = AXIS2_PLACEMENT_3D ( 'NONE', #2670, #3582, #4035 ) ;
#3594 = ADVANCED_FACE ( 'NONE', ( #2034 ), #3337, .T. ) ;
#3595 = EDGE_LOOP ( 'NONE', ( #2461, #3745, #977, #3680, #3686, #898 ) ) ;
#3596 = CARTESIAN_POINT ( 'NONE',  ( 16.03886114155692200, 0.0000000000000000000, 2.187499999999999600 ) ) ;
#3597 = EDGE_LOOP ( 'NONE', ( #153, #1877 ) ) ;
#3598 = FACE_OUTER_BOUND ( 'NONE', #6123, .T. ) ;
#3600 = ORIENTED_EDGE ( 'NONE', *, *, #2982, .F. ) ;
#3599 = ORIENTED_EDGE ( 'NONE', *, *, #2987, .T. ) ;
#3601 = CARTESIAN_POINT ( 'NONE',  ( -12.99794839603086800, 10.36551795590160600, -3.321854442687193000E-016 ) ) ;
#3602 = ORIENTED_EDGE ( 'NONE', *, *, #5347, .T. ) ;
#3603 = EDGE_CURVE ( 'NONE', #362, #1113, #2949, .T. ) ;
#3604 = CIRCLE ( 'NONE', #1484, 14.67132924350647700 ) ;
#3605 = DIRECTION ( 'NONE',  ( 0.6234898018587431400, 0.7818314824680221400, 0.0000000000000000000 ) ) ;
#3606 = FACE_OUTER_BOUND ( 'NONE', #4004, .T. ) ;
#3607 = CARTESIAN_POINT ( 'NONE',  ( -0.05000000000000006500, 14.68865744747945200, -5.939797578137313600 ) ) ;
#3609 = ORIENTED_EDGE ( 'NONE', *, *, #2473, .T. ) ;
#3608 = ORIENTED_EDGE ( 'NONE', *, *, #4520, .T. ) ;
#3610 = LINE ( 'NONE', #761, #730 ) ;
#3611 = FACE_OUTER_BOUND ( 'NONE', #4023, .T. ) ;
#3612 = EDGE_CURVE ( 'NONE', #3567, #5807, #1344, .T. ) ;
#3613 = LINE ( 'NONE', #3645, #5449 ) ;
#3614 = CARTESIAN_POINT ( 'NONE',  ( -14.29790540835648300, -3.314689450068482500, -5.930101898033889500 ) ) ;
#3615 = CARTESIAN_POINT ( 'NONE',  ( -0.05000000000000011400, 14.32941471490539900, -5.434671360010759700 ) ) ;
#3616 = CARTESIAN_POINT ( 'NONE',  ( -8.461138858443082000, 1.036190662013361000E-015, 4.374999999999999100 ) ) ;
#3618 = ORIENTED_EDGE ( 'NONE', *, *, #1119, .F. ) ;
#3617 = ORIENTED_EDGE ( 'NONE', *, *, #5492, .T. ) ;
#3619 = VECTOR ( 'NONE', #4156, 1000.000000000000000 ) ;
#3620 = CIRCLE ( 'NONE', #5769, 15.02845821440191200 ) ;
#3621 = DIRECTION ( 'NONE',  ( 1.000000000000000000, 0.0000000000000000000, 0.0000000000000000000 ) ) ;
#3622 = ORIENTED_EDGE ( 'NONE', *, *, #3130, .T. ) ;
#3623 = ORIENTED_EDGE ( 'NONE', *, *, #3687, .T. ) ;
#3624 = AXIS2_PLACEMENT_3D ( 'NONE', #6270, #482, #901 ) ;
#3625 = EDGE_CURVE ( 'NONE', #5840, #4541, #5957, .T. ) ;
#3626 = CARTESIAN_POINT ( 'NONE',  ( 6.260039315523141700, -12.88386733851992500, 5.427070689091481300 ) ) ;
#3627 = ORIENTED_EDGE ( 'NONE', *, *, #3912, .F. ) ;
#3628 = DIRECTION ( 'NONE',  ( 0.0000000000000000000, 0.0000000000000000000, -1.000000000000000000 ) ) ;
#3629 = ADVANCED_FACE ( 'NONE', ( #4390 ), #5663, .T. ) ;
#3630 = ORIENTED_EDGE ( 'NONE', *, *, #2690, .T. ) ;
#3631 = CARTESIAN_POINT ( 'NONE',  ( 11.58066691282628600, 9.171321288105373200, 5.918436744863155000 ) ) ;
#3632 = CARTESIAN_POINT ( 'NONE',  ( 6.255420988009150900, -12.87427728262074600, -5.411869347303862400 ) ) ;
#3633 = CARTESIAN_POINT ( 'NONE',  ( -0.05000000000000006500, 14.67432226772501900, -5.926874626044847700 ) ) ;
#3634 = DIRECTION ( 'NONE',  ( -0.0000000000000000000, -0.0000000000000000000, 1.000000000000000000 ) ) ;
#3635 = DIRECTION ( 'NONE',  ( 0.0000000000000000000, 0.0000000000000000000, 1.000000000000000000 ) ) ;
#3636 = AXIS2_PLACEMENT_3D ( 'NONE', #1587, #1607, #2509 ) ;
#3637 = ORIENTED_EDGE ( 'NONE', *, *, #1190, .F. ) ;
#3638 = DIRECTION ( 'NONE',  ( 0.0000000000000000000, 0.0000000000000000000, -1.000000000000000000 ) ) ;
#3639 = PLANE ( 'NONE',  #2116 ) ;
#3640 = EDGE_LOOP ( 'NONE', ( #2583, #1009, #6033, #3784 ) ) ;
#3641 = VERTEX_POINT ( 'NONE', #4267 ) ;
#3642 = CARTESIAN_POINT ( 'NONE',  ( 15.82672910720095800, 0.0000000000000000000, -5.700000000000000200 ) ) ;
#3643 = AXIS2_PLACEMENT_3D ( 'NONE', #37, #5849, #4402 ) ;
#3644 = EDGE_CURVE ( 'NONE', #4879, #5314, #192, .T. ) ;
#3645 = CARTESIAN_POINT ( 'NONE',  ( 8.249006824087119900, 0.0000000000000000000, -6.000000000000000000 ) ) ;
#3646 = CARTESIAN_POINT ( 'NONE',  ( -0.05000000000000001700, 15.00389193474825000, -5.517405745169837100 ) ) ;
#3647 = CARTESIAN_POINT ( 'NONE',  ( 14.39085543774006800, -3.335904687719862600, 5.918436744863155000 ) ) ;
#3648 = CARTESIAN_POINT ( 'NONE',  ( -6.000000000000001800, 0.0000000000000000000, -5.100000000000009400 ) ) ;
#3649 = EDGE_CURVE ( 'NONE', #5807, #3128, #5513, .T. ) ;
#3650 = CARTESIAN_POINT ( 'NONE',  ( -6.348008573707381300, -13.29701387247587600, -5.947141906180245700 ) ) ;
#3651 = DIRECTION ( 'NONE',  ( 0.0000000000000000000, 0.0000000000000000000, 1.000000000000000000 ) ) ;
#3652 = CARTESIAN_POINT ( 'NONE',  ( 11.78083122563857000, 9.330947000977101200, 5.353434673651931600 ) ) ;
#3653 = ADVANCED_FACE ( 'NONE', ( #2107 ), #54, .T. ) ;
#3654 = EDGE_CURVE ( 'NONE', #3919, #1210, #5048, .T. ) ;
#3655 = CARTESIAN_POINT ( 'NONE',  ( 0.0000000000000000000, 0.0000000000000000000, 5.353434673651931600 ) ) ;
#3656 = PERSON_AND_ORGANIZATION ( #1270, #409 ) ;
#3657 = CARTESIAN_POINT ( 'NONE',  ( -6.165324101219088200, -12.91766565653241400, 5.411869347303862400 ) ) ;
#3658 = ADVANCED_FACE ( 'NONE', ( #3097 ), #5582, .F. ) ;
#3659 = DIRECTION ( 'NONE',  ( 1.000000000000000000, 0.0000000000000000000, 0.0000000000000000000 ) ) ;
#3660 = CIRCLE ( 'NONE', #5346, 15.02845821440191200 ) ;
#3661 = FACE_OUTER_BOUND ( 'NONE', #1112, .T. ) ;
#3662 = DIRECTION ( 'NONE',  ( -0.0000000000000000000, -0.0000000000000000000, 1.000000000000000000 ) ) ;
#3663 = AXIS2_PLACEMENT_3D ( 'NONE', #3831, #3394, #4338 ) ;
#3664 = AXIS2_PLACEMENT_3D ( 'NONE', #2152, #210, #189 ) ;
#3665 = CARTESIAN_POINT ( 'NONE',  ( 0.0000000000000000000, 0.0000000000000000000, -6.000000000000000000 ) ) ;
#3666 = CARTESIAN_POINT ( 'NONE',  ( 0.0000000000000000000, 0.0000000000000000000, 5.918436744855735100 ) ) ;
#3667 = CARTESIAN_POINT ( 'NONE',  ( -0.05000000000000006500, 14.67124404307172400, 5.922851331036820700 ) ) ;
#3668 = ORIENTED_EDGE ( 'NONE', *, *, #3022, .T. ) ;
#3669 = VECTOR ( 'NONE', #6059, 1000.000000000000000 ) ;
#3670 = CARTESIAN_POINT ( 'NONE',  ( -14.76028222819466300, -3.317652255578556800, -6.000000000000000900 ) ) ;
#3672 = VERTEX_POINT ( 'NONE', #1876 ) ;
#3671 = ORIENTED_EDGE ( 'NONE', *, *, #2009, .F. ) ;
#3673 = ORIENTED_EDGE ( 'NONE', *, *, #4196, .T. ) ;
#3674 = VERTEX_POINT ( 'NONE', #831 ) ;
#3675 = CARTESIAN_POINT ( 'NONE',  ( -14.29422567215722300, -3.313849574293524600, -5.925578038978351000 ) ) ;
#3676 = CARTESIAN_POINT ( 'NONE',  ( -13.97089512980815400, -3.137479801604068800, -5.419470018189161700 ) ) ;
#3677 = LINE ( 'NONE', #2934, #4382 ) ;
#3678 = DIRECTION ( 'NONE',  ( -1.355252715606888700E-016, 1.000000000000000000, -0.0000000000000000000 ) ) ;
#3680 = ORIENTED_EDGE ( 'NONE', *, *, #6137, .T. ) ;
#3679 = ORIENTED_EDGE ( 'NONE', *, *, #3993, .T. ) ;
#3681 = VERTEX_POINT ( 'NONE', #3273 ) ;
#3682 = VECTOR ( 'NONE', #6006, 1000.000000000000000 ) ;
#3683 = PLANE ( 'NONE',  #5679 ) ;
#3684 = CIRCLE ( 'NONE', #4253, 14.67132924350647700 ) ;
#3686 = ORIENTED_EDGE ( 'NONE', *, *, #2767, .T. ) ;
#3685 = ORIENTED_EDGE ( 'NONE', *, *, #5393, .F. ) ;
#3687 = EDGE_CURVE ( 'NONE', #5311, #1794, #5208, .T. ) ;
#3688 = DIRECTION ( 'NONE',  ( -0.0000000000000000000, -0.0000000000000000000, 1.000000000000000000 ) ) ;
#3689 = ADVANCED_FACE ( 'NONE', ( #4226 ), #4068, .F. ) ;
#3690 = LINE ( 'NONE', #1921, #4777 ) ;
#3691 = CARTESIAN_POINT ( 'NONE',  ( 11.78083122563857000, 9.330947000977101200, 5.475000000000000500 ) ) ;
#3692 = CARTESIAN_POINT ( 'NONE',  ( 0.0000000000000000000, 0.0000000000000000000, -5.475000000000000500 ) ) ;
#3693 = LINE ( 'NONE', #2540, #5896 ) ;
#3694 = CARTESIAN_POINT ( 'NONE',  ( 8.461138858443082000, 0.0000000000000000000, -2.187500000000000000 ) ) ;
#3695 = CONICAL_SURFACE ( 'NONE', #4376, 15.02845821440191200, 0.5235987755982992600 ) ;
#3696 = CARTESIAN_POINT ( 'NONE',  ( -14.01368909232457900, 1.749480899781696400E-015, -5.787867965644033500 ) ) ;
#3697 = EDGE_LOOP ( 'NONE', ( #4158, #2817, #1601, #2866 ) ) ;
#3698 = DIRECTION ( 'NONE',  ( -0.0000000000000000000, -0.0000000000000000000, 1.000000000000000000 ) ) ;
#3699 = B_SPLINE_CURVE_WITH_KNOTS ( 'NONE', 3,
 ( #768, #705, #6014, #2738, #752, #3587, #4652, #692, #6062, #3183, #4088, #255, #3213, #5630, #3650, #6075, #3137, #2715, #234, #1227, #4143, #5562, #218, #1696, #3200 ),
 .UNSPECIFIED., .F., .F.,
 ( 4, 3, 3, 3, 3, 3, 3, 3, 4 ),
 ( 0.0003576089778190587800, 0.0003626343305416534300, 0.0003751336018886984800, 0.0003952800579771925700, 0.0004154265102964890800, 0.0004355730134115541200, 0.0004557195170136878800, 0.0004758659491588516800, 0.0004773643735645384400 ),
 .UNSPECIFIED. ) ;
#3700 = CONICAL_SURFACE ( 'NONE', #5589, 6.900000000000001200, 0.7853981633974536100 ) ;
#3701 = CARTESIAN_POINT ( 'NONE',  ( 0.0000000000000000000, 0.0000000000000000000, 5.475000000000000500 ) ) ;
#3702 = ADVANCED_FACE ( 'NONE', ( #1649 ), #434, .F. ) ;
#3703 = EDGE_CURVE ( 'NONE', #2100, #5603, #5880, .T. ) ;
#3705 = CARTESIAN_POINT ( 'NONE',  ( 0.0000000000000000000, 0.0000000000000000000, -5.787867965644033500 ) ) ;
#3704 = CARTESIAN_POINT ( 'NONE',  ( -6.475555199841668500, -13.56186717070432800, 6.000000000000000900 ) ) ;
#3706 = EDGE_LOOP ( 'NONE', ( #2633, #4799, #499, #4840 ) ) ;
#3707 = ORIENTED_EDGE ( 'NONE', *, *, #3432, .T. ) ;
#3708 = CARTESIAN_POINT ( 'NONE',  ( 6.328825924276045200, -13.25718069048923400, -5.940503640635170300 ) ) ;
#3709 = EDGE_LOOP ( 'NONE', ( #1435, #5389, #5070, #4428 ) ) ;
#3710 = EDGE_CURVE ( 'NONE', #3234, #1716, #2499, .T. ) ;
#3711 = DIRECTION ( 'NONE',  ( 0.5000000000000014400, 6.123233995736784500E-017, -0.8660254037844379300 ) ) ;
#3712 = CARTESIAN_POINT ( 'NONE',  ( -11.22604010096069200, 8.888515842658614800, 5.419470018189161700 ) ) ;
#3713 = CARTESIAN_POINT ( 'NONE',  ( -16.20817654002285500, -3.699410527023571800, -3.321854442687193000E-016 ) ) ;
#3714 = CARTESIAN_POINT ( 'NONE',  ( 6.165324101218907900, -12.91766565653250100, 5.353434673651931600 ) ) ;
#3715 = VERTEX_POINT ( 'NONE', #621 ) ;
#3716 = CARTESIAN_POINT ( 'NONE',  ( -13.95383168026428500, -3.236156866922351500, -5.427070689091480400 ) ) ;
#3717 = DIRECTION ( 'NONE',  ( -0.0000000000000000000, -0.0000000000000000000, 1.000000000000000000 ) ) ;
#3718 = AXIS2_PLACEMENT_3D ( 'NONE', #4383, #2923, #942 ) ;
#3719 = DIRECTION ( 'NONE',  ( 0.4338837391175650600, 0.9009688679024158200, 0.0000000000000000000 ) ) ;
#3720 = VERTEX_POINT ( 'NONE', #2919 ) ;
#3721 = CARTESIAN_POINT ( 'NONE',  ( 11.22187913163943100, 8.885197580352693700, 6.000000000000000000 ) ) ;
#3723 = CARTESIAN_POINT ( 'NONE',  ( 11.50161496993799300, 9.108279467312506500, 5.922851331036797600 ) ) ;
#3722 = CARTESIAN_POINT ( 'NONE',  ( 6.255420988009150900, -12.87427728262074600, 5.411869347303862400 ) ) ;
#3724 = AXIS2_PLACEMENT_3D ( 'NONE', #849, #4245, #378 ) ;
#3725 = EDGE_CURVE ( 'NONE', #4893, #181, #348, .T. ) ;
#3726 = ADVANCED_FACE ( 'NONE', ( #2641 ), #1104, .T. ) ;
#3727 = CARTESIAN_POINT ( 'NONE',  ( -11.58046925786313100, 9.171163663532345500, 5.918874622419537900 ) ) ;
#3728 = CARTESIAN_POINT ( 'NONE',  ( -13.96570648593269200, -3.136295527498560400, -5.353434673651931600 ) ) ;
#3729 = EDGE_CURVE ( 'NONE', #4786, #381, #1189, .T. ) ;
#3730 = CARTESIAN_POINT ( 'NONE',  ( -6.437677915785347000, -13.25273769282108600, -5.946985995365509800 ) ) ;
#3731 = DIRECTION ( 'NONE',  ( 0.0000000000000000000, 0.0000000000000000000, -1.000000000000000000 ) ) ;
#3732 = B_SPLINE_CURVE_WITH_KNOTS ( 'NONE', 3,
 ( #1455, #1954, #5361, #488, #3854, #5340, #5818, #6233, #3349, #2895, #949, #2928, #447, #5797, #3824, #3366, #4302, #932, #1423, #5845, #471, #4812 ),
 .UNSPECIFIED., .F., .F.,
 ( 4, 3, 3, 3, 3, 3, 3, 4 ),
 ( 0.0002729695107799599100, 0.0002820482917521218900, 0.0003021945365587053300, 0.0003223408922757445100, 0.0003424873530129687300, 0.0003626338669241258100, 0.0003751336404210375300, 0.0003927652499993059800 ),
 .UNSPECIFIED. ) ;
#3733 = CARTESIAN_POINT ( 'NONE',  ( 6.000000000000001800, 7.347880794884121700E-016, -5.100000000000009400 ) ) ;
#3734 = CARTESIAN_POINT ( 'NONE',  ( 0.05000000000000000300, 15.02837503864021500, 6.000000000000000000 ) ) ;
#3735 = CARTESIAN_POINT ( 'NONE',  ( -14.36884527198721400, -3.228309324689067900, 5.948453804110887900 ) ) ;
#3737 = CARTESIAN_POINT ( 'NONE',  ( 11.50425114555676800, 9.110381747216902000, 5.927666725627946500 ) ) ;
#3736 = CARTESIAN_POINT ( 'NONE',  ( 6.358141214729192500, -13.31805451836192600, 5.935790468940135500 ) ) ;
#3738 = LINE ( 'NONE', #3289, #4370 ) ;
#3739 = EDGE_CURVE ( 'NONE', #4371, #542, #5439, .T. ) ;
#3740 = CARTESIAN_POINT ( 'NONE',  ( 6.364436298082134500, -13.33112639363751800, 5.918436744863155000 ) ) ;
#3741 = ORIENTED_EDGE ( 'NONE', *, *, #3739, .F. ) ;
#3742 = DIRECTION ( 'NONE',  ( -0.9009688679024218100, -0.4338837391175526800, 0.0000000000000000000 ) ) ;
#3743 = CIRCLE ( 'NONE', #1568, 4.375000000000000000 ) ;
#3744 = DIRECTION ( 'NONE',  ( 1.000000000000000000, 0.0000000000000000000, 0.0000000000000000000 ) ) ;
#3746 = EDGE_LOOP ( 'NONE', ( #430, #3608, #2406, #4333 ) ) ;
#3745 = ORIENTED_EDGE ( 'NONE', *, *, #15, .T. ) ;
#3747 = ORIENTED_EDGE ( 'NONE', *, *, #1603, .T. ) ;
#3748 = DIRECTION ( 'NONE',  ( -0.7071067811865434600, 8.659560562354883600E-017, 0.7071067811865516800 ) ) ;
#3749 = CC_DESIGN_APPROVAL ( #5681, ( #349 ) ) ;
#3750 = VECTOR ( 'NONE', #5239, 1000.000000000000000 ) ;
#3751 = CARTESIAN_POINT ( 'NONE',  ( -6.320986015749528300, -13.24090095268628000, 5.924234549616731900 ) ) ;
#3752 = DIRECTION ( 'NONE',  ( -1.000000000000000000, 0.0000000000000000000, -0.0000000000000000000 ) ) ;
#3754 = ORIENTED_EDGE ( 'NONE', *, *, #6, .F. ) ;
#3753 = VERTEX_POINT ( 'NONE', #5332 ) ;
#3755 = CARTESIAN_POINT ( 'NONE',  ( -6.417360238556900900, -13.21054760132757100, -5.938247467940449600 ) ) ;
#3756 = ORIENTED_EDGE ( 'NONE', *, *, #728, .T. ) ;
#3757 = CARTESIAN_POINT ( 'NONE',  ( -11.53525125913964400, 9.135103512851845400, -5.948499693344809100 ) ) ;
#3758 = FACE_OUTER_BOUND ( 'NONE', #1676, .T. ) ;
#3759 = DIRECTION ( 'NONE',  ( -0.0000000000000000000, -0.0000000000000000000, 1.000000000000000000 ) ) ;
#3760 = ADVANCED_FACE ( 'NONE', ( #4136 ), #1605, .T. ) ;
#3761 = FACE_OUTER_BOUND ( 'NONE', #4071, .T. ) ;
#3762 = DIRECTION ( 'NONE',  ( 0.0000000000000000000, 0.0000000000000000000, 1.000000000000000000 ) ) ;
#3764 = CARTESIAN_POINT ( 'NONE',  ( -8.461138858443082000, 1.036190662013361000E-015, 6.000000000000000000 ) ) ;
#3763 = CARTESIAN_POINT ( 'NONE',  ( 6.320565779518970500, -13.24002832316238300, 5.922851331036797600 ) ) ;
#3766 = ORIENTED_EDGE ( 'NONE', *, *, #1930, .T. ) ;
#3765 = VERTEX_POINT ( 'NONE', #940 ) ;
#3767 = AXIS2_PLACEMENT_3D ( 'NONE', #2691, #5109, #4107 ) ;
#3768 = CIRCLE ( 'NONE', #6193, 14.67132924350647700 ) ;
#3769 = EDGE_CURVE ( 'NONE', #3672, #1733, #583, .T. ) ;
#3770 = FACE_BOUND ( 'NONE', #5113, .T. ) ;
#3771 = DIRECTION ( 'NONE',  ( 1.000000000000000000, 0.0000000000000000000, 0.0000000000000000000 ) ) ;
#3772 = DIRECTION ( 'NONE',  ( -0.0000000000000000000, -0.0000000000000000000, 1.000000000000000000 ) ) ;
#3773 = CIRCLE ( 'NONE', #5317, 15.02845821440191200 ) ;
#3775 = EDGE_LOOP ( 'NONE', ( #3340, #1107, #6202, #4684 ) ) ;
#3774 = VERTEX_POINT ( 'NONE', #2564 ) ;
#3776 = CARTESIAN_POINT ( 'NONE',  ( 14.30732858555869700, -3.316840228773113800, 5.938247467940449600 ) ) ;
#3777 = CARTESIAN_POINT ( 'NONE',  ( 0.05000000000000012100, 14.31344847641650600, -5.353434673651931600 ) ) ;
#3778 = VECTOR ( 'NONE', #5180, 1000.000000000000100 ) ;
#3779 = CARTESIAN_POINT ( 'NONE',  ( -6.262348479264534100, -12.88866236643665500, 5.434671360010760600 ) ) ;
#3780 = LINE ( 'NONE', #313, #1349 ) ;
#3781 = EDGE_CURVE ( 'NONE', #5003, #878, #3604, .T. ) ;
#3782 = VERTEX_POINT ( 'NONE', #962 ) ;
#3783 = CARTESIAN_POINT ( 'NONE',  ( -14.31781862794823600, -3.216662826167142200, -5.927666725627946500 ) ) ;
#3784 = ORIENTED_EDGE ( 'NONE', *, *, #127, .F. ) ;
#3785 = DIRECTION ( 'NONE',  ( 1.000000000000000000, 0.0000000000000000000, 0.0000000000000000000 ) ) ;
#3786 = CARTESIAN_POINT ( 'NONE',  ( -8.932094846991095200, 1.093866136404821100E-015, 5.787867965644034400 ) ) ;
#3787 = DIRECTION ( 'NONE',  ( -1.000000000000000000, 0.0000000000000000000, 0.0000000000000000000 ) ) ;
#3788 = CARTESIAN_POINT ( 'NONE',  ( -0.05000000000000005800, 14.77235527311781700, 5.918436744855735100 ) ) ;
#3789 = EDGE_LOOP ( 'NONE', ( #718, #5132, #2533, #4048 ) ) ;
#3790 = B_SPLINE_CURVE_WITH_KNOTS ( 'NONE', 3,
 ( #2225, #1768, #4265, #2849, #2834, #2874, #888 ),
 .UNSPECIFIED., .F., .F.,
 ( 4, 3, 4 ),
 ( 0.001235889684214379600, 0.001263725857711642900, 0.001859684726850812900 ),
 .UNSPECIFIED. ) ;
#3791 = ORIENTED_EDGE ( 'NONE', *, *, #5664, .F. ) ;
#3792 = EDGE_CURVE ( 'NONE', #3941, #5116, #6178, .T. ) ;
#3793 = APPROVAL_STATUS ( 'not_yet_approved' ) ;
#3794 = CARTESIAN_POINT ( 'NONE',  ( -14.33309174751270700, -3.220148816041313600, 5.940503640635170300 ) ) ;
#3796 = CARTESIAN_POINT ( 'NONE',  ( 11.51812027767739000, 9.249346811778982800, -5.918874622419537900 ) ) ;
#3795 = DIRECTION ( 'NONE',  ( 0.0000000000000000000, 0.0000000000000000000, -1.000000000000000000 ) ) ;
#3797 = ORIENTED_EDGE ( 'NONE', *, *, #5856, .T. ) ;
#3798 = CARTESIAN_POINT ( 'NONE',  ( -11.57377130074511000, 9.165822220970845500, 5.930672822065825600 ) ) ;
#3799 = DIRECTION ( 'NONE',  ( 1.000000000000000000, 0.0000000000000000000, 0.0000000000000000000 ) ) ;
#3800 = ORIENTED_EDGE ( 'NONE', *, *, #4287, .T. ) ;
#3801 = AXIS2_PLACEMENT_3D ( 'NONE', #2463, #2128, #2605 ) ;
#3802 = CARTESIAN_POINT ( 'NONE',  ( 14.31452164892553800, -3.318481998547469800, 5.942348470219661400 ) ) ;
#3803 = DIRECTION ( 'NONE',  ( -0.2225209339565968300, 0.9749279121817591200, 0.0000000000000000000 ) ) ;
#3804 = AXIS2_PLACEMENT_3D ( 'NONE', #4834, #5388, #1001 ) ;
#3805 = ADVANCED_FACE ( 'NONE', ( #3758 ), #5815, .T. ) ;
#3806 = VERTEX_POINT ( 'NONE', #1465 ) ;
#3807 = CARTESIAN_POINT ( 'NONE',  ( -14.40809079211418500, -3.237266858557096100, -5.925963813471787100 ) ) ;
#3808 = CARTESIAN_POINT ( 'NONE',  ( 6.464896290569140700, -13.53973371753628600, -5.517405745169837900 ) ) ;
#3809 = DIRECTION ( 'NONE',  ( -0.0000000000000000000, -0.0000000000000000000, 1.000000000000000000 ) ) ;
#3810 = CARTESIAN_POINT ( 'NONE',  ( -11.54050138412285900, 9.139290347814265300, -5.948433861821531100 ) ) ;
#3811 = AXIS2_PLACEMENT_3D ( 'NONE', #927, #3316, #2840 ) ;
#3812 = CARTESIAN_POINT ( 'NONE',  ( -11.51831793264028100, 9.249504436352340900, 5.918436744863155000 ) ) ;
#3813 = DIRECTION ( 'NONE',  ( -0.0000000000000000000, -0.0000000000000000000, 1.000000000000000000 ) ) ;
#3814 = CARTESIAN_POINT ( 'NONE',  ( 0.05000000000000011400, 14.31877055593708000, -5.419470018189161700 ) ) ;
#3815 = DIRECTION ( 'NONE',  ( -0.0000000000000000000, -0.0000000000000000000, 1.000000000000000000 ) ) ;
#3816 = EDGE_CURVE ( 'NONE', #1613, #4095, #1722, .T. ) ;
#3817 = CARTESIAN_POINT ( 'NONE',  ( 14.30410379272004000, -3.316104190851430400, 5.935654072712593700 ) ) ;
#3818 = CARTESIAN_POINT ( 'NONE',  ( 14.41310753112671300, -3.238411896499628000, 5.918436744855735100 ) ) ;
#3819 = PERSON_AND_ORGANIZATION ( #1270, #409 ) ;
#3820 = DIRECTION ( 'NONE',  ( -0.0000000000000000000, -0.0000000000000000000, 1.000000000000000000 ) ) ;
#3821 = DIRECTION ( 'NONE',  ( -1.000000000000000000, 0.0000000000000000000, 0.0000000000000000000 ) ) ;
#3822 = CARTESIAN_POINT ( 'NONE',  ( -0.05000000000000006500, 14.69473051223645200, 5.943085793353259500 ) ) ;
#3823 = EDGE_CURVE ( 'NONE', #6252, #4902, #721, .T. ) ;
#3824 = CARTESIAN_POINT ( 'NONE',  ( 0.05000000000000006500, 14.70009249853154600, 5.945295989391454800 ) ) ;
#3825 = CIRCLE ( 'NONE', #431, 14.67132924350647700 ) ;
#3826 = CARTESIAN_POINT ( 'NONE',  ( -11.52494863861860700, 9.126887447150563700, -5.945246423886637800 ) ) ;
#3827 = FACE_OUTER_BOUND ( 'NONE', #5293, .T. ) ;
#3828 = CARTESIAN_POINT ( 'NONE',  ( -8.461138858443082000, 1.036190662013361000E-015, 6.000000000000000000 ) ) ;
#3829 = ADVANCED_FACE ( 'NONE', ( #4910 ), #5741, .T. ) ;
#3830 = VERTEX_POINT ( 'NONE', #3616 ) ;
#3831 = CARTESIAN_POINT ( 'NONE',  ( 0.0000000000000000000, 0.0000000000000000000, -5.787867965644033500 ) ) ;
#3832 = CARTESIAN_POINT ( 'NONE',  ( 14.31353580660732300, 1.752902581004268700E-015, 5.351869347303861900 ) ) ;
#3833 = B_SPLINE_CURVE_WITH_KNOTS ( 'NONE', 3,
 ( #3938, #76, #3448, #2973, #1029, #3468, #5869, #4889, #1981, #2534, #4433, #2989, #3418, #4392, #2035, #1534, #3877, #5406, #1951, #2950, #31, #1999, #5358, #4365, #5895 ),
 .UNSPECIFIED., .F., .F.,
 ( 4, 3, 3, 3, 3, 3, 3, 3, 4 ),
 ( 0.0003576089778190626800, 0.0003626343305416570600, 0.0003751336018887015200, 0.0003952800579771962000, 0.0004154265102964930400, 0.0004355730134115589400, 0.0004557195170136920500, 0.0004758659491588563400, 0.0004773643735645441900 ),
 .UNSPECIFIED. ) ;
#3834 = FACE_OUTER_BOUND ( 'NONE', #6175, .T. ) ;
#3835 = AXIS2_PLACEMENT_3D ( 'NONE', #723, #1224, #4616 ) ;
#3836 = EDGE_CURVE ( 'NONE', #5494, #745, #3263, .T. ) ;
#3838 = ORIENTED_EDGE ( 'NONE', *, *, #4966, .T. ) ;
#3837 = ORIENTED_EDGE ( 'NONE', *, *, #3065, .T. ) ;
#3839 = ORIENTED_EDGE ( 'NONE', *, *, #1756, .F. ) ;
#3840 = DIRECTION ( 'NONE',  ( -0.0000000000000000000, -0.0000000000000000000, 1.000000000000000000 ) ) ;
#3841 = ORIENTED_EDGE ( 'NONE', *, *, #281, .T. ) ;
#3842 = DIRECTION ( 'NONE',  ( 0.0000000000000000000, 0.0000000000000000000, 1.000000000000000000 ) ) ;
#3843 = CARTESIAN_POINT ( 'NONE',  ( 0.0000000000000000000, 0.0000000000000000000, 5.100000000000001400 ) ) ;
#3844 = VECTOR ( 'NONE', #4920, 1000.000000000000100 ) ;
#3845 = CARTESIAN_POINT ( 'NONE',  ( -11.51831793264028100, 9.249504436352340900, -5.918436744863155000 ) ) ;
#3846 = LINE ( 'NONE', #4923, #1653 ) ;
#3848 = ORIENTED_EDGE ( 'NONE', *, *, #1791, .T. ) ;
#3847 = ORIENTED_EDGE ( 'NONE', *, *, #5244, .F. ) ;
#3849 = TOROIDAL_SURFACE ( 'NONE', #2300, 12.25000000000000000, 4.374999999999999100 ) ;
#3850 = DIRECTION ( 'NONE',  ( 1.000000000000000000, 0.0000000000000000000, 0.0000000000000000000 ) ) ;
#3851 = VECTOR ( 'NONE', #4478, 1000.000000000000100 ) ;
#3852 = CARTESIAN_POINT ( 'NONE',  ( -0.05000000000000005100, 14.77210246294037400, 5.918874622419538800 ) ) ;
#3853 = LINE ( 'NONE', #5588, #2044 ) ;
#3854 = CARTESIAN_POINT ( 'NONE',  ( 0.05000000000000005100, 14.76300934027016600, 5.931203594297440600 ) ) ;
#3856 = ORIENTED_EDGE ( 'NONE', *, *, #1637, .F. ) ;
#3855 = ORIENTED_EDGE ( 'NONE', *, *, #3517, .F. ) ;
#3857 = CIRCLE ( 'NONE', #3593, 6.000000000000001800 ) ;
#3858 = DIRECTION ( 'NONE',  ( 1.000000000000000000, 0.0000000000000000000, 0.0000000000000000000 ) ) ;
#3859 = LINE ( 'NONE', #786, #6114 ) ;
#3860 = PERSON_AND_ORGANIZATION_ROLE ( 'creator' ) ;
#3861 = CARTESIAN_POINT ( 'NONE',  ( -11.22187913163930500, 8.885197580352853600, -5.353434673651931600 ) ) ;
#3862 = DIRECTION ( 'NONE',  ( -0.0000000000000000000, -0.0000000000000000000, 1.000000000000000000 ) ) ;
#3863 = AXIS2_PLACEMENT_3D ( 'NONE', #5806, #5348, #4505 ) ;
#3864 = ORIENTED_EDGE ( 'NONE', *, *, #1556, .F. ) ;
#3865 = ORIENTED_EDGE ( 'NONE', *, *, #2408, .F. ) ;
#3866 = EDGE_CURVE ( 'NONE', #759, #1947, #2327, .T. ) ;
#3867 = FACE_OUTER_BOUND ( 'NONE', #117, .T. ) ;
#3868 = ORIENTED_EDGE ( 'NONE', *, *, #1802, .F. ) ;
#3869 = DIRECTION ( 'NONE',  ( 0.7818314824680309100, 0.6234898018587321500, 0.0000000000000000000 ) ) ;
#3870 = DIRECTION ( 'NONE',  ( -0.0000000000000000000, -0.0000000000000000000, 1.000000000000000000 ) ) ;
#3871 = VERTEX_POINT ( 'NONE', #3064 ) ;
#3872 = CARTESIAN_POINT ( 'NONE',  ( -11.61347748670771200, 9.325391648419035600, -5.707623739869334600 ) ) ;
#3873 = ADVANCED_FACE ( 'NONE', ( #6022 ), #1046, .F. ) ;
#3874 = EDGE_CURVE ( 'NONE', #2258, #4937, #2174, .T. ) ;
#3875 = CARTESIAN_POINT ( 'NONE',  ( 14.47243854421665100, -3.251953813066363900, -5.813030243294887700 ) ) ;
#3876 = ORIENTED_EDGE ( 'NONE', *, *, #4805, .F. ) ;
#3877 = CARTESIAN_POINT ( 'NONE',  ( 14.38850780627983800, -3.232797169831536100, -5.942572141193089400 ) ) ;
#3878 = CARTESIAN_POINT ( 'NONE',  ( -11.71848224545256100, 9.409130149224070600, -6.000000000000000000 ) ) ;
#3879 = DIRECTION ( 'NONE',  ( -0.4338837391175524600, 0.9009688679024218100, -0.0000000000000000000 ) ) ;
#3880 = ORIENTED_EDGE ( 'NONE', *, *, #5114, .F. ) ;
#3881 = EDGE_CURVE ( 'NONE', #71, #2486, #6217, .T. ) ;
#3882 = DIRECTION ( 'NONE',  ( -0.7071067811865445800, 8.659560562354897100E-017, 0.7071067811865504600 ) ) ;
#3883 = CARTESIAN_POINT ( 'NONE',  ( 11.46757086552842300, 9.209035000766535400, -5.947407054167841000 ) ) ;
#3884 = VERTEX_POINT ( 'NONE', #5083 ) ;
#3885 = AXIS2_PLACEMENT_3D ( 'NONE', #5182, #2246, #1480 ) ;
#3886 = CARTESIAN_POINT ( 'NONE',  ( 14.39436462950242800, -3.234133951512749400, 5.939165479577829900 ) ) ;
#3887 = AXIS2_PLACEMENT_3D ( 'NONE', #3368, #418, #4482 ) ;
#3888 = DIRECTION ( 'NONE',  ( 1.000000000000000000, 0.0000000000000000000, 0.0000000000000000000 ) ) ;
#3889 = DIRECTION ( 'NONE',  ( -1.000000000000000000, 0.0000000000000000000, 0.0000000000000000000 ) ) ;
#3890 = CARTESIAN_POINT ( 'NONE',  ( -11.56093946517382200, 9.155589173572229500, 5.942572141193089400 ) ) ;
#3891 = DIRECTION ( 'NONE',  ( -0.0000000000000000000, -0.0000000000000000000, 1.000000000000000000 ) ) ;
#3892 = DIRECTION ( 'NONE',  ( -1.000000000000000000, 0.0000000000000000000, 0.0000000000000000000 ) ) ;
#3893 = CARTESIAN_POINT ( 'NONE',  ( -14.41310753113574500, -3.238411896501485600, -5.918436744863155000 ) ) ;
#3894 = CARTESIAN_POINT ( 'NONE',  ( 0.0000000000000000000, 0.0000000000000000000, -5.353434673651931600 ) ) ;
#3895 = CARTESIAN_POINT ( 'NONE',  ( 0.0000000000000000000, 0.0000000000000000000, 4.845955988548010600 ) ) ;
#3896 = AXIS2_PLACEMENT_3D ( 'NONE', #5078, #2182, #4169 ) ;
#3897 = CARTESIAN_POINT ( 'NONE',  ( -15.02845821440191400, 1.840455324838705100E-015, 6.000000000000000000 ) ) ;
#3898 = CARTESIAN_POINT ( 'NONE',  ( -11.94286692422736700, -2.725881440964736900, -6.000769315822028800E-016 ) ) ;
#3900 = DIRECTION ( 'NONE',  ( -0.9749279121818258400, -0.2225209339563049300, 0.0000000000000000000 ) ) ;
#3899 = DIRECTION ( 'NONE',  ( -0.0000000000000000000, -0.0000000000000000000, 1.000000000000000000 ) ) ;
#3901 = CARTESIAN_POINT ( 'NONE',  ( -6.000000000000001800, 7.347880794884121700E-016, 6.000000000000000000 ) ) ;
#3902 = CONICAL_SURFACE ( 'NONE', #6269, 14.72534932307735800, 0.6108652381980183000 ) ;
#3903 = EDGE_CURVE ( 'NONE', #3254, #2947, #3165, .T. ) ;
#3904 = CARTESIAN_POINT ( 'NONE',  ( 11.43926598975209800, 9.186462615559293000, 5.922851331036820700 ) ) ;
#3905 = VERTEX_POINT ( 'NONE', #4092 ) ;
#3906 = CARTESIAN_POINT ( 'NONE',  ( 14.63883908524361600, -3.289933650690759500, -5.517405745169837100 ) ) ;
#3907 = FACE_OUTER_BOUND ( 'NONE', #515, .T. ) ;
#3908 = CARTESIAN_POINT ( 'NONE',  ( 0.0000000000000000000, 0.0000000000000000000, -6.000000000000000000 ) ) ;
#3909 = CARTESIAN_POINT ( 'NONE',  ( 0.05000000000000004400, 14.83321209375861100, 5.813030243295935800 ) ) ;
#3911 = ORIENTED_EDGE ( 'NONE', *, *, #1936, .T. ) ;
#3910 = ORIENTED_EDGE ( 'NONE', *, *, #5252, .T. ) ;
#3912 = EDGE_CURVE ( 'NONE', #3347, #137, #1764, .T. ) ;
#3913 = CARTESIAN_POINT ( 'NONE',  ( -0.05000000000000012100, 14.31344847641650600, 5.353434673651931600 ) ) ;
#3914 = EDGE_LOOP ( 'NONE', ( #5771, #1588, #5580, #1985 ) ) ;
#3915 = DIRECTION ( 'NONE',  ( 1.000000000000000000, 0.0000000000000000000, 0.0000000000000000000 ) ) ;
#3916 = CIRCLE ( 'NONE', #2575, 15.02845821440191200 ) ;
#3917 = CARTESIAN_POINT ( 'NONE',  ( -6.454273469691978300, -13.51767520269242200, -5.559811490052914500 ) ) ;
#3919 = VERTEX_POINT ( 'NONE', #3545 ) ;
#3918 = VERTEX_POINT ( 'NONE', #5476 ) ;
#3920 = ORIENTED_EDGE ( 'NONE', *, *, #119, .T. ) ;
#3921 = ORIENTED_EDGE ( 'NONE', *, *, #1250, .F. ) ;
#3922 = AXIS2_PLACEMENT_3D ( 'NONE', #3943, #5394, #2960 ) ;
#3923 = VECTOR ( 'NONE', #4317, 1000.000000000000000 ) ;
#3924 = AXIS2_PLACEMENT_3D ( 'NONE', #2975, #951, #1456 ) ;
#3925 = CIRCLE ( 'NONE', #5505, 15.02845821440191200 ) ;
#3927 = EDGE_LOOP ( 'NONE', ( #2288, #428 ) ) ;
#3926 = ORIENTED_EDGE ( 'NONE', *, *, #4961, .T. ) ;
#3928 = CARTESIAN_POINT ( 'NONE',  ( -13.94345439253706200, -3.233788318716743800, 5.411869347303862400 ) ) ;
#3929 = FACE_OUTER_BOUND ( 'NONE', #2651, .T. ) ;
#3930 = SPHERICAL_SURFACE ( 'NONE', #1648, 4.375000000000000000 ) ;
#3931 = ORIENTED_EDGE ( 'NONE', *, *, #5127, .T. ) ;
#3932 = CARTESIAN_POINT ( 'NONE',  ( 14.53176955415693600, -3.265495728914211200, -5.707623739868810600 ) ) ;
#3933 = ORIENTED_EDGE ( 'NONE', *, *, #3469, .F. ) ;
#3934 = AXIS2_PLACEMENT_3D ( 'NONE', #5128, #4112, #270 ) ;
#3935 = DIRECTION ( 'NONE',  ( 1.000000000000000000, 0.0000000000000000000, 0.0000000000000000000 ) ) ;
#3936 = CIRCLE ( 'NONE', #4873, 14.77243989039088300 ) ;
#3937 = CC_DESIGN_SECURITY_CLASSIFICATION ( #349, ( #4542 ) ) ;
#3938 = CARTESIAN_POINT ( 'NONE',  ( 14.31453137071973500, -3.215912531156299300, -5.922851331036820700 ) ) ;
#3939 = DIRECTION ( 'NONE',  ( 0.0000000000000000000, 0.0000000000000000000, 1.000000000000000000 ) ) ;
#3940 = EDGE_LOOP ( 'NONE', ( #1825, #3506, #4225, #6165, #5899, #5970 ) ) ;
#3941 = VERTEX_POINT ( 'NONE', #3722 ) ;
#3942 = DIRECTION ( 'NONE',  ( 0.4338837391175525100, -0.9009688679024218100, 0.0000000000000000000 ) ) ;
#3943 = CARTESIAN_POINT ( 'NONE',  ( 0.0000000000000000000, 0.0000000000000000000, 6.000000000000000000 ) ) ;
#3945 = CARTESIAN_POINT ( 'NONE',  ( -6.417245866457982100, -13.44078659231323900, -5.707623739868810600 ) ) ;
#3944 = CARTESIAN_POINT ( 'NONE',  ( 0.0000000000000000000, 0.0000000000000000000, -6.000000000000000000 ) ) ;
#3946 = EDGE_CURVE ( 'NONE', #2637, #5245, #4462, .T. ) ;
#3947 = VERTEX_POINT ( 'NONE', #1784 ) ;
#3948 = ORIENTED_EDGE ( 'NONE', *, *, #2993, .T. ) ;
#3949 = CARTESIAN_POINT ( 'NONE',  ( 14.41310753112671300, -3.238411896499628000, 5.918436744855735100 ) ) ;
#3950 = CARTESIAN_POINT ( 'NONE',  ( 6.413166530172953000, -13.20183927613779000, -5.930101898033889500 ) ) ;
#3951 = ORIENTED_EDGE ( 'NONE', *, *, #3073, .F. ) ;
#3952 = EDGE_CURVE ( 'NONE', #3411, #828, #3315, .T. ) ;
#3953 = CARTESIAN_POINT ( 'NONE',  ( 6.169942428732900600, -12.92725571243168000, -5.427070689091481300 ) ) ;
#3954 = B_SPLINE_CURVE_WITH_KNOTS ( 'NONE', 3,
 ( #5165, #5742, #823, #1868, #350, #2302, #4778 ),
 .UNSPECIFIED., .F., .F.,
 ( 4, 3, 4 ),
 ( 0.001465605684353203700, 0.001830745039545445400, 0.001977643053134279400 ),
 .UNSPECIFIED. ) ;
#3955 = EDGE_LOOP ( 'NONE', ( #420, #3602 ) ) ;
#3956 = CARTESIAN_POINT ( 'NONE',  ( 0.05000000000000002400, 14.95492572546693200, 5.602217234644991000 ) ) ;
#3957 = ORIENTED_EDGE ( 'NONE', *, *, #1454, .T. ) ;
#3958 = CARTESIAN_POINT ( 'NONE',  ( -14.31453137071980600, -3.215912531156111900, 5.922851331036797600 ) ) ;
#3959 = CARTESIAN_POINT ( 'NONE',  ( -11.47743014066840300, 9.216897510324603400, -5.948810452728518600 ) ) ;
#3960 = DIRECTION ( 'NONE',  ( 0.0000000000000000000, 0.0000000000000000000, 1.000000000000000000 ) ) ;
#3961 = AXIS2_PLACEMENT_3D ( 'NONE', #3232, #5611, #813 ) ;
#3962 = EDGE_CURVE ( 'NONE', #368, #5494, #4759, .T. ) ;
#3963 = CARTESIAN_POINT ( 'NONE',  ( 6.320565779518970500, -13.24002832316238300, 5.922851331036797600 ) ) ;
#3964 = DIRECTION ( 'NONE',  ( 1.000000000000000000, -1.776356839400250500E-015, 0.0000000000000000000 ) ) ;
#3965 = CARTESIAN_POINT ( 'NONE',  ( -8.461138858443083800, 1.036190662013361200E-015, 6.000000000000000000 ) ) ;
#3966 = CARTESIAN_POINT ( 'NONE',  ( 11.15953015145355900, 8.963380728599498000, 5.411869347303862400 ) ) ;
#3967 = CARTESIAN_POINT ( 'NONE',  ( 6.418218059324391200, -13.21232888450616200, -5.939797578137314500 ) ) ;
#3968 = AXIS2_PLACEMENT_3D ( 'NONE', #2195, #1216, #697 ) ;
#3969 = CARTESIAN_POINT ( 'NONE',  ( -6.418922811066471100, -13.21379231657739000, 5.940503640635170300 ) ) ;
#3970 = DIRECTION ( 'NONE',  ( 1.000000000000000000, 0.0000000000000000000, 0.0000000000000000000 ) ) ;
#3971 = CARTESIAN_POINT ( 'NONE',  ( 0.0000000000000000000, 0.0000000000000000000, 5.700000000000000200 ) ) ;
#3972 = FACE_OUTER_BOUND ( 'NONE', #1214, .T. ) ;
#3973 = AXIS2_PLACEMENT_3D ( 'NONE', #1923, #1018, #5308 ) ;
#3974 = EDGE_CURVE ( 'NONE', #2051, #4519, #3401, .T. ) ;
#3975 = DIRECTION ( 'NONE',  ( 1.000000000000000000, 0.0000000000000000000, -0.0000000000000000000 ) ) ;
#3976 = CARTESIAN_POINT ( 'NONE',  ( 14.64045625320910900, -3.392874445053132100, -5.475000000000000500 ) ) ;
#3977 = CARTESIAN_POINT ( 'NONE',  ( -6.255420988009330300, -12.87427728262065700, -5.411869347303862400 ) ) ;
#3978 = DIRECTION ( 'NONE',  ( -1.355252715606888700E-016, -1.000000000000000000, -0.0000000000000000000 ) ) ;
#3979 = LINE ( 'NONE', #1088, #1326 ) ;
#3980 = LINE ( 'NONE', #6226, #4046 ) ;
#3981 = ORIENTED_EDGE ( 'NONE', *, *, #3823, .T. ) ;
#3982 = EDGE_CURVE ( 'NONE', #5597, #474, #3239, .T. ) ;
#3983 = CARTESIAN_POINT ( 'NONE',  ( 0.0000000000000000000, 0.0000000000000000000, -5.787867965644033500 ) ) ;
#3984 = CARTESIAN_POINT ( 'NONE',  ( 0.0000000000000000000, 0.0000000000000000000, -4.845955988548011500 ) ) ;
#3985 = VECTOR ( 'NONE', #2673, 1000.000000000000000 ) ;
#3986 = ADVANCED_FACE ( 'NONE', ( #2634 ), #825, .T. ) ;
#3988 = ORIENTED_EDGE ( 'NONE', *, *, #2577, .F. ) ;
#3987 = ORIENTED_EDGE ( 'NONE', *, *, #2653, .T. ) ;
#3989 = CARTESIAN_POINT ( 'NONE',  ( 6.410662666309201000, -13.19663994925060300, 5.922851331036820700 ) ) ;
#3990 = EDGE_LOOP ( 'NONE', ( #5390, #2622, #1125, #3741 ) ) ;
#3991 = B_SPLINE_CURVE_WITH_KNOTS ( 'NONE', 3,
 ( #249, #3646, #4634, #2218, #1257, #5607, #298 ),
 .UNSPECIFIED., .F., .F.,
 ( 4, 3, 4 ),
 ( 0.001683847025956608000, 0.001830745039545440600, 0.002195884394735871100 ),
 .UNSPECIFIED. ) ;
#3992 = CONICAL_SURFACE ( 'NONE', #801, 14.72534932307735800, 0.6108652381980183000 ) ;
#3993 = EDGE_CURVE ( 'NONE', #4902, #5961, #1033, .T. ) ;
#3994 = FACE_OUTER_BOUND ( 'NONE', #5980, .T. ) ;
#3995 = CARTESIAN_POINT ( 'NONE',  ( 0.0000000000000000000, 0.0000000000000000000, -5.353434673651931600 ) ) ;
#3997 = ORIENTED_EDGE ( 'NONE', *, *, #5879, .F. ) ;
#3996 = ORIENTED_EDGE ( 'NONE', *, *, #623, .T. ) ;
#3998 = TOROIDAL_SURFACE ( 'NONE', #5355, 14.72047836616381700, 0.05999999999999999800 ) ;
#3999 = VECTOR ( 'NONE', #6249, 1000.000000000000000 ) ;
#4000 = DIRECTION ( 'NONE',  ( -1.000000000000000000, 0.0000000000000000000, 0.0000000000000000000 ) ) ;
#4001 = VECTOR ( 'NONE', #3978, 1000.000000000000000 ) ;
#4002 = CARTESIAN_POINT ( 'NONE',  ( 0.0000000000000000000, 0.0000000000000000000, 5.353434673651931600 ) ) ;
#4004 = EDGE_LOOP ( 'NONE', ( #674, #2904, #3110, #3472, #5973, #3668 ) ) ;
#4003 = ORIENTED_EDGE ( 'NONE', *, *, #2373, .T. ) ;
#4005 = AXIS2_PLACEMENT_3D ( 'NONE', #1937, #983, #454 ) ;
#4006 = AXIS2_PLACEMENT_3D ( 'NONE', #4633, #2217, #5605 ) ;
#4007 = LINE ( 'NONE', #1987, #4476 ) ;
#4008 = CIRCLE ( 'NONE', #3896, 4.375000000000000000 ) ;
#4009 = VECTOR ( 'NONE', #5821, 1000.000000000000000 ) ;
#4010 = CARTESIAN_POINT ( 'NONE',  ( 11.51791827882002300, 9.249185723065650700, 5.919309338810702300 ) ) ;
#4011 = CARTESIAN_POINT ( 'NONE',  ( 0.0000000000000000000, 0.0000000000000000000, 4.374999999999999100 ) ) ;
#4012 = DIRECTION ( 'NONE',  ( -0.0000000000000000000, -0.0000000000000000000, 1.000000000000000000 ) ) ;
#4013 = EDGE_LOOP ( 'NONE', ( #5331, #3848 ) ) ;
#4014 = VECTOR ( 'NONE', #866, 1000.000000000000000 ) ;
#4015 = CARTESIAN_POINT ( 'NONE',  ( -6.443293722652243500, -13.26439903593921700, 5.942898760672944600 ) ) ;
#4016 = AXIS2_PLACEMENT_3D ( 'NONE', #4260, #5178, #371 ) ;
#4017 = ORIENTED_EDGE ( 'NONE', *, *, #4693, .F. ) ;
#4018 = VERTEX_POINT ( 'NONE', #1811 ) ;
#4019 = DIRECTION ( 'NONE',  ( 1.000000000000000000, 0.0000000000000000000, 0.0000000000000000000 ) ) ;
#4020 = CARTESIAN_POINT ( 'NONE',  ( -11.47221566854022100, 9.212739107565310400, -5.948026407833841000 ) ) ;
#4021 = CARTESIAN_POINT ( 'NONE',  ( -14.29322353956256600, -3.313620844068320400, 5.924234549616731000 ) ) ;
#4022 = ADVANCED_FACE ( 'NONE', ( #2570 ), #5039, .T. ) ;
#4023 = EDGE_LOOP ( 'NONE', ( #14, #4466, #5142, #1330 ) ) ;
#4024 = CARTESIAN_POINT ( 'NONE',  ( -14.29227927732414600, -3.313405322374288100, 5.922851331036820700 ) ) ;
#4025 = CARTESIAN_POINT ( 'NONE',  ( -0.05000000000000000300, 15.02837503864021500, -6.000000000000000000 ) ) ;
#4026 = EDGE_CURVE ( 'NONE', #2722, #5961, #5291, .T. ) ;
#4027 = EDGE_LOOP ( 'NONE', ( #3379, #4003, #4473, #4229, #2450, #3271 ) ) ;
#4028 = ORIENTED_EDGE ( 'NONE', *, *, #6005, .F. ) ;
#4029 = CARTESIAN_POINT ( 'NONE',  ( -6.364436298078318900, -13.33112639362912000, -5.918436744855735100 ) ) ;
#4030 = VERTEX_POINT ( 'NONE', #6046 ) ;
#4031 = ORIENTED_EDGE ( 'NONE', *, *, #5482, .T. ) ;
#4032 = EDGE_CURVE ( 'NONE', #6060, #3537, #3916, .T. ) ;
#4033 = CARTESIAN_POINT ( 'NONE',  ( 14.31453137071973500, -3.215912531156299300, 5.922851331036820700 ) ) ;
#4034 = CARTESIAN_POINT ( 'NONE',  ( -6.554993177359570200, -13.49634534362443700, -5.517405745169837100 ) ) ;
#4035 = DIRECTION ( 'NONE',  ( 1.000000000000000000, 0.0000000000000000000, 0.0000000000000000000 ) ) ;
#4036 = AXIS2_PLACEMENT_3D ( 'NONE', #2378, #1358, #5768 ) ;
#4037 = DIRECTION ( 'NONE',  ( -0.0000000000000000000, -0.0000000000000000000, 1.000000000000000000 ) ) ;
#4038 = CARTESIAN_POINT ( 'NONE',  ( 5.315075804190019700, -11.03686863180466700, -6.000769315822028800E-016 ) ) ;
#4039 = PERSON_AND_ORGANIZATION ( #1270, #409 ) ;
#4040 = CARTESIAN_POINT ( 'NONE',  ( -15.82672910720095800, 1.951204655054122300E-015, -5.700000000000000200 ) ) ;
#4041 = DIRECTION ( 'NONE',  ( -0.0000000000000000000, -0.0000000000000000000, 1.000000000000000000 ) ) ;
#4042 = CARTESIAN_POINT ( 'NONE',  ( 14.34659317859153800, -3.325802115907444900, -5.948453804110887900 ) ) ;
#4043 = AXIS2_PLACEMENT_3D ( 'NONE', #1158, #171, #3057 ) ;
#4044 = ADVANCED_FACE ( 'NONE', ( #5364 ), #3639, .T. ) ;
#4045 = CARTESIAN_POINT ( 'NONE',  ( -14.61658699184802800, -3.387426441908744300, -5.517405745169837100 ) ) ;
#4046 = VECTOR ( 'NONE', #6241, 1000.000000000000000 ) ;
#4047 = CARTESIAN_POINT ( 'NONE',  ( 0.0000000000000000000, 0.0000000000000000000, -5.922851331036798500 ) ) ;
#4048 = ORIENTED_EDGE ( 'NONE', *, *, #51, .F. ) ;
#4049 = DIRECTION ( 'NONE',  ( -0.9749279121818227300, 0.2225209339563180800, 0.0000000000000000000 ) ) ;
#4050 = DIRECTION ( 'NONE',  ( -0.0000000000000000000, -0.0000000000000000000, 1.000000000000000000 ) ) ;
#4051 = AXIS2_PLACEMENT_3D ( 'NONE', #3479, #570, #3964 ) ;
#4052 = VECTOR ( 'NONE', #3891, 1000.000000000000000 ) ;
#4053 = EDGE_CURVE ( 'NONE', #362, #2663, #2492, .T. ) ;
#4054 = DIRECTION ( 'NONE',  ( -0.0000000000000000000, -0.0000000000000000000, 1.000000000000000000 ) ) ;
#4055 = CARTESIAN_POINT ( 'NONE',  ( 11.53456464872622400, 9.134555959318344500, -5.948026407833841000 ) ) ;
#4057 = VERTEX_POINT ( 'NONE', #1242 ) ;
#4056 = ORIENTED_EDGE ( 'NONE', *, *, #5778, .F. ) ;
#4058 = CARTESIAN_POINT ( 'NONE',  ( -0.05000000000000005100, 14.77158029824329000, -5.919740685676537800 ) ) ;
#4059 = ORIENTED_EDGE ( 'NONE', *, *, #3836, .T. ) ;
#4060 = CARTESIAN_POINT ( 'NONE',  ( -6.475519111231179200, -13.56179223193247600, -5.475000000000000500 ) ) ;
#4061 = TOROIDAL_SURFACE ( 'NONE', #2899, 12.25000000000000000, 4.374999999999999100 ) ;
#4063 = ORIENTED_EDGE ( 'NONE', *, *, #5729, .F. ) ;
#4062 = VERTEX_POINT ( 'NONE', #4151 ) ;
#4064 = EDGE_CURVE ( 'NONE', #4057, #5953, #3790, .T. ) ;
#4065 = VERTEX_POINT ( 'NONE', #3285 ) ;
#4066 = CARTESIAN_POINT ( 'NONE',  ( -14.39085543773112300, -3.335904687717615900, -5.918436744855735100 ) ) ;
#4067 = DIRECTION ( 'NONE',  ( 1.000000000000000000, 0.0000000000000000000, 0.0000000000000000000 ) ) ;
#4068 = CYLINDRICAL_SURFACE ( 'NONE', #4404, 15.02845821440191400 ) ;
#4069 = FACE_BOUND ( 'NONE', #5900, .T. ) ;
#4070 = DIRECTION ( 'NONE',  ( 1.000000000000000000, 0.0000000000000000000, 0.0000000000000000000 ) ) ;
#4072 = ORIENTED_EDGE ( 'NONE', *, *, #6039, .F. ) ;
#4071 = EDGE_LOOP ( 'NONE', ( #2413, #4072 ) ) ;
#4073 = FACE_OUTER_BOUND ( 'NONE', #1963, .T. ) ;
#4074 = VECTOR ( 'NONE', #1669, 1000.000000000000000 ) ;
#4075 = EDGE_CURVE ( 'NONE', #242, #878, #4240, .T. ) ;
#4076 = CARTESIAN_POINT ( 'NONE',  ( 0.0000000000000000000, 0.0000000000000000000, -5.100000000000009400 ) ) ;
#4077 = CARTESIAN_POINT ( 'NONE',  ( 0.05000000000000011400, 14.31344847641650600, -5.411869347303862400 ) ) ;
#4078 = DIRECTION ( 'NONE',  ( 1.000000000000000000, 0.0000000000000000000, 0.0000000000000000000 ) ) ;
#4079 = CLOSED_SHELL ( 'NONE', ( #4082, #5683, #5404, #4254, #5979, #3629, #4648, #5265, #5570, #1320, #916, #4586, #322, #3546, #5424, #6135, #3805, #2452, #366, #592 ) ) ;
#4080 = EDGE_LOOP ( 'NONE', ( #4974, #5677, #5326, #3223, #726, #2723, #647, #3911, #4377, #2320, #3791, #6099, #196, #840, #4480, #150 ) ) ;
#4081 = CARTESIAN_POINT ( 'NONE',  ( -14.30925609132735100, -3.317280169386454400, 5.939797578137313600 ) ) ;
#4082 = ADVANCED_FACE ( 'NONE', ( #5198 ), #4061, .F. ) ;
#4083 = CIRCLE ( 'NONE', #4951, 6.900000000000001200 ) ;
#4084 = CARTESIAN_POINT ( 'NONE',  ( 11.53977912085440700, 9.138714362077637400, -5.948810452728518600 ) ) ;
#4085 = CARTESIAN_POINT ( 'NONE',  ( 0.05000000000000001700, 15.02837503864021700, 5.475000000000000500 ) ) ;
#4086 = CARTESIAN_POINT ( 'NONE',  ( -0.05000000000000005800, 14.74712292051051700, -5.942572141193089400 ) ) ;
#4087 = ORIENTED_EDGE ( 'NONE', *, *, #3212, .T. ) ;
#4088 = CARTESIAN_POINT ( 'NONE',  ( -6.336273800508937600, -13.27264636484538600, -5.947407054167841900 ) ) ;
#4089 = ORIENTED_EDGE ( 'NONE', *, *, #2207, .T. ) ;
#4090 = AXIS2_PLACEMENT_3D ( 'NONE', #4498, #5445, #3942 ) ;
#4091 = DIRECTION ( 'NONE',  ( -0.7071067811865432400, 0.0000000000000000000, -0.7071067811865517900 ) ) ;
#4092 = CARTESIAN_POINT ( 'NONE',  ( -14.29227927732414600, -3.313405322374288100, -5.922851331036820700 ) ) ;
#4093 = EDGE_LOOP ( 'NONE', ( #4857, #3465, #1593, #832 ) ) ;
#4094 = VERTEX_POINT ( 'NONE', #5747 ) ;
#4095 = VERTEX_POINT ( 'NONE', #4800 ) ;
#4096 = DIRECTION ( 'NONE',  ( -0.0000000000000000000, -0.0000000000000000000, 1.000000000000000000 ) ) ;
#4097 = AXIS2_PLACEMENT_3D ( 'NONE', #5785, #1451, #4829 ) ;
#4098 = EDGE_CURVE ( 'NONE', #1304, #5946, #4278, .T. ) ;
#4099 = ORIENTED_EDGE ( 'NONE', *, *, #3354, .F. ) ;
#4100 = PLANE ( 'NONE',  #4552 ) ;
#4101 = DIRECTION ( 'NONE',  ( 1.000000000000000000, 0.0000000000000000000, 0.0000000000000000000 ) ) ;
#4102 = CARTESIAN_POINT ( 'NONE',  ( 0.0000000000000000000, 0.0000000000000000000, 5.411869347303862400 ) ) ;
#4103 = DIRECTION ( 'NONE',  ( 0.0000000000000000000, 0.0000000000000000000, -1.000000000000000000 ) ) ;
#4104 = ORIENTED_EDGE ( 'NONE', *, *, #3903, .F. ) ;
#4105 = CARTESIAN_POINT ( 'NONE',  ( -0.05000000000000005800, 14.74080807593880800, -5.944857023634334300 ) ) ;
#4106 = EDGE_CURVE ( 'NONE', #1565, #2526, #2411, .T. ) ;
#4107 = DIRECTION ( 'NONE',  ( 1.000000000000000000, 0.0000000000000000000, 0.0000000000000000000 ) ) ;
#4108 = CARTESIAN_POINT ( 'NONE',  ( -14.39035707757753900, -3.335790940264664600, -5.919309338810702300 ) ) ;
#4109 = DIRECTION ( 'NONE',  ( 0.9749279121818257300, 0.2225209339563051800, 0.0000000000000000000 ) ) ;
#4110 = ADVANCED_FACE ( 'NONE', ( #2250 ), #4529, .T. ) ;
#4111 = EDGE_CURVE ( 'NONE', #2734, #3681, #6170, .T. ) ;
#4112 = DIRECTION ( 'NONE',  ( 0.0000000000000000000, 0.0000000000000000000, -1.000000000000000000 ) ) ;
#4113 = AXIS2_PLACEMENT_3D ( 'NONE', #2343, #3842, #5289 ) ;
#4114 = CARTESIAN_POINT ( 'NONE',  ( -13.95383168026428500, -3.236156866922351500, 5.427070689091480400 ) ) ;
#4115 = CARTESIAN_POINT ( 'NONE',  ( 0.05000000000000005100, 14.77235527312704000, 5.918436744863155000 ) ) ;
#4116 = CARTESIAN_POINT ( 'NONE',  ( -0.05000000000000005100, 14.77184409670430500, -5.919309338810702300 ) ) ;
#4117 = VECTOR ( 'NONE', #2809, 1000.000000000000000 ) ;
#4118 = DIRECTION ( 'NONE',  ( 0.5735764363510484900, 0.0000000000000000000, 0.8191520442889900200 ) ) ;
#4119 = DIRECTION ( 'NONE',  ( -1.000000000000000000, 0.0000000000000000000, 0.0000000000000000000 ) ) ;
#4120 = CARTESIAN_POINT ( 'NONE',  ( -14.31453137071980600, -3.215912531156111900, -5.922851331036797600 ) ) ;
#4121 = DIRECTION ( 'NONE',  ( 1.000000000000000000, 0.0000000000000000000, 0.0000000000000000000 ) ) ;
#4122 = FACE_OUTER_BOUND ( 'NONE', #5572, .T. ) ;
#4123 = VECTOR ( 'NONE', #750, 1000.000000000000000 ) ;
#4124 = CARTESIAN_POINT ( 'NONE',  ( 6.565615998021232100, -13.51840385802081300, 5.353434673651931600 ) ) ;
#4125 = EDGE_LOOP ( 'NONE', ( #2824, #4031, #5615, #5606 ) ) ;
#4126 = MANIFOLD_SOLID_BREP ( 'CirPattern2', #6277 ) ;
#4127 = CIRCLE ( 'NONE', #5009, 18.50000000000000000 ) ;
#4128 = CARTESIAN_POINT ( 'NONE',  ( 0.0000000000000000000, 0.0000000000000000000, 5.918436744855735100 ) ) ;
#4130 = VERTEX_POINT ( 'NONE', #2361 ) ;
#4129 = ORIENTED_EDGE ( 'NONE', *, *, #3221, .F. ) ;
#4131 = DIRECTION ( 'NONE',  ( 1.000000000000000000, 0.0000000000000000000, 0.0000000000000000000 ) ) ;
#4132 = ORIENTED_EDGE ( 'NONE', *, *, #169, .F. ) ;
#4133 = EDGE_CURVE ( 'NONE', #3871, #2512, #4220, .T. ) ;
#4134 = CARTESIAN_POINT ( 'NONE',  ( 0.0000000000000000000, 0.0000000000000000000, -6.429395695523609100E-016 ) ) ;
#4135 = ADVANCED_FACE ( 'NONE', ( #1183 ), #510, .T. ) ;
#4136 = FACE_OUTER_BOUND ( 'NONE', #3193, .T. ) ;
#4137 = CARTESIAN_POINT ( 'NONE',  ( -6.169942428733080000, -12.92725571243159500, 5.427070689091480400 ) ) ;
#4138 = DIRECTION ( 'NONE',  ( 0.0000000000000000000, 0.0000000000000000000, 1.000000000000000000 ) ) ;
#4139 = VECTOR ( 'NONE', #2420, 999.9999999999998900 ) ;
#4140 = CARTESIAN_POINT ( 'NONE',  ( -13.94864303641252300, -3.234972592822251700, -5.419470018189160900 ) ) ;
#4142 = EDGE_LOOP ( 'NONE', ( #4855, #4017, #717, #5073 ) ) ;
#4141 = ORIENTED_EDGE ( 'NONE', *, *, #2281, .T. ) ;
#4143 = CARTESIAN_POINT ( 'NONE',  ( -6.362579852314072000, -13.32727144427808600, -5.925469712029101100 ) ) ;
#4144 = FACE_OUTER_BOUND ( 'NONE', #4905, .T. ) ;
#4145 = VECTOR ( 'NONE', #170, 1000.000000000000000 ) ;
#4146 = ADVANCED_FACE ( 'NONE', ( #3229 ), #1110, .F. ) ;
#4147 = EDGE_CURVE ( 'NONE', #5167, #1977, #2167, .T. ) ;
#4148 = CIRCLE ( 'NONE', #2175, 18.50000000000000000 ) ;
#4149 = CARTESIAN_POINT ( 'NONE',  ( -11.76168956422716100, 9.315682035382778300, 5.517405745169837100 ) ) ;
#4150 = CARTESIAN_POINT ( 'NONE',  ( -14.20344506330207500, -3.190557806393917500, -5.760124666611658600 ) ) ;
#4151 = CARTESIAN_POINT ( 'NONE',  ( 14.01368909232457900, 0.0000000000000000000, -5.787867965644033500 ) ) ;
#4153 = ORIENTED_EDGE ( 'NONE', *, *, #2050, .F. ) ;
#4152 = CLOSED_SHELL ( 'NONE', ( #3689, #6069, #2280, #4567, #2859, #3220, #1392, #6140, #2211, #845, #6067, #4626, #82, #291, #796, #225, #316, #396, #2004, #5743, #1297, #4798, #5608, #2173 ) ) ;
#4154 = VECTOR ( 'NONE', #3688, 1000.000000000000000 ) ;
#4155 = FACE_OUTER_BOUND ( 'NONE', #3914, .T. ) ;
#4156 = DIRECTION ( 'NONE',  ( 0.0000000000000000000, 0.0000000000000000000, -1.000000000000000000 ) ) ;
#4157 = ORIENTED_EDGE ( 'NONE', *, *, #293, .T. ) ;
#4158 = ORIENTED_EDGE ( 'NONE', *, *, #1569, .F. ) ;
#4159 = AXIS2_PLACEMENT_3D ( 'NONE', #2344, #2906, #3803 ) ;
#4160 = EDGE_CURVE ( 'NONE', #5435, #799, #875, .T. ) ;
#4161 = CIRCLE ( 'NONE', #524, 15.02845821440191200 ) ;
#4162 = DIRECTION ( 'NONE',  ( 0.0000000000000000000, 0.0000000000000000000, -1.000000000000000000 ) ) ;
#4163 = DIRECTION ( 'NONE',  ( -0.0000000000000000000, -0.0000000000000000000, 1.000000000000000000 ) ) ;
#4164 = ORIENTED_EDGE ( 'NONE', *, *, #3725, .F. ) ;
#4165 = CARTESIAN_POINT ( 'NONE',  ( -6.255420988009330300, -12.87427728262065700, 5.411869347303862400 ) ) ;
#4166 = ORIENTED_EDGE ( 'NONE', *, *, #2542, .F. ) ;
#4167 = CARTESIAN_POINT ( 'NONE',  ( 11.16785209007732500, 8.970017253195864600, -5.427070689091480400 ) ) ;
#4168 = CARTESIAN_POINT ( 'NONE',  ( 6.446191808919402400, -13.27041697408255900, 5.939165479577829900 ) ) ;
#4169 = DIRECTION ( 'NONE',  ( -0.9749279121818227300, 0.2225209339563182500, 0.0000000000000000000 ) ) ;
#4170 = DIRECTION ( 'NONE',  ( -0.6234898018587431400, -0.7818314824680221400, 0.0000000000000000000 ) ) ;
#4171 = AXIS2_PLACEMENT_3D ( 'NONE', #13, #5338, #550 ) ;
#4172 = ORIENTED_EDGE ( 'NONE', *, *, #1560, .F. ) ;
#4173 = CARTESIAN_POINT ( 'NONE',  ( 14.66278943697643700, -3.295400162183125000, 6.000000000000000900 ) ) ;
#4174 = CARTESIAN_POINT ( 'NONE',  ( -11.78089625506750900, 9.330998860216448400, 6.000000000000000900 ) ) ;
#4175 = VERTEX_POINT ( 'NONE', #3395 ) ;
#4176 = ADVANCED_FACE ( 'NONE', ( #5808, #1958 ), #5395, .F. ) ;
#4177 = ORIENTED_EDGE ( 'NONE', *, *, #619, .T. ) ;
#4178 = CARTESIAN_POINT ( 'NONE',  ( 6.362203639177149500, -13.32649022965006800, -5.925963813471787100 ) ) ;
#4179 = AXIS2_PLACEMENT_3D ( 'NONE', #957, #556, #4355 ) ;
#4180 = EDGE_CURVE ( 'NONE', #1571, #116, #3677, .T. ) ;
#4181 = CARTESIAN_POINT ( 'NONE',  ( 8.461138858443082000, 0.0000000000000000000, 5.787867965644034400 ) ) ;
#4182 = ADVANCED_FACE ( 'NONE', ( #1258 ), #2006, .T. ) ;
#4183 = ORIENTED_EDGE ( 'NONE', *, *, #899, .T. ) ;
#4184 = CARTESIAN_POINT ( 'NONE',  ( -15.02845821440191200, 1.840455324838705100E-015, 5.475000000000000500 ) ) ;
#4185 = CARTESIAN_POINT ( 'NONE',  ( 6.423611875495024200, -13.22352925919365800, 5.945246423886637800 ) ) ;
#4186 = EDGE_CURVE ( 'NONE', #2972, #1253, #4904, .T. ) ;
#4187 = DIRECTION ( 'NONE',  ( -0.0000000000000000000, -0.0000000000000000000, 1.000000000000000000 ) ) ;
#4188 = DIRECTION ( 'NONE',  ( -1.000000000000000000, -8.881784197001252300E-016, 0.0000000000000000000 ) ) ;
#4189 = DIRECTION ( 'NONE',  ( 0.0000000000000000000, 0.0000000000000000000, 1.000000000000000000 ) ) ;
#4190 = B_SPLINE_CURVE_WITH_KNOTS ( 'NONE', 3,
 ( #3812, #1460, #4883, #1988, #1431, #2455, #2933, #3356, #6258, #5278, #1404, #2382, #423, #4866, #489, #1960, #2430, #512, #5826, #1, #5848, #918 ),
 .UNSPECIFIED., .F., .F.,
 ( 4, 3, 3, 3, 3, 3, 3, 4 ),
 ( 0.0002729695107799562800, 0.0002820482917521183100, 0.0003021945365587018100, 0.0003223408922757397400, 0.0003424873530129643900, 0.0003626338669241217500, 0.0003751336404210322200, 0.0003927652499993016400 ),
 .UNSPECIFIED. ) ;
#4191 = PLANE ( 'NONE',  #2351 ) ;
#4192 = CARTESIAN_POINT ( 'NONE',  ( 16.03886114155692200, 0.0000000000000000000, 5.487867965644034600 ) ) ;
#4193 = CARTESIAN_POINT ( 'NONE',  ( -14.31781862794823600, -3.216662826167142200, 5.927666725627946500 ) ) ;
#4195 = DIRECTION ( 'NONE',  ( -0.0000000000000000000, 0.0000000000000000000, 1.000000000000000000 ) ) ;
#4194 = DIRECTION ( 'NONE',  ( 0.0000000000000000000, 0.0000000000000000000, -1.000000000000000000 ) ) ;
#4196 = EDGE_CURVE ( 'NONE', #5314, #4879, #6015, .T. ) ;
#4197 = CARTESIAN_POINT ( 'NONE',  ( 6.417245866457664100, -13.44078659231305700, 5.707623739869334600 ) ) ;
#4198 = LINE ( 'NONE', #220, #1238 ) ;
#4199 = CARTESIAN_POINT ( 'NONE',  ( 13.95902032409239300, -3.237341141017249700, 5.434671360010760600 ) ) ;
#4200 = FACE_OUTER_BOUND ( 'NONE', #3483, .T. ) ;
#4201 = CARTESIAN_POINT ( 'NONE',  ( -15.02845821440191200, 1.840455324838705100E-015, 6.000000000000000000 ) ) ;
#4202 = CC_DESIGN_PERSON_AND_ORGANIZATION_ASSIGNMENT ( #1090, #3860, ( #4542 ) ) ;
#4203 = ADVANCED_FACE ( 'NONE', ( #3089 ), #649, .T. ) ;
#4204 = AXIS2_PLACEMENT_3D ( 'NONE', #4601, #5018, #3579 ) ;
#4205 = CARTESIAN_POINT ( 'NONE',  ( -6.221689659527791100, -13.03470994439018000, 5.597398009426060000 ) ) ;
#4206 = CARTESIAN_POINT ( 'NONE',  ( 6.443585277372386100, -13.26500445555434000, 5.942572141193089400 ) ) ;
#4207 = ORIENTED_EDGE ( 'NONE', *, *, #2503, .T. ) ;
#4208 = CARTESIAN_POINT ( 'NONE',  ( -13.94345439253706000, -3.233788318716742900, 6.000000000000000000 ) ) ;
#4209 = CIRCLE ( 'NONE', #5978, 15.02845821440191200 ) ;
#4210 = CARTESIAN_POINT ( 'NONE',  ( -14.77243989039088300, 0.0000000000000000000, -5.918436744855735100 ) ) ;
#4211 = ADVANCED_FACE ( 'NONE', ( #1504 ), #1335, .T. ) ;
#4213 = VERTEX_POINT ( 'NONE', #2456 ) ;
#4212 = ORIENTED_EDGE ( 'NONE', *, *, #4520, .F. ) ;
#4214 = B_SPLINE_CURVE_WITH_KNOTS ( 'NONE', 3,
 ( #3893, #4419, #5386, #1157, #4556, #2624, #684 ),
 .UNSPECIFIED., .F., .F.,
 ( 4, 3, 4 ),
 ( 0.001465605684353203900, 0.001830745039545445900, 0.001977643053134278900 ),
 .UNSPECIFIED. ) ;
#4215 = VERTEX_POINT ( 'NONE', #4426 ) ;
#4216 = CARTESIAN_POINT ( 'NONE',  ( -14.39896260723798200, -3.235183409926075900, 5.935790468940135500 ) ) ;
#4218 = CARTESIAN_POINT ( 'NONE',  ( 11.57813001049041000, 9.169298176002316200, 5.923592372379001600 ) ) ;
#4217 = CARTESIAN_POINT ( 'NONE',  ( 14.30410379272004000, -3.316104190851430400, -5.935654072712593700 ) ) ;
#4219 = AXIS2_PLACEMENT_3D ( 'NONE', #6253, #2868, #1893 ) ;
#4220 = CIRCLE ( 'NONE', #4179, 14.31353580660732500 ) ;
#4221 = CARTESIAN_POINT ( 'NONE',  ( -14.39085543773112300, -3.335904687717615900, -5.918436744855735100 ) ) ;
#4223 = ORIENTED_EDGE ( 'NONE', *, *, #2595, .F. ) ;
#4222 = EDGE_LOOP ( 'NONE', ( #5984, #506, #2604, #1707 ) ) ;
#4224 = CARTESIAN_POINT ( 'NONE',  ( 14.35937077251754300, -3.328718518339462300, 5.945518194124296900 ) ) ;
#4225 = ORIENTED_EDGE ( 'NONE', *, *, #494, .T. ) ;
#4226 = FACE_OUTER_BOUND ( 'NONE', #2000, .T. ) ;
#4227 = CARTESIAN_POINT ( 'NONE',  ( 0.0000000000000000000, 0.0000000000000000000, -5.351869347303861900 ) ) ;
#4228 = FACE_OUTER_BOUND ( 'NONE', #2644, .T. ) ;
#4230 = ORIENTED_EDGE ( 'NONE', *, *, #2682, .F. ) ;
#4229 = ORIENTED_EDGE ( 'NONE', *, *, #3425, .T. ) ;
#4231 = EDGE_CURVE ( 'NONE', #5437, #368, #797, .T. ) ;
#4232 = DIRECTION ( 'NONE',  ( -0.0000000000000000000, -0.0000000000000000000, 1.000000000000000000 ) ) ;
#4233 = CIRCLE ( 'NONE', #347, 15.02845821440191200 ) ;
#4234 = CARTESIAN_POINT ( 'NONE',  ( -6.348008573707381300, -13.29701387247587600, 5.947141906180245700 ) ) ;
#4235 = VECTOR ( 'NONE', #393, 1000.000000000000000 ) ;
#4236 = DIRECTION ( 'NONE',  ( -0.9749279121818258400, -0.2225209339563049300, -0.0000000000000000000 ) ) ;
#4237 = LINE ( 'NONE', #5274, #361 ) ;
#4238 = DIRECTION ( 'NONE',  ( -0.2225209339561718700, -0.9749279121818561500, 0.0000000000000000000 ) ) ;
#4239 = VERTEX_POINT ( 'NONE', #4884 ) ;
#4240 = B_SPLINE_CURVE_WITH_KNOTS ( 'NONE', 3,
 ( #6199, #1333, #1387, #6235, #2291, #3736, #864, #2782, #4283, #1834, #4339, #4727, #424, #4782, #935, #3357, #3331, #5279, #2383, #3269, #5214, #3763 ),
 .UNSPECIFIED., .F., .F.,
 ( 4, 3, 3, 3, 3, 3, 3, 4 ),
 ( 0.0002729695107799593700, 0.0002820482917521218900, 0.0003021945365587055500, 0.0003223408922757441300, 0.0003424873530129686200, 0.0003626338669241253200, 0.0003751336404210366100, 0.0003927652499993045100 ),
 .UNSPECIFIED. ) ;
#4241 = VECTOR ( 'NONE', #1390, 1000.000000000000000 ) ;
#4242 = DIRECTION ( 'NONE',  ( -0.0000000000000000000, -0.0000000000000000000, 1.000000000000000000 ) ) ;
#4243 = EDGE_CURVE ( 'NONE', #4239, #734, #6094, .T. ) ;
#4244 = CARTESIAN_POINT ( 'NONE',  ( -14.34265653517089600, -3.222331916408221800, 5.945295989391454800 ) ) ;
#4246 = CARTESIAN_POINT ( 'NONE',  ( 0.0000000000000000000, 0.0000000000000000000, 5.353434673651931600 ) ) ;
#4245 = DIRECTION ( 'NONE',  ( 0.0000000000000000000, 0.0000000000000000000, -1.000000000000000000 ) ) ;
#4247 = ORIENTED_EDGE ( 'NONE', *, *, #402, .F. ) ;
#4248 = CARTESIAN_POINT ( 'NONE',  ( 6.360381249788653200, -13.32270599909196700, -5.931203594297441500 ) ) ;
#4249 = DIRECTION ( 'NONE',  ( 0.7071067811865434600, 0.0000000000000000000, 0.7071067811865516800 ) ) ;
#4250 = ORIENTED_EDGE ( 'NONE', *, *, #693, .F. ) ;
#4251 = AXIS2_PLACEMENT_3D ( 'NONE', #2528, #1971, #5864 ) ;
#4252 = ORIENTED_EDGE ( 'NONE', *, *, #4287, .F. ) ;
#4253 = AXIS2_PLACEMENT_3D ( 'NONE', #4621, #5095, #4188 ) ;
#4254 = ADVANCED_FACE ( 'NONE', ( #4835 ), #5657, .T. ) ;
#4255 = DIRECTION ( 'NONE',  ( 0.7818314824680311400, 0.6234898018587319300, 0.0000000000000000000 ) ) ;
#4256 = CARTESIAN_POINT ( 'NONE',  ( -6.330756176579005700, -13.26118890069664100, 5.943085793353259500 ) ) ;
#4257 = DIRECTION ( 'NONE',  ( -0.0000000000000000000, -0.0000000000000000000, 1.000000000000000000 ) ) ;
#4258 = ORIENTED_EDGE ( 'NONE', *, *, #4715, .F. ) ;
#4259 = CARTESIAN_POINT ( 'NONE',  ( 14.01368909232457900, 0.0000000000000000000, -5.787867965644033500 ) ) ;
#4260 = CARTESIAN_POINT ( 'NONE',  ( 9.577435660233380300, 7.637750072769468300, -6.000769315822028800E-016 ) ) ;
#4261 = AXIS2_PLACEMENT_3D ( 'NONE', #5710, #4271, #2392 ) ;
#4262 = ORIENTED_EDGE ( 'NONE', *, *, #2515, .F. ) ;
#4263 = CARTESIAN_POINT ( 'NONE',  ( -6.454533184872562200, -13.28773801972567300, 5.918436744863155000 ) ) ;
#4264 = CARTESIAN_POINT ( 'NONE',  ( -14.32635588611571700, -3.218611399633054300, 5.935654072712593700 ) ) ;
#4266 = CARTESIAN_POINT ( 'NONE',  ( 0.0000000000000000000, 0.0000000000000000000, -5.475000000000000500 ) ) ;
#4265 = CARTESIAN_POINT ( 'NONE',  ( 11.23020107026319900, 8.891834104949060300, -5.427070689091481300 ) ) ;
#4267 = CARTESIAN_POINT ( 'NONE',  ( 0.0000000000000000000, 7.875000000000000000, -3.321854442687193000E-016 ) ) ;
#4268 = EDGE_CURVE ( 'NONE', #4978, #527, #1796, .T. ) ;
#4269 = CARTESIAN_POINT ( 'NONE',  ( -6.320565779519142800, -13.24002832316226900, -5.922851331036820700 ) ) ;
#4270 = CARTESIAN_POINT ( 'NONE',  ( 0.0000000000000000000, 0.0000000000000000000, 5.351869347303861900 ) ) ;
#4271 = DIRECTION ( 'NONE',  ( 0.0000000000000000000, 0.0000000000000000000, -1.000000000000000000 ) ) ;
#4272 = DIRECTION ( 'NONE',  ( 0.0000000000000000000, 0.0000000000000000000, -1.000000000000000000 ) ) ;
#4273 = CARTESIAN_POINT ( 'NONE',  ( 6.364436298082134500, -13.33112639363751800, -5.918436744863155000 ) ) ;
#4274 = CARTESIAN_POINT ( 'NONE',  ( -0.05000000000000005100, 14.76353545423297800, 5.930672822065825600 ) ) ;
#4275 = EDGE_CURVE ( 'NONE', #1247, #2729, #2317, .T. ) ;
#4276 = CARTESIAN_POINT ( 'NONE',  ( -6.445765918818523200, -13.26953260417501900, -5.939344605127422100 ) ) ;
#4277 = CARTESIAN_POINT ( 'NONE',  ( -13.97089512980815400, -3.137479801604068800, 5.419470018189161700 ) ) ;
#4278 = B_SPLINE_CURVE_WITH_KNOTS ( 'NONE', 3,
 ( #2811, #1363, #6221, #3303, #455, #5258, #1432 ),
 .UNSPECIFIED., .F., .F.,
 ( 4, 3, 4 ),
 ( 0.0006677669885724646400, 0.001263725857711640300, 0.001291562031208902700 ),
 .UNSPECIFIED. ) ;
#4279 = DIRECTION ( 'NONE',  ( 0.0000000000000000000, -0.0000000000000000000, 1.000000000000000000 ) ) ;
#4280 = ADVANCED_FACE ( 'NONE', ( #184 ), #3992, .F. ) ;
#4281 = APPROVAL_STATUS ( 'not_yet_approved' ) ;
#4282 = DIRECTION ( 'NONE',  ( -1.000000000000000000, 0.0000000000000000000, 0.0000000000000000000 ) ) ;
#4284 = CARTESIAN_POINT ( 'NONE',  ( 11.51497273295613200, 9.246836728623463800, -5.925469712029102000 ) ) ;
#4283 = CARTESIAN_POINT ( 'NONE',  ( 6.350424303860897600, -13.30203018782846900, 5.945518194124296900 ) ) ;
#4285 = PERSON_AND_ORGANIZATION ( #1270, #409 ) ;
#4286 = AXIS2_PLACEMENT_3D ( 'NONE', #6248, #3415, #996 ) ;
#4287 = EDGE_CURVE ( 'NONE', #6088, #1602, #5504, .T. ) ;
#4288 = DIRECTION ( 'NONE',  ( -0.0000000000000000000, -0.0000000000000000000, 1.000000000000000000 ) ) ;
#4289 = ORIENTED_EDGE ( 'NONE', *, *, #5556, .F. ) ;
#4290 = CIRCLE ( 'NONE', #870, 8.461138858443082000 ) ;
#4291 = DIRECTION ( 'NONE',  ( -0.0000000000000000000, -0.0000000000000000000, 1.000000000000000000 ) ) ;
#4292 = CARTESIAN_POINT ( 'NONE',  ( 0.0000000000000000000, 0.0000000000000000000, 5.353434673651931600 ) ) ;
#4293 = CARTESIAN_POINT ( 'NONE',  ( -9.577435660233272000, 7.637750072769604200, -6.000769315822028800E-016 ) ) ;
#4294 = ORIENTED_EDGE ( 'NONE', *, *, #2058, .T. ) ;
#4295 = CARTESIAN_POINT ( 'NONE',  ( 0.0000000000000000000, 0.0000000000000000000, -2.187500000000000000 ) ) ;
#4296 = LINE ( 'NONE', #857, #1249 ) ;
#4297 = AXIS2_PLACEMENT_3D ( 'NONE', #3113, #1687, #227 ) ;
#4298 = CARTESIAN_POINT ( 'NONE',  ( -11.50161496993784000, 9.108279467312652100, 5.922851331036820700 ) ) ;
#4299 = CARTESIAN_POINT ( 'NONE',  ( 6.000000000000001800, 0.0000000000000000000, 6.000000000000000000 ) ) ;
#4301 = ORIENTED_EDGE ( 'NONE', *, *, #6, .T. ) ;
#4300 = ORIENTED_EDGE ( 'NONE', *, *, #2364, .F. ) ;
#4302 = CARTESIAN_POINT ( 'NONE',  ( 0.05000000000000006500, 14.69028173453692300, 5.940503640635170300 ) ) ;
#4303 = EDGE_LOOP ( 'NONE', ( #2372, #748 ) ) ;
#4304 = CARTESIAN_POINT ( 'NONE',  ( -0.05000000000000002400, 14.97940883035960400, 5.559811490052915400 ) ) ;
#4305 = TOROIDAL_SURFACE ( 'NONE', #3367, 14.72047836616381700, 0.05999999999999999800 ) ;
#4306 = CARTESIAN_POINT ( 'NONE',  ( -6.900000000000001200, 8.450062914116738600E-016, 5.999999999999999100 ) ) ;
#4307 = SPHERICAL_SURFACE ( 'NONE', #215, 4.375000000000000000 ) ;
#4308 = APPROVAL_STATUS ( 'not_yet_approved' ) ;
#4309 = PLANE ( 'NONE',  #4787 ) ;
#4310 = CARTESIAN_POINT ( 'NONE',  ( 6.475519111230990000, -13.56179223193256400, 6.000000000000000000 ) ) ;
#4312 = ORIENTED_EDGE ( 'NONE', *, *, #778, .T. ) ;
#4311 = ORIENTED_EDGE ( 'NONE', *, *, #5811, .T. ) ;
#4313 = AXIS2_PLACEMENT_3D ( 'NONE', #1616, #2995, #4485 ) ;
#4314 = CIRCLE ( 'NONE', #4827, 14.31353580660732300 ) ;
#4315 = EDGE_CURVE ( 'NONE', #4893, #2663, #2943, .T. ) ;
#4316 = CIRCLE ( 'NONE', #5518, 14.31353580660732300 ) ;
#4317 = DIRECTION ( 'NONE',  ( -0.0000000000000000000, -0.0000000000000000000, -1.000000000000000000 ) ) ;
#4318 = VECTOR ( 'NONE', #94, 1000.000000000000000 ) ;
#4320 = VERTEX_POINT ( 'NONE', #2556 ) ;
#4319 = ORIENTED_EDGE ( 'NONE', *, *, #3874, .F. ) ;
#4321 = FACE_OUTER_BOUND ( 'NONE', #3706, .T. ) ;
#4322 = CARTESIAN_POINT ( 'NONE',  ( 14.59110056106152300, -3.279037644069180900, 5.602217234644990100 ) ) ;
#4323 = ADVANCED_FACE ( 'NONE', ( #3598 ), #2707, .F. ) ;
#4324 = CIRCLE ( 'NONE', #2149, 14.31353580660732300 ) ;
#4325 = EDGE_CURVE ( 'NONE', #449, #1565, #47, .T. ) ;
#4326 = FACE_OUTER_BOUND ( 'NONE', #1475, .T. ) ;
#4327 = CARTESIAN_POINT ( 'NONE',  ( -14.31453137071980600, -3.215912531156111900, -5.922851331036797600 ) ) ;
#4328 = ORIENTED_EDGE ( 'NONE', *, *, #4493, .F. ) ;
#4329 = CARTESIAN_POINT ( 'NONE',  ( -6.325828183938113200, -13.25095581853567800, 5.935654072712593700 ) ) ;
#4330 = DIRECTION ( 'NONE',  ( -0.7071067811865432400, 0.0000000000000000000, -0.7071067811865517900 ) ) ;
#4331 = CARTESIAN_POINT ( 'NONE',  ( -0.05000000000000006500, 14.68337264791336400, 5.935654072712593700 ) ) ;
#4332 = CARTESIAN_POINT ( 'NONE',  ( -11.55600232088076900, 9.151651932381446000, -5.944857023634334300 ) ) ;
#4333 = ORIENTED_EDGE ( 'NONE', *, *, #990, .F. ) ;
#4334 = ORIENTED_EDGE ( 'NONE', *, *, #5722, .T. ) ;
#4335 = DIRECTION ( 'NONE',  ( 1.355252715606888900E-016, 1.000000000000000000, 0.0000000000000000000 ) ) ;
#4336 = EDGE_CURVE ( 'NONE', #3830, #2963, #1427, .T. ) ;
#4337 = APPLICATION_PROTOCOL_DEFINITION ( 'international standard', 'config_control_design', 1994, #19 ) ;
#4338 = DIRECTION ( 'NONE',  ( 1.000000000000000000, 0.0000000000000000000, 0.0000000000000000000 ) ) ;
#4340 = CARTESIAN_POINT ( 'NONE',  ( -14.31353580660732300, -1.752902581004268700E-015, -5.411869347303862400 ) ) ;
#4339 = CARTESIAN_POINT ( 'NONE',  ( 6.344737739592639900, -13.29022191545244900, 5.948453804110887900 ) ) ;
#4341 = VERTEX_POINT ( 'NONE', #3977 ) ;
#4342 = DIRECTION ( 'NONE',  ( -1.000000000000000000, 0.0000000000000000000, 0.0000000000000000000 ) ) ;
#4343 = AXIS2_PLACEMENT_3D ( 'NONE', #5447, #4454, #2555 ) ;
#4344 = CARTESIAN_POINT ( 'NONE',  ( 0.0000000000000000000, 0.0000000000000000000, 5.918436744855735100 ) ) ;
#4345 = DIRECTION ( 'NONE',  ( -0.2225209339563182200, -0.9749279121818227300, 0.0000000000000000000 ) ) ;
#4346 = AXIS2_PLACEMENT_3D ( 'NONE', #6053, #1691, #1644 ) ;
#4347 = CARTESIAN_POINT ( 'NONE',  ( 0.0000000000000000000, 0.0000000000000000000, -5.411869347303862400 ) ) ;
#4348 = ORIENTED_EDGE ( 'NONE', *, *, #3866, .F. ) ;
#4349 = CARTESIAN_POINT ( 'NONE',  ( -11.54575152195469600, 9.143477193023118200, 5.948368030137143800 ) ) ;
#4350 = CARTESIAN_POINT ( 'NONE',  ( -6.257730151771599300, -12.87907231058119700, -5.419470018189161700 ) ) ;
#4351 = AXIS2_PLACEMENT_3D ( 'NONE', #2996, #4896, #1040 ) ;
#4352 = DIRECTION ( 'NONE',  ( -0.0000000000000000000, -0.0000000000000000000, 1.000000000000000000 ) ) ;
#4353 = ADVANCED_FACE ( 'NONE', ( #966 ), #3539, .F. ) ;
#4354 = DIRECTION ( 'NONE',  ( -1.000000000000000000, 0.0000000000000000000, -0.0000000000000000000 ) ) ;
#4355 = DIRECTION ( 'NONE',  ( -0.9009688679025456000, 0.4338837391172954400, 0.0000000000000000000 ) ) ;
#4356 = CARTESIAN_POINT ( 'NONE',  ( -11.23436203954651600, 8.895152367224724800, -5.434671360010759700 ) ) ;
#4357 = EDGE_CURVE ( 'NONE', #205, #2258, #5951, .T. ) ;
#4358 = CARTESIAN_POINT ( 'NONE',  ( -6.900000000000001200, 8.450062914116738600E-016, 5.999999999999999100 ) ) ;
#4359 = DIRECTION ( 'NONE',  ( -1.000000000000000000, -1.776356839400250500E-015, 0.0000000000000000000 ) ) ;
#4360 = CARTESIAN_POINT ( 'NONE',  ( -11.66105726004803600, 9.363335251506999400, -5.602217234644991000 ) ) ;
#4361 = APPROVAL_DATE_TIME ( #1095, #3443 ) ;
#4362 = CARTESIAN_POINT ( 'NONE',  ( 0.0000000000000000000, 0.0000000000000000000, -5.888436744855735800 ) ) ;
#4363 = CARTESIAN_POINT ( 'NONE',  ( -6.410662666309396400, -13.19663994925053700, -5.922851331036797600 ) ) ;
#4364 = CARTESIAN_POINT ( 'NONE',  ( -11.50161496993784000, 9.108279467312652100, -5.922851331036820700 ) ) ;
#4365 = CARTESIAN_POINT ( 'NONE',  ( 14.41286105942823800, -3.238355640942829800, -5.918874622419537000 ) ) ;
#4366 = EDGE_CURVE ( 'NONE', #1794, #3765, #417, .T. ) ;
#4367 = DIRECTION ( 'NONE',  ( -0.0000000000000000000, -0.0000000000000000000, 1.000000000000000000 ) ) ;
#4368 = FACE_BOUND ( 'NONE', #3437, .T. ) ;
#4369 = CARTESIAN_POINT ( 'NONE',  ( 0.0000000000000000000, 0.0000000000000000000, 5.353434673651931600 ) ) ;
#4370 = VECTOR ( 'NONE', #4788, 1000.000000000000000 ) ;
#4371 = VERTEX_POINT ( 'NONE', #2022 ) ;
#4373 = CARTESIAN_POINT ( 'NONE',  ( 16.03886114155692200, 0.0000000000000000000, -5.487867965644035500 ) ) ;
#4372 = DIRECTION ( 'NONE',  ( -0.0000000000000000000, -0.0000000000000000000, 1.000000000000000000 ) ) ;
#4374 = CIRCLE ( 'NONE', #3835, 14.55750222585390400 ) ;
#4375 = AXIS2_PLACEMENT_3D ( 'NONE', #4792, #4272, #6230 ) ;
#4376 = AXIS2_PLACEMENT_3D ( 'NONE', #4742, #3731, #1896 ) ;
#4378 = ORIENTED_EDGE ( 'NONE', *, *, #2503, .F. ) ;
#4377 = ORIENTED_EDGE ( 'NONE', *, *, #2698, .F. ) ;
#4379 = DIRECTION ( 'NONE',  ( 0.0000000000000000000, 0.0000000000000000000, -1.000000000000000000 ) ) ;
#4380 = ORIENTED_EDGE ( 'NONE', *, *, #2238, .F. ) ;
#4381 = CARTESIAN_POINT ( 'NONE',  ( 6.410662666309201000, -13.19663994925060300, -5.922851331036820700 ) ) ;
#4382 = VECTOR ( 'NONE', #4372, 1000.000000000000000 ) ;
#4383 = CARTESIAN_POINT ( 'NONE',  ( 0.0000000000000000000, 0.0000000000000000000, 5.231869347303861800 ) ) ;
#4385 = ORIENTED_EDGE ( 'NONE', *, *, #1229, .T. ) ;
#4384 = ORIENTED_EDGE ( 'NONE', *, *, #1026, .T. ) ;
#4386 = CARTESIAN_POINT ( 'NONE',  ( -11.50402162288189700, 9.110198708991813300, 5.926874626044847700 ) ) ;
#4387 = ORIENTED_EDGE ( 'NONE', *, *, #1154, .F. ) ;
#4388 = AXIS2_PLACEMENT_3D ( 'NONE', #1769, #6110, #310 ) ;
#4389 = DIRECTION ( 'NONE',  ( -1.000000000000000000, 0.0000000000000000000, 0.0000000000000000000 ) ) ;
#4390 = FACE_OUTER_BOUND ( 'NONE', #3789, .T. ) ;
#4391 = AXIS2_PLACEMENT_3D ( 'NONE', #1782, #5168, #2271 ) ;
#4392 = CARTESIAN_POINT ( 'NONE',  ( 14.36956875086316600, -3.228474454021567700, -5.948368030137144700 ) ) ;
#4393 = LINE ( 'NONE', #2015, #5211 ) ;
#4394 = CARTESIAN_POINT ( 'NONE',  ( 0.0000000000000000000, 0.0000000000000000000, 5.700000000000000200 ) ) ;
#4396 = VERTEX_POINT ( 'NONE', #617 ) ;
#4395 = ORIENTED_EDGE ( 'NONE', *, *, #5699, .T. ) ;
#4397 = CARTESIAN_POINT ( 'NONE',  ( 14.29227927732413100, -3.313405322374487500, -5.922851331036797600 ) ) ;
#4398 = LINE ( 'NONE', #157, #5519 ) ;
#4399 = CARTESIAN_POINT ( 'NONE',  ( 11.15953015145355700, 8.963380728599496200, -6.000000000000000000 ) ) ;
#4400 = CIRCLE ( 'NONE', #5635, 17.60000000000001200 ) ;
#4401 = CARTESIAN_POINT ( 'NONE',  ( -16.03886114155692200, 1.964193995897654400E-015, -5.487867965644035500 ) ) ;
#4403 = CARTESIAN_POINT ( 'NONE',  ( 0.0000000000000000000, 0.0000000000000000000, 5.411869347303862400 ) ) ;
#4402 = DIRECTION ( 'NONE',  ( 1.000000000000000000, 0.0000000000000000000, 0.0000000000000000000 ) ) ;
#4404 = AXIS2_PLACEMENT_3D ( 'NONE', #331, #2367, #3311 ) ;
#4405 = CIRCLE ( 'NONE', #1413, 14.67132924350647700 ) ;
#4406 = ORIENTED_EDGE ( 'NONE', *, *, #5705, .T. ) ;
#4407 = EDGE_CURVE ( 'NONE', #2526, #3871, #5120, .T. ) ;
#4408 = CIRCLE ( 'NONE', #706, 4.375000000000000000 ) ;
#4409 = ORIENTED_EDGE ( 'NONE', *, *, #648, .T. ) ;
#4410 = CARTESIAN_POINT ( 'NONE',  ( 14.41260917097312700, -3.238298149046677100, 5.919309338810702300 ) ) ;
#4411 = DIRECTION ( 'NONE',  ( 0.0000000000000000000, 0.0000000000000000000, 1.000000000000000000 ) ) ;
#4412 = EDGE_LOOP ( 'NONE', ( #3534, #4602 ) ) ;
#4413 = EDGE_CURVE ( 'NONE', #4457, #1646, #120, .T. ) ;
#4414 = CARTESIAN_POINT ( 'NONE',  ( 11.78083122563856800, 9.330947000977099400, 6.000000000000000000 ) ) ;
#4415 = ORIENTED_EDGE ( 'NONE', *, *, #4584, .F. ) ;
#4416 = ORIENTED_EDGE ( 'NONE', *, *, #2009, .T. ) ;
#4417 = CARTESIAN_POINT ( 'NONE',  ( 0.0000000000000000000, 0.0000000000000000000, 5.922851331036798500 ) ) ;
#4418 = ORIENTED_EDGE ( 'NONE', *, *, #1970, .T. ) ;
#4419 = CARTESIAN_POINT ( 'NONE',  ( -14.47243854421610500, -3.251953813066033500, -5.813030243295935800 ) ) ;
#4420 = CARTESIAN_POINT ( 'NONE',  ( -11.79673042312843700, 9.471530988649124800, 5.353434673651931600 ) ) ;
#4421 = PRODUCT_DEFINITION_SHAPE ( 'NONE', 'NONE',  #2141 ) ;
#4422 = ADVANCED_FACE ( 'NONE', ( #3391 ), #5871, .T. ) ;
#4423 = VERTEX_POINT ( 'NONE', #627 ) ;
#4424 = EDGE_CURVE ( 'NONE', #2746, #5956, #4662, .T. ) ;
#4425 = CARTESIAN_POINT ( 'NONE',  ( -13.96570648593269200, -3.136295527498560400, 5.411869347303862400 ) ) ;
#4427 = CARTESIAN_POINT ( 'NONE',  ( 0.05000000000000006500, 14.67124404307175000, -5.922851331036797600 ) ) ;
#4426 = CARTESIAN_POINT ( 'NONE',  ( 14.29227927732413100, -3.313405322374487500, 5.922851331036797600 ) ) ;
#4428 = ORIENTED_EDGE ( 'NONE', *, *, #6086, .F. ) ;
#4429 = VERTEX_POINT ( 'NONE', #4115 ) ;
#4430 = CARTESIAN_POINT ( 'NONE',  ( 6.423611875495024200, -13.22352925919365800, -5.945246423886637800 ) ) ;
#4431 = AXIS2_PLACEMENT_3D ( 'NONE', #2003, #5391, #4438 ) ;
#4432 = CARTESIAN_POINT ( 'NONE',  ( 11.71848224545269600, 9.409130149223903700, 5.475000000000000500 ) ) ;
#4433 = CARTESIAN_POINT ( 'NONE',  ( 14.34982697349856900, -3.223968522165234800, -5.947407054167841900 ) ) ;
#4434 = DIRECTION ( 'NONE',  ( -0.0000000000000000000, -0.0000000000000000000, 1.000000000000000000 ) ) ;
#4435 = CARTESIAN_POINT ( 'NONE',  ( 14.64045625320910900, -3.392874445053132100, -5.353434673651931600 ) ) ;
#4436 = AXIS2_PLACEMENT_3D ( 'NONE', #4047, #2621, #5541 ) ;
#4437 = EDGE_CURVE ( 'NONE', #799, #1911, #179, .T. ) ;
#4438 = DIRECTION ( 'NONE',  ( 1.000000000000000000, 0.0000000000000000000, 0.0000000000000000000 ) ) ;
#4439 = CARTESIAN_POINT ( 'NONE',  ( 0.05000000000000005100, 14.77235527312704000, -5.918436744863155000 ) ) ;
#4440 = DIRECTION ( 'NONE',  ( 0.0000000000000000000, 0.0000000000000000000, 1.000000000000000000 ) ) ;
#4441 = COORDINATED_UNIVERSAL_TIME_OFFSET ( 6, 0, .BEHIND. ) ;
#4442 = EDGE_CURVE ( 'NONE', #3159, #123, #112, .T. ) ;
#4443 = CARTESIAN_POINT ( 'NONE',  ( 11.50161496993799300, 9.108279467312506500, -5.922851331036797600 ) ) ;
#4444 = CARTESIAN_POINT ( 'NONE',  ( 0.0000000000000000000, 0.0000000000000000000, 6.000000000000000000 ) ) ;
#4445 = ADVANCED_FACE ( 'NONE', ( #5110 ), #172, .T. ) ;
#4446 = ORIENTED_EDGE ( 'NONE', *, *, #829, .F. ) ;
#4447 = CARTESIAN_POINT ( 'NONE',  ( -6.364436298078318900, -13.33112639362912000, 5.918436744855735100 ) ) ;
#4448 = B_SPLINE_CURVE_WITH_KNOTS ( 'NONE', 3,
 ( #2229, #246, #5155, #4199, #1306, #4695, #5665 ),
 .UNSPECIFIED., .F., .F.,
 ( 4, 3, 4 ),
 ( 0.001235889684214379600, 0.001263725857711642200, 0.001859684726850813800 ),
 .UNSPECIFIED. ) ;
#4449 = CONICAL_SURFACE ( 'NONE', #477, 14.72534932307735800, 0.6108652381980183000 ) ;
#4450 = EDGE_CURVE ( 'NONE', #1643, #6172, #1715, .T. ) ;
#4451 = ORIENTED_EDGE ( 'NONE', *, *, #1518, .T. ) ;
#4452 = FACE_BOUND ( 'NONE', #5235, .T. ) ;
#4453 = CARTESIAN_POINT ( 'NONE',  ( -11.68019892224169500, 9.378600217725420400, 5.559811490052915400 ) ) ;
#4454 = DIRECTION ( 'NONE',  ( -0.0000000000000000000, -0.0000000000000000000, 1.000000000000000000 ) ) ;
#4456 = CARTESIAN_POINT ( 'NONE',  ( 0.05000000000000005800, 14.73350784104420800, -5.946985995365509800 ) ) ;
#4455 = DIRECTION ( 'NONE',  ( -0.0000000000000000000, -0.0000000000000000000, 1.000000000000000000 ) ) ;
#4458 = VERTEX_POINT ( 'NONE', #1652 ) ;
#4457 = VERTEX_POINT ( 'NONE', #5092 ) ;
#4459 = ORIENTED_EDGE ( 'NONE', *, *, #5410, .T. ) ;
#4460 = EDGE_LOOP ( 'NONE', ( #5286, #2901, #345, #1080 ) ) ;
#4461 = AXIS2_PLACEMENT_3D ( 'NONE', #4596, #5566, #238 ) ;
#4462 = CIRCLE ( 'NONE', #1248, 8.249006824087119900 ) ;
#4463 = AXIS2_PLACEMENT_3D ( 'NONE', #1477, #17, #5303 ) ;
#4464 = LINE ( 'NONE', #3965, #5514 ) ;
#4466 = ORIENTED_EDGE ( 'NONE', *, *, #5127, .F. ) ;
#4465 = ORIENTED_EDGE ( 'NONE', *, *, #156, .T. ) ;
#4467 = DIRECTION ( 'NONE',  ( 0.0000000000000000000, 0.0000000000000000000, 1.000000000000000000 ) ) ;
#4468 = DIRECTION ( 'NONE',  ( -0.9009688679025456000, 0.4338837391172954400, 0.0000000000000000000 ) ) ;
#4469 = FACE_OUTER_BOUND ( 'NONE', #2573, .T. ) ;
#4470 = CIRCLE ( 'NONE', #311, 14.31353580660732300 ) ;
#4471 = VECTOR ( 'NONE', #2230, 1000.000000000000000 ) ;
#4472 = CARTESIAN_POINT ( 'NONE',  ( -6.412125633406646800, -13.19967783173045800, 5.927666725627945600 ) ) ;
#4474 = ORIENTED_EDGE ( 'NONE', *, *, #4180, .F. ) ;
#4473 = ORIENTED_EDGE ( 'NONE', *, *, #5825, .F. ) ;
#4475 = AXIS2_PLACEMENT_3D ( 'NONE', #2850, #1939, #5309 ) ;
#4476 = VECTOR ( 'NONE', #5341, 1000.000000000000000 ) ;
#4477 = LINE ( 'NONE', #4728, #453 ) ;
#4478 = DIRECTION ( 'NONE',  ( -0.4338837391175524600, 0.9009688679024218100, 0.0000000000000000000 ) ) ;
#4479 = CARTESIAN_POINT ( 'NONE',  ( -11.51578103030440500, 9.247481324249283900, -5.923592372379001600 ) ) ;
#4480 = ORIENTED_EDGE ( 'NONE', *, *, #3603, .F. ) ;
#4481 = EDGE_LOOP ( 'NONE', ( #5324, #67, #4177, #2945, #6173, #1994 ) ) ;
#4482 = DIRECTION ( 'NONE',  ( -0.2225209339563050400, 0.9749279121818257300, 0.0000000000000000000 ) ) ;
#4483 = ADVANCED_FACE ( 'NONE', ( #2565 ), #3180, .T. ) ;
#4484 = CARTESIAN_POINT ( 'NONE',  ( 6.221689659527610800, -13.03470994439026500, 5.597398009426060900 ) ) ;
#4485 = DIRECTION ( 'NONE',  ( 1.000000000000000000, 0.0000000000000000000, 0.0000000000000000000 ) ) ;
#4486 = EDGE_CURVE ( 'NONE', #1613, #679, #3530, .T. ) ;
#4487 = ORIENTED_EDGE ( 'NONE', *, *, #909, .T. ) ;
#4488 = ORIENTED_EDGE ( 'NONE', *, *, #370, .F. ) ;
#4489 = CARTESIAN_POINT ( 'NONE',  ( 11.51142232055936700, 9.244005369217484600, 5.930672822065825600 ) ) ;
#4490 = CARTESIAN_POINT ( 'NONE',  ( 0.0000000000000000000, 8.461138858443082000, 4.845955988548011500 ) ) ;
#4491 = CARTESIAN_POINT ( 'NONE',  ( -0.05000000000000001700, 15.02845821440191200, 6.000000000000000900 ) ) ;
#4492 = ORIENTED_EDGE ( 'NONE', *, *, #1250, .T. ) ;
#4493 = EDGE_CURVE ( 'NONE', #1247, #6042, #641, .T. ) ;
#4494 = CARTESIAN_POINT ( 'NONE',  ( 6.172251592474113500, -12.93205074034849700, -5.434671360010760600 ) ) ;
#4495 = B_SPLINE_CURVE_WITH_KNOTS ( 'NONE', 3,
 ( #4876, #3906, #6276, #1976, #3932, #3875, #5855 ),
 .UNSPECIFIED., .F., .F.,
 ( 4, 3, 4 ),
 ( 0.001683847025956607800, 0.001830745039545440600, 0.002195884394735869800 ),
 .UNSPECIFIED. ) ;
#4496 = ORIENTED_EDGE ( 'NONE', *, *, #1342, .F. ) ;
#4497 = CARTESIAN_POINT ( 'NONE',  ( 13.94345439253701700, -3.233788318716931600, -5.411869347303862400 ) ) ;
#4498 = CARTESIAN_POINT ( 'NONE',  ( 5.315075804190019700, -11.03686863180466700, -6.000769315822028800E-016 ) ) ;
#4499 = AXIS2_PLACEMENT_3D ( 'NONE', #1176, #3134, #1627 ) ;
#4500 = EDGE_CURVE ( 'NONE', #5053, #4423, #2739, .T. ) ;
#4501 = DIRECTION ( 'NONE',  ( 1.000000000000000000, 0.0000000000000000000, 0.0000000000000000000 ) ) ;
#4502 = DIRECTION ( 'NONE',  ( 1.000000000000000000, 0.0000000000000000000, 0.0000000000000000000 ) ) ;
#4503 = CARTESIAN_POINT ( 'NONE',  ( 11.50328729254221300, 9.237517900855992900, 5.939165479577829900 ) ) ;
#4504 = CARTESIAN_POINT ( 'NONE',  ( 6.518943573753234400, -13.65196405749466100, 6.000000000000000900 ) ) ;
#4505 = DIRECTION ( 'NONE',  ( -1.000000000000000000, 1.224646799147353000E-016, 0.0000000000000000000 ) ) ;
#4506 = AXIS2_PLACEMENT_3D ( 'NONE', #5525, #2611, #2153 ) ;
#4507 = ADVANCED_FACE ( 'NONE', ( #6247 ), #5282, .T. ) ;
#4508 = CARTESIAN_POINT ( 'NONE',  ( -6.450478136579080900, -13.27931762518012200, 5.931203594297440600 ) ) ;
#4509 = CARTESIAN_POINT ( 'NONE',  ( 13.97608377365987500, -3.138664075704357300, 5.427070689091480400 ) ) ;
#4510 = CARTESIAN_POINT ( 'NONE',  ( 13.95902032409239300, -3.237341141017249700, -5.434671360010760600 ) ) ;
#4511 = AXIS2_PLACEMENT_3D ( 'NONE', #5329, #1938, #1039 ) ;
#4512 = EDGE_CURVE ( 'NONE', #3681, #1171, #4209, .T. ) ;
#4513 = CARTESIAN_POINT ( 'NONE',  ( -14.34076984267457400, -3.324472977485011700, 5.948433861821531100 ) ) ;
#4514 = CARTESIAN_POINT ( 'NONE',  ( 11.57947880147671200, 9.170373800921057100, -5.921068843291818600 ) ) ;
#4515 = CARTESIAN_POINT ( 'NONE',  ( 0.0000000000000000000, 0.0000000000000000000, -5.475000000000000500 ) ) ;
#4516 = DIRECTION ( 'NONE',  ( -1.000000000000000000, 0.0000000000000000000, 0.0000000000000000000 ) ) ;
#4517 = CYLINDRICAL_SURFACE ( 'NONE', #2090, 15.02845821440191200 ) ;
#4518 = CIRCLE ( 'NONE', #5626, 14.31353580660732300 ) ;
#4519 = VERTEX_POINT ( 'NONE', #217 ) ;
#4520 = EDGE_CURVE ( 'NONE', #6254, #1668, #4374, .T. ) ;
#4521 = CARTESIAN_POINT ( 'NONE',  ( -14.29227927732414600, -3.313405322374288100, -5.922851331036820700 ) ) ;
#4522 = CARTESIAN_POINT ( 'NONE',  ( 6.554993177359381900, -13.49634534362453000, -5.517405745169837100 ) ) ;
#4523 = CARTESIAN_POINT ( 'NONE',  ( 14.36560059537426200, -3.330140434753114900, -5.942898760672944600 ) ) ;
#4524 = FACE_OUTER_BOUND ( 'NONE', #867, .T. ) ;
#4526 = ORIENTED_EDGE ( 'NONE', *, *, #5529, .F. ) ;
#4525 = VERTEX_POINT ( 'NONE', #4085 ) ;
#4527 = CARTESIAN_POINT ( 'NONE',  ( -6.415925070728355300, -13.20756744462392100, 5.935654072712593700 ) ) ;
#4528 = ORIENTED_EDGE ( 'NONE', *, *, #3354, .T. ) ;
#4529 = TOROIDAL_SURFACE ( 'NONE', #3724, 14.72047836616381700, 0.05999999999999999800 ) ;
#4530 = EDGE_CURVE ( 'NONE', #5537, #3235, #4296, .T. ) ;
#4531 = CARTESIAN_POINT ( 'NONE',  ( 14.39085543774006800, -3.335904687719862600, -5.918436744863155000 ) ) ;
#4533 = ORIENTED_EDGE ( 'NONE', *, *, #15, .F. ) ;
#4532 = ORIENTED_EDGE ( 'NONE', *, *, #923, .F. ) ;
#4534 = DIRECTION ( 'NONE',  ( -0.0000000000000000000, -0.0000000000000000000, 1.000000000000000000 ) ) ;
#4535 = EDGE_LOOP ( 'NONE', ( #5115, #904, #4625, #254 ) ) ;
#4536 = CARTESIAN_POINT ( 'NONE',  ( -14.29422567215722300, -3.313849574293524600, 5.925578038978351000 ) ) ;
#4537 = CIRCLE ( 'NONE', #4005, 15.02845821440191200 ) ;
#4538 = VECTOR ( 'NONE', #5907, 1000.000000000000000 ) ;
#4539 = CARTESIAN_POINT ( 'NONE',  ( 0.0000000000000000000, 0.0000000000000000000, 4.845955988548011500 ) ) ;
#4541 = VERTEX_POINT ( 'NONE', #4671 ) ;
#4540 = ORIENTED_EDGE ( 'NONE', *, *, #3644, .F. ) ;
#4542 = PRODUCT_DEFINITION_FORMATION_WITH_SPECIFIED_SOURCE ( 'ANY', '', #1851, .NOT_KNOWN. ) ;
#4543 = AXIS2_PLACEMENT_3D ( 'NONE', #5658, #4712, #6138 ) ;
#4544 = LINE ( 'NONE', #1935, #3104 ) ;
#4545 = CIRCLE ( 'NONE', #1623, 4.374999999999999100 ) ;
#4546 = CIRCLE ( 'NONE', #1318, 15.82672910720095800 ) ;
#4547 = CARTESIAN_POINT ( 'NONE',  ( -14.61658699184802800, -3.387426441908744300, 5.517405745169837100 ) ) ;
#4548 = CARTESIAN_POINT ( 'NONE',  ( 0.0000000000000000000, 0.0000000000000000000, 6.000000000000000900 ) ) ;
#4549 = ORIENTED_EDGE ( 'NONE', *, *, #4500, .F. ) ;
#4550 = CONICAL_SURFACE ( 'NONE', #2222, 15.82672910720095800, 0.7853981633974422800 ) ;
#4551 = CARTESIAN_POINT ( 'NONE',  ( -0.05000000000000001700, 15.02837503864021700, -5.475000000000000500 ) ) ;
#4552 = AXIS2_PLACEMENT_3D ( 'NONE', #700, #1624, #186 ) ;
#4553 = ORIENTED_EDGE ( 'NONE', *, *, #4064, .T. ) ;
#4554 = ORIENTED_EDGE ( 'NONE', *, *, #5010, .F. ) ;
#4555 = CARTESIAN_POINT ( 'NONE',  ( 6.255420988009150900, -12.87427728262074600, 5.411869347303862400 ) ) ;
#4556 = CARTESIAN_POINT ( 'NONE',  ( -14.61496982339831000, -3.284485647435851300, -5.559811490052915400 ) ) ;
#4557 = ORIENTED_EDGE ( 'NONE', *, *, #5196, .F. ) ;
#4558 = CARTESIAN_POINT ( 'NONE',  ( 0.05000000000000011400, 14.31344847641650600, 5.411869347303862400 ) ) ;
#4559 = ORIENTED_EDGE ( 'NONE', *, *, #4854, .F. ) ;
#4560 = ORIENTED_EDGE ( 'NONE', *, *, #3710, .F. ) ;
#4561 = CARTESIAN_POINT ( 'NONE',  ( 11.50748062870704500, 9.112957174089089600, -5.932026979673797700 ) ) ;
#4562 = EDGE_CURVE ( 'NONE', #3641, #3753, #332, .T. ) ;
#4563 = EDGE_LOOP ( 'NONE', ( #785, #1538, #1659, #4300 ) ) ;
#4564 = DIRECTION ( 'NONE',  ( 0.0000000000000000000, 0.0000000000000000000, 1.000000000000000000 ) ) ;
#4565 = CARTESIAN_POINT ( 'NONE',  ( 0.05000000000000000300, 15.12845821440191200, 6.000000000000000900 ) ) ;
#4566 = CARTESIAN_POINT ( 'NONE',  ( 14.31453137071973500, -3.215912531156299300, -5.922851331036820700 ) ) ;
#4567 = ADVANCED_FACE ( 'NONE', ( #2402 ), #1633, .F. ) ;
#4568 = ORIENTED_EDGE ( 'NONE', *, *, #4180, .T. ) ;
#4569 = EDGE_CURVE ( 'NONE', #1025, #440, #5802, .T. ) ;
#4570 = CARTESIAN_POINT ( 'NONE',  ( 0.0000000000000000000, 0.0000000000000000000, -6.000000000000000900 ) ) ;
#4571 = CARTESIAN_POINT ( 'NONE',  ( 11.71848224545269600, 9.409130149223903700, -5.475000000000000500 ) ) ;
#4572 = CARTESIAN_POINT ( 'NONE',  ( 0.0000000000000000000, 0.0000000000000000000, -5.353434673651931600 ) ) ;
#4573 = AXIS2_PLACEMENT_3D ( 'NONE', #766, #782, #1797 ) ;
#4574 = AXIS2_PLACEMENT_3D ( 'NONE', #1708, #2623, #3118 ) ;
#4575 = DIRECTION ( 'NONE',  ( 0.0000000000000000000, 0.0000000000000000000, 1.000000000000000000 ) ) ;
#4576 = DIRECTION ( 'NONE',  ( 1.000000000000000000, 0.0000000000000000000, 0.0000000000000000000 ) ) ;
#4577 = DIRECTION ( 'NONE',  ( 1.000000000000000000, 0.0000000000000000000, 0.0000000000000000000 ) ) ;
#4578 = CARTESIAN_POINT ( 'NONE',  ( -13.97608377365991700, -3.138664075704169100, -5.427070689091481300 ) ) ;
#4579 = CARTESIAN_POINT ( 'NONE',  ( -11.78083122563843500, 9.330947000977268100, -6.000000000000000000 ) ) ;
#4580 = AXIS2_PLACEMENT_3D ( 'NONE', #6200, #5775, #4817 ) ;
#4581 = TOROIDAL_SURFACE ( 'NONE', #1943, 14.72047836616381700, 0.05999999999999999800 ) ;
#4582 = VERTEX_POINT ( 'NONE', #839 ) ;
#4583 = CYLINDRICAL_SURFACE ( 'NONE', #3624, 14.55750222585390400 ) ;
#4584 = EDGE_CURVE ( 'NONE', #2566, #3806, #1105, .T. ) ;
#4585 = CARTESIAN_POINT ( 'NONE',  ( -14.29528032445861100, -3.314090291799066900, 5.926874626044847700 ) ) ;
#4586 = ADVANCED_FACE ( 'NONE', ( #3834 ), #2088, .F. ) ;
#4587 = CARTESIAN_POINT ( 'NONE',  ( 11.55029476741089000, 9.147100310373325300, -5.946985995365509800 ) ) ;
#4588 = DIRECTION ( 'NONE',  ( -0.0000000000000000000, -0.0000000000000000000, 1.000000000000000000 ) ) ;
#4589 = CARTESIAN_POINT ( 'NONE',  ( -0.05000000000000005800, 14.72098163366127500, -5.948433861821531100 ) ) ;
#4590 = ORIENTED_EDGE ( 'NONE', *, *, #1629, .F. ) ;
#4591 = LINE ( 'NONE', #6144, #4826 ) ;
#4593 = VERTEX_POINT ( 'NONE', #3728 ) ;
#4592 = VERTEX_POINT ( 'NONE', #5200 ) ;
#4594 = EDGE_CURVE ( 'NONE', #659, #5668, #426, .T. ) ;
#4595 = VERTEX_POINT ( 'NONE', #1777 ) ;
#4596 = CARTESIAN_POINT ( 'NONE',  ( 0.0000000000000000000, 0.0000000000000000000, -6.000000000000000000 ) ) ;
#4597 = PLANE ( 'NONE',  #1035 ) ;
#4598 = CARTESIAN_POINT ( 'NONE',  ( 14.09235874580445000, -3.165203079331254000, -5.597398009426060900 ) ) ;
#4599 = VECTOR ( 'NONE', #654, 1000.000000000000000 ) ;
#4600 = LINE ( 'NONE', #4259, #4139 ) ;
#4601 = CARTESIAN_POINT ( 'NONE',  ( 0.0000000000000000000, 0.0000000000000000000, -4.374999999999999100 ) ) ;
#4603 = ORIENTED_EDGE ( 'NONE', *, *, #613, .T. ) ;
#4602 = ORIENTED_EDGE ( 'NONE', *, *, #470, .T. ) ;
#4604 = MANIFOLD_SOLID_BREP ( 'CirPattern1[4]', #2498 ) ;
#4605 = VECTOR ( 'NONE', #2887, 1000.000000000000100 ) ;
#4606 = AXIS2_PLACEMENT_3D ( 'NONE', #3314, #941, #433 ) ;
#4607 = VECTOR ( 'NONE', #1396, 1000.000000000000200 ) ;
#4608 = EDGE_CURVE ( 'NONE', #4320, #4057, #959, .T. ) ;
#4609 = CARTESIAN_POINT ( 'NONE',  ( 0.0000000000000000000, 0.0000000000000000000, -5.475000000000000500 ) ) ;
#4610 = FACE_BOUND ( 'NONE', #4913, .T. ) ;
#4612 = ORIENTED_EDGE ( 'NONE', *, *, #2150, .F. ) ;
#4611 = EDGE_LOOP ( 'NONE', ( #4, #1513, #4698, #2315, #1577, #897, #2631, #1076, #2796, #2342, #2126, #3685, #2598, #6055, #1102, #1146, #5316, #355, #5005, #4863 ) ) ;
#4613 = DIRECTION ( 'NONE',  ( -0.0000000000000000000, -0.0000000000000000000, 1.000000000000000000 ) ) ;
#4614 = CIRCLE ( 'NONE', #6176, 15.02845821440191400 ) ;
#4615 = CARTESIAN_POINT ( 'NONE',  ( -13.95902032409243500, -3.237341141017061400, 5.434671360010759700 ) ) ;
#4616 = DIRECTION ( 'NONE',  ( 1.000000000000000000, 0.0000000000000000000, 0.0000000000000000000 ) ) ;
#4617 = TOROIDAL_SURFACE ( 'NONE', #534, 14.72047836616381700, 0.05999999999999999800 ) ;
#4618 = CARTESIAN_POINT ( 'NONE',  ( -0.05000000000000005800, 14.77235527311781700, -5.918436744855735100 ) ) ;
#4619 = EDGE_LOOP ( 'NONE', ( #2511, #4328, #1514, #5799 ) ) ;
#4620 = ORIENTED_EDGE ( 'NONE', *, *, #419, .T. ) ;
#4621 = CARTESIAN_POINT ( 'NONE',  ( 0.0000000000000000000, 0.0000000000000000000, 5.922851331036798500 ) ) ;
#4622 = AXIS2_PLACEMENT_3D ( 'NONE', #4570, #5099, #1666 ) ;
#4623 = CARTESIAN_POINT ( 'NONE',  ( -14.36009919465020200, -3.328884775937638500, -5.944857023634334300 ) ) ;
#4624 = CARTESIAN_POINT ( 'NONE',  ( 14.33469504429233900, -1.755493840274603800E-015, -5.231869347303861800 ) ) ;
#4625 = ORIENTED_EDGE ( 'NONE', *, *, #4569, .F. ) ;
#4626 = ADVANCED_FACE ( 'NONE', ( #5496 ), #5191, .T. ) ;
#4627 = ORIENTED_EDGE ( 'NONE', *, *, #3781, .T. ) ;
#4628 = CARTESIAN_POINT ( 'NONE',  ( -14.64045625320915500, -3.392874445052934000, -5.475000000000000500 ) ) ;
#4629 = AXIS2_PLACEMENT_3D ( 'NONE', #5485, #3561, #4000 ) ;
#4630 = EDGE_CURVE ( 'NONE', #1296, #6172, #4591, .T. ) ;
#4631 = VERTEX_POINT ( 'NONE', #3714 ) ;
#4632 = CARTESIAN_POINT ( 'NONE',  ( -0.05000000000000001700, 15.02837503864021700, -5.353434673651931600 ) ) ;
#4633 = CARTESIAN_POINT ( 'NONE',  ( 0.0000000000000000000, 0.0000000000000000000, 5.231869347303861800 ) ) ;
#4634 = CARTESIAN_POINT ( 'NONE',  ( -0.05000000000000002400, 14.97940883035960400, -5.559811490052915400 ) ) ;
#4635 = ORIENTED_EDGE ( 'NONE', *, *, #3769, .F. ) ;
#4636 = DIRECTION ( 'NONE',  ( 1.000000000000000000, 6.217248937900876600E-015, 0.0000000000000000000 ) ) ;
#4637 = EDGE_LOOP ( 'NONE', ( #1470, #2569, #2971, #4661 ) ) ;
#4638 = CARTESIAN_POINT ( 'NONE',  ( -15.02845821440191200, 1.840455324838704800E-015, -6.000000000000000000 ) ) ;
#4639 = EDGE_CURVE ( 'NONE', #4631, #568, #787, .T. ) ;
#4640 = DIRECTION ( 'NONE',  ( 1.000000000000000000, 0.0000000000000000000, 0.0000000000000000000 ) ) ;
#4641 = CARTESIAN_POINT ( 'NONE',  ( -11.15953015145343300, 8.963380728599656100, 5.353434673651931600 ) ) ;
#4642 = CARTESIAN_POINT ( 'NONE',  ( 0.05000000000000000300, 15.02837503864021500, -6.000000000000000000 ) ) ;
#4643 = EDGE_CURVE ( 'NONE', #4941, #3054, #1417, .T. ) ;
#4644 = DIRECTION ( 'NONE',  ( -1.000000000000000000, 0.0000000000000000000, 0.0000000000000000000 ) ) ;
#4645 = CARTESIAN_POINT ( 'NONE',  ( 0.0000000000000000000, 0.0000000000000000000, 6.000000000000000000 ) ) ;
#4646 = CARTESIAN_POINT ( 'NONE',  ( -11.22187913163930500, 8.885197580352853600, 5.411869347303862400 ) ) ;
#4647 = AXIS2_PLACEMENT_3D ( 'NONE', #555, #5425, #4501 ) ;
#4648 = ADVANCED_FACE ( 'NONE', ( #3083 ), #256, .T. ) ;
#4649 = AXIS2_PLACEMENT_3D ( 'NONE', #1799, #815, #5177 ) ;
#4650 = DIRECTION ( 'NONE',  ( 0.0000000000000000000, 0.0000000000000000000, 1.000000000000000000 ) ) ;
#4651 = CIRCLE ( 'NONE', #964, 14.31353580660732300 ) ;
#4652 = CARTESIAN_POINT ( 'NONE',  ( -6.325828183938113200, -13.25095581853567800, -5.935654072712593700 ) ) ;
#4653 = CARTESIAN_POINT ( 'NONE',  ( -6.165324101219087400, -12.91766565653241200, 6.000000000000000000 ) ) ;
#4654 = ADVANCED_FACE ( 'NONE', ( #4969 ), #3224, .T. ) ;
#4655 = DIRECTION ( 'NONE',  ( 0.0000000000000000000, 0.0000000000000000000, -1.000000000000000000 ) ) ;
#4656 = CARTESIAN_POINT ( 'NONE',  ( 11.56932356458258200, 9.162275269740192100, 5.935790468940135500 ) ) ;
#4657 = LINE ( 'NONE', #5417, #2696 ) ;
#4658 = LINE ( 'NONE', #2176, #2475 ) ;
#4659 = AXIS2_PLACEMENT_3D ( 'NONE', #2536, #4434, #564 ) ;
#4660 = CARTESIAN_POINT ( 'NONE',  ( 6.364436298082134500, -13.33112639363751800, -5.918436744863155000 ) ) ;
#4661 = ORIENTED_EDGE ( 'NONE', *, *, #382, .F. ) ;
#4662 = CIRCLE ( 'NONE', #5601, 14.31353580660732300 ) ;
#4664 = ORIENTED_EDGE ( 'NONE', *, *, #1891, .T. ) ;
#4663 = EDGE_LOOP ( 'NONE', ( #1753, #4683, #2180, #5054 ) ) ;
#4665 = ORIENTED_EDGE ( 'NONE', *, *, #4450, .T. ) ;
#4666 = ORIENTED_EDGE ( 'NONE', *, *, #4243, .T. ) ;
#4667 = EDGE_CURVE ( 'NONE', #3427, #1210, #1313, .T. ) ;
#4668 = DIRECTION ( 'NONE',  ( 0.0000000000000000000, -1.000000000000000000, 0.0000000000000000000 ) ) ;
#4669 = VECTOR ( 'NONE', #984, 1000.000000000000000 ) ;
#4670 = CARTESIAN_POINT ( 'NONE',  ( -6.167633264981357200, -12.92246068449295200, 5.419470018189162600 ) ) ;
#4671 = CARTESIAN_POINT ( 'NONE',  ( 6.565615998021232100, -13.51840385802081300, -5.353434673651931600 ) ) ;
#4673 = ORIENTED_EDGE ( 'NONE', *, *, #5077, .T. ) ;
#4672 = ORIENTED_EDGE ( 'NONE', *, *, #5453, .F. ) ;
#4674 = ORIENTED_EDGE ( 'NONE', *, *, #478, .T. ) ;
#4675 = B_SPLINE_CURVE_WITH_KNOTS ( 'NONE', 3,
 ( #3501, #1084, #5904, #569, #4484, #595, #3963 ),
 .UNSPECIFIED., .F., .F.,
 ( 4, 3, 4 ),
 ( 0.001235889684214380500, 0.001263725857711642900, 0.001859684726850814200 ),
 .UNSPECIFIED. ) ;
#4676 = VECTOR ( 'NONE', #3217, 1000.000000000000000 ) ;
#4677 = CARTESIAN_POINT ( 'NONE',  ( 6.518943573753234400, -13.65196405749466100, -5.353434673651931600 ) ) ;
#4678 = EDGE_CURVE ( 'NONE', #4030, #4094, #2286, .T. ) ;
#4679 = LINE ( 'NONE', #2205, #3403 ) ;
#4680 =( NAMED_UNIT ( * ) SI_UNIT ( $, .STERADIAN. ) SOLID_ANGLE_UNIT ( ) );
#4681 = CARTESIAN_POINT ( 'NONE',  ( 0.0000000000000000000, 0.0000000000000000000, -4.845955988548011500 ) ) ;
#4682 = CARTESIAN_POINT ( 'NONE',  ( 0.0000000000000000000, 0.0000000000000000000, 5.100000000000001400 ) ) ;
#4684 = ORIENTED_EDGE ( 'NONE', *, *, #5929, .T. ) ;
#4683 = ORIENTED_EDGE ( 'NONE', *, *, #4026, .T. ) ;
#4685 = ADVANCED_FACE ( 'NONE', ( #5648 ), #2701, .T. ) ;
#4686 = MANIFOLD_SOLID_BREP ( 'Revolve2', #541 ) ;
#4687 = VECTOR ( 'NONE', #3879, 1000.000000000000100 ) ;
#4688 = FACE_OUTER_BOUND ( 'NONE', #6024, .T. ) ;
#4689 = CARTESIAN_POINT ( 'NONE',  ( 6.322028746616220800, -13.24306620564230400, -5.927666725627948300 ) ) ;
#4690 = CIRCLE ( 'NONE', #3002, 4.375000000000000900 ) ;
#4691 = ORIENTED_EDGE ( 'NONE', *, *, #5210, .T. ) ;
#4692 = AXIS2_PLACEMENT_3D ( 'NONE', #1471, #2417, #3850 ) ;
#4693 = EDGE_CURVE ( 'NONE', #2729, #3399, #5943, .T. ) ;
#4694 = LINE ( 'NONE', #2786, #3619 ) ;
#4695 = CARTESIAN_POINT ( 'NONE',  ( 14.18119296990640000, -3.288050597612291800, 5.760124666611659400 ) ) ;
#4696 = ADVANCED_FACE ( 'NONE', ( #1949 ), #502, .T. ) ;
#4697 = ORIENTED_EDGE ( 'NONE', *, *, #1595, .T. ) ;
#4698 = ORIENTED_EDGE ( 'NONE', *, *, #5998, .T. ) ;
#4699 = DIRECTION ( 'NONE',  ( -0.0000000000000000000, -0.0000000000000000000, 1.000000000000000000 ) ) ;
#4700 = DIRECTION ( 'NONE',  ( -1.000000000000000000, 0.0000000000000000000, 0.0000000000000000000 ) ) ;
#4701 = CARTESIAN_POINT ( 'NONE',  ( -14.18119296990644600, -3.288050597612100400, -5.760124666611659400 ) ) ;
#4702 = CARTESIAN_POINT ( 'NONE',  ( 17.60000000000001200, 0.0000000000000000000, -6.000000000000000000 ) ) ;
#4703 = DIRECTION ( 'NONE',  ( -0.0000000000000000000, -0.0000000000000000000, 1.000000000000000000 ) ) ;
#4704 = AXIS2_PLACEMENT_3D ( 'NONE', #4246, #4195, #1334 ) ;
#4705 = ORIENTED_EDGE ( 'NONE', *, *, #4407, .F. ) ;
#4706 = CC_DESIGN_APPROVAL ( #3443, ( #2141 ) ) ;
#4707 = CARTESIAN_POINT ( 'NONE',  ( -6.000000000000001800, 7.347880794884121700E-016, -5.100000000000009400 ) ) ;
#4708 = B_SPLINE_CURVE_WITH_KNOTS ( 'NONE', 3,
 ( #5947, #1136, #2032, #5890, #3066, #2547, #4447 ),
 .UNSPECIFIED., .F., .F.,
 ( 4, 3, 4 ),
 ( 0.001683847025956607600, 0.001830745039545440400, 0.002195884394735870700 ),
 .UNSPECIFIED. ) ;
#4709 = DIRECTION ( 'NONE',  ( 1.000000000000000000, 0.0000000000000000000, 0.0000000000000000000 ) ) ;
#4710 = CARTESIAN_POINT ( 'NONE',  ( 11.53977912085440700, 9.138714362077637400, 5.948810452728518600 ) ) ;
#4711 = EDGE_LOOP ( 'NONE', ( #1718, #5687 ) ) ;
#4712 = DIRECTION ( 'NONE',  ( 0.9009688679024158200, -0.4338837391175650600, 0.0000000000000000000 ) ) ;
#4713 = DIRECTION ( 'NONE',  ( -0.0000000000000000000, -0.0000000000000000000, 1.000000000000000000 ) ) ;
#4714 = AXIS2_PLACEMENT_3D ( 'NONE', #5243, #3815, #2765 ) ;
#4715 = EDGE_CURVE ( 'NONE', #4458, #3672, #3305, .T. ) ;
#4716 = DIRECTION ( 'NONE',  ( 1.000000000000000000, 0.0000000000000000000, 0.0000000000000000000 ) ) ;
#4717 = ORIENTED_EDGE ( 'NONE', *, *, #1000, .F. ) ;
#4718 = CARTESIAN_POINT ( 'NONE',  ( 11.68019892224182900, 9.378600217725251700, 5.559811490052914500 ) ) ;
#4719 = DIRECTION ( 'NONE',  ( -0.0000000000000000000, -0.0000000000000000000, 1.000000000000000000 ) ) ;
#4720 = CARTESIAN_POINT ( 'NONE',  ( -13.95902032409243500, -3.237341141017061400, -5.434671360010759700 ) ) ;
#4721 = EDGE_CURVE ( 'NONE', #439, #1917, #1567, .T. ) ;
#4722 = CARTESIAN_POINT ( 'NONE',  ( -0.05000000000000001700, 15.00389193474825000, 5.517405745169837100 ) ) ;
#4723 = B_SPLINE_CURVE_WITH_KNOTS ( 'NONE', 3,
 ( #5250, #3751, #3294, #930, #2842, #2800, #4329, #3345, #4256, #6211, #5671, #907, #5230, #856, #4234, #4808, #3279, #1418, #5712, #2352, #6143, #3257, #1350, #2375, #5764 ),
 .UNSPECIFIED., .F., .F.,
 ( 4, 3, 3, 3, 3, 3, 3, 3, 4 ),
 ( 0.0003576089778190587800, 0.0003626343305416534300, 0.0003751336018886984800, 0.0003952800579771925700, 0.0004154265102964890800, 0.0004355730134115541200, 0.0004557195170136878800, 0.0004758659491588516800, 0.0004773643735645384400 ),
 .UNSPECIFIED. ) ;
#4724 = ADVANCED_FACE ( 'NONE', ( #2774 ), #714, .F. ) ;
#4725 = CARTESIAN_POINT ( 'NONE',  ( 0.0000000000000000000, 0.0000000000000000000, 5.100000000000009400 ) ) ;
#4726 = CARTESIAN_POINT ( 'NONE',  ( 0.0000000000000000000, 0.0000000000000000000, 5.487867965644034600 ) ) ;
#4728 = CARTESIAN_POINT ( 'NONE',  ( 0.05000000000000010700, 14.31344847641650400, -6.000000000000000000 ) ) ;
#4727 = CARTESIAN_POINT ( 'NONE',  ( 6.341745285424243800, -13.28400802034351200, 5.948810452728518600 ) ) ;
#4729 = AXIS2_PLACEMENT_3D ( 'NONE', #4292, #6206, #4345 ) ;
#4730 = EDGE_CURVE ( 'NONE', #5003, #1109, #4723, .T. ) ;
#4731 = CARTESIAN_POINT ( 'NONE',  ( 6.464896290569140700, -13.53973371753628600, 5.517405745169837900 ) ) ;
#4732 = CARTESIAN_POINT ( 'NONE',  ( -11.41253066808837100, 9.037237107220530400, -5.760124666611660300 ) ) ;
#4733 = CARTESIAN_POINT ( 'NONE',  ( 14.29556653455256100, -3.314155617385518700, 5.927666725627945600 ) ) ;
#4734 = CARTESIAN_POINT ( 'NONE',  ( -12.25000000000000000, 1.500192328955507700E-015, -6.429395695523609100E-016 ) ) ;
#4735 = CARTESIAN_POINT ( 'NONE',  ( -14.38785268876993800, -3.232647643534738400, -5.942898760672944600 ) ) ;
#4736 = AXIS2_PLACEMENT_3D ( 'NONE', #2927, #2485, #505 ) ;
#4737 = CARTESIAN_POINT ( 'NONE',  ( 14.50951746076100900, -3.362988520132326600, 5.707623739869334600 ) ) ;
#4738 = CARTESIAN_POINT ( 'NONE',  ( -11.71848224545256300, 9.409130149224070600, -5.475000000000000500 ) ) ;
#4739 = ORIENTED_EDGE ( 'NONE', *, *, #3531, .F. ) ;
#4740 = CARTESIAN_POINT ( 'NONE',  ( -6.426054537437865500, -13.22860149898208500, -5.947242360947049300 ) ) ;
#4741 = CIRCLE ( 'NONE', #5260, 4.375000000000000000 ) ;
#4742 = CARTESIAN_POINT ( 'NONE',  ( 0.0000000000000000000, 0.0000000000000000000, 5.475000000000000500 ) ) ;
#4743 = ORIENTED_EDGE ( 'NONE', *, *, #2338, .T. ) ;
#4744 = ORIENTED_EDGE ( 'NONE', *, *, #3441, .T. ) ;
#4745 = CARTESIAN_POINT ( 'NONE',  ( -6.554993177359570200, -13.49634534362443700, 5.517405745169837100 ) ) ;
#4746 = CARTESIAN_POINT ( 'NONE',  ( 0.0000000000000000000, 0.0000000000000000000, 5.475000000000000500 ) ) ;
#4748 = DIRECTION ( 'NONE',  ( 1.000000000000000000, 0.0000000000000000000, 0.0000000000000000000 ) ) ;
#4747 = DIRECTION ( 'NONE',  ( 1.000000000000000000, 0.0000000000000000000, 0.0000000000000000000 ) ) ;
#4749 = AXIS2_PLACEMENT_3D ( 'NONE', #4801, #985, #920 ) ;
#4750 = VECTOR ( 'NONE', #5568, 1000.000000000000000 ) ;
#4751 = EDGE_CURVE ( 'NONE', #3715, #2190, #2936, .T. ) ;
#4753 = ORIENTED_EDGE ( 'NONE', *, *, #5888, .T. ) ;
#4752 = VERTEX_POINT ( 'NONE', #1827 ) ;
#4754 = CARTESIAN_POINT ( 'NONE',  ( 14.55750222585390400, 0.0000000000000000000, 6.000000000000000000 ) ) ;
#4755 = ORIENTED_EDGE ( 'NONE', *, *, #5470, .T. ) ;
#4756 = ORIENTED_EDGE ( 'NONE', *, *, #4231, .F. ) ;
#4757 = CARTESIAN_POINT ( 'NONE',  ( -11.94286692422736700, -2.725881440964736900, -6.000769315822028800E-016 ) ) ;
#4758 = DIRECTION ( 'NONE',  ( 0.6234898018587320400, -0.7818314824680311400, 0.0000000000000000000 ) ) ;
#4759 = LINE ( 'NONE', #2744, #4676 ) ;
#4760 = CARTESIAN_POINT ( 'NONE',  ( 14.47243854421665100, -3.251953813066363900, 5.813030243294887700 ) ) ;
#4761 = ADVANCED_FACE ( 'NONE', ( #4524 ), #5730, .T. ) ;
#4762 = CONICAL_SURFACE ( 'NONE', #1582, 14.31353580660732300, 0.1745329251994303900 ) ;
#4764 = EDGE_LOOP ( 'NONE', ( #5833, #1032, #5369, #6034 ) ) ;
#4763 = VERTEX_POINT ( 'NONE', #1843 ) ;
#4765 = EDGE_CURVE ( 'NONE', #3399, #2729, #1499, .T. ) ;
#4766 = PLANE ( 'NONE',  #1469 ) ;
#4767 = FACE_OUTER_BOUND ( 'NONE', #5160, .T. ) ;
#4768 = DIRECTION ( 'NONE',  ( 1.000000000000000000, 0.0000000000000000000, 0.0000000000000000000 ) ) ;
#4769 = FACE_OUTER_BOUND ( 'NONE', #4947, .T. ) ;
#4770 = CARTESIAN_POINT ( 'NONE',  ( -0.05000000000000006500, 14.67221258877302000, 5.924234549616732800 ) ) ;
#4771 = CIRCLE ( 'NONE', #5627, 16.03886114155692200 ) ;
#4772 = CARTESIAN_POINT ( 'NONE',  ( -6.443293722652243500, -13.26439903593921700, -5.942898760672944600 ) ) ;
#4774 = ORIENTED_EDGE ( 'NONE', *, *, #5307, .F. ) ;
#4773 = EDGE_LOOP ( 'NONE', ( #273, #2806, #2416, #3921 ) ) ;
#4775 = CARTESIAN_POINT ( 'NONE',  ( -13.98127241748806800, -3.139848349798878900, 5.434671360010760600 ) ) ;
#4776 = B_SPLINE_CURVE_WITH_KNOTS ( 'NONE', 3,
 ( #6079, #3139, #2694, #3615, #239, #1187, #709 ),
 .UNSPECIFIED., .F., .F.,
 ( 4, 3, 4 ),
 ( 0.0006677669885724646400, 0.001263725857711640000, 0.001291562031208902400 ),
 .UNSPECIFIED. ) ;
#4777 = VECTOR ( 'NONE', #981, 1000.000000000000000 ) ;
#4778 = CARTESIAN_POINT ( 'NONE',  ( 0.05000000000000001700, 15.02837503864021700, -5.475000000000000500 ) ) ;
#4779 = FACE_OUTER_BOUND ( 'NONE', #5651, .T. ) ;
#4780 = EDGE_CURVE ( 'NONE', #1594, #4941, #2028, .T. ) ;
#4781 = DIRECTION ( 'NONE',  ( 1.000000000000000000, 0.0000000000000000000, 0.0000000000000000000 ) ) ;
#4783 = CARTESIAN_POINT ( 'NONE',  ( 11.85907940331444600, 9.393347840402153500, 6.000000000000000900 ) ) ;
#4782 = CARTESIAN_POINT ( 'NONE',  ( 6.335957650647439500, -13.27198987289393100, 5.947242360947049300 ) ) ;
#4784 = EDGE_LOOP ( 'NONE', ( #2349, #2065, #3154, #4848 ) ) ;
#4785 = EDGE_LOOP ( 'NONE', ( #3988, #1057, #4553, #50 ) ) ;
#4786 = VERTEX_POINT ( 'NONE', #6278 ) ;
#4787 = AXIS2_PLACEMENT_3D ( 'NONE', #5788, #956, #4354 ) ;
#4788 = DIRECTION ( 'NONE',  ( -0.0000000000000000000, -0.0000000000000000000, 1.000000000000000000 ) ) ;
#4789 = ORIENTED_EDGE ( 'NONE', *, *, #2667, .F. ) ;
#4790 = CARTESIAN_POINT ( 'NONE',  ( -0.05000000000000010000, 14.44335783513858700, 5.597398009426060000 ) ) ;
#4791 = CARTESIAN_POINT ( 'NONE',  ( -14.34911659120852300, -3.223806382043005400, -5.947242360947049300 ) ) ;
#4792 = CARTESIAN_POINT ( 'NONE',  ( 0.0000000000000000000, 0.0000000000000000000, -6.000000000000000900 ) ) ;
#4793 = EDGE_LOOP ( 'NONE', ( #3250, #4705, #5236, #1574, #3157, #4311 ) ) ;
#4794 = CARTESIAN_POINT ( 'NONE',  ( 14.31353580660732300, 0.0000000000000000000, -5.351869347303861900 ) ) ;
#4795 = CARTESIAN_POINT ( 'NONE',  ( 14.73803013479898500, -3.415145046796938600, -5.353434673651931600 ) ) ;
#4796 = AXIS2_PLACEMENT_3D ( 'NONE', #4266, #1364, #1301 ) ;
#4797 = CARTESIAN_POINT ( 'NONE',  ( 15.82672910720095800, 1.951204655054122300E-015, 5.700000000000000200 ) ) ;
#4798 = ADVANCED_FACE ( 'NONE', ( #2862, #4452 ), #1978, .F. ) ;
#4799 = ORIENTED_EDGE ( 'NONE', *, *, #461, .T. ) ;
#4801 = CARTESIAN_POINT ( 'NONE',  ( 0.0000000000000000000, 0.0000000000000000000, 6.000000000000000000 ) ) ;
#4800 = CARTESIAN_POINT ( 'NONE',  ( -6.000000000000001800, 7.898971854500429700E-016, 5.100000000000009400 ) ) ;
#4802 = ORIENTED_EDGE ( 'NONE', *, *, #5333, .T. ) ;
#4803 = DIRECTION ( 'NONE',  ( 1.000000000000000000, 0.0000000000000000000, 0.0000000000000000000 ) ) ;
#4804 = DIRECTION ( 'NONE',  ( 1.000000000000000000, 0.0000000000000000000, 0.0000000000000000000 ) ) ;
#4805 = EDGE_CURVE ( 'NONE', #4341, #2197, #1806, .T. ) ;
#4806 = CARTESIAN_POINT ( 'NONE',  ( 11.85907940331444600, 9.393347840402153500, 5.353434673651931600 ) ) ;
#4807 = CARTESIAN_POINT ( 'NONE',  ( -14.35561894811777300, -3.225290502575697300, -5.948026407833841000 ) ) ;
#4808 = CARTESIAN_POINT ( 'NONE',  ( -6.350748482207611000, -13.30270335110125200, 5.944857023634334300 ) ) ;
#4809 = DIRECTION ( 'NONE',  ( 1.000000000000000000, 0.0000000000000000000, 0.0000000000000000000 ) ) ;
#4810 = CARTESIAN_POINT ( 'NONE',  ( -0.05000000000000005800, 14.74712292051051700, 5.942572141193089400 ) ) ;
#4811 = EDGE_CURVE ( 'NONE', #1215, #1911, #3009, .T. ) ;
#4812 = CARTESIAN_POINT ( 'NONE',  ( 0.05000000000000006500, 14.67124404307175000, 5.922851331036797600 ) ) ;
#4813 = DIRECTION ( 'NONE',  ( 0.0000000000000000000, 0.0000000000000000000, 1.000000000000000000 ) ) ;
#4814 = CARTESIAN_POINT ( 'NONE',  ( 0.0000000000000000000, 0.0000000000000000000, -6.000000000000000900 ) ) ;
#4815 = CARTESIAN_POINT ( 'NONE',  ( -11.15953015145343300, 8.963380728599656100, -5.411869347303862400 ) ) ;
#4817 = DIRECTION ( 'NONE',  ( 0.7818314824680222500, -0.6234898018587430300, 0.0000000000000000000 ) ) ;
#4816 = CARTESIAN_POINT ( 'NONE',  ( 0.0000000000000000000, 0.0000000000000000000, 5.353434673651931600 ) ) ;
#4818 = AXIS2_PLACEMENT_3D ( 'NONE', #5351, #4411, #993 ) ;
#4819 = EDGE_CURVE ( 'NONE', #2278, #1712, #5354, .T. ) ;
#4820 = CIRCLE ( 'NONE', #591, 8.249006824087119900 ) ;
#4821 = FACE_OUTER_BOUND ( 'NONE', #1608, .T. ) ;
#4822 = DIRECTION ( 'NONE',  ( 0.0000000000000000000, 0.0000000000000000000, -1.000000000000000000 ) ) ;
#4823 = ADVANCED_FACE ( 'NONE', ( #5569 ), #4449, .F. ) ;
#4824 = ORIENTED_EDGE ( 'NONE', *, *, #715, .F. ) ;
#4825 = CARTESIAN_POINT ( 'NONE',  ( -11.55600232088076900, 9.151651932381446000, 5.944857023634334300 ) ) ;
#4826 = VECTOR ( 'NONE', #5106, 1000.000000000000000 ) ;
#4827 = AXIS2_PLACEMENT_3D ( 'NONE', #2841, #1860, #338 ) ;
#4828 = CARTESIAN_POINT ( 'NONE',  ( -6.255420988009330300, -12.87427728262065700, -5.411869347303862400 ) ) ;
#4829 = DIRECTION ( 'NONE',  ( -1.000000000000000000, 0.0000000000000000000, 0.0000000000000000000 ) ) ;
#4830 = DIRECTION ( 'NONE',  ( 0.7818314824680220300, -0.6234898018587432500, -0.0000000000000000000 ) ) ;
#4832 = ORIENTED_EDGE ( 'NONE', *, *, #2322, .F. ) ;
#4831 = ORIENTED_EDGE ( 'NONE', *, *, #1464, .F. ) ;
#4833 = EDGE_LOOP ( 'NONE', ( #1151, #1617, #3673, #2200 ) ) ;
#4834 = CARTESIAN_POINT ( 'NONE',  ( 0.0000000000000000000, 0.0000000000000000000, 2.187500000000000400 ) ) ;
#4835 = FACE_OUTER_BOUND ( 'NONE', #458, .T. ) ;
#4836 = CARTESIAN_POINT ( 'NONE',  ( -11.57732171314187400, 9.168653580376823000, 5.925469712029101100 ) ) ;
#4837 = SECURITY_CLASSIFICATION_LEVEL ( 'unclassified' ) ;
#4838 = DIRECTION ( 'NONE',  ( -0.0000000000000000000, -0.0000000000000000000, 1.000000000000000000 ) ) ;
#4839 = CARTESIAN_POINT ( 'NONE',  ( 0.0000000000000000000, 0.0000000000000000000, -5.787867965644033500 ) ) ;
#4841 = ORIENTED_EDGE ( 'NONE', *, *, #5105, .T. ) ;
#4840 = ORIENTED_EDGE ( 'NONE', *, *, #41, .F. ) ;
#4842 = AXIS2_PLACEMENT_3D ( 'NONE', #6259, #2, #5860 ) ;
#4843 = ORIENTED_EDGE ( 'NONE', *, *, #5972, .F. ) ;
#4844 = EDGE_CURVE ( 'NONE', #468, #4396, #4127, .T. ) ;
#4845 = LINE ( 'NONE', #2549, #3851 ) ;
#4846 = DIRECTION ( 'NONE',  ( -0.0000000000000000000, -0.0000000000000000000, 1.000000000000000000 ) ) ;
#4847 = LINE ( 'NONE', #5563, #5592 ) ;
#4849 = ORIENTED_EDGE ( 'NONE', *, *, #1065, .T. ) ;
#4848 = ORIENTED_EDGE ( 'NONE', *, *, #4413, .F. ) ;
#4850 = DIRECTION ( 'NONE',  ( -0.0000000000000000000, -0.0000000000000000000, 1.000000000000000000 ) ) ;
#4851 = FACE_OUTER_BOUND ( 'NONE', #42, .T. ) ;
#4852 = CARTESIAN_POINT ( 'NONE',  ( 0.0000000000000000000, 0.0000000000000000000, -5.918436744855735100 ) ) ;
#4853 = FACE_OUTER_BOUND ( 'NONE', #987, .T. ) ;
#4854 = EDGE_CURVE ( 'NONE', #5961, #4902, #3592, .T. ) ;
#4855 = ORIENTED_EDGE ( 'NONE', *, *, #3432, .F. ) ;
#4856 = CARTESIAN_POINT ( 'NONE',  ( -11.53525125913964400, 9.135103512851845400, 5.948499693344809100 ) ) ;
#4857 = ORIENTED_EDGE ( 'NONE', *, *, #1603, .F. ) ;
#4858 = CARTESIAN_POINT ( 'NONE',  ( 0.0000000000000000000, 0.0000000000000000000, -6.000000000000000900 ) ) ;
#4859 = CARTESIAN_POINT ( 'NONE',  ( 0.0000000000000000000, 0.0000000000000000000, 5.487867965644034600 ) ) ;
#4860 = FACE_BOUND ( 'NONE', #3955, .T. ) ;
#4861 = PLANE ( 'NONE',  #637 ) ;
#4862 = DIRECTION ( 'NONE',  ( 1.000000000000000000, 0.0000000000000000000, 0.0000000000000000000 ) ) ;
#4863 = ORIENTED_EDGE ( 'NONE', *, *, #1535, .F. ) ;
#4864 = VERTEX_POINT ( 'NONE', #2892 ) ;
#4865 = EDGE_CURVE ( 'NONE', #2497, #3431, #1028, .T. ) ;
#4866 = CARTESIAN_POINT ( 'NONE',  ( -11.46700118316302200, 9.208580694240277300, 5.947242360947049300 ) ) ;
#4867 = DIRECTION ( 'NONE',  ( 0.0000000000000000000, 0.0000000000000000000, -1.000000000000000000 ) ) ;
#4868 = B_SPLINE_CURVE_WITH_KNOTS ( 'NONE', 3,
 ( #1805, #882, #450, #1382, #2325, #3350, #5254, #5206, #2355, #3826, #1829, #3757, #3810, #2299, #6192, #4332, #346, #5179, #5701, #2285, #1846, #3299, #5678, #5739, #1866 ),
 .UNSPECIFIED., .F., .F.,
 ( 4, 3, 3, 3, 3, 3, 3, 3, 4 ),
 ( 0.0003576089778190575800, 0.0003626343305416519600, 0.0003751336018886971300, 0.0003952800579771920300, 0.0004154265102964885900, 0.0004355730134115531400, 0.0004557195170136854400, 0.0004758659491588496200, 0.0004773643735645370300 ),
 .UNSPECIFIED. ) ;
#4869 = ORIENTED_EDGE ( 'NONE', *, *, #4186, .F. ) ;
#4870 = CARTESIAN_POINT ( 'NONE',  ( 0.0000000000000000000, 0.0000000000000000000, -5.922851331036798500 ) ) ;
#4871 = CARTESIAN_POINT ( 'NONE',  ( 14.32635588611567300, -3.218611399633247900, 5.935654072712593700 ) ) ;
#4872 = DIRECTION ( 'NONE',  ( -0.0000000000000000000, -0.0000000000000000000, 1.000000000000000000 ) ) ;
#4873 = AXIS2_PLACEMENT_3D ( 'NONE', #1854, #3336, #2307 ) ;
#4874 = CARTESIAN_POINT ( 'NONE',  ( 14.72534932307735800, 0.0000000000000000000, -6.000000000000000900 ) ) ;
#4875 = EDGE_LOOP ( 'NONE', ( #6111, #2245 ) ) ;
#4876 = CARTESIAN_POINT ( 'NONE',  ( 14.66270834660474200, -3.295381653834949600, -5.475000000000000500 ) ) ;
#4877 = DIRECTION ( 'NONE',  ( -0.0000000000000000000, -0.0000000000000000000, 1.000000000000000000 ) ) ;
#4878 = DIRECTION ( 'NONE',  ( -0.0000000000000000000, -0.0000000000000000000, 1.000000000000000000 ) ) ;
#4879 = VERTEX_POINT ( 'NONE', #1928 ) ;
#4880 = DIRECTION ( 'NONE',  ( -0.0000000000000000000, -0.0000000000000000000, 1.000000000000000000 ) ) ;
#4881 = PLANE ( 'NONE',  #5224 ) ;
#4882 = AXIS2_PLACEMENT_3D ( 'NONE', #3014, #1989, #2521 ) ;
#4883 = CARTESIAN_POINT ( 'NONE',  ( -11.51578103030440500, 9.247481324249283900, 5.923592372379001600 ) ) ;
#4885 = CARTESIAN_POINT ( 'NONE',  ( 0.05000000000000005800, 14.75214878631131100, -5.939344605127422100 ) ) ;
#4884 = CARTESIAN_POINT ( 'NONE',  ( -11.71848224545256300, 9.409130149224070600, 5.475000000000000500 ) ) ;
#4886 = EDGE_CURVE ( 'NONE', #2368, #568, #106, .T. ) ;
#4887 = CARTESIAN_POINT ( 'NONE',  ( -11.78083122563843700, 9.330947000977268100, 5.353434673651931600 ) ) ;
#4888 = PERSON_AND_ORGANIZATION ( #1270, #409 ) ;
#4889 = CARTESIAN_POINT ( 'NONE',  ( 14.33150818472293900, -3.219787378168465600, -5.939797578137313600 ) ) ;
#4890 = EDGE_CURVE ( 'NONE', #4094, #5437, #2395, .T. ) ;
#4891 = CARTESIAN_POINT ( 'NONE',  ( -11.62824669111929900, 9.209264895143244100, -5.813030243294888600 ) ) ;
#4892 = TOROIDAL_SURFACE ( 'NONE', #2837, 12.25000000000000000, 4.374999999999999100 ) ;
#4893 = VERTEX_POINT ( 'NONE', #5263 ) ;
#4894 = CARTESIAN_POINT ( 'NONE',  ( 14.39085543774006800, -3.335904687719862600, -5.918436744863155000 ) ) ;
#4896 = DIRECTION ( 'NONE',  ( -0.0000000000000000000, -0.0000000000000000000, 1.000000000000000000 ) ) ;
#4895 = DIRECTION ( 'NONE',  ( 1.000000000000000000, 0.0000000000000000000, 0.0000000000000000000 ) ) ;
#4897 = B_SPLINE_CURVE_WITH_KNOTS ( 'NONE', 3,
 ( #5898, #3068, #2017, #154, #2060, #4034, #4915 ),
 .UNSPECIFIED., .F., .F.,
 ( 4, 3, 4 ),
 ( 0.001465605684353204100, 0.001830745039545445600, 0.001977643053134278900 ),
 .UNSPECIFIED. ) ;
#4898 = CONICAL_SURFACE ( 'NONE', #4818, 15.02845821440191200, 0.5235987755982992600 ) ;
#4899 = AXIS2_PLACEMENT_3D ( 'NONE', #6058, #812, #277 ) ;
#4900 = AXIS2_PLACEMENT_3D ( 'NONE', #1123, #2998, #4516 ) ;
#4901 = ORIENTED_EDGE ( 'NONE', *, *, #3962, .F. ) ;
#4902 = VERTEX_POINT ( 'NONE', #407 ) ;
#4903 = DIRECTION ( 'NONE',  ( 1.000000000000000000, -8.881784197001252300E-016, 0.0000000000000000000 ) ) ;
#4904 = CIRCLE ( 'NONE', #3643, 14.77243989039088300 ) ;
#4906 = ORIENTED_EDGE ( 'NONE', *, *, #3194, .F. ) ;
#4905 = EDGE_LOOP ( 'NONE', ( #4999, #1434, #2111, #4488 ) ) ;
#4907 = CARTESIAN_POINT ( 'NONE',  ( -11.52991984571416700, 9.130851852519896300, 5.947407054167841900 ) ) ;
#4908 = ORIENTED_EDGE ( 'NONE', *, *, #2312, .F. ) ;
#4909 = AXIS2_PLACEMENT_3D ( 'NONE', #4839, #1405, #5789 ) ;
#4910 = FACE_OUTER_BOUND ( 'NONE', #2909, .T. ) ;
#4911 = CONICAL_SURFACE ( 'NONE', #1619, 18.50000000000000000, 0.7853981633974416200 ) ;
#4912 = CARTESIAN_POINT ( 'NONE',  ( -11.67582646689382400, 9.247208500172421400, -5.707623739868810600 ) ) ;
#4914 = ORIENTED_EDGE ( 'NONE', *, *, #1314, .T. ) ;
#4913 = EDGE_LOOP ( 'NONE', ( #791, #3492 ) ) ;
#4915 = CARTESIAN_POINT ( 'NONE',  ( -6.565615998021421300, -13.51840385802071900, -5.475000000000000500 ) ) ;
#4916 = CONICAL_SURFACE ( 'NONE', #3414, 14.72534932307735800, 0.6108652381980183000 ) ;
#4917 = CARTESIAN_POINT ( 'NONE',  ( 11.94286692422732800, -2.725881440964898200, -6.000769315822028800E-016 ) ) ;
#4918 = LINE ( 'NONE', #3471, #4145 ) ;
#4919 = CARTESIAN_POINT ( 'NONE',  ( 14.50951746076100900, -3.362988520132326600, -5.707623739869334600 ) ) ;
#4921 = CARTESIAN_POINT ( 'NONE',  ( 0.05000000000000005100, 14.77083562167245400, -5.921068843291819500 ) ) ;
#4920 = DIRECTION ( 'NONE',  ( 0.4338837391175653400, 0.9009688679024157000, -0.0000000000000000000 ) ) ;
#4922 = LINE ( 'NONE', #2692, #1054 ) ;
#4923 = CARTESIAN_POINT ( 'NONE',  ( -0.05000000000000001700, 15.02845821440191200, -5.353434673651931600 ) ) ;
#4925 = VERTEX_POINT ( 'NONE', #2838 ) ;
#4924 = ORIENTED_EDGE ( 'NONE', *, *, #4639, .T. ) ;
#4926 = EDGE_CURVE ( 'NONE', #284, #3169, #6161, .T. ) ;
#4927 = LINE ( 'NONE', #5515, #822 ) ;
#4928 = DIRECTION ( 'NONE',  ( -0.7818314824680311400, -0.6234898018587319300, -0.0000000000000000000 ) ) ;
#4929 = CIRCLE ( 'NONE', #2106, 14.77243989039088300 ) ;
#4930 = ORIENTED_EDGE ( 'NONE', *, *, #5919, .T. ) ;
#4931 = CARTESIAN_POINT ( 'NONE',  ( 14.34982697349856900, -3.223968522165234800, 5.947407054167841900 ) ) ;
#4932 = ORIENTED_EDGE ( 'NONE', *, *, #4366, .F. ) ;
#4933 = EDGE_CURVE ( 'NONE', #181, #4893, #950, .T. ) ;
#4934 = CARTESIAN_POINT ( 'NONE',  ( -6.423179542032059400, -13.22263150950688300, 5.945295989391454800 ) ) ;
#4935 = B_SPLINE_CURVE_WITH_KNOTS ( 'NONE', 3,
 ( #835, #3290, #5694, #3779, #3341, #6228, #1859 ),
 .UNSPECIFIED., .F., .F.,
 ( 4, 3, 4 ),
 ( 0.001235889684214378900, 0.001263725857711643100, 0.001859684726850812900 ),
 .UNSPECIFIED. ) ;
#4936 = ORIENTED_EDGE ( 'NONE', *, *, #1936, .F. ) ;
#4937 = VERTEX_POINT ( 'NONE', #1857 ) ;
#4938 = CARTESIAN_POINT ( 'NONE',  ( 0.05000000000000003100, 14.89406891116965400, 5.707623739869334600 ) ) ;
#4939 = CARTESIAN_POINT ( 'NONE',  ( -11.71848224545256300, 9.409130149224070600, 5.475000000000000500 ) ) ;
#4940 = AXIS2_PLACEMENT_3D ( 'NONE', #2410, #5793, #560 ) ;
#4941 = VERTEX_POINT ( 'NONE', #2370 ) ;
#4942 = EDGE_CURVE ( 'NONE', #1304, #2057, #3524, .T. ) ;
#4943 = CARTESIAN_POINT ( 'NONE',  ( 8.461138858443083800, 0.0000000000000000000, 6.000000000000000000 ) ) ;
#4945 = CARTESIAN_POINT ( 'NONE',  ( -6.364436298078318900, -13.33112639362912000, -5.918436744855735100 ) ) ;
#4944 = CARTESIAN_POINT ( 'NONE',  ( -11.15953015145343300, 8.963380728599656100, 5.411869347303862400 ) ) ;
#4946 = DIRECTION ( 'NONE',  ( -0.9009688679024158200, 0.4338837391175651700, 0.0000000000000000000 ) ) ;
#4947 = EDGE_LOOP ( 'NONE', ( #3847, #5761, #2062, #1965 ) ) ;
#4948 = ORIENTED_EDGE ( 'NONE', *, *, #4268, .T. ) ;
#4949 = CARTESIAN_POINT ( 'NONE',  ( 11.46757086552842300, 9.209035000766535400, 5.947407054167841000 ) ) ;
#4950 = CARTESIAN_POINT ( 'NONE',  ( 6.440845368997667500, -13.25931497718958800, -5.944857023634334300 ) ) ;
#4951 = AXIS2_PLACEMENT_3D ( 'NONE', #6003, #5554, #3621 ) ;
#4952 = ADVANCED_FACE ( 'NONE', ( #5798 ), #4583, .T. ) ;
#4953 = CARTESIAN_POINT ( 'NONE',  ( -6.364436298078318900, -13.33112639362912000, 5.918436744855735100 ) ) ;
#4954 = CARTESIAN_POINT ( 'NONE',  ( -11.78083122563843700, 9.330947000977268100, -5.475000000000000500 ) ) ;
#4955 = PLANE ( 'NONE',  #1650 ) ;
#4956 = EDGE_CURVE ( 'NONE', #734, #6019, #2483, .T. ) ;
#4957 = CARTESIAN_POINT ( 'NONE',  ( 8.932094846991095200, 0.0000000000000000000, -5.787867965644033500 ) ) ;
#4958 = APPROVAL_PERSON_ORGANIZATION ( #1698, #5681, #1403 ) ;
#4959 = CARTESIAN_POINT ( 'NONE',  ( -0.05000000000000000300, 15.02837503864021500, 6.000000000000000000 ) ) ;
#4960 = CALENDAR_DATE ( 2023, 11, 7 ) ;
#4961 = EDGE_CURVE ( 'NONE', #5668, #809, #3147, .T. ) ;
#4962 = CARTESIAN_POINT ( 'NONE',  ( 6.533747535385991500, -13.45222831348286800, -5.602217234644990100 ) ) ;
#4963 = B_SPLINE_CURVE_WITH_KNOTS ( 'NONE', 3,
 ( #3, #5828, #958, #1433, #3396, #491, #2384, #6236, #456, #2401, #3883, #936, #3371, #1483, #476, #2457, #1962, #5344, #21, #2935, #4284, #5748, #3423, #3796, #889 ),
 .UNSPECIFIED., .F., .F.,
 ( 4, 3, 3, 3, 3, 3, 3, 3, 4 ),
 ( 0.0003576089778190567700, 0.0003626343305416511500, 0.0003751336018886962600, 0.0003952800579771911600, 0.0004154265102964865300, 0.0004355730134115523800, 0.0004557195170136850000, 0.0004758659491588497300, 0.0004773643735645362700 ),
 .UNSPECIFIED. ) ;
#4964 = CONICAL_SURFACE ( 'NONE', #3360, 15.02845821440191200, 0.5235987755982992600 ) ;
#4965 = FACE_OUTER_BOUND ( 'NONE', #547, .T. ) ;
#4966 = EDGE_CURVE ( 'NONE', #6112, #3325, #3660, .T. ) ;
#4967 = DIRECTION ( 'NONE',  ( 1.000000000000000000, 0.0000000000000000000, 0.0000000000000000000 ) ) ;
#4968 = VERTEX_POINT ( 'NONE', #3377 ) ;
#4969 = FACE_OUTER_BOUND ( 'NONE', #2594, .T. ) ;
#4970 = DIRECTION ( 'NONE',  ( -0.6234898018587320400, 0.7818314824680310200, 0.0000000000000000000 ) ) ;
#4971 = CARTESIAN_POINT ( 'NONE',  ( -14.76028222819466300, -3.317652255578556800, -5.353434673651931600 ) ) ;
#4973 = ORIENTED_EDGE ( 'NONE', *, *, #3375, .T. ) ;
#4972 = EDGE_LOOP ( 'NONE', ( #5809, #292, #5362, #2967, #4755, #3599, #5693, #2056, #53, #873, #2244, #4528, #6118, #2705, #6190, #4568, #5659, #2201, #6025, #5596 ) ) ;
#4974 = ORIENTED_EDGE ( 'NONE', *, *, #4315, .F. ) ;
#4975 = AXIS2_PLACEMENT_3D ( 'NONE', #3665, #2234, #5158 ) ;
#4976 = LINE ( 'NONE', #4943, #635 ) ;
#4977 = AXIS2_PLACEMENT_3D ( 'NONE', #1984, #533, #3915 ) ;
#4978 = VERTEX_POINT ( 'NONE', #1412 ) ;
#4980 = ORIENTED_EDGE ( 'NONE', *, *, #3649, .T. ) ;
#4979 = ORIENTED_EDGE ( 'NONE', *, *, #1072, .F. ) ;
#4981 = ORIENTED_EDGE ( 'NONE', *, *, #2207, .F. ) ;
#4982 = CARTESIAN_POINT ( 'NONE',  ( 0.0000000000000000000, 0.0000000000000000000, 5.922851331036798500 ) ) ;
#4983 = LINE ( 'NONE', #2318, #3999 ) ;
#4984 = CYLINDRICAL_SURFACE ( 'NONE', #6057, 16.03886114155692200 ) ;
#4985 = CARTESIAN_POINT ( 'NONE',  ( -14.55750222585390400, 1.782779850447245300E-015, 6.000000000000000000 ) ) ;
#4987 = ORIENTED_EDGE ( 'NONE', *, *, #4780, .F. ) ;
#4986 = ORIENTED_EDGE ( 'NONE', *, *, #613, .F. ) ;
#4988 = FACE_OUTER_BOUND ( 'NONE', #5217, .T. ) ;
#4989 = CONICAL_SURFACE ( 'NONE', #4909, 14.01368909232457900, 0.5235987755983009300 ) ;
#4990 = CARTESIAN_POINT ( 'NONE',  ( 13.96570648593265000, -3.136295527498749600, 5.411869347303862400 ) ) ;
#4991 = CARTESIAN_POINT ( 'NONE',  ( 0.0000000000000000000, 15.02845821440191400, -5.700000000000000200 ) ) ;
#4992 = CIRCLE ( 'NONE', #3804, 8.461138858443083800 ) ;
#4993 = ORIENTED_EDGE ( 'NONE', *, *, #207, .F. ) ;
#4994 = CARTESIAN_POINT ( 'NONE',  ( -14.35394267613413500, -3.327479590761384100, 5.947141906180245700 ) ) ;
#4995 = FACE_OUTER_BOUND ( 'NONE', #1717, .T. ) ;
#4996 = CARTESIAN_POINT ( 'NONE',  ( 11.55541817168515800, 9.151186088942543200, -5.945518194124296900 ) ) ;
#4997 = EDGE_CURVE ( 'NONE', #5516, #1613, #1408, .T. ) ;
#4998 = EDGE_LOOP ( 'NONE', ( #3182, #720, #3453, #5400 ) ) ;
#4999 = ORIENTED_EDGE ( 'NONE', *, *, #2690, .F. ) ;
#5000 = DIRECTION ( 'NONE',  ( 1.000000000000000000, 0.0000000000000000000, 0.0000000000000000000 ) ) ;
#5001 = DIRECTION ( 'NONE',  ( -0.0000000000000000000, -0.0000000000000000000, 1.000000000000000000 ) ) ;
#5002 = CARTESIAN_POINT ( 'NONE',  ( 13.98127241748802500, -3.139848349799067700, -5.434671360010759700 ) ) ;
#5003 = VERTEX_POINT ( 'NONE', #2921 ) ;
#5004 = EDGE_CURVE ( 'NONE', #809, #3226, #247, .T. ) ;
#5005 = ORIENTED_EDGE ( 'NONE', *, *, #2767, .F. ) ;
#5006 = ORIENTED_EDGE ( 'NONE', *, *, #5565, .T. ) ;
#5007 = DIRECTION ( 'NONE',  ( 1.000000000000000000, 0.0000000000000000000, 0.0000000000000000000 ) ) ;
#5008 = CARTESIAN_POINT ( 'NONE',  ( -11.58026725900576500, 9.171002574819011600, 5.919309338810702300 ) ) ;
#5009 = AXIS2_PLACEMENT_3D ( 'NONE', #3382, #1950, #12 ) ;
#5010 = EDGE_CURVE ( 'NONE', #3806, #4371, #4741, .T. ) ;
#5011 = CARTESIAN_POINT ( 'NONE',  ( 15.02845821440191200, 0.0000000000000000000, -6.000000000000000000 ) ) ;
#5012 = VERTEX_POINT ( 'NONE', #3777 ) ;
#5013 = DIRECTION ( 'NONE',  ( 0.6234898018587320400, -0.7818314824680310200, 0.0000000000000000000 ) ) ;
#5014 = CARTESIAN_POINT ( 'NONE',  ( -14.39085543773112300, -3.335904687717615900, 5.918436744855735100 ) ) ;
#5015 = DIRECTION ( 'NONE',  ( 0.0000000000000000000, 0.0000000000000000000, 1.000000000000000000 ) ) ;
#5016 = AXIS2_PLACEMENT_3D ( 'NONE', #2120, #5497, #3070 ) ;
#5017 = APPROVAL ( #4281, 'UNSPECIFIED' ) ;
#5018 = DIRECTION ( 'NONE',  ( -0.0000000000000000000, -0.0000000000000000000, 1.000000000000000000 ) ) ;
#5019 = DIRECTION ( 'NONE',  ( -1.000000000000000000, 0.0000000000000000000, 0.0000000000000000000 ) ) ;
#5020 = CARTESIAN_POINT ( 'NONE',  ( 0.0000000000000000000, 0.0000000000000000000, 6.000000000000000000 ) ) ;
#5021 = DATE_AND_TIME ( #1234, #27 ) ;
#5022 = AXIS2_PLACEMENT_3D ( 'NONE', #4870, #3050, #3428 ) ;
#5023 = EDGE_CURVE ( 'NONE', #3884, #4595, #6080, .T. ) ;
#5024 = CARTESIAN_POINT ( 'NONE',  ( -14.30087912755678100, -3.315368182070619300, 5.933060780161923700 ) ) ;
#5025 = ADVANCED_FACE ( 'NONE', ( #1173 ), #5273, .F. ) ;
#5026 = CARTESIAN_POINT ( 'NONE',  ( 11.56041410172134200, 9.155170210199116800, -5.942898760672944600 ) ) ;
#5027 = DIRECTION ( 'NONE',  ( -0.9009688679024219200, -0.4338837391175526200, 0.0000000000000000000 ) ) ;
#5028 = LINE ( 'NONE', #2753, #5641 ) ;
#5029 = CARTESIAN_POINT ( 'NONE',  ( 0.05000000000000005800, 14.72005782426656700, -5.948810452728518600 ) ) ;
#5030 = ORIENTED_EDGE ( 'NONE', *, *, #5077, .F. ) ;
#5031 = EDGE_CURVE ( 'NONE', #5053, #2567, #3214, .T. ) ;
#5032 = CARTESIAN_POINT ( 'NONE',  ( -14.36625571288425000, -3.330289961049524000, -5.942572141193089400 ) ) ;
#5033 = CARTESIAN_POINT ( 'NONE',  ( 14.38937388712020600, -3.335566533458900200, -5.921068843291819500 ) ) ;
#5034 = CIRCLE ( 'NONE', #921, 8.461138858443082000 ) ;
#5036 = ORIENTED_EDGE ( 'NONE', *, *, #4569, .T. ) ;
#5035 = EDGE_LOOP ( 'NONE', ( #3091, #3630, #4262, #5478 ) ) ;
#5037 = CARTESIAN_POINT ( 'NONE',  ( 0.0000000000000000000, 0.0000000000000000000, 6.000000000000000000 ) ) ;
#5038 = ORIENTED_EDGE ( 'NONE', *, *, #198, .T. ) ;
#5039 = CYLINDRICAL_SURFACE ( 'NONE', #612, 15.02845821440191200 ) ;
#5040 = AXIS2_PLACEMENT_3D ( 'NONE', #5176, #4700, #1798 ) ;
#5041 = EDGE_CURVE ( 'NONE', #4018, #2963, #2231, .T. ) ;
#5043 = ORIENTED_EDGE ( 'NONE', *, *, #4751, .T. ) ;
#5042 = ORIENTED_EDGE ( 'NONE', *, *, #3982, .F. ) ;
#5044 = CARTESIAN_POINT ( 'NONE',  ( 0.0000000000000000000, 0.0000000000000000000, -4.845955988548011500 ) ) ;
#5045 = VERTEX_POINT ( 'NONE', #2027 ) ;
#5046 = ORIENTED_EDGE ( 'NONE', *, *, #1190, .T. ) ;
#5047 = CARTESIAN_POINT ( 'NONE',  ( 0.05000000000000010000, 14.44335783513858700, 5.597398009426060000 ) ) ;
#5048 = CIRCLE ( 'NONE', #685, 15.02845821440191200 ) ;
#5049 = CARTESIAN_POINT ( 'NONE',  ( 11.57813001049041000, 9.169298176002316200, -5.923592372379001600 ) ) ;
#5050 = CARTESIAN_POINT ( 'NONE',  ( 11.85907940331444600, 9.393347840402153500, -6.000000000000000900 ) ) ;
#5051 = VECTOR ( 'NONE', #3574, 999.9999999999998900 ) ;
#5052 = CARTESIAN_POINT ( 'NONE',  ( -0.05000000000000006500, 14.70108892550995500, -5.945246423886637800 ) ) ;
#5054 = ORIENTED_EDGE ( 'NONE', *, *, #3823, .F. ) ;
#5053 = VERTEX_POINT ( 'NONE', #4381 ) ;
#5055 = AXIS2_PLACEMENT_3D ( 'NONE', #1459, #1959, #1002 ) ;
#5056 = CIRCLE ( 'NONE', #5477, 14.55750222585390400 ) ;
#5057 = LINE ( 'NONE', #2353, #4607 ) ;
#5058 = FACE_OUTER_BOUND ( 'NONE', #4142, .T. ) ;
#5059 = CARTESIAN_POINT ( 'NONE',  ( -14.61496982339831000, -3.284485647435851300, 5.559811490052915400 ) ) ;
#5060 = CARTESIAN_POINT ( 'NONE',  ( -14.76028222819466300, -3.317652255578556800, 6.000000000000000900 ) ) ;
#5061 = EDGE_LOOP ( 'NONE', ( #651, #529, #4451, #4914 ) ) ;
#5062 = ADVANCED_FACE ( 'NONE', ( #1099 ), #4898, .T. ) ;
#5063 = LINE ( 'NONE', #1327, #3778 ) ;
#5064 = CIRCLE ( 'NONE', #5234, 8.932094846991095200 ) ;
#5065 = AXIS2_PLACEMENT_3D ( 'NONE', #1539, #5368, #3900 ) ;
#5066 = ORIENTED_EDGE ( 'NONE', *, *, #829, .T. ) ;
#5067 = ORIENTED_EDGE ( 'NONE', *, *, #1072, .T. ) ;
#5068 = CARTESIAN_POINT ( 'NONE',  ( 14.66270834660474000, -3.295381653834949200, -6.000000000000000000 ) ) ;
#5069 = CARTESIAN_POINT ( 'NONE',  ( 0.0000000000000000000, 0.0000000000000000000, 6.000000000000000000 ) ) ;
#5070 = ORIENTED_EDGE ( 'NONE', *, *, #1683, .T. ) ;
#5071 = CARTESIAN_POINT ( 'NONE',  ( -14.33422304390353700, -3.322978713387377200, 5.948499693344809100 ) ) ;
#5072 = ORIENTED_EDGE ( 'NONE', *, *, #4942, .T. ) ;
#5073 = ORIENTED_EDGE ( 'NONE', *, *, #2082, .T. ) ;
#5074 = CARTESIAN_POINT ( 'NONE',  ( 11.67582646689372100, 9.247208500172066100, -5.707623739869335500 ) ) ;
#5075 = CARTESIAN_POINT ( 'NONE',  ( 6.260039315523141700, -12.88386733851992500, -5.427070689091481300 ) ) ;
#5076 = CARTESIAN_POINT ( 'NONE',  ( -0.05000000000000006500, 14.67701486054657200, -5.930101898033889500 ) ) ;
#5077 = EDGE_CURVE ( 'NONE', #4752, #1655, #4820, .T. ) ;
#5078 = CARTESIAN_POINT ( 'NONE',  ( 11.94286692422732800, -2.725881440964898200, -6.000769315822028800E-016 ) ) ;
#5079 = CARTESIAN_POINT ( 'NONE',  ( 6.255420988009149100, -12.87427728262074400, -6.000000000000000000 ) ) ;
#5080 = ORIENTED_EDGE ( 'NONE', *, *, #5538, .F. ) ;
#5081 = DIRECTION ( 'NONE',  ( 1.224646799147353200E-016, 0.0000000000000000000, -1.000000000000000000 ) ) ;
#5082 = DIRECTION ( 'NONE',  ( 1.000000000000000000, 0.0000000000000000000, 0.0000000000000000000 ) ) ;
#5083 = CARTESIAN_POINT ( 'NONE',  ( -6.165324101219088200, -12.91766565653241400, -5.353434673651931600 ) ) ;
#5084 = VERTEX_POINT ( 'NONE', #3928 ) ;
#5085 = EDGE_CURVE ( 'NONE', #5908, #3351, #4657, .T. ) ;
#5086 = CARTESIAN_POINT ( 'NONE',  ( 12.25000000000000000, 0.0000000000000000000, -6.429395695523609100E-016 ) ) ;
#5087 = CARTESIAN_POINT ( 'NONE',  ( 14.31353580660732300, 0.0000000000000000000, 6.000000000000000000 ) ) ;
#5088 = DIRECTION ( 'NONE',  ( 0.7071067811865418000, 0.0000000000000000000, 0.7071067811865532300 ) ) ;
#5089 = AXIS2_PLACEMENT_3D ( 'NONE', #1720, #4655, #204 ) ;
#5090 = ADVANCED_FACE ( 'NONE', ( #3373 ), #3461, .T. ) ;
#5091 = AXIS2_PLACEMENT_3D ( 'NONE', #5020, #2649, #4131 ) ;
#5092 = CARTESIAN_POINT ( 'NONE',  ( -11.51831793264028100, 9.249504436352340900, -5.918436744863155000 ) ) ;
#5093 = CARTESIAN_POINT ( 'NONE',  ( -0.05000000000000001700, 15.02837503864021700, 5.353434673651931600 ) ) ;
#5094 = CARTESIAN_POINT ( 'NONE',  ( 13.94345439253701700, -3.233788318716931600, 5.411869347303862400 ) ) ;
#5095 = DIRECTION ( 'NONE',  ( -0.0000000000000000000, -0.0000000000000000000, 1.000000000000000000 ) ) ;
#5096 = DIRECTION ( 'NONE',  ( 0.0000000000000000000, 0.0000000000000000000, -1.000000000000000000 ) ) ;
#5097 = DIRECTION ( 'NONE',  ( 0.6234898018587432500, 0.7818314824680220300, 0.0000000000000000000 ) ) ;
#5098 = AXIS2_PLACEMENT_3D ( 'NONE', #2918, #1902, #5800 ) ;
#5099 = DIRECTION ( 'NONE',  ( 0.0000000000000000000, 0.0000000000000000000, -1.000000000000000000 ) ) ;
#5100 = FACE_OUTER_BOUND ( 'NONE', #3353, .T. ) ;
#5101 = CARTESIAN_POINT ( 'NONE',  ( -11.78089625506750900, 9.330998860216448400, -6.000000000000000900 ) ) ;
#5102 = CARTESIAN_POINT ( 'NONE',  ( 0.0000000000000000000, 0.0000000000000000000, 6.000000000000000000 ) ) ;
#5103 = VECTOR ( 'NONE', #3870, 1000.000000000000000 ) ;
#5104 = CIRCLE ( 'NONE', #3046, 14.77243989039088300 ) ;
#5105 = EDGE_CURVE ( 'NONE', #3431, #474, #6239, .T. ) ;
#5106 = DIRECTION ( 'NONE',  ( -0.0000000000000000000, -0.0000000000000000000, 1.000000000000000000 ) ) ;
#5107 = DIRECTION ( 'NONE',  ( 0.6234898018586257900, 0.7818314824681157300, 0.0000000000000000000 ) ) ;
#5108 = ORIENTED_EDGE ( 'NONE', *, *, #2941, .T. ) ;
#5109 = DIRECTION ( 'NONE',  ( -0.0000000000000000000, -0.0000000000000000000, 1.000000000000000000 ) ) ;
#5110 = FACE_OUTER_BOUND ( 'NONE', #1895, .T. ) ;
#5111 = DIRECTION ( 'NONE',  ( 1.000000000000000000, 0.0000000000000000000, 0.0000000000000000000 ) ) ;
#5113 = EDGE_LOOP ( 'NONE', ( #4540, #5399 ) ) ;
#5112 = CLOSED_SHELL ( 'NONE', ( #4507, #1840 ) ) ;
#5114 = EDGE_CURVE ( 'NONE', #6207, #2567, #913, .T. ) ;
#5115 = ORIENTED_EDGE ( 'NONE', *, *, #2908, .F. ) ;
#5116 = VERTEX_POINT ( 'NONE', #5968 ) ;
#5117 = CARTESIAN_POINT ( 'NONE',  ( -14.31517689167144000, -3.318631553428159600, -5.943085793353259500 ) ) ;
#5118 = CARTESIAN_POINT ( 'NONE',  ( 0.0000000000000000000, 0.0000000000000000000, -5.353434673651931600 ) ) ;
#5119 = ADVANCED_FACE ( 'NONE', ( #2084 ), #2080, .T. ) ;
#5120 = LINE ( 'NONE', #5874, #3844 ) ;
#5121 = CIRCLE ( 'NONE', #3486, 14.67132924350647700 ) ;
#5123 = VERTEX_POINT ( 'NONE', #3081 ) ;
#5122 = ORIENTED_EDGE ( 'NONE', *, *, #2748, .T. ) ;
#5124 = CIRCLE ( 'NONE', #4796, 15.02845821440191200 ) ;
#5125 = AXIS2_PLACEMENT_3D ( 'NONE', #1260, #2710, #5159 ) ;
#5126 = FACE_OUTER_BOUND ( 'NONE', #4773, .T. ) ;
#5127 = EDGE_CURVE ( 'NONE', #226, #3830, #5034, .T. ) ;
#5128 = CARTESIAN_POINT ( 'NONE',  ( 0.0000000000000000000, 0.0000000000000000000, 5.475000000000000500 ) ) ;
#5129 = ADVANCED_FACE ( 'NONE', ( #2625 ), #4517, .T. ) ;
#5130 = DIRECTION ( 'NONE',  ( -0.0000000000000000000, -0.0000000000000000000, 1.000000000000000000 ) ) ;
#5131 = FACE_OUTER_BOUND ( 'NONE', #5878, .T. ) ;
#5133 = ORIENTED_EDGE ( 'NONE', *, *, #3729, .T. ) ;
#5132 = ORIENTED_EDGE ( 'NONE', *, *, #1673, .T. ) ;
#5134 = CARTESIAN_POINT ( 'NONE',  ( -14.41162598051588100, -3.238073742240522800, -5.921068843291818600 ) ) ;
#5135 = CONICAL_SURFACE ( 'NONE', #1826, 15.02845821440191200, 0.5235987755982992600 ) ;
#5136 = CARTESIAN_POINT ( 'NONE',  ( 14.38937388712020600, -3.335566533458900200, 5.921068843291819500 ) ) ;
#5137 = DIRECTION ( 'NONE',  ( -0.0000000000000000000, -0.0000000000000000000, -1.000000000000000000 ) ) ;
#5138 = LINE ( 'NONE', #3878, #6038 ) ;
#5139 = DIRECTION ( 'NONE',  ( -0.2225209339563049300, 0.9749279121818258400, 0.0000000000000000000 ) ) ;
#5140 = VERTEX_POINT ( 'NONE', #4029 ) ;
#5141 = CARTESIAN_POINT ( 'NONE',  ( 0.0000000000000000000, 0.0000000000000000000, 5.922851331036798500 ) ) ;
#5142 = ORIENTED_EDGE ( 'NONE', *, *, #1142, .T. ) ;
#5143 = DIRECTION ( 'NONE',  ( 1.000000000000000000, 0.0000000000000000000, 0.0000000000000000000 ) ) ;
#5144 = AXIS2_PLACEMENT_3D ( 'NONE', #4134, #4613, #2282 ) ;
#5145 = FACE_BOUND ( 'NONE', #2424, .T. ) ;
#5146 =( LENGTH_UNIT ( ) NAMED_UNIT ( * ) SI_UNIT ( .MILLI., .METRE. ) );
#5147 = CARTESIAN_POINT ( 'NONE',  ( 11.23436203954664200, 8.895152367224564900, 5.434671360010760600 ) ) ;
#5148 = DIRECTION ( 'NONE',  ( -0.0000000000000000000, -0.0000000000000000000, 1.000000000000000000 ) ) ;
#5149 = ORIENTED_EDGE ( 'NONE', *, *, #5210, .F. ) ;
#5150 = VERTEX_POINT ( 'NONE', #3577 ) ;
#5151 = CARTESIAN_POINT ( 'NONE',  ( 6.353196835861817600, -13.30778740985106100, -5.942898760672944600 ) ) ;
#5152 = AXIS2_PLACEMENT_3D ( 'NONE', #1581, #4846, #5 ) ;
#5153 = EDGE_CURVE ( 'NONE', #4941, #1594, #3298, .T. ) ;
#5154 = EDGE_LOOP ( 'NONE', ( #1281, #3987 ) ) ;
#5155 = CARTESIAN_POINT ( 'NONE',  ( 13.95383168026424400, -3.236156866922539800, 5.427070689091481300 ) ) ;
#5156 = ORIENTED_EDGE ( 'NONE', *, *, #3509, .F. ) ;
#5157 = ADVANCED_FACE ( 'NONE', ( #3456 ), #632, .T. ) ;
#5158 = DIRECTION ( 'NONE',  ( 1.000000000000000000, 0.0000000000000000000, 0.0000000000000000000 ) ) ;
#5159 = DIRECTION ( 'NONE',  ( 1.000000000000000000, 0.0000000000000000000, 0.0000000000000000000 ) ) ;
#5160 = EDGE_LOOP ( 'NONE', ( #1030, #3198, #2517, #5043 ) ) ;
#5161 = EDGE_CURVE ( 'NONE', #906, #5314, #3979, .T. ) ;
#5162 = CARTESIAN_POINT ( 'NONE',  ( -6.418922811066471100, -13.21379231657739000, -5.940503640635170300 ) ) ;
#5163 = DIRECTION ( 'NONE',  ( 0.0000000000000000000, 0.0000000000000000000, 1.000000000000000000 ) ) ;
#5164 = B_SPLINE_CURVE_WITH_KNOTS ( 'NONE', 3,
 ( #5995, #1679, #5074, #3058, #2154, #193, #2655 ),
 .UNSPECIFIED., .F., .F.,
 ( 4, 3, 4 ),
 ( 0.001465605684353204100, 0.001830745039545446100, 0.001977643053134279400 ),
 .UNSPECIFIED. ) ;
#5165 = CARTESIAN_POINT ( 'NONE',  ( 0.05000000000000005100, 14.77235527312704000, -5.918436744863155000 ) ) ;
#5166 = ADVANCED_FACE ( 'NONE', ( #779, #3907 ), #1604, .F. ) ;
#5167 = VERTEX_POINT ( 'NONE', #1130 ) ;
#5168 = DIRECTION ( 'NONE',  ( -0.0000000000000000000, -0.0000000000000000000, 1.000000000000000000 ) ) ;
#5169 = DIRECTION ( 'NONE',  ( 0.0000000000000000000, 0.0000000000000000000, -1.000000000000000000 ) ) ;
#5171 = CARTESIAN_POINT ( 'NONE',  ( 11.55029476741089000, 9.147100310373325300, 5.946985995365509800 ) ) ;
#5170 = DIRECTION ( 'NONE',  ( 1.000000000000000000, 0.0000000000000000000, 0.0000000000000000000 ) ) ;
#5172 = EDGE_CURVE ( 'NONE', #1668, #5045, #1865, .T. ) ;
#5173 = CARTESIAN_POINT ( 'NONE',  ( 11.43926598975209800, 9.186462615559293000, 5.922851331036820700 ) ) ;
#5174 = DIRECTION ( 'NONE',  ( -0.0000000000000000000, -0.0000000000000000000, 1.000000000000000000 ) ) ;
#5175 = CARTESIAN_POINT ( 'NONE',  ( 8.461138858443082000, 0.0000000000000000000, -5.787867965644033500 ) ) ;
#5176 = CARTESIAN_POINT ( 'NONE',  ( 0.0000000000000000000, 12.25000000000000000, -6.000769315822028800E-016 ) ) ;
#5177 = DIRECTION ( 'NONE',  ( 1.000000000000000000, 0.0000000000000000000, 0.0000000000000000000 ) ) ;
#5178 = DIRECTION ( 'NONE',  ( 0.6234898018587320400, -0.7818314824680310200, 0.0000000000000000000 ) ) ;
#5179 = CARTESIAN_POINT ( 'NONE',  ( -11.56563627272795500, 9.159334752609355600, -5.939165479577829000 ) ) ;
#5180 = DIRECTION ( 'NONE',  ( -0.9749279121818226200, 0.2225209339563183300, -0.0000000000000000000 ) ) ;
#5181 = B_SPLINE_CURVE_WITH_KNOTS ( 'NONE', 3,
 ( #532, #3909, #4938, #3956, #1490, #1549, #2470 ),
 .UNSPECIFIED., .F., .F.,
 ( 4, 3, 4 ),
 ( 0.001465605684353203700, 0.001830745039545445400, 0.001977643053134279400 ),
 .UNSPECIFIED. ) ;
#5182 = CARTESIAN_POINT ( 'NONE',  ( 0.0000000000000000000, 0.0000000000000000000, 0.0000000000000000000 ) ) ;
#5183 = CARTESIAN_POINT ( 'NONE',  ( -14.38785268876993800, -3.232647643534738400, 5.942898760672944600 ) ) ;
#5185 = CARTESIAN_POINT ( 'NONE',  ( 11.53456464872622400, 9.134555959318344500, 5.948026407833841000 ) ) ;
#5184 = CARTESIAN_POINT ( 'NONE',  ( 0.0000000000000000000, 0.0000000000000000000, -6.429395695523609100E-016 ) ) ;
#5186 = FACE_OUTER_BOUND ( 'NONE', #543, .T. ) ;
#5187 = AXIS2_PLACEMENT_3D ( 'NONE', #3055, #134, #3526 ) ;
#5188 = CARTESIAN_POINT ( 'NONE',  ( -11.56970379396035900, 9.162578492550910200, 5.934919143280428200 ) ) ;
#5189 = ORIENTED_EDGE ( 'NONE', *, *, #728, .F. ) ;
#5190 = DIRECTION ( 'NONE',  ( 1.000000000000000000, 0.0000000000000000000, 0.0000000000000000000 ) ) ;
#5191 = CYLINDRICAL_SURFACE ( 'NONE', #2018, 18.50000000000000000 ) ;
#5192 = ADVANCED_FACE ( 'NONE', ( #4122 ), #1243, .T. ) ;
#5194 = ORIENTED_EDGE ( 'NONE', *, *, #3912, .T. ) ;
#5193 = ORIENTED_EDGE ( 'NONE', *, *, #3335, .F. ) ;
#5195 = ORIENTED_EDGE ( 'NONE', *, *, #323, .F. ) ;
#5196 = EDGE_CURVE ( 'NONE', #5914, #5908, #4776, .T. ) ;
#5197 = CARTESIAN_POINT ( 'NONE',  ( -14.38162286591321900, -3.231225727121085400, -5.945518194124296900 ) ) ;
#5198 = FACE_OUTER_BOUND ( 'NONE', #5431, .T. ) ;
#5199 = DIRECTION ( 'NONE',  ( 1.000000000000000000, 0.0000000000000000000, 0.0000000000000000000 ) ) ;
#5200 = CARTESIAN_POINT ( 'NONE',  ( 11.50161496993799300, 9.108279467312506500, 5.922851331036797600 ) ) ;
#5201 = CARTESIAN_POINT ( 'NONE',  ( 6.411528893501408500, -13.19843868854951600, 5.925578038978351900 ) ) ;
#5203 = ORIENTED_EDGE ( 'NONE', *, *, #3034, .F. ) ;
#5202 = ORIENTED_EDGE ( 'NONE', *, *, #2682, .T. ) ;
#5204 = CARTESIAN_POINT ( 'NONE',  ( -6.423179542032059400, -13.22263150950688300, -5.945295989391454800 ) ) ;
#5205 = ORIENTED_EDGE ( 'NONE', *, *, #1878, .T. ) ;
#5206 = CARTESIAN_POINT ( 'NONE',  ( -11.51522931772075100, 9.119136547376513100, -5.939797578137314500 ) ) ;
#5207 = B_SPLINE_CURVE_WITH_KNOTS ( 'NONE', 3,
 ( #6064, #1749, #5618, #5147, #288, #1271, #3590 ),
 .UNSPECIFIED., .F., .F.,
 ( 4, 3, 4 ),
 ( 0.001235889684214379600, 0.001263725857711642900, 0.001859684726850812900 ),
 .UNSPECIFIED. ) ;
#5208 = LINE ( 'NONE', #2339, #1807 ) ;
#5209 = DIRECTION ( 'NONE',  ( 0.0000000000000000000, 0.0000000000000000000, -1.000000000000000000 ) ) ;
#5210 = EDGE_CURVE ( 'NONE', #5956, #5150, #6162, .T. ) ;
#5211 = VECTOR ( 'NONE', #999, 1000.000000000000100 ) ;
#5212 = DIRECTION ( 'NONE',  ( 0.0000000000000000000, 0.0000000000000000000, -1.000000000000000000 ) ) ;
#5213 = DIRECTION ( 'NONE',  ( -0.0000000000000000000, -0.0000000000000000000, 1.000000000000000000 ) ) ;
#5215 = DIRECTION ( 'NONE',  ( 0.0000000000000000000, 0.0000000000000000000, -1.000000000000000000 ) ) ;
#5214 = CARTESIAN_POINT ( 'NONE',  ( 6.322028746616220800, -13.24306620564230400, 5.927666725627948300 ) ) ;
#5217 = EDGE_LOOP ( 'NONE', ( #2404, #792, #4416, #2166 ) ) ;
#5216 = ORIENTED_EDGE ( 'NONE', *, *, #2013, .F. ) ;
#5218 = FACE_OUTER_BOUND ( 'NONE', #760, .T. ) ;
#5219 = CIRCLE ( 'NONE', #3450, 14.67132924350647700 ) ;
#5220 = ORIENTED_EDGE ( 'NONE', *, *, #1442, .T. ) ;
#5221 = ORIENTED_EDGE ( 'NONE', *, *, #2150, .T. ) ;
#5222 = AXIS2_PLACEMENT_3D ( 'NONE', #3565, #5432, #5489 ) ;
#5223 = CARTESIAN_POINT ( 'NONE',  ( 18.50000000000000000, 2.265596578422603400E-015, 5.100000000000001400 ) ) ;
#5224 = AXIS2_PLACEMENT_3D ( 'NONE', #4369, #5363, #2396 ) ;
#5225 = FACE_OUTER_BOUND ( 'NONE', #1152, .T. ) ;
#5226 = DIRECTION ( 'NONE',  ( 0.6234898018587431400, 0.7818314824680221400, 1.224646799147353200E-016 ) ) ;
#5227 = EDGE_LOOP ( 'NONE', ( #3926, #182, #337, #4744 ) ) ;
#5228 = CARTESIAN_POINT ( 'NONE',  ( 0.0000000000000000000, 0.0000000000000000000, -5.475000000000000500 ) ) ;
#5229 = ORIENTED_EDGE ( 'NONE', *, *, #1713, .F. ) ;
#5230 = CARTESIAN_POINT ( 'NONE',  ( -6.342146111298836400, -13.28484034384793200, 5.948433861821531100 ) ) ;
#5231 = CARTESIAN_POINT ( 'NONE',  ( 0.05000000000000011400, 14.31344847641650600, 5.411869347303862400 ) ) ;
#5232 = CARTESIAN_POINT ( 'NONE',  ( 11.22187913163943300, 8.885197580352695500, 5.411869347303862400 ) ) ;
#5233 = CARTESIAN_POINT ( 'NONE',  ( -6.410662666309396400, -13.19663994925053700, -5.922851331036797600 ) ) ;
#5234 = AXIS2_PLACEMENT_3D ( 'NONE', #1013, #1948, #995 ) ;
#5235 = EDGE_LOOP ( 'NONE', ( #2181, #3622 ) ) ;
#5236 = ORIENTED_EDGE ( 'NONE', *, *, #162, .T. ) ;
#5237 = ADVANCED_FACE ( 'NONE', ( #40 ), #4597, .T. ) ;
#5238 = CARTESIAN_POINT ( 'NONE',  ( -14.31453137071980600, -3.215912531156111900, 5.922851331036797600 ) ) ;
#5240 = DIRECTION ( 'NONE',  ( -0.0000000000000000000, -0.0000000000000000000, 1.000000000000000000 ) ) ;
#5239 = DIRECTION ( 'NONE',  ( -0.0000000000000000000, -0.0000000000000000000, -1.000000000000000000 ) ) ;
#5241 = VERTEX_POINT ( 'NONE', #1700 ) ;
#5242 = CARTESIAN_POINT ( 'NONE',  ( 0.05000000000000011400, 14.31344847641650600, -5.411869347303862400 ) ) ;
#5243 = CARTESIAN_POINT ( 'NONE',  ( 0.0000000000000000000, 0.0000000000000000000, 6.000000000000000000 ) ) ;
#5244 = EDGE_CURVE ( 'NONE', #116, #683, #5428, .T. ) ;
#5245 = VERTEX_POINT ( 'NONE', #2208 ) ;
#5246 = PLANE ( 'NONE',  #4113 ) ;
#5247 = CARTESIAN_POINT ( 'NONE',  ( -8.932094846991095200, 1.093866136404821100E-015, -5.787867965644033500 ) ) ;
#5248 = ORIENTED_EDGE ( 'NONE', *, *, #410, .F. ) ;
#5249 = DIRECTION ( 'NONE',  ( 1.000000000000000000, 0.0000000000000000000, 0.0000000000000000000 ) ) ;
#5250 = CARTESIAN_POINT ( 'NONE',  ( -6.320565779519142800, -13.24002832316226900, 5.922851331036820700 ) ) ;
#5251 = CARTESIAN_POINT ( 'NONE',  ( -0.05000000000000005800, 14.73449323107782800, 5.947141906180245700 ) ) ;
#5252 = EDGE_CURVE ( 'NONE', #4786, #381, #3743, .T. ) ;
#5253 = CARTESIAN_POINT ( 'NONE',  ( 0.0000000000000000000, 0.0000000000000000000, 6.000000000000000900 ) ) ;
#5254 = CARTESIAN_POINT ( 'NONE',  ( -11.51109749504145100, 9.115841528742191000, -5.935654072712593700 ) ) ;
#5255 = B_SPLINE_CURVE_WITH_KNOTS ( 'NONE', 3,
 ( #1615, #4514, #5049, #5958, #2612, #216, #1206, #5026, #4996, #4587, #2599, #4084, #4055, #1159, #1120, #5558, #702, #1175, #2123, #4561, #3074, #3121 ),
 .UNSPECIFIED., .F., .F.,
 ( 4, 3, 3, 3, 3, 3, 3, 4 ),
 ( 0.0002729695107799596900, 0.0002820482917521218900, 0.0003021945365587059800, 0.0003223408922757458600, 0.0003424873530129699700, 0.0003626338669241265700, 0.0003751336404210385100, 0.0003927652499993079300 ),
 .UNSPECIFIED. ) ;
#5256 = PERSON_AND_ORGANIZATION_ROLE ( 'design_supplier' ) ;
#5257 = CARTESIAN_POINT ( 'NONE',  ( 15.02845821440191200, 0.0000000000000000000, -6.000000000000000000 ) ) ;
#5259 = DIRECTION ( 'NONE',  ( -0.7818314824680309100, -0.6234898018587321500, 0.0000000000000000000 ) ) ;
#5258 = CARTESIAN_POINT ( 'NONE',  ( 11.16369112077494400, 8.966698990905255700, 5.419470018189162600 ) ) ;
#5260 = AXIS2_PLACEMENT_3D ( 'NONE', #546, #2464, #1972 ) ;
#5261 = AXIS2_PLACEMENT_3D ( 'NONE', #1934, #2490, #4862 ) ;
#5262 = DIRECTION ( 'NONE',  ( 0.0000000000000000000, 0.0000000000000000000, -1.000000000000000000 ) ) ;
#5263 = CARTESIAN_POINT ( 'NONE',  ( -14.31353580660732300, 1.752902581004268700E-015, 5.351869347303861900 ) ) ;
#5264 = CARTESIAN_POINT ( 'NONE',  ( -0.05000000000000011400, 14.32941471490539900, 5.434671360010759700 ) ) ;
#5265 = ADVANCED_FACE ( 'NONE', ( #2311 ), #2853, .F. ) ;
#5266 = LINE ( 'NONE', #397, #1779 ) ;
#5267 = CARTESIAN_POINT ( 'NONE',  ( -14.33309174751270700, -3.220148816041313600, -5.940503640635170300 ) ) ;
#5268 = AXIS2_PLACEMENT_3D ( 'NONE', #6214, #3348, #908 ) ;
#5269 = DIRECTION ( 'NONE',  ( 0.0000000000000000000, 0.0000000000000000000, -1.000000000000000000 ) ) ;
#5270 = CARTESIAN_POINT ( 'NONE',  ( 0.0000000000000000000, 0.0000000000000000000, -4.374999999999999100 ) ) ;
#5271 = CARTESIAN_POINT ( 'NONE',  ( -0.05000000000000005800, 14.72769681199518400, 5.948368030137144700 ) ) ;
#5272 = CARTESIAN_POINT ( 'NONE',  ( 12.99794839603101500, 10.36551795590142300, -3.321854442687193000E-016 ) ) ;
#5273 = CYLINDRICAL_SURFACE ( 'NONE', #698, 8.461138858443082000 ) ;
#5274 = CARTESIAN_POINT ( 'NONE',  ( 8.461138858443082000, 0.0000000000000000000, 6.000000000000000000 ) ) ;
#5275 = SPHERICAL_SURFACE ( 'NONE', #1007, 4.375000000000000000 ) ;
#5276 = DIRECTION ( 'NONE',  ( 0.0000000000000000000, 1.000000000000000000, -0.0000000000000000000 ) ) ;
#5277 = VERTEX_POINT ( 'NONE', #2188 ) ;
#5278 = CARTESIAN_POINT ( 'NONE',  ( -11.48794578722488600, 9.225283458620293000, 5.946985995365509800 ) ) ;
#5280 = PLANE ( 'NONE',  #1516 ) ;
#5279 = CARTESIAN_POINT ( 'NONE',  ( 6.327263351766474900, -13.25393597523941500, 5.938247467940449600 ) ) ;
#5281 = AXIS2_PLACEMENT_3D ( 'NONE', #480, #1438, #3359 ) ;
#5282 = SPHERICAL_SURFACE ( 'NONE', #4499, 4.375000000000000000 ) ;
#5283 = EDGE_CURVE ( 'NONE', #3427, #5140, #2162, .T. ) ;
#5284 = PLANE ( 'NONE',  #5711 ) ;
#5286 = ORIENTED_EDGE ( 'NONE', *, *, #1907, .F. ) ;
#5285 = ORIENTED_EDGE ( 'NONE', *, *, #5529, .T. ) ;
#5287 = CARTESIAN_POINT ( 'NONE',  ( 0.0000000000000000000, 0.0000000000000000000, -4.374999999999999100 ) ) ;
#5288 = ORIENTED_EDGE ( 'NONE', *, *, #1817, .F. ) ;
#5289 = DIRECTION ( 'NONE',  ( -0.2225209339563182200, -0.9749279121818227300, 0.0000000000000000000 ) ) ;
#5290 = DIRECTION ( 'NONE',  ( 0.0000000000000000000, 0.0000000000000000000, 1.000000000000000000 ) ) ;
#5291 = LINE ( 'NONE', #2189, #4750 ) ;
#5292 = FACE_OUTER_BOUND ( 'NONE', #1303, .T. ) ;
#5294 = ORIENTED_EDGE ( 'NONE', *, *, #4032, .T. ) ;
#5293 = EDGE_LOOP ( 'NONE', ( #2284, #4973, #5536, #521 ) ) ;
#5295 = EDGE_CURVE ( 'NONE', #3051, #2314, #4290, .T. ) ;
#5296 = CARTESIAN_POINT ( 'NONE',  ( 11.71854727488177000, 9.409182008463082200, -6.000000000000000900 ) ) ;
#5297 = CIRCLE ( 'NONE', #3495, 14.55750222585390400 ) ;
#5298 = TOROIDAL_SURFACE ( 'NONE', #79, 14.72047836616381700, 0.05999999999999999800 ) ;
#5299 = CARTESIAN_POINT ( 'NONE',  ( -0.05000000000000005100, 14.77158029824329000, 5.919740685676537800 ) ) ;
#5300 = CYLINDRICAL_SURFACE ( 'NONE', #2260, 8.932094846991093500 ) ;
#5302 = ORIENTED_EDGE ( 'NONE', *, *, #1849, .F. ) ;
#5301 = ORIENTED_EDGE ( 'NONE', *, *, #4643, .F. ) ;
#5303 = DIRECTION ( 'NONE',  ( -1.000000000000000000, -1.776356839400250500E-015, 0.0000000000000000000 ) ) ;
#5304 = FACE_OUTER_BOUND ( 'NONE', #1992, .T. ) ;
#5305 = DIRECTION ( 'NONE',  ( 0.0000000000000000000, 0.0000000000000000000, 1.000000000000000000 ) ) ;
#5306 = LINE ( 'NONE', #6100, #3105 ) ;
#5307 = EDGE_CURVE ( 'NONE', #5277, #1642, #5867, .T. ) ;
#5309 = DIRECTION ( 'NONE',  ( 1.000000000000000000, 0.0000000000000000000, 0.0000000000000000000 ) ) ;
#5308 = DIRECTION ( 'NONE',  ( 0.4338837391175524600, -0.9009688679024218100, 0.0000000000000000000 ) ) ;
#5310 = CIRCLE ( 'NONE', #5261, 15.02845821440191200 ) ;
#5311 = VERTEX_POINT ( 'NONE', #4641 ) ;
#5312 = LINE ( 'NONE', #1369, #4014 ) ;
#5313 = DIRECTION ( 'NONE',  ( -0.0000000000000000000, -0.0000000000000000000, 1.000000000000000000 ) ) ;
#5314 = VERTEX_POINT ( 'NONE', #4624 ) ;
#5315 = AXIS2_PLACEMENT_3D ( 'NONE', #5718, #2304, #3268 ) ;
#5316 = ORIENTED_EDGE ( 'NONE', *, *, #478, .F. ) ;
#5317 = AXIS2_PLACEMENT_3D ( 'NONE', #1731, #4163, #1255 ) ;
#5318 = DIRECTION ( 'NONE',  ( 0.0000000000000000000, -0.0000000000000000000, 1.000000000000000000 ) ) ;
#5319 = CARTESIAN_POINT ( 'NONE',  ( 0.0000000000000000000, 0.0000000000000000000, 5.411869347303862400 ) ) ;
#5320 = ORIENTED_EDGE ( 'NONE', *, *, #500, .T. ) ;
#5321 = CARTESIAN_POINT ( 'NONE',  ( -0.05000000000000005100, 14.76807660213553500, 5.925469712029102000 ) ) ;
#5322 = DIRECTION ( 'NONE',  ( 0.0000000000000000000, 0.0000000000000000000, -1.000000000000000000 ) ) ;
#5323 = AXIS2_PLACEMENT_3D ( 'NONE', #5270, #2376, #1932 ) ;
#5324 = ORIENTED_EDGE ( 'NONE', *, *, #5664, .T. ) ;
#5325 = CARTESIAN_POINT ( 'NONE',  ( 0.0000000000000000000, 0.0000000000000000000, 4.374999999999999100 ) ) ;
#5326 = ORIENTED_EDGE ( 'NONE', *, *, #2251, .T. ) ;
#5327 = APPROVAL_ROLE ( '' ) ;
#5328 = DIRECTION ( 'NONE',  ( -0.7071067811865418000, 8.659560562354862600E-017, 0.7071067811865532300 ) ) ;
#5330 = DIRECTION ( 'NONE',  ( -0.0000000000000000000, -0.0000000000000000000, 1.000000000000000000 ) ) ;
#5329 = CARTESIAN_POINT ( 'NONE',  ( 0.0000000000000000000, 14.55750222585390400, 4.374999999999999100 ) ) ;
#5331 = ORIENTED_EDGE ( 'NONE', *, *, #1081, .F. ) ;
#5332 = CARTESIAN_POINT ( 'NONE',  ( 0.0000000000000000000, 16.62500000000000000, -3.321854442687193000E-016 ) ) ;
#5333 = EDGE_CURVE ( 'NONE', #925, #4592, #5207, .T. ) ;
#5334 = CARTESIAN_POINT ( 'NONE',  ( -11.71848224545256300, 9.409130149224070600, -5.475000000000000500 ) ) ;
#5335 = CARTESIAN_POINT ( 'NONE',  ( 0.0000000000000000000, 0.0000000000000000000, 5.922851331036798500 ) ) ;
#5336 = CARTESIAN_POINT ( 'NONE',  ( -6.361224608556692100, -13.09398076452207100, -5.760124666611658600 ) ) ;
#5337 = DIRECTION ( 'NONE',  ( -1.000000000000000000, 0.0000000000000000000, 0.0000000000000000000 ) ) ;
#5338 = DIRECTION ( 'NONE',  ( -0.0000000000000000000, -0.0000000000000000000, 1.000000000000000000 ) ) ;
#5339 = EDGE_CURVE ( 'NONE', #4978, #1285, #869, .T. ) ;
#5340 = CARTESIAN_POINT ( 'NONE',  ( 0.05000000000000005800, 14.75784658615539700, 5.935790468940135500 ) ) ;
#5341 = DIRECTION ( 'NONE',  ( -0.0000000000000000000, -0.0000000000000000000, 1.000000000000000000 ) ) ;
#5342 = CARTESIAN_POINT ( 'NONE',  ( 0.0000000000000000000, 0.0000000000000000000, -5.353434673651931600 ) ) ;
#5344 = CARTESIAN_POINT ( 'NONE',  ( 11.50328729254221300, 9.237517900855992900, -5.939165479577829900 ) ) ;
#5343 = CARTESIAN_POINT ( 'NONE',  ( 0.0000000000000000000, 0.0000000000000000000, -5.231869347303861800 ) ) ;
#5345 = B_SPLINE_CURVE_WITH_KNOTS ( 'NONE', 3,
 ( #911, #4722, #4304, #859, #2826, #394, #3788 ),
 .UNSPECIFIED., .F., .F.,
 ( 4, 3, 4 ),
 ( 0.001683847025956608000, 0.001830745039545440600, 0.002195884394735871100 ),
 .UNSPECIFIED. ) ;
#5346 = AXIS2_PLACEMENT_3D ( 'NONE', #2885, #5290, #4758 ) ;
#5347 = EDGE_CURVE ( 'NONE', #3145, #3782, #6009, .T. ) ;
#5348 = DIRECTION ( 'NONE',  ( 1.224646799147353200E-016, 1.000000000000000000, 0.0000000000000000000 ) ) ;
#5349 = LINE ( 'NONE', #6072, #4123 ) ;
#5350 = MANIFOLD_SOLID_BREP ( 'CirPattern1[5]', #43 ) ;
#5351 = CARTESIAN_POINT ( 'NONE',  ( 0.0000000000000000000, 0.0000000000000000000, -5.475000000000000500 ) ) ;
#5352 = ORIENTED_EDGE ( 'NONE', *, *, #2515, .T. ) ;
#5353 = DIRECTION ( 'NONE',  ( -0.0000000000000000000, -0.0000000000000000000, 1.000000000000000000 ) ) ;
#5354 = LINE ( 'NONE', #2446, #4052 ) ;
#5355 = AXIS2_PLACEMENT_3D ( 'NONE', #4362, #5783, #11 ) ;
#5356 = CARTESIAN_POINT ( 'NONE',  ( 0.0000000000000000000, 15.02845821440191400, 5.700000000000000200 ) ) ;
#5357 = DIRECTION ( 'NONE',  ( 0.0000000000000000000, 0.0000000000000000000, -1.000000000000000000 ) ) ;
#5358 = CARTESIAN_POINT ( 'NONE',  ( 14.41260917097312700, -3.238298149046677100, -5.919309338810702300 ) ) ;
#5360 = ORIENTED_EDGE ( 'NONE', *, *, #2698, .T. ) ;
#5359 = ORIENTED_EDGE ( 'NONE', *, *, #1454, .F. ) ;
#5361 = CARTESIAN_POINT ( 'NONE',  ( 0.05000000000000005100, 14.76911045324863300, 5.923592372379001600 ) ) ;
#5362 = ORIENTED_EDGE ( 'NONE', *, *, #4357, .T. ) ;
#5363 = DIRECTION ( 'NONE',  ( 0.0000000000000000000, 0.0000000000000000000, 1.000000000000000000 ) ) ;
#5364 = FACE_OUTER_BOUND ( 'NONE', #2214, .T. ) ;
#5365 = DIRECTION ( 'NONE',  ( 0.0000000000000000000, 0.0000000000000000000, -1.000000000000000000 ) ) ;
#5366 = ADVANCED_FACE ( 'NONE', ( #5724 ), #4964, .T. ) ;
#5367 = CARTESIAN_POINT ( 'NONE',  ( 0.0000000000000000000, 6.900000000000001200, -6.000000000000000000 ) ) ;
#5368 = DIRECTION ( 'NONE',  ( -0.2225209339563049300, 0.9749279121818258400, 0.0000000000000000000 ) ) ;
#5370 = ORIENTED_EDGE ( 'NONE', *, *, #3649, .F. ) ;
#5369 = ORIENTED_EDGE ( 'NONE', *, *, #6166, .T. ) ;
#5371 = ORIENTED_EDGE ( 'NONE', *, *, #851, .F. ) ;
#5372 = EDGE_CURVE ( 'NONE', #3905, #2197, #3825, .T. ) ;
#5373 = VECTOR ( 'NONE', #2146, 1000.000000000000000 ) ;
#5374 = VECTOR ( 'NONE', #4830, 1000.000000000000000 ) ;
#5376 = ORIENTED_EDGE ( 'NONE', *, *, #5085, .F. ) ;
#5375 = CLOSED_SHELL ( 'NONE', ( #701, #6035 ) ) ;
#5377 = CARTESIAN_POINT ( 'NONE',  ( 6.448449112904763000, -13.27510431410672900, -5.934919143280428200 ) ) ;
#5378 = VECTOR ( 'NONE', #4232, 1000.000000000000000 ) ;
#5379 = CIRCLE ( 'NONE', #2724, 6.000000000000001800 ) ;
#5380 = EDGE_CURVE ( 'NONE', #542, #827, #1709, .T. ) ;
#5381 = CIRCLE ( 'NONE', #3584, 8.461138858443082000 ) ;
#5382 = CARTESIAN_POINT ( 'NONE',  ( 14.36560059537426200, -3.330140434753114900, 5.942898760672944600 ) ) ;
#5383 = ORIENTED_EDGE ( 'NONE', *, *, #2251, .F. ) ;
#5384 = DIRECTION ( 'NONE',  ( 1.000000000000000000, 0.0000000000000000000, 0.0000000000000000000 ) ) ;
#5385 = CIRCLE ( 'NONE', #3124, 15.02845821440191200 ) ;
#5386 = CARTESIAN_POINT ( 'NONE',  ( -14.53176955415668600, -3.265495728913947500, -5.707623739869335500 ) ) ;
#5387 = DIRECTION ( 'NONE',  ( 0.0000000000000000000, 0.0000000000000000000, -1.000000000000000000 ) ) ;
#5388 = DIRECTION ( 'NONE',  ( -0.0000000000000000000, -0.0000000000000000000, 1.000000000000000000 ) ) ;
#5389 = ORIENTED_EDGE ( 'NONE', *, *, #3010, .F. ) ;
#5390 = ORIENTED_EDGE ( 'NONE', *, *, #5604, .F. ) ;
#5391 = DIRECTION ( 'NONE',  ( -0.0000000000000000000, -0.0000000000000000000, 1.000000000000000000 ) ) ;
#5392 = AXIS2_PLACEMENT_3D ( 'NONE', #5356, #5318, #503 ) ;
#5393 = EDGE_CURVE ( 'NONE', #1522, #2734, #415, .T. ) ;
#5394 = DIRECTION ( 'NONE',  ( -0.0000000000000000000, -0.0000000000000000000, 1.000000000000000000 ) ) ;
#5396 = CARTESIAN_POINT ( 'NONE',  ( 3.416834445550727100, -7.095129834731571900, -3.321854442687193000E-016 ) ) ;
#5395 = PLANE ( 'NONE',  #4511 ) ;
#5397 = B_SPLINE_CURVE_WITH_KNOTS ( 'NONE', 3,
 ( #78, #1083, #4479, #5955, #2073, #5423, #5467, #3498, #2550, #111, #3056, #3959, #4020, #2574, #135, #3474, #5931, #1566, #3513, #611, #625, #1537 ),
 .UNSPECIFIED., .F., .F.,
 ( 4, 3, 3, 3, 3, 3, 3, 4 ),
 ( 0.0002729695107799562800, 0.0002820482917521183100, 0.0003021945365587018100, 0.0003223408922757397400, 0.0003424873530129643900, 0.0003626338669241217500, 0.0003751336404210322200, 0.0003927652499993016400 ),
 .UNSPECIFIED. ) ;
#5398 = ORIENTED_EDGE ( 'NONE', *, *, #2619, .F. ) ;
#5399 = ORIENTED_EDGE ( 'NONE', *, *, #4196, .F. ) ;
#5400 = ORIENTED_EDGE ( 'NONE', *, *, #990, .T. ) ;
#5401 = CARTESIAN_POINT ( 'NONE',  ( 14.40893613535904000, -3.237459802636558900, 5.925469712029102000 ) ) ;
#5402 = DIRECTION ( 'NONE',  ( 1.000000000000000000, 0.0000000000000000000, 0.0000000000000000000 ) ) ;
#5403 = AXIS2_PLACEMENT_3D ( 'NONE', #5037, #3087, #3142 ) ;
#5404 = ADVANCED_FACE ( 'NONE', ( #572 ), #1786, .T. ) ;
#5405 = EDGE_LOOP ( 'NONE', ( #5442, #2608, #5202, #1274 ) ) ;
#5406 = CARTESIAN_POINT ( 'NONE',  ( 14.39436462950242800, -3.234133951512749400, -5.939165479577829900 ) ) ;
#5407 = VERTEX_POINT ( 'NONE', #2272 ) ;
#5408 = CARTESIAN_POINT ( 'NONE',  ( 0.0000000000000000000, 0.0000000000000000000, 6.000000000000000000 ) ) ;
#5409 = AXIS2_PLACEMENT_3D ( 'NONE', #1016, #5387, #3970 ) ;
#5410 = EDGE_CURVE ( 'NONE', #6172, #2750, #2558, .T. ) ;
#5411 = CARTESIAN_POINT ( 'NONE',  ( 0.0000000000000000000, 12.25000000000000000, -6.000769315822028800E-016 ) ) ;
#5412 = PLANE ( 'NONE',  #2706 ) ;
#5414 = CARTESIAN_POINT ( 'NONE',  ( 0.05000000000000006500, 14.70009249853154600, -5.945295989391454800 ) ) ;
#5413 = CARTESIAN_POINT ( 'NONE',  ( 0.0000000000000000000, 12.25000000000000000, -6.000769315822028800E-016 ) ) ;
#5415 = EDGE_CURVE ( 'NONE', #5940, #2453, #1941, .T. ) ;
#5416 = CARTESIAN_POINT ( 'NONE',  ( -14.64045625320915500, -3.392874445052934000, -5.353434673651931600 ) ) ;
#5417 = CARTESIAN_POINT ( 'NONE',  ( -0.05000000000000010700, 14.31344847641650400, -6.000000000000000000 ) ) ;
#5418 = CARTESIAN_POINT ( 'NONE',  ( -6.437677915785347000, -13.25273769282108600, 5.946985995365509800 ) ) ;
#5419 = B_SPLINE_CURVE_WITH_KNOTS ( 'NONE', 3,
 ( #1319, #1912, #3276, #4322, #2820, #4760, #3818 ),
 .UNSPECIFIED., .F., .F.,
 ( 4, 3, 4 ),
 ( 0.001683847025956607800, 0.001830745039545440600, 0.002195884394735869800 ),
 .UNSPECIFIED. ) ;
#5420 = CARTESIAN_POINT ( 'NONE',  ( -11.71848224545256300, 9.409130149224070600, -5.353434673651931600 ) ) ;
#5421 = EDGE_CURVE ( 'NONE', #1025, #3184, #374, .T. ) ;
#5422 = DIRECTION ( 'NONE',  ( 1.000000000000000000, 0.0000000000000000000, 0.0000000000000000000 ) ) ;
#5423 = CARTESIAN_POINT ( 'NONE',  ( -11.50697458439657500, 9.240458417987159800, -5.935790468940135500 ) ) ;
#5424 = ADVANCED_FACE ( 'NONE', ( #5640, #4368 ), #1299, .F. ) ;
#5425 = DIRECTION ( 'NONE',  ( -0.0000000000000000000, -0.0000000000000000000, 1.000000000000000000 ) ) ;
#5427 = DIRECTION ( 'NONE',  ( -1.000000000000000000, 0.0000000000000000000, 0.0000000000000000000 ) ) ;
#5426 = DIRECTION ( 'NONE',  ( 0.7071067811865445800, 0.0000000000000000000, 0.7071067811865504600 ) ) ;
#5428 = CIRCLE ( 'NONE', #62, 15.02845821440191400 ) ;
#5429 = FACE_OUTER_BOUND ( 'NONE', #2602, .T. ) ;
#5430 = AXIS2_PLACEMENT_3D ( 'NONE', #2219, #4699, #2737 ) ;
#5431 = EDGE_LOOP ( 'NONE', ( #3996, #5452, #4554, #4415 ) ) ;
#5432 = DIRECTION ( 'NONE',  ( 0.0000000000000000000, 0.0000000000000000000, -1.000000000000000000 ) ) ;
#5433 = VECTOR ( 'NONE', #5137, 1000.000000000000000 ) ;
#5435 = VERTEX_POINT ( 'NONE', #5257 ) ;
#5434 = ORIENTED_EDGE ( 'NONE', *, *, #3836, .F. ) ;
#5436 = CARTESIAN_POINT ( 'NONE',  ( -6.440521190651324400, -13.25864181391662600, 5.945518194124296900 ) ) ;
#5437 = VERTEX_POINT ( 'NONE', #3861 ) ;
#5438 = AXIS2_PLACEMENT_3D ( 'NONE', #781, #1776, #810 ) ;
#5439 = CIRCLE ( 'NONE', #3863, 4.375000000000000000 ) ;
#5440 = LINE ( 'NONE', #5629, #6180 ) ;
#5442 = ORIENTED_EDGE ( 'NONE', *, *, #4437, .F. ) ;
#5441 = VERTEX_POINT ( 'NONE', #934 ) ;
#5443 = DIRECTION ( 'NONE',  ( -0.0000000000000000000, -0.0000000000000000000, 1.000000000000000000 ) ) ;
#5444 = CIRCLE ( 'NONE', #485, 14.77243989039088300 ) ;
#5445 = DIRECTION ( 'NONE',  ( -0.9009688679024218100, -0.4338837391175526200, 1.224646799147353200E-016 ) ) ;
#5446 = VECTOR ( 'NONE', #3324, 1000.000000000000100 ) ;
#5447 = CARTESIAN_POINT ( 'NONE',  ( 0.0000000000000000000, 0.0000000000000000000, 6.000000000000000000 ) ) ;
#5448 = CARTESIAN_POINT ( 'NONE',  ( 0.0000000000000000000, 0.0000000000000000000, 4.845955988548011500 ) ) ;
#5449 = VECTOR ( 'NONE', #5088, 1000.000000000000000 ) ;
#5450 = DIRECTION ( 'NONE',  ( 0.0000000000000000000, 0.0000000000000000000, 1.000000000000000000 ) ) ;
#5452 = ORIENTED_EDGE ( 'NONE', *, *, #5604, .T. ) ;
#5451 = VERTEX_POINT ( 'NONE', #794 ) ;
#5453 = EDGE_CURVE ( 'NONE', #976, #3254, #4614, .T. ) ;
#5454 = FACE_OUTER_BOUND ( 'NONE', #3746, .T. ) ;
#5455 = LINE ( 'NONE', #425, #2959 ) ;
#5456 = LINE ( 'NONE', #1017, #4009 ) ;
#5457 = CARTESIAN_POINT ( 'NONE',  ( 11.44874851485570700, 9.194024676988830100, 5.935654072712593700 ) ) ;
#5458 = CARTESIAN_POINT ( 'NONE',  ( 6.255420988009149100, -12.87427728262074400, 6.000000000000000000 ) ) ;
#5459 = ORIENTED_EDGE ( 'NONE', *, *, #3459, .F. ) ;
#5460 = LINE ( 'NONE', #3733, #2730 ) ;
#5461 = EDGE_CURVE ( 'NONE', #6042, #3399, #903, .T. ) ;
#5462 = DIRECTION ( 'NONE',  ( 0.9009688679024218100, 0.4338837391175526200, -0.0000000000000000000 ) ) ;
#5463 = B_SPLINE_CURVE_WITH_KNOTS ( 'NONE', 3,
 ( #6208, #386, #4790, #5264, #2792, #6153, #2313 ),
 .UNSPECIFIED., .F., .F.,
 ( 4, 3, 4 ),
 ( 0.0006677669885724646400, 0.001263725857711640000, 0.001291562031208902400 ),
 .UNSPECIFIED. ) ;
#5464 = ORIENTED_EDGE ( 'NONE', *, *, #4865, .T. ) ;
#5465 = ORIENTED_EDGE ( 'NONE', *, *, #2993, .F. ) ;
#5466 = CARTESIAN_POINT ( 'NONE',  ( -11.58066691281894500, 9.171321288099786500, -5.918436744855735100 ) ) ;
#5467 = CARTESIAN_POINT ( 'NONE',  ( -11.50251986509766800, 9.236905897891340100, -5.939344605127422100 ) ) ;
#5468 = AXIS2_PLACEMENT_3D ( 'NONE', #5546, #4588, #3152 ) ;
#5469 = ORIENTED_EDGE ( 'NONE', *, *, #6166, .F. ) ;
#5470 = EDGE_CURVE ( 'NONE', #4937, #5954, #4537, .T. ) ;
#5471 = CARTESIAN_POINT ( 'NONE',  ( 0.05000000000000001700, 15.02837503864021700, 5.353434673651931600 ) ) ;
#5472 = CARTESIAN_POINT ( 'NONE',  ( 0.0000000000000000000, 0.0000000000000000000, 6.000000000000000900 ) ) ;
#5473 = VERTEX_POINT ( 'NONE', #2917 ) ;
#5474 = CARTESIAN_POINT ( 'NONE',  ( -14.29322353956256600, -3.313620844068320400, -5.924234549616731000 ) ) ;
#5475 = DIRECTION ( 'NONE',  ( 0.1736481776669277800, -2.126576849575740500E-017, 0.9848077530122085800 ) ) ;
#5476 = CARTESIAN_POINT ( 'NONE',  ( 16.03886114155692200, 0.0000000000000000000, -2.187500000000000000 ) ) ;
#5477 = AXIS2_PLACEMENT_3D ( 'NONE', #2014, #2925, #6246 ) ;
#5478 = ORIENTED_EDGE ( 'NONE', *, *, #945, .F. ) ;
#5479 = CARTESIAN_POINT ( 'NONE',  ( 6.320565779518970500, -13.24002832316238300, -5.922851331036797600 ) ) ;
#5480 = DIRECTION ( 'NONE',  ( 1.000000000000000000, 0.0000000000000000000, 0.0000000000000000000 ) ) ;
#5481 = AXIS2_PLACEMENT_3D ( 'NONE', #5343, #3899, #2979 ) ;
#5482 = EDGE_CURVE ( 'NONE', #3411, #3765, #4190, .T. ) ;
#5483 = DIRECTION ( 'NONE',  ( -0.0000000000000000000, -0.0000000000000000000, 1.000000000000000000 ) ) ;
#5484 = ADVANCED_FACE ( 'NONE', ( #262 ), #3930, .T. ) ;
#5485 = CARTESIAN_POINT ( 'NONE',  ( 0.0000000000000000000, 0.0000000000000000000, 5.351869347303861900 ) ) ;
#5486 = DIRECTION ( 'NONE',  ( 0.0000000000000000000, 0.0000000000000000000, 1.000000000000000000 ) ) ;
#5487 = FACE_OUTER_BOUND ( 'NONE', #3709, .T. ) ;
#5488 = EDGE_CURVE ( 'NONE', #4062, #3020, #6255, .T. ) ;
#5489 = DIRECTION ( 'NONE',  ( -1.000000000000000000, 0.0000000000000000000, 0.0000000000000000000 ) ) ;
#5490 = CARTESIAN_POINT ( 'NONE',  ( -14.66270834660478400, -3.295381653834751100, -6.000000000000000000 ) ) ;
#5491 = VECTOR ( 'NONE', #3572, 1000.000000000000000 ) ;
#5492 = EDGE_CURVE ( 'NONE', #3254, #5437, #2099, .T. ) ;
#5493 = CARTESIAN_POINT ( 'NONE',  ( 0.0000000000000000000, 0.0000000000000000000, 5.888436744855735800 ) ) ;
#5494 = VERTEX_POINT ( 'NONE', #4815 ) ;
#5495 = CARTESIAN_POINT ( 'NONE',  ( 6.361224608556511000, -13.09398076452216300, 5.760124666611660300 ) ) ;
#5496 = FACE_OUTER_BOUND ( 'NONE', #1115, .T. ) ;
#5497 = DIRECTION ( 'NONE',  ( -0.0000000000000000000, -0.0000000000000000000, 1.000000000000000000 ) ) ;
#5498 = DIRECTION ( 'NONE',  ( -0.0000000000000000000, -1.000000000000000000, -0.0000000000000000000 ) ) ;
#5499 = DIRECTION ( 'NONE',  ( 0.0000000000000000000, -0.0000000000000000000, 1.000000000000000000 ) ) ;
#5501 = ORIENTED_EDGE ( 'NONE', *, *, #699, .T. ) ;
#5500 = ORIENTED_EDGE ( 'NONE', *, *, #4075, .F. ) ;
#5502 = DIRECTION ( 'NONE',  ( 0.0000000000000000000, 0.0000000000000000000, -1.000000000000000000 ) ) ;
#5503 = VERTEX_POINT ( 'NONE', #3369 ) ;
#5504 = CIRCLE ( 'NONE', #3094, 14.31353580660732300 ) ;
#5505 = AXIS2_PLACEMENT_3D ( 'NONE', #2135, #190, #5522 ) ;
#5507 = ORIENTED_EDGE ( 'NONE', *, *, #4147, .T. ) ;
#5506 = ORIENTED_EDGE ( 'NONE', *, *, #2821, .F. ) ;
#5508 = ORIENTED_EDGE ( 'NONE', *, *, #5972, .T. ) ;
#5509 = CARTESIAN_POINT ( 'NONE',  ( 11.44167264269615300, 9.188381857238452400, 5.926874626044847700 ) ) ;
#5510 = CARTESIAN_POINT ( 'NONE',  ( 0.0000000000000000000, 0.0000000000000000000, 6.000000000000000000 ) ) ;
#5511 = CARTESIAN_POINT ( 'NONE',  ( 14.33336685472209700, -3.322783293794073300, -5.948026407833841000 ) ) ;
#5512 = ADVANCED_FACE ( 'NONE', ( #5573, #3005 ), #4309, .F. ) ;
#5513 = CIRCLE ( 'NONE', #266, 14.55750222585390400 ) ;
#5514 = VECTOR ( 'NONE', #3504, 1000.000000000000000 ) ;
#5515 = CARTESIAN_POINT ( 'NONE',  ( 8.461138858443082000, 1.036190662013361000E-015, 5.787867965644034400 ) ) ;
#5517 = EDGE_LOOP ( 'NONE', ( #4980, #1955 ) ) ;
#5516 = VERTEX_POINT ( 'NONE', #475 ) ;
#5518 = AXIS2_PLACEMENT_3D ( 'NONE', #443, #391, #6279 ) ;
#5519 = VECTOR ( 'NONE', #5483, 1000.000000000000000 ) ;
#5520 = VECTOR ( 'NONE', #5656, 1000.000000000000000 ) ;
#5521 = CARTESIAN_POINT ( 'NONE',  ( 6.262348479264354700, -12.88866236643674400, 5.434671360010759700 ) ) ;
#5522 = DIRECTION ( 'NONE',  ( 1.000000000000000000, 0.0000000000000000000, 0.0000000000000000000 ) ) ;
#5523 = CYLINDRICAL_SURFACE ( 'NONE', #3924, 15.02845821440191200 ) ;
#5524 = ORIENTED_EDGE ( 'NONE', *, *, #1108, .T. ) ;
#5525 = CARTESIAN_POINT ( 'NONE',  ( 0.0000000000000000000, 0.0000000000000000000, -5.351869347303861900 ) ) ;
#5526 = LINE ( 'NONE', #1407, #6120 ) ;
#5527 = DIRECTION ( 'NONE',  ( 1.000000000000000000, 0.0000000000000000000, 0.0000000000000000000 ) ) ;
#5528 = DIRECTION ( 'NONE',  ( 0.0000000000000000000, -0.0000000000000000000, 1.000000000000000000 ) ) ;
#5529 = EDGE_CURVE ( 'NONE', #5245, #5167, #3218, .T. ) ;
#5530 = EDGE_LOOP ( 'NONE', ( #5359, #261, #4474, #1831, #5194, #4132 ) ) ;
#5531 = CARTESIAN_POINT ( 'NONE',  ( 0.05000000000000006500, 14.67461583824486700, -5.927666725627947400 ) ) ;
#5532 = ORIENTED_EDGE ( 'NONE', *, *, #2199, .T. ) ;
#5533 = CARTESIAN_POINT ( 'NONE',  ( -6.475555199841668500, -13.56186717070432800, -6.000000000000000900 ) ) ;
#5534 = DIRECTION ( 'NONE',  ( -0.0000000000000000000, -0.0000000000000000000, 1.000000000000000000 ) ) ;
#5535 = ORIENTED_EDGE ( 'NONE', *, *, #3792, .F. ) ;
#5536 = ORIENTED_EDGE ( 'NONE', *, *, #3451, .T. ) ;
#5537 = VERTEX_POINT ( 'NONE', #3518 ) ;
#5538 = EDGE_CURVE ( 'NONE', #2566, #2314, #4976, .T. ) ;
#5539 = CARTESIAN_POINT ( 'NONE',  ( -14.45018645082106400, -3.349446604284350900, -5.813030243294887700 ) ) ;
#5540 = ORIENTED_EDGE ( 'NONE', *, *, #2546, .F. ) ;
#5541 = DIRECTION ( 'NONE',  ( -1.000000000000000000, 6.217248937900876600E-015, 0.0000000000000000000 ) ) ;
#5542 = CARTESIAN_POINT ( 'NONE',  ( 8.461138858443082000, 0.0000000000000000000, 6.000000000000000000 ) ) ;
#5543 = CARTESIAN_POINT ( 'NONE',  ( -14.29227927732414600, -3.313405322374288100, 5.922851331036820700 ) ) ;
#5544 = ADVANCED_FACE ( 'NONE', ( #4144 ), #3077, .F. ) ;
#5545 = AXIS2_PLACEMENT_3D ( 'NONE', #3439, #4813, #6283 ) ;
#5546 = CARTESIAN_POINT ( 'NONE',  ( 0.0000000000000000000, 0.0000000000000000000, -5.700000000000000200 ) ) ;
#5547 = ORIENTED_EDGE ( 'NONE', *, *, #5786, .F. ) ;
#5548 = CARTESIAN_POINT ( 'NONE',  ( 6.410662666309201000, -13.19663994925060300, 5.922851331036820700 ) ) ;
#5549 = DIRECTION ( 'NONE',  ( -0.9749279121818226200, 0.2225209339563183300, 0.0000000000000000000 ) ) ;
#5550 = CARTESIAN_POINT ( 'NONE',  ( -14.34731665746758000, -3.325967245239555700, -5.948368030137144700 ) ) ;
#5551 = CARTESIAN_POINT ( 'NONE',  ( 0.0000000000000000000, 0.0000000000000000000, -5.100000000000009400 ) ) ;
#5552 = CARTESIAN_POINT ( 'NONE',  ( -11.16369112077481800, 8.966698990905419100, -5.419470018189161700 ) ) ;
#5553 = AXIS2_PLACEMENT_3D ( 'NONE', #5411, #3975, #3960 ) ;
#5554 = DIRECTION ( 'NONE',  ( -0.0000000000000000000, -0.0000000000000000000, 1.000000000000000000 ) ) ;
#5555 = CARTESIAN_POINT ( 'NONE',  ( 6.410662666309201000, -13.19663994925060300, 5.922851331036820700 ) ) ;
#5556 = EDGE_CURVE ( 'NONE', #4593, #4937, #2266, .T. ) ;
#5557 = CARTESIAN_POINT ( 'NONE',  ( 14.41310753112671300, -3.238411896499628000, -5.918436744855735100 ) ) ;
#5558 = CARTESIAN_POINT ( 'NONE',  ( 11.51945196705895700, 9.122503997854048300, -5.942348470219661400 ) ) ;
#5559 = CARTESIAN_POINT ( 'NONE',  ( 15.82672910720095800, 1.938215314210589900E-015, 5.700000000000000200 ) ) ;
#5560 = CARTESIAN_POINT ( 'NONE',  ( 0.05000000000000000300, 15.12845821440191200, -6.000000000000000900 ) ) ;
#5561 = FACE_OUTER_BOUND ( 'NONE', #5892, .T. ) ;
#5562 = CARTESIAN_POINT ( 'NONE',  ( -6.364100049082036700, -13.33042816539376400, -5.919740685676537800 ) ) ;
#5563 = CARTESIAN_POINT ( 'NONE',  ( 11.71854727488177000, 9.409182008463082200, 5.353434673651931600 ) ) ;
#5564 = ORIENTED_EDGE ( 'NONE', *, *, #3106, .F. ) ;
#5565 = EDGE_CURVE ( 'NONE', #3114, #3884, #5964, .T. ) ;
#5566 = DIRECTION ( 'NONE',  ( -0.0000000000000000000, -0.0000000000000000000, 1.000000000000000000 ) ) ;
#5567 = CARTESIAN_POINT ( 'NONE',  ( -14.09235874580449300, -3.165203079331063500, -5.597398009426060000 ) ) ;
#5568 = DIRECTION ( 'NONE',  ( 0.7071067811865428000, 8.659560562354874900E-017, -0.7071067811865522400 ) ) ;
#5569 = FACE_OUTER_BOUND ( 'NONE', #2736, .T. ) ;
#5570 = ADVANCED_FACE ( 'NONE', ( #6081 ), #174, .F. ) ;
#5571 = DIRECTION ( 'NONE',  ( -0.0000000000000000000, -0.0000000000000000000, 1.000000000000000000 ) ) ;
#5572 = EDGE_LOOP ( 'NONE', ( #1132, #1200, #2814, #1450 ) ) ;
#5573 = FACE_BOUND ( 'NONE', #5913, .T. ) ;
#5574 = AXIS2_PLACEMENT_3D ( 'NONE', #2942, #1074, #4468 ) ;
#5575 = EDGE_CURVE ( 'NONE', #2512, #1565, #3374, .T. ) ;
#5576 = DIRECTION ( 'NONE',  ( -0.0000000000000000000, -0.0000000000000000000, 1.000000000000000000 ) ) ;
#5578 = VERTEX_POINT ( 'NONE', #5471 ) ;
#5577 = VERTEX_POINT ( 'NONE', #5922 ) ;
#5579 = CARTESIAN_POINT ( 'NONE',  ( -13.94345439253706200, -3.233788318716743800, 5.353434673651931600 ) ) ;
#5580 = ORIENTED_EDGE ( 'NONE', *, *, #923, .T. ) ;
#5581 = CARTESIAN_POINT ( 'NONE',  ( -14.38225675011990200, -3.333942093382035000, 5.930672822065825600 ) ) ;
#5582 = CYLINDRICAL_SURFACE ( 'NONE', #2310, 14.31353580660732300 ) ;
#5583 = CARTESIAN_POINT ( 'NONE',  ( 11.26109737796971700, 9.044377888928725200, -5.597398009426060000 ) ) ;
#5584 = FACE_OUTER_BOUND ( 'NONE', #5782, .T. ) ;
#5586 = VERTEX_POINT ( 'NONE', #3442 ) ;
#5585 = ORIENTED_EDGE ( 'NONE', *, *, #3141, .T. ) ;
#5587 = DIRECTION ( 'NONE',  ( -0.0000000000000000000, -0.0000000000000000000, 1.000000000000000000 ) ) ;
#5588 = CARTESIAN_POINT ( 'NONE',  ( -14.64045625320915400, -3.392874445052933600, 6.000000000000000000 ) ) ;
#5589 = AXIS2_PLACEMENT_3D ( 'NONE', #2226, #5689, #852 ) ;
#5590 = CIRCLE ( 'NONE', #2758, 16.03886114155692200 ) ;
#5591 = SPHERICAL_SURFACE ( 'NONE', #5187, 4.375000000000000000 ) ;
#5592 = VECTOR ( 'NONE', #4928, 1000.000000000000000 ) ;
#5593 = CARTESIAN_POINT ( 'NONE',  ( -14.39009989309470500, -3.335732239584743300, -5.919740685676537800 ) ) ;
#5594 = CARTESIAN_POINT ( 'NONE',  ( 0.0000000000000000000, 0.0000000000000000000, -5.918436744855735100 ) ) ;
#5595 = CARTESIAN_POINT ( 'NONE',  ( 0.0000000000000000000, 0.0000000000000000000, -6.000000000000000000 ) ) ;
#5597 = VERTEX_POINT ( 'NONE', #4957 ) ;
#5596 = ORIENTED_EDGE ( 'NONE', *, *, #4442, .F. ) ;
#5598 = SPHERICAL_SURFACE ( 'NONE', #5553, 4.375000000000000000 ) ;
#5599 = CYLINDRICAL_SURFACE ( 'NONE', #3767, 16.03886114155692200 ) ;
#5600 = CARTESIAN_POINT ( 'NONE',  ( 6.454273469691790900, -13.51767520269251000, 5.559811490052915400 ) ) ;
#5601 = AXIS2_PLACEMENT_3D ( 'NONE', #1236, #252, #3099 ) ;
#5602 = CIRCLE ( 'NONE', #4463, 14.67132924350647700 ) ;
#5603 = VERTEX_POINT ( 'NONE', #1096 ) ;
#5604 = EDGE_CURVE ( 'NONE', #4065, #4371, #1628, .T. ) ;
#5605 = DIRECTION ( 'NONE',  ( 1.000000000000000000, 0.0000000000000000000, 0.0000000000000000000 ) ) ;
#5606 = ORIENTED_EDGE ( 'NONE', *, *, #862, .T. ) ;
#5607 = CARTESIAN_POINT ( 'NONE',  ( -0.05000000000000004400, 14.83321209375921500, -5.813030243294888600 ) ) ;
#5608 = ADVANCED_FACE ( 'NONE', ( #952 ), #33, .F. ) ;
#5609 = VERTEX_POINT ( 'NONE', #4425 ) ;
#5610 = CARTESIAN_POINT ( 'NONE',  ( 11.72340624023404300, 9.285152103260029900, 5.602217234644991000 ) ) ;
#5611 = DIRECTION ( 'NONE',  ( 0.0000000000000000000, 0.0000000000000000000, -1.000000000000000000 ) ) ;
#5612 = EDGE_CURVE ( 'NONE', #3347, #1571, #1359, .T. ) ;
#5613 = CARTESIAN_POINT ( 'NONE',  ( -15.82672910720095800, 0.0000000000000000000, 5.700000000000000200 ) ) ;
#5614 = CARTESIAN_POINT ( 'NONE',  ( 0.0000000000000000000, 0.0000000000000000000, -2.187500000000000000 ) ) ;
#5615 = ORIENTED_EDGE ( 'NONE', *, *, #2338, .F. ) ;
#5616 = ADVANCED_FACE ( 'NONE', ( #4200 ), #5412, .T. ) ;
#5617 = CARTESIAN_POINT ( 'NONE',  ( -14.38668404196345200, -3.334952593854546800, -5.925469712029102000 ) ) ;
#5618 = CARTESIAN_POINT ( 'NONE',  ( 11.23020107026319900, 8.891834104949060300, 5.427070689091481300 ) ) ;
#5619 = DIRECTION ( 'NONE',  ( -0.0000000000000000000, -0.0000000000000000000, 1.000000000000000000 ) ) ;
#5620 = CLOSED_SHELL ( 'NONE', ( #1252, #5944, #4952, #5639, #2725, #5192, #5512, #2147, #1530, #297, #771 ) ) ;
#5621 = EDGE_LOOP ( 'NONE', ( #574, #4385, #3007, #3933 ) ) ;
#5622 = EDGE_CURVE ( 'NONE', #568, #878, #4675, .T. ) ;
#5623 = CARTESIAN_POINT ( 'NONE',  ( 6.363776946026864500, -13.32975723498687300, -5.921068843291819500 ) ) ;
#5624 = DIRECTION ( 'NONE',  ( 1.000000000000000000, 0.0000000000000000000, 0.0000000000000000000 ) ) ;
#5625 = DIRECTION ( 'NONE',  ( 0.0000000000000000000, 0.0000000000000000000, -1.000000000000000000 ) ) ;
#5626 = AXIS2_PLACEMENT_3D ( 'NONE', #3098, #4103, #158 ) ;
#5627 = AXIS2_PLACEMENT_3D ( 'NONE', #5614, #6076, #2716 ) ;
#5628 = CARTESIAN_POINT ( 'NONE',  ( 11.16369112077494400, 8.966698990905255700, -5.419470018189162600 ) ) ;
#5629 = CARTESIAN_POINT ( 'NONE',  ( -14.31353580660732300, -1.752902581004268700E-015, -6.000000000000000000 ) ) ;
#5630 = CARTESIAN_POINT ( 'NONE',  ( -6.345059717983193800, -13.29089051046919700, -5.948368030137144700 ) ) ;
#5631 = DIRECTION ( 'NONE',  ( -0.2225209339563183600, -0.9749279121818227300, 0.0000000000000000000 ) ) ;
#5632 = DIRECTION ( 'NONE',  ( 0.2225209339563051800, -0.9749279121818257300, -0.0000000000000000000 ) ) ;
#5634 = PLANE ( 'NONE',  #4388 ) ;
#5633 = CARTESIAN_POINT ( 'NONE',  ( 14.29959363417150300, -3.315074776594261400, -5.932026979673797700 ) ) ;
#5635 = AXIS2_PLACEMENT_3D ( 'NONE', #5253, #6146, #3260 ) ;
#5636 = ADVANCED_FACE ( 'NONE', ( #2697 ), #495, .T. ) ;
#5637 = CARTESIAN_POINT ( 'NONE',  ( 6.390841082968566200, -13.38595649442608400, 5.813030243295935800 ) ) ;
#5638 = VECTOR ( 'NONE', #3762, 1000.000000000000000 ) ;
#5639 = ADVANCED_FACE ( 'NONE', ( #1244 ), #6154, .T. ) ;
#5640 = FACE_OUTER_BOUND ( 'NONE', #639, .T. ) ;
#5641 = VECTOR ( 'NONE', #1758, 1000.000000000000000 ) ;
#5642 = EDGE_CURVE ( 'NONE', #2358, #440, #1409, .T. ) ;
#5643 = DIRECTION ( 'NONE',  ( 1.000000000000000000, 0.0000000000000000000, 0.0000000000000000000 ) ) ;
#5644 = CARTESIAN_POINT ( 'NONE',  ( -6.165324101219088200, -12.91766565653241400, 5.411869347303862400 ) ) ;
#5645 = DIRECTION ( 'NONE',  ( 0.0000000000000000000, 0.0000000000000000000, -1.000000000000000000 ) ) ;
#5646 = ORIENTED_EDGE ( 'NONE', *, *, #2436, .F. ) ;
#5647 = CARTESIAN_POINT ( 'NONE',  ( -14.55750222585390400, 0.0000000000000000000, 4.845955988548011500 ) ) ;
#5648 = FACE_OUTER_BOUND ( 'NONE', #3464, .T. ) ;
#5649 = B_SPLINE_CURVE_WITH_KNOTS ( 'NONE', 3,
 ( #4521, #5474, #3675, #203, #3614, #1748, #287, #6020, #5117, #708, #755, #2638, #3589, #5550, #2223, #4623, #5032, #2161, #1164, #5999, #5617, #5593, #4108, #2661, #4066 ),
 .UNSPECIFIED., .F., .F.,
 ( 4, 3, 3, 3, 3, 3, 3, 3, 4 ),
 ( 0.0003576089778190656600, 0.0003626343305416600400, 0.0003751336018887042300, 0.0003952800579771989100, 0.0004154265102964958600, 0.0004355730134115603500, 0.0004557195170136940000, 0.0004758659491588589400, 0.0004773643735645467900 ),
 .UNSPECIFIED. ) ;
#5651 = EDGE_LOOP ( 'NONE', ( #3997, #2350, #4099, #802, #5843, #4387 ) ) ;
#5650 = EDGE_LOOP ( 'NONE', ( #3405, #3864, #4774, #3189 ) ) ;
#5652 = EDGE_CURVE ( 'NONE', #759, #5953, #5255, .T. ) ;
#5653 = EDGE_LOOP ( 'NONE', ( #2830, #2425, #3310, #343 ) ) ;
#5654 = CARTESIAN_POINT ( 'NONE',  ( -11.62824669111929900, 9.209264895143244100, 5.813030243294888600 ) ) ;
#5656 = DIRECTION ( 'NONE',  ( -0.0000000000000000000, -0.0000000000000000000, 1.000000000000000000 ) ) ;
#5655 = CARTESIAN_POINT ( 'NONE',  ( 14.29227927732413100, -3.313405322374487500, -5.922851331036797600 ) ) ;
#5657 = CYLINDRICAL_SURFACE ( 'NONE', #493, 8.461138858443083800 ) ;
#5658 = CARTESIAN_POINT ( 'NONE',  ( -6.609040460543665700, -13.60857568358281400, -6.000000000000000900 ) ) ;
#5660 = ORIENTED_EDGE ( 'NONE', *, *, #3387, .F. ) ;
#5659 = ORIENTED_EDGE ( 'NONE', *, *, #5244, .T. ) ;
#5661 = DIRECTION ( 'NONE',  ( 0.7818314824680311400, 0.6234898018587319300, 0.0000000000000000000 ) ) ;
#5662 = EDGE_LOOP ( 'NONE', ( #5805, #2067, #2460, #4532 ) ) ;
#5663 = CYLINDRICAL_SURFACE ( 'NONE', #4714, 8.461138858443082000 ) ;
#5664 = EDGE_CURVE ( 'NONE', #5756, #3158, #3525, .T. ) ;
#5665 = CARTESIAN_POINT ( 'NONE',  ( 14.29227927732413100, -3.313405322374487500, 5.922851331036797600 ) ) ;
#5666 = CONICAL_SURFACE ( 'NONE', #558, 14.55750222585390400, 0.5235987755983005900 ) ;
#5668 = VERTEX_POINT ( 'NONE', #2137 ) ;
#5667 = ORIENTED_EDGE ( 'NONE', *, *, #5825, .T. ) ;
#5669 = CARTESIAN_POINT ( 'NONE',  ( -14.39009989309470500, -3.335732239584743300, 5.919740685676537800 ) ) ;
#5670 = CIRCLE ( 'NONE', #4090, 4.375000000000001800 ) ;
#5671 = CARTESIAN_POINT ( 'NONE',  ( -6.336273800508937600, -13.27264636484538600, 5.947407054167841900 ) ) ;
#5672 = DIRECTION ( 'NONE',  ( 1.000000000000000000, 0.0000000000000000000, 0.0000000000000000000 ) ) ;
#5673 = VECTOR ( 'NONE', #5549, 1000.000000000000100 ) ;
#5674 = PLANE ( 'NONE',  #630 ) ;
#5675 = VERTEX_POINT ( 'NONE', #1651 ) ;
#5676 = CARTESIAN_POINT ( 'NONE',  ( -6.440521190651324400, -13.25864181391662600, -5.945518194124296900 ) ) ;
#5677 = ORIENTED_EDGE ( 'NONE', *, *, #4933, .F. ) ;
#5678 = CARTESIAN_POINT ( 'NONE',  ( -11.58026725900576500, 9.171002574819011600, -5.919309338810702300 ) ) ;
#5679 = AXIS2_PLACEMENT_3D ( 'NONE', #5101, #6087, #6068 ) ;
#5680 = LINE ( 'NONE', #3308, #1135 ) ;
#5681 = APPROVAL ( #4308, 'UNSPECIFIED' ) ;
#5682 = CARTESIAN_POINT ( 'NONE',  ( 14.64045625320910900, -3.392874445053132100, -5.475000000000000500 ) ) ;
#5683 = ADVANCED_FACE ( 'NONE', ( #2768 ), #4892, .F. ) ;
#5684 = CARTESIAN_POINT ( 'NONE',  ( -14.37523408528160300, -3.229767529632609600, 5.946985995365509800 ) ) ;
#5686 = CARTESIAN_POINT ( 'NONE',  ( 11.51109749504158100, 9.115841528742027600, 5.935654072712593700 ) ) ;
#5685 = DIRECTION ( 'NONE',  ( -0.9009688679024157000, 0.4338837391175652300, 0.0000000000000000000 ) ) ;
#5687 = ORIENTED_EDGE ( 'NONE', *, *, #5105, .F. ) ;
#5688 = ORIENTED_EDGE ( 'NONE', *, *, #2134, .F. ) ;
#5689 = DIRECTION ( 'NONE',  ( -0.0000000000000000000, -0.0000000000000000000, 1.000000000000000000 ) ) ;
#5690 = AXIS2_PLACEMENT_3D ( 'NONE', #4491, #5777, #2939 ) ;
#5691 = EDGE_CURVE ( 'NONE', #3235, #4320, #4518, .T. ) ;
#5692 = VERTEX_POINT ( 'NONE', #6011 ) ;
#5693 = ORIENTED_EDGE ( 'NONE', *, *, #3297, .T. ) ;
#5694 = CARTESIAN_POINT ( 'NONE',  ( -6.260039315523321200, -12.88386733851983700, 5.427070689091481300 ) ) ;
#5695 = CARTESIAN_POINT ( 'NONE',  ( 0.0000000000000000000, 0.0000000000000000000, 5.475000000000000500 ) ) ;
#5696 = DIRECTION ( 'NONE',  ( 1.000000000000000000, 0.0000000000000000000, 0.0000000000000000000 ) ) ;
#5697 = ORIENTED_EDGE ( 'NONE', *, *, #544, .F. ) ;
#5698 = CARTESIAN_POINT ( 'NONE',  ( 6.432242998088892900, -13.24145196993626600, 5.948433861821531100 ) ) ;
#5699 = EDGE_CURVE ( 'NONE', #4396, #4902, #4658, .T. ) ;
#5700 = DIRECTION ( 'NONE',  ( 0.0000000000000000000, 0.0000000000000000000, 1.000000000000000000 ) ) ;
#5701 = CARTESIAN_POINT ( 'NONE',  ( -11.56970379396035900, 9.162578492550910200, -5.934919143280428200 ) ) ;
#5702 = B_SPLINE_CURVE_WITH_KNOTS ( 'NONE', 3,
 ( #4954, #32, #2059, #2990, #4912, #4891, #5466 ),
 .UNSPECIFIED., .F., .F.,
 ( 4, 3, 4 ),
 ( 0.001683847025956607800, 0.001830745039545440600, 0.002195884394735870200 ),
 .UNSPECIFIED. ) ;
#5703 = ORIENTED_EDGE ( 'NONE', *, *, #1108, .F. ) ;
#5704 = CARTESIAN_POINT ( 'NONE',  ( 6.565615998021232100, -13.51840385802081300, -5.475000000000000500 ) ) ;
#5705 = EDGE_CURVE ( 'NONE', #759, #3102, #5164, .T. ) ;
#5706 = CARTESIAN_POINT ( 'NONE',  ( 0.05000000000000010000, 14.44335783513858700, -5.597398009426060000 ) ) ;
#5707 = CARTESIAN_POINT ( 'NONE',  ( 0.0000000000000000000, 0.0000000000000000000, -6.000000000000000000 ) ) ;
#5708 = DIRECTION ( 'NONE',  ( -0.0000000000000000000, -0.0000000000000000000, 1.000000000000000000 ) ) ;
#5709 = ADVANCED_FACE ( 'NONE', ( #1321 ), #3219, .T. ) ;
#5710 = CARTESIAN_POINT ( 'NONE',  ( 0.0000000000000000000, 0.0000000000000000000, 5.888436744855735800 ) ) ;
#5711 = AXIS2_PLACEMENT_3D ( 'NONE', #894, #1384, #3719 ) ;
#5712 = CARTESIAN_POINT ( 'NONE',  ( -6.358352226114707400, -13.31849268801839500, 5.934919143280428200 ) ) ;
#5713 = CARTESIAN_POINT ( 'NONE',  ( 0.0000000000000000000, 0.0000000000000000000, 5.411869347303862400 ) ) ;
#5714 = CARTESIAN_POINT ( 'NONE',  ( 0.0000000000000000000, 0.0000000000000000000, 5.353434673651931600 ) ) ;
#5715 = CARTESIAN_POINT ( 'NONE',  ( -14.09235874580449300, -3.165203079331063500, 5.597398009426060000 ) ) ;
#5716 = DIRECTION ( 'NONE',  ( 0.6234898018587320400, -0.7818314824680311400, 0.0000000000000000000 ) ) ;
#5717 = CARTESIAN_POINT ( 'NONE',  ( -6.480937969758994800, -13.34256812051424000, 5.813030243295936600 ) ) ;
#5718 = CARTESIAN_POINT ( 'NONE',  ( 0.0000000000000000000, 0.0000000000000000000, -5.918436744855735100 ) ) ;
#5720 = PLANE ( 'NONE',  #4580 ) ;
#5719 = DIRECTION ( 'NONE',  ( 0.0000000000000000000, 0.0000000000000000000, 1.000000000000000000 ) ) ;
#5721 = AXIS2_PLACEMENT_3D ( 'NONE', #2418, #2863, #5795 ) ;
#5722 = EDGE_CURVE ( 'NONE', #5241, #5084, #5740, .T. ) ;
#5723 = ORIENTED_EDGE ( 'NONE', *, *, #2215, .F. ) ;
#5724 = FACE_OUTER_BOUND ( 'NONE', #2702, .T. ) ;
#5725 = CARTESIAN_POINT ( 'NONE',  ( -6.172251592474292900, -12.93205074034841400, -5.434671360010759700 ) ) ;
#5726 = DIRECTION ( 'NONE',  ( -0.0000000000000000000, -0.0000000000000000000, 1.000000000000000000 ) ) ;
#5727 = DIRECTION ( 'NONE',  ( -0.7818314824680221400, 0.6234898018587431400, 0.0000000000000000000 ) ) ;
#5728 = ORIENTED_EDGE ( 'NONE', *, *, #5888, .F. ) ;
#5729 = EDGE_CURVE ( 'NONE', #5245, #2637, #3586, .T. ) ;
#5730 = CONICAL_SURFACE ( 'NONE', #244, 15.02845821440191200, 0.5235987755982992600 ) ;
#5731 = DIRECTION ( 'NONE',  ( 0.0000000000000000000, 0.0000000000000000000, 1.000000000000000000 ) ) ;
#5732 = CARTESIAN_POINT ( 'NONE',  ( -16.03886114155692200, 1.964193995897654400E-015, -5.487867965644035500 ) ) ;
#5733 = DIRECTION ( 'NONE',  ( 0.7818314824680309100, 0.6234898018587322600, 0.0000000000000000000 ) ) ;
#5735 = ORIENTED_EDGE ( 'NONE', *, *, #1766, .T. ) ;
#5734 = ORIENTED_EDGE ( 'NONE', *, *, #2546, .T. ) ;
#5736 = ORIENTED_EDGE ( 'NONE', *, *, #2941, .F. ) ;
#5737 = CARTESIAN_POINT ( 'NONE',  ( 11.78083122563857000, 9.330947000977101200, -5.475000000000000500 ) ) ;
#5738 = VERTEX_POINT ( 'NONE', #2672 ) ;
#5739 = CARTESIAN_POINT ( 'NONE',  ( -11.58046925786313100, 9.171163663532345500, -5.918874622419537900 ) ) ;
#5740 = B_SPLINE_CURVE_WITH_KNOTS ( 'NONE', 3,
 ( #4024, #2628, #2709, #4615, #4114, #1223, #3151 ),
 .UNSPECIFIED., .F., .F.,
 ( 4, 3, 4 ),
 ( 0.0006677669885724650800, 0.001263725857711640500, 0.001291562031208903100 ),
 .UNSPECIFIED. ) ;
#5741 = TOROIDAL_SURFACE ( 'NONE', #1672, 14.72047836616381700, 0.05999999999999999800 ) ;
#5742 = CARTESIAN_POINT ( 'NONE',  ( 0.05000000000000004400, 14.83321209375861100, -5.813030243295935800 ) ) ;
#5743 = ADVANCED_FACE ( 'NONE', ( #3661 ), #636, .F. ) ;
#5744 = EDGE_CURVE ( 'NONE', #5577, #3947, #1847, .T. ) ;
#5745 = VECTOR ( 'NONE', #3809, 1000.000000000000000 ) ;
#5746 = DATE_TIME_ROLE ( 'classification_date' ) ;
#5748 = CARTESIAN_POINT ( 'NONE',  ( 11.51771203287817600, 9.249021247415461400, -5.919740685676537800 ) ) ;
#5747 = CARTESIAN_POINT ( 'NONE',  ( -11.22187913163930500, 8.885197580352853600, -5.411869347303862400 ) ) ;
#5750 = ORIENTED_EDGE ( 'NONE', *, *, #5023, .T. ) ;
#5749 = ORIENTED_EDGE ( 'NONE', *, *, #5903, .F. ) ;
#5751 = CIRCLE ( 'NONE', #1014, 14.67132924350647700 ) ;
#5752 = FACE_OUTER_BOUND ( 'NONE', #1143, .T. ) ;
#5753 = CARTESIAN_POINT ( 'NONE',  ( -11.32344635815546300, 8.966194740682082600, -5.597398009426060000 ) ) ;
#5754 = FACE_OUTER_BOUND ( 'NONE', #2030, .T. ) ;
#5756 = VERTEX_POINT ( 'NONE', #6037 ) ;
#5755 = ORIENTED_EDGE ( 'NONE', *, *, #1705, .F. ) ;
#5757 = CARTESIAN_POINT ( 'NONE',  ( 14.31083965411703000, -3.317641607259689700, 5.940503640635170300 ) ) ;
#5758 = AXIS2_PLACEMENT_3D ( 'NONE', #2002, #978, #2449 ) ;
#5759 = VECTOR ( 'NONE', #35, 999.9999999999998900 ) ;
#5760 = CIRCLE ( 'NONE', #6026, 15.02845821440191200 ) ;
#5761 = ORIENTED_EDGE ( 'NONE', *, *, #3116, .F. ) ;
#5762 = DIRECTION ( 'NONE',  ( 1.000000000000000000, 0.0000000000000000000, 0.0000000000000000000 ) ) ;
#5763 = ORIENTED_EDGE ( 'NONE', *, *, #2615, .T. ) ;
#5764 = CARTESIAN_POINT ( 'NONE',  ( -6.364436298078318900, -13.33112639362912000, 5.918436744855735100 ) ) ;
#5765 = DIRECTION ( 'NONE',  ( -0.0000000000000000000, -0.0000000000000000000, 1.000000000000000000 ) ) ;
#5766 = DIRECTION ( 'NONE',  ( 0.6234898018587320400, -0.7818314824680310200, 1.224646799147353500E-016 ) ) ;
#5767 = CARTESIAN_POINT ( 'NONE',  ( -8.461138858443082000, 1.036190662013361000E-015, -4.845955988548011500 ) ) ;
#5768 = DIRECTION ( 'NONE',  ( 1.000000000000000000, 0.0000000000000000000, 0.0000000000000000000 ) ) ;
#5769 = AXIS2_PLACEMENT_3D ( 'NONE', #826, #2745, #1835 ) ;
#5770 = VERTEX_POINT ( 'NONE', #231 ) ;
#5771 = ORIENTED_EDGE ( 'NONE', *, *, #1773, .F. ) ;
#5772 = CARTESIAN_POINT ( 'NONE',  ( -0.05000000000000005800, 14.77235527311781700, -5.918436744855735100 ) ) ;
#5773 = MECHANICAL_CONTEXT ( 'NONE', #19, 'mechanical' ) ;
#5774 = DIRECTION ( 'NONE',  ( 0.0000000000000000000, -0.0000000000000000000, 1.000000000000000000 ) ) ;
#5775 = DIRECTION ( 'NONE',  ( -0.6234898018587430300, -0.7818314824680222500, 0.0000000000000000000 ) ) ;
#5776 = ORIENTED_EDGE ( 'NONE', *, *, #5252, .F. ) ;
#5777 = DIRECTION ( 'NONE',  ( 1.000000000000000000, -1.355252715606888900E-016, 0.0000000000000000000 ) ) ;
#5778 = EDGE_CURVE ( 'NONE', #6019, #265, #5028, .T. ) ;
#5779 = CARTESIAN_POINT ( 'NONE',  ( 0.0000000000000000000, 0.0000000000000000000, 6.000000000000000000 ) ) ;
#5780 = CARTESIAN_POINT ( 'NONE',  ( -11.22187913163930300, 8.885197580352853600, -6.000000000000000000 ) ) ;
#5781 = ADVANCED_FACE ( 'NONE', ( #4821 ), #2686, .T. ) ;
#5782 = EDGE_LOOP ( 'NONE', ( #3569, #2912, #3168, #86, #2496, #4831 ) ) ;
#5783 = DIRECTION ( 'NONE',  ( 0.0000000000000000000, 0.0000000000000000000, 1.000000000000000000 ) ) ;
#5784 = DIRECTION ( 'NONE',  ( 1.000000000000000000, 0.0000000000000000000, 0.0000000000000000000 ) ) ;
#5785 = CARTESIAN_POINT ( 'NONE',  ( 0.0000000000000000000, 0.0000000000000000000, -5.351869347303861900 ) ) ;
#5786 = EDGE_CURVE ( 'NONE', #1508, #4175, #1100, .T. ) ;
#5787 = CARTESIAN_POINT ( 'NONE',  ( -14.72047836616381700, 0.0000000000000000000, -5.888436744855735800 ) ) ;
#5788 = CARTESIAN_POINT ( 'NONE',  ( 0.0000000000000000000, 14.55750222585390400, -4.374999999999999100 ) ) ;
#5789 = DIRECTION ( 'NONE',  ( 1.000000000000000000, 0.0000000000000000000, 0.0000000000000000000 ) ) ;
#5790 = AXIS2_PLACEMENT_3D ( 'NONE', #3692, #783, #5019 ) ;
#5791 = EDGE_CURVE ( 'NONE', #5946, #4582, #5349, .T. ) ;
#5792 = CARTESIAN_POINT ( 'NONE',  ( 14.29959363417150300, -3.315074776594261400, 5.932026979673797700 ) ) ;
#5793 = DIRECTION ( 'NONE',  ( -0.0000000000000000000, -0.0000000000000000000, 1.000000000000000000 ) ) ;
#5794 = DIRECTION ( 'NONE',  ( 0.0000000000000000000, 0.0000000000000000000, -1.000000000000000000 ) ) ;
#5795 = DIRECTION ( 'NONE',  ( 0.4338837391175524600, -0.9009688679024218100, 0.0000000000000000000 ) ) ;
#5796 = CARTESIAN_POINT ( 'NONE',  ( -0.05000000000000005800, 14.74080807593880800, 5.944857023634334300 ) ) ;
#5797 = CARTESIAN_POINT ( 'NONE',  ( 0.05000000000000005800, 14.70671868694702800, 5.947242360947049300 ) ) ;
#5798 = FACE_OUTER_BOUND ( 'NONE', #6089, .T. ) ;
#5799 = ORIENTED_EDGE ( 'NONE', *, *, #4693, .T. ) ;
#5800 = DIRECTION ( 'NONE',  ( 1.000000000000000000, 0.0000000000000000000, 0.0000000000000000000 ) ) ;
#5801 = AXIS2_PLACEMENT_3D ( 'NONE', #513, #4867, #1497 ) ;
#5802 = CIRCLE ( 'NONE', #1688, 14.77243989039088300 ) ;
#5803 = EDGE_CURVE ( 'NONE', #2972, #514, #1400, .T. ) ;
#5805 = ORIENTED_EDGE ( 'NONE', *, *, #5488, .T. ) ;
#5804 = ORIENTED_EDGE ( 'NONE', *, *, #245, .T. ) ;
#5806 = CARTESIAN_POINT ( 'NONE',  ( -12.25000000000000000, 1.500192328955507700E-015, -6.429395695523609100E-016 ) ) ;
#5807 = VERTEX_POINT ( 'NONE', #251 ) ;
#5808 = FACE_OUTER_BOUND ( 'NONE', #3021, .T. ) ;
#5810 = VERTEX_POINT ( 'NONE', #3713 ) ;
#5809 = ORIENTED_EDGE ( 'NONE', *, *, #363, .F. ) ;
#5811 = EDGE_CURVE ( 'NONE', #5003, #2368, #2827, .T. ) ;
#5812 = CARTESIAN_POINT ( 'NONE',  ( -11.50237220945932600, 9.108883345680046900, 5.924234549616731900 ) ) ;
#5813 = ORIENTED_EDGE ( 'NONE', *, *, #2660, .T. ) ;
#5814 = DIRECTION ( 'NONE',  ( -0.0000000000000000000, -0.0000000000000000000, 1.000000000000000000 ) ) ;
#5815 = CYLINDRICAL_SURFACE ( 'NONE', #6116, 8.461138858443082000 ) ;
#5816 = DIRECTION ( 'NONE',  ( 1.000000000000000000, 0.0000000000000000000, 0.0000000000000000000 ) ) ;
#5817 = LINE ( 'NONE', #4959, #4538 ) ;
#5818 = CARTESIAN_POINT ( 'NONE',  ( 0.05000000000000005800, 14.75214878631131100, 5.939344605127422100 ) ) ;
#5820 = ORIENTED_EDGE ( 'NONE', *, *, #4819, .T. ) ;
#5819 = EDGE_LOOP ( 'NONE', ( #6267, #1137, #1526, #5735 ) ) ;
#5821 = DIRECTION ( 'NONE',  ( 0.0000000000000000000, 0.0000000000000000000, 1.000000000000000000 ) ) ;
#5822 = CIRCLE ( 'NONE', #2603, 14.77243989039088300 ) ;
#5823 = CARTESIAN_POINT ( 'NONE',  ( -0.05000000000000001700, 15.02845821440191200, -6.000000000000000900 ) ) ;
#5824 = FACE_OUTER_BOUND ( 'NONE', #2883, .T. ) ;
#5825 = EDGE_CURVE ( 'NONE', #4130, #4215, #770, .T. ) ;
#5826 = CARTESIAN_POINT ( 'NONE',  ( -11.44874851485557700, 9.194024676988993500, 5.935654072712593700 ) ) ;
#5828 = CARTESIAN_POINT ( 'NONE',  ( 11.44002322927358200, 9.187066493926686000, -5.924234549616731900 ) ) ;
#5827 = DIRECTION ( 'NONE',  ( -0.0000000000000000000, -0.0000000000000000000, 1.000000000000000000 ) ) ;
#5829 = B_SPLINE_CURVE_WITH_KNOTS ( 'NONE', 3,
 ( #4497, #1094, #1592, #4510, #3528, #5917, #3008 ),
 .UNSPECIFIED., .F., .F.,
 ( 4, 3, 4 ),
 ( 0.001235889684214379600, 0.001263725857711642200, 0.001859684726850813800 ),
 .UNSPECIFIED. ) ;
#5830 = LINE ( 'NONE', #5858, #986 ) ;
#5831 = EDGE_LOOP ( 'NONE', ( #1422, #4802, #6251, #1823, #5532, #2560 ) ) ;
#5832 = CYLINDRICAL_SURFACE ( 'NONE', #5403, 8.932094846991093500 ) ;
#5833 = ORIENTED_EDGE ( 'NONE', *, *, #3307, .F. ) ;
#5834 = CARTESIAN_POINT ( 'NONE',  ( 14.39943674551692600, -3.235291628894407800, 5.934919143280428200 ) ) ;
#5835 = CARTESIAN_POINT ( 'NONE',  ( 6.450706408872280300, -13.27979163748167600, -5.930672822065825600 ) ) ;
#5836 = EDGE_LOOP ( 'NONE', ( #5294, #4294, #1193, #4056, #1506, #295, #1821, #2777, #5398, #1147, #4223, #10, #1968, #1663, #960, #2196 ) ) ;
#5837 = AXIS2_PLACEMENT_3D ( 'NONE', #3701, #4242, #2287 ) ;
#5838 = CARTESIAN_POINT ( 'NONE',  ( 0.0000000000000000000, 8.932094846991095200, 5.787867965644034400 ) ) ;
#5839 = DIRECTION ( 'NONE',  ( 1.000000000000000000, 0.0000000000000000000, 0.0000000000000000000 ) ) ;
#5840 = VERTEX_POINT ( 'NONE', #1838 ) ;
#5841 = CARTESIAN_POINT ( 'NONE',  ( -6.311786546318032300, -12.99132157047841900, -5.597398009426060000 ) ) ;
#5842 = DIRECTION ( 'NONE',  ( 1.000000000000000000, 0.0000000000000000000, 0.0000000000000000000 ) ) ;
#5843 = ORIENTED_EDGE ( 'NONE', *, *, #1354, .T. ) ;
#5844 = CARTESIAN_POINT ( 'NONE',  ( 0.0000000000000000000, 0.0000000000000000000, 5.411869347303862400 ) ) ;
#5845 = CARTESIAN_POINT ( 'NONE',  ( 0.05000000000000006500, 14.67874650223409600, 5.932026979673797700 ) ) ;
#5846 = AXIS2_PLACEMENT_3D ( 'NONE', #1888, #2910, #4809 ) ;
#5847 = ORIENTED_EDGE ( 'NONE', *, *, #23, .F. ) ;
#5848 = CARTESIAN_POINT ( 'NONE',  ( -11.44190216537076300, 9.188564895463867900, 5.927666725627947400 ) ) ;
#5850 = DIRECTION ( 'NONE',  ( 0.0000000000000000000, 0.0000000000000000000, -1.000000000000000000 ) ) ;
#5849 = DIRECTION ( 'NONE',  ( 0.0000000000000000000, 0.0000000000000000000, -1.000000000000000000 ) ) ;
#5851 = EDGE_LOOP ( 'NONE', ( #1186, #118, #1532, #790 ) ) ;
#5852 = EDGE_LOOP ( 'NONE', ( #2210, #2399, #2865, #5205 ) ) ;
#5853 = EDGE_CURVE ( 'NONE', #4595, #645, #2854, .T. ) ;
#5854 = DIRECTION ( 'NONE',  ( -0.0000000000000000000, -0.0000000000000000000, 1.000000000000000000 ) ) ;
#5855 = CARTESIAN_POINT ( 'NONE',  ( 14.41310753112671300, -3.238411896499628000, -5.918436744855735100 ) ) ;
#5856 = EDGE_CURVE ( 'NONE', #3720, #6112, #6240, .T. ) ;
#5857 = DIRECTION ( 'NONE',  ( -0.0000000000000000000, -0.0000000000000000000, 1.000000000000000000 ) ) ;
#5858 = CARTESIAN_POINT ( 'NONE',  ( -6.475519111231178300, -13.56179223193247600, 6.000000000000000000 ) ) ;
#5859 = CARTESIAN_POINT ( 'NONE',  ( 0.0000000000000000000, 0.0000000000000000000, 6.000000000000000000 ) ) ;
#5861 = CARTESIAN_POINT ( 'NONE',  ( 0.05000000000000005100, 14.76911045324863300, -5.923592372379001600 ) ) ;
#5860 = DIRECTION ( 'NONE',  ( 0.0000000000000000000, 0.0000000000000000000, 1.000000000000000000 ) ) ;
#5862 = AXIS2_PLACEMENT_3D ( 'NONE', #4173, #5631, #2762 ) ;
#5863 = FACE_OUTER_BOUND ( 'NONE', #375, .T. ) ;
#5864 = DIRECTION ( 'NONE',  ( 1.000000000000000000, 0.0000000000000000000, 0.0000000000000000000 ) ) ;
#5865 = CARTESIAN_POINT ( 'NONE',  ( 6.426370687298994100, -13.22925799093372000, -5.947407054167841900 ) ) ;
#5866 = ORIENTED_EDGE ( 'NONE', *, *, #5470, .F. ) ;
#5867 = CIRCLE ( 'NONE', #5089, 14.31353580660732300 ) ;
#5868 = AXIS2_PLACEMENT_3D ( 'NONE', #4102, #4054, #2136 ) ;
#5869 = CARTESIAN_POINT ( 'NONE',  ( 14.32635588611567300, -3.218611399633247900, -5.935654072712593700 ) ) ;
#5870 = EDGE_LOOP ( 'NONE', ( #4924, #1079, #5500, #145, #6181, #209 ) ) ;
#5871 = SPHERICAL_SURFACE ( 'NONE', #2553, 4.375000000000000000 ) ;
#5872 = DIRECTION ( 'NONE',  ( 0.0000000000000000000, 0.0000000000000000000, 1.000000000000000000 ) ) ;
#5873 = CARTESIAN_POINT ( 'NONE',  ( -6.609040460543665700, -13.60857568358281400, 5.353434673651931600 ) ) ;
#5875 = DIRECTION ( 'NONE',  ( -1.000000000000000000, 0.0000000000000000000, 0.0000000000000000000 ) ) ;
#5874 = CARTESIAN_POINT ( 'NONE',  ( -6.475555199841668500, -13.56186717070432800, 5.353434673651931600 ) ) ;
#5877 = VERTEX_POINT ( 'NONE', #463 ) ;
#5876 = ORIENTED_EDGE ( 'NONE', *, *, #4442, .T. ) ;
#5878 = EDGE_LOOP ( 'NONE', ( #2700, #2940, #4319, #448, #2501, #5149 ) ) ;
#5879 = EDGE_CURVE ( 'NONE', #1642, #1870, #3980, .T. ) ;
#5880 = CIRCLE ( 'NONE', #5022, 14.67132924350647700 ) ;
#5881 = VECTOR ( 'NONE', #6281, 1000.000000000000000 ) ;
#5883 = ORIENTED_EDGE ( 'NONE', *, *, #4268, .F. ) ;
#5882 = ORIENTED_EDGE ( 'NONE', *, *, #1229, .F. ) ;
#5884 = CARTESIAN_POINT ( 'NONE',  ( 14.32015750175207300, -3.217196658850493700, 5.930101898033889500 ) ) ;
#5885 = FACE_OUTER_BOUND ( 'NONE', #5650, .T. ) ;
#5886 = ADVANCED_FACE ( 'NONE', ( #4965 ), #1787, .F. ) ;
#5887 = CYLINDRICAL_SURFACE ( 'NONE', #2071, 14.31353580660732300 ) ;
#5888 = EDGE_CURVE ( 'NONE', #2100, #608, #2241, .T. ) ;
#5889 = LINE ( 'NONE', #5079, #3323 ) ;
#5890 = CARTESIAN_POINT ( 'NONE',  ( -6.443650648595937700, -13.49561668739453400, 5.602217234644990100 ) ) ;
#5891 = B_SPLINE_CURVE_WITH_KNOTS ( 'NONE', 3,
 ( #3039, #61, #3476, #113, #1519, #2518, #3514 ),
 .UNSPECIFIED., .F., .F.,
 ( 4, 3, 4 ),
 ( 0.001683847025956608400, 0.001830745039545441100, 0.002195884394735870200 ),
 .UNSPECIFIED. ) ;
#5893 = EDGE_LOOP ( 'NONE', ( #4059, #4986, #2953, #652 ) ) ;
#5892 = EDGE_LOOP ( 'NONE', ( #4087, #4665, #1185, #2962 ) ) ;
#5894 = CIRCLE ( 'NONE', #1505, 14.77243989039088300 ) ;
#5895 = CARTESIAN_POINT ( 'NONE',  ( 14.41310753112671300, -3.238411896499628000, -5.918436744855735100 ) ) ;
#5896 = VECTOR ( 'NONE', #85, 1000.000000000000000 ) ;
#5897 = DIRECTION ( 'NONE',  ( 0.0000000000000000000, 0.0000000000000000000, -1.000000000000000000 ) ) ;
#5898 = CARTESIAN_POINT ( 'NONE',  ( -6.454533184872562200, -13.28773801972567300, -5.918436744863155000 ) ) ;
#5899 = ORIENTED_EDGE ( 'NONE', *, *, #6049, .F. ) ;
#5900 = EDGE_LOOP ( 'NONE', ( #4635, #507 ) ) ;
#5901 = DIRECTION ( 'NONE',  ( -0.7818314824680309100, -0.6234898018587319300, 0.0000000000000000000 ) ) ;
#5902 = AXIS2_PLACEMENT_3D ( 'NONE', #6073, #4257, #5696 ) ;
#5903 = EDGE_CURVE ( 'NONE', #2278, #4341, #2232, .T. ) ;
#5904 = CARTESIAN_POINT ( 'NONE',  ( 6.169942428732900600, -12.92725571243168000, 5.427070689091481300 ) ) ;
#5906 = CARTESIAN_POINT ( 'NONE',  ( -6.443650648595937700, -13.49561668739453400, -5.602217234644990100 ) ) ;
#5905 = CARTESIAN_POINT ( 'NONE',  ( -6.565615998021420400, -13.51840385802071900, 6.000000000000000000 ) ) ;
#5907 = DIRECTION ( 'NONE',  ( -0.0000000000000000000, -0.0000000000000000000, 1.000000000000000000 ) ) ;
#5908 = VERTEX_POINT ( 'NONE', #1910 ) ;
#5909 = ORIENTED_EDGE ( 'NONE', *, *, #1368, .F. ) ;
#5910 = CARTESIAN_POINT ( 'NONE',  ( 11.45762845075709700, 9.201106189565171800, 5.943085793353259500 ) ) ;
#5911 = CARTESIAN_POINT ( 'NONE',  ( 6.454423494643299000, -13.28751024561808900, -5.918874622419537000 ) ) ;
#5912 = AXIS2_PLACEMENT_3D ( 'NONE', #3655, #1818, #3206 ) ;
#5913 = EDGE_LOOP ( 'NONE', ( #690, #1678 ) ) ;
#5914 = VERTEX_POINT ( 'NONE', #3361 ) ;
#5915 = EDGE_LOOP ( 'NONE', ( #599, #1500, #1501, #2341 ) ) ;
#5916 = DIRECTION ( 'NONE',  ( -0.0000000000000000000, -0.0000000000000000000, 1.000000000000000000 ) ) ;
#5917 = CARTESIAN_POINT ( 'NONE',  ( 14.18119296990640000, -3.288050597612291800, -5.760124666611659400 ) ) ;
#5918 = AXIS2_PLACEMENT_3D ( 'NONE', #3704, #6065, #326 ) ;
#5919 = EDGE_CURVE ( 'NONE', #5675, #3128, #3738, .T. ) ;
#5920 = CARTESIAN_POINT ( 'NONE',  ( 0.0000000000000000000, 0.0000000000000000000, 5.918436744855735100 ) ) ;
#5921 = ADVANCED_FACE ( 'NONE', ( #107 ), #5246, .T. ) ;
#5922 = CARTESIAN_POINT ( 'NONE',  ( 11.43926598975209800, 9.186462615559293000, -5.922851331036820700 ) ) ;
#5923 = DIRECTION ( 'NONE',  ( 1.000000000000000000, 0.0000000000000000000, 0.0000000000000000000 ) ) ;
#5924 = DIRECTION ( 'NONE',  ( 0.0000000000000000000, 0.0000000000000000000, -1.000000000000000000 ) ) ;
#5925 = EDGE_CURVE ( 'NONE', #2125, #5810, #1167, .T. ) ;
#5926 = CARTESIAN_POINT ( 'NONE',  ( 5.315075804190019700, -11.03686863180466700, -6.000769315822028800E-016 ) ) ;
#5927 = CARTESIAN_POINT ( 'NONE',  ( -5.315075804190173300, -11.03686863180459300, -6.000769315822028800E-016 ) ) ;
#5928 = CARTESIAN_POINT ( 'NONE',  ( -6.431842172214669700, -13.24061964643166600, 5.948810452728518600 ) ) ;
#5929 = EDGE_CURVE ( 'NONE', #3551, #3458, #5104, .T. ) ;
#5930 = DIRECTION ( 'NONE',  ( 0.0000000000000000000, 0.0000000000000000000, -1.000000000000000000 ) ) ;
#5931 = CARTESIAN_POINT ( 'NONE',  ( -11.45415025629297300, 9.198332422038939500, -5.940503640635170300 ) ) ;
#5932 = TOROIDAL_SURFACE ( 'NONE', #1287, 14.72047836616381700, 0.05999999999999999800 ) ;
#5933 = CARTESIAN_POINT ( 'NONE',  ( -11.51831793264028100, 9.249504436352340900, 5.918436744863155000 ) ) ;
#5934 = CARTESIAN_POINT ( 'NONE',  ( -14.72047836616381700, 0.0000000000000000000, 5.888436744855735800 ) ) ;
#5935 = DIRECTION ( 'NONE',  ( 1.000000000000000000, 0.0000000000000000000, 0.0000000000000000000 ) ) ;
#5936 = VECTOR ( 'NONE', #3362, 1000.000000000000000 ) ;
#5937 = VECTOR ( 'NONE', #496, 1000.000000000000000 ) ;
#5938 = AXIS2_PLACEMENT_3D ( 'NONE', #4757, #6205, #3313 ) ;
#5939 = AXIS2_PLACEMENT_3D ( 'NONE', #3043, #2581, #628 ) ;
#5940 = VERTEX_POINT ( 'NONE', #1927 ) ;
#5941 = CARTESIAN_POINT ( 'NONE',  ( 0.0000000000000000000, 0.0000000000000000000, 4.845955988548011500 ) ) ;
#5942 = CARTESIAN_POINT ( 'NONE',  ( 14.38174382693252600, -3.333825022011858200, -5.931203594297441500 ) ) ;
#5943 = CIRCLE ( 'NONE', #1906, 16.03886114155692200 ) ;
#5944 = ADVANCED_FACE ( 'NONE', ( #3827 ), #3078, .F. ) ;
#5946 = VERTEX_POINT ( 'NONE', #3966 ) ;
#5945 = ORIENTED_EDGE ( 'NONE', *, *, #5453, .T. ) ;
#5947 = CARTESIAN_POINT ( 'NONE',  ( -6.475519111231179200, -13.56179223193247600, 5.475000000000000500 ) ) ;
#5948 = ORIENTED_EDGE ( 'NONE', *, *, #6237, .F. ) ;
#5949 = VERTEX_POINT ( 'NONE', #45 ) ;
#5950 = AXIS2_PLACEMENT_3D ( 'NONE', #549, #3416, #5337 ) ;
#5951 = CIRCLE ( 'NONE', #3424, 15.02845821440191200 ) ;
#5952 = DIRECTION ( 'NONE',  ( 0.0000000000000000000, 0.0000000000000000000, -1.000000000000000000 ) ) ;
#5954 = VERTEX_POINT ( 'NONE', #5416 ) ;
#5953 = VERTEX_POINT ( 'NONE', #4443 ) ;
#5955 = CARTESIAN_POINT ( 'NONE',  ( -11.51429482030820900, 9.246296111327026800, -5.925963813471787100 ) ) ;
#5956 = VERTEX_POINT ( 'NONE', #3406 ) ;
#5957 = CIRCLE ( 'NONE', #5992, 15.02845821440191200 ) ;
#5958 = CARTESIAN_POINT ( 'NONE',  ( 11.57664380049421400, 9.168112963080059100, -5.925963813471787100 ) ) ;
#5959 = FACE_OUTER_BOUND ( 'NONE', #5530, .T. ) ;
#5960 = DIRECTION ( 'NONE',  ( 0.0000000000000000000, -1.000000000000000000, 0.0000000000000000000 ) ) ;
#5962 = ORIENTED_EDGE ( 'NONE', *, *, #4147, .F. ) ;
#5961 = VERTEX_POINT ( 'NONE', #5223 ) ;
#5963 = EDGE_CURVE ( 'NONE', #123, #3102, #1022, .T. ) ;
#5964 = LINE ( 'NONE', #616, #655 ) ;
#5965 = FACE_OUTER_BOUND ( 'NONE', #3775, .T. ) ;
#5966 = FACE_OUTER_BOUND ( 'NONE', #4972, .T. ) ;
#5967 = CARTESIAN_POINT ( 'NONE',  ( 11.47290227895389900, 9.213286661098482700, 5.948499693344809100 ) ) ;
#5968 = CARTESIAN_POINT ( 'NONE',  ( 6.255420988009150900, -12.87427728262074600, 5.353434673651931600 ) ) ;
#5969 = CARTESIAN_POINT ( 'NONE',  ( -11.17201305936064200, 8.973335515471527300, -5.434671360010760600 ) ) ;
#5970 = ORIENTED_EDGE ( 'NONE', *, *, #4098, .T. ) ;
#5971 = CIRCLE ( 'NONE', #389, 4.374999999999999100 ) ;
#5972 = EDGE_CURVE ( 'NONE', #6088, #3309, #1564, .T. ) ;
#5973 = ORIENTED_EDGE ( 'NONE', *, *, #2987, .F. ) ;
#5974 = ORIENTED_EDGE ( 'NONE', *, *, #1982, .F. ) ;
#5975 = CARTESIAN_POINT ( 'NONE',  ( 14.20344506330203200, -3.190557806394110200, 5.760124666611660300 ) ) ;
#5976 = DIRECTION ( 'NONE',  ( -0.0000000000000000000, -0.0000000000000000000, 1.000000000000000000 ) ) ;
#5977 = DIRECTION ( 'NONE',  ( -0.2225209339563050900, 0.9749279121818258400, 0.0000000000000000000 ) ) ;
#5978 = AXIS2_PLACEMENT_3D ( 'NONE', #2656, #4575, #232 ) ;
#5979 = ADVANCED_FACE ( 'NONE', ( #5186 ), #2085, .F. ) ;
#5980 = EDGE_LOOP ( 'NONE', ( #2535, #1385, #2645, #3754 ) ) ;
#5981 = EDGE_CURVE ( 'NONE', #3234, #1253, #1897, .T. ) ;
#5982 = CARTESIAN_POINT ( 'NONE',  ( 0.0000000000000000000, 0.0000000000000000000, -6.429395695523609100E-016 ) ) ;
#5983 = PLANE ( 'NONE',  #3275 ) ;
#5984 = ORIENTED_EDGE ( 'NONE', *, *, #5114, .T. ) ;
#5985 = CARTESIAN_POINT ( 'NONE',  ( -14.59271773000267700, -3.381978438654033700, 5.559811490052914500 ) ) ;
#5986 = DIRECTION ( 'NONE',  ( -0.4338837391175652800, -0.9009688679024157000, -0.0000000000000000000 ) ) ;
#5987 = CARTESIAN_POINT ( 'NONE',  ( 14.31452164892553800, -3.318481998547469800, -5.942348470219661400 ) ) ;
#5988 = AXIS2_PLACEMENT_3D ( 'NONE', #2074, #5977, #2597 ) ;
#5989 = ORIENTED_EDGE ( 'NONE', *, *, #5004, .T. ) ;
#5990 = CARTESIAN_POINT ( 'NONE',  ( -14.56884846766593500, -3.376530435287165700, -5.602217234644990100 ) ) ;
#5991 = MANIFOLD_SOLID_BREP ( 'Revolve3[2]', #5620 ) ;
#5992 = AXIS2_PLACEMENT_3D ( 'NONE', #359, #429, #3742 ) ;
#5993 = EDGE_CURVE ( 'NONE', #4095, #1733, #1492, .T. ) ;
#5994 = CARTESIAN_POINT ( 'NONE',  ( -14.32137588624896400, -3.320046433488259100, 5.945246423886637800 ) ) ;
#5995 = CARTESIAN_POINT ( 'NONE',  ( 11.58066691282628600, 9.171321288105373200, -5.918436744863155000 ) ) ;
#5996 = CARTESIAN_POINT ( 'NONE',  ( 11.69934058404142300, 9.393865183629415600, -5.517405745169837100 ) ) ;
#5997 = DATE_AND_TIME ( #2012, #1554 ) ;
#5998 = EDGE_CURVE ( 'NONE', #6060, #5473, #2620, .T. ) ;
#5999 = CARTESIAN_POINT ( 'NONE',  ( -14.38225675011990200, -3.333942093382035000, -5.930672822065825600 ) ) ;
#6000 = DIRECTION ( 'NONE',  ( 1.000000000000000000, 0.0000000000000000000, 0.0000000000000000000 ) ) ;
#6001 = CARTESIAN_POINT ( 'NONE',  ( -18.50000000000000000, 0.0000000000000000000, 5.100000000000001400 ) ) ;
#6002 = ADVANCED_FACE ( 'NONE', ( #2559 ), #3902, .F. ) ;
#6003 = CARTESIAN_POINT ( 'NONE',  ( 0.0000000000000000000, 0.0000000000000000000, -6.000000000000000000 ) ) ;
#6004 = SHAPE_DEFINITION_REPRESENTATION ( #4421, #2159 ) ;
#6005 = EDGE_CURVE ( 'NONE', #1977, #5167, #1942, .T. ) ;
#6006 = DIRECTION ( 'NONE',  ( 0.0000000000000000000, 0.0000000000000000000, -1.000000000000000000 ) ) ;
#6007 = ORIENTED_EDGE ( 'NONE', *, *, #4608, .F. ) ;
#6008 = CARTESIAN_POINT ( 'NONE',  ( 0.0000000000000000000, 0.0000000000000000000, -1.178722544179328000E-015 ) ) ;
#6009 = CIRCLE ( 'NONE', #667, 8.461138858443082000 ) ;
#6010 = CARTESIAN_POINT ( 'NONE',  ( -14.31517689167144000, -3.318631553428159600, 5.943085793353259500 ) ) ;
#6011 = CARTESIAN_POINT ( 'NONE',  ( -14.67132924350647700, 0.0000000000000000000, -5.922851331036798500 ) ) ;
#6012 = ORIENTED_EDGE ( 'NONE', *, *, #1689, .T. ) ;
#6013 = ORIENTED_EDGE ( 'NONE', *, *, #5981, .F. ) ;
#6014 = CARTESIAN_POINT ( 'NONE',  ( -6.321432006711351200, -13.24182706246118200, -5.925578038978351900 ) ) ;
#6015 = CIRCLE ( 'NONE', #5481, 14.33469504429233900 ) ;
#6016 = AXIS2_PLACEMENT_3D ( 'NONE', #844, #5209, #2760 ) ;
#6018 = EDGE_LOOP ( 'NONE', ( #1804, #2636, #3334, #3053 ) ) ;
#6017 = ORIENTED_EDGE ( 'NONE', *, *, #2091, .F. ) ;
#6019 = VERTEX_POINT ( 'NONE', #4887 ) ;
#6020 = CARTESIAN_POINT ( 'NONE',  ( -14.30925609132735100, -3.317280169386454400, -5.939797578137313600 ) ) ;
#6021 = CARTESIAN_POINT ( 'NONE',  ( -11.16785209007719900, 8.970017253196022700, -5.427070689091481300 ) ) ;
#6022 = FACE_OUTER_BOUND ( 'NONE', #970, .T. ) ;
#6023 = CIRCLE ( 'NONE', #6271, 14.31353580660732300 ) ;
#6025 = ORIENTED_EDGE ( 'NONE', *, *, #2586, .T. ) ;
#6024 = EDGE_LOOP ( 'NONE', ( #846, #4627, #881, #2169 ) ) ;
#6026 = AXIS2_PLACEMENT_3D ( 'NONE', #2676, #6041, #6126 ) ;
#6027 = FACE_OUTER_BOUND ( 'NONE', #3697, .T. ) ;
#6028 = EDGE_CURVE ( 'NONE', #69, #3458, #3300, .T. ) ;
#6029 = FACE_OUTER_BOUND ( 'NONE', #4412, .T. ) ;
#6030 = DIRECTION ( 'NONE',  ( -0.0000000000000000000, -0.0000000000000000000, 1.000000000000000000 ) ) ;
#6031 = CARTESIAN_POINT ( 'NONE',  ( 6.311786546317852000, -12.99132157047851000, 5.597398009426060900 ) ) ;
#6032 = LINE ( 'NONE', #4653, #4471 ) ;
#6034 = ORIENTED_EDGE ( 'NONE', *, *, #954, .F. ) ;
#6033 = ORIENTED_EDGE ( 'NONE', *, *, #1464, .T. ) ;
#6035 = ADVANCED_FACE ( 'NONE', ( #5429 ), #5275, .T. ) ;
#6036 = CIRCLE ( 'NONE', #4506, 14.31353580660732300 ) ;
#6037 = CARTESIAN_POINT ( 'NONE',  ( -0.05000000000000011400, 14.31344847641650600, 5.411869347303862400 ) ) ;
#6038 = VECTOR ( 'NONE', #4367, 1000.000000000000000 ) ;
#6039 = EDGE_CURVE ( 'NONE', #3020, #4062, #328, .T. ) ;
#6040 = ORIENTED_EDGE ( 'NONE', *, *, #3208, .T. ) ;
#6041 = DIRECTION ( 'NONE',  ( -0.0000000000000000000, -0.0000000000000000000, 1.000000000000000000 ) ) ;
#6042 = VERTEX_POINT ( 'NONE', #4040 ) ;
#6043 = CARTESIAN_POINT ( 'NONE',  ( 0.0000000000000000000, 0.0000000000000000000, -5.700000000000000200 ) ) ;
#6044 = CARTESIAN_POINT ( 'NONE',  ( 0.0000000000000000000, 0.0000000000000000000, -5.888436744855735800 ) ) ;
#6045 = DIRECTION ( 'NONE',  ( 0.9009688679024157000, -0.4338837391175651700, 0.0000000000000000000 ) ) ;
#6046 = CARTESIAN_POINT ( 'NONE',  ( -11.50161496993784000, 9.108279467312652100, -5.922851331036820700 ) ) ;
#6047 = ORIENTED_EDGE ( 'NONE', *, *, #2577, .T. ) ;
#6048 = ORIENTED_EDGE ( 'NONE', *, *, #51, .T. ) ;
#6049 = EDGE_CURVE ( 'NONE', #1304, #6101, #1267, .T. ) ;
#6050 = CARTESIAN_POINT ( 'NONE',  ( 15.02845821440191400, 0.0000000000000000000, -5.700000000000000200 ) ) ;
#6051 = ORIENTED_EDGE ( 'NONE', *, *, #552, .T. ) ;
#6052 = CARTESIAN_POINT ( 'NONE',  ( 0.0000000000000000000, 0.0000000000000000000, 6.000000000000000900 ) ) ;
#6053 = CARTESIAN_POINT ( 'NONE',  ( 0.0000000000000000000, 0.0000000000000000000, -5.353434673651931600 ) ) ;
#6054 = CARTESIAN_POINT ( 'NONE',  ( -11.23020107026307100, 8.891834104949220200, 5.427070689091480400 ) ) ;
#6055 = ORIENTED_EDGE ( 'NONE', *, *, #4106, .F. ) ;
#6056 = AXIS2_PLACEMENT_3D ( 'NONE', #545, #559, #1050 ) ;
#6057 = AXIS2_PLACEMENT_3D ( 'NONE', #4645, #271, #3659 ) ;
#6058 = CARTESIAN_POINT ( 'NONE',  ( 0.0000000000000000000, 0.0000000000000000000, -5.918436744855735100 ) ) ;
#6059 = DIRECTION ( 'NONE',  ( -0.7071067811865510100, 0.0000000000000000000, -0.7071067811865441300 ) ) ;
#6060 = VERTEX_POINT ( 'NONE', #675 ) ;
#6061 = CARTESIAN_POINT ( 'NONE',  ( -0.05000000000000005100, 14.75833291778367800, -5.934919143280428200 ) ) ;
#6062 = CARTESIAN_POINT ( 'NONE',  ( -6.330756176579005700, -13.26118890069664100, -5.943085793353259500 ) ) ;
#6063 = DIRECTION ( 'NONE',  ( -0.0000000000000000000, -0.0000000000000000000, 1.000000000000000000 ) ) ;
#6064 = CARTESIAN_POINT ( 'NONE',  ( 11.22187913163943300, 8.885197580352695500, 5.411869347303862400 ) ) ;
#6065 = DIRECTION ( 'NONE',  ( -0.9009688679024157000, 0.4338837391175652800, 0.0000000000000000000 ) ) ;
#6066 = AXIS2_PLACEMENT_3D ( 'NONE', #4572, #212, #666 ) ;
#6067 = ADVANCED_FACE ( 'NONE', ( #2929 ), #2391, .T. ) ;
#6068 = DIRECTION ( 'NONE',  ( -0.7818314824680220300, 0.6234898018587432500, 0.0000000000000000000 ) ) ;
#6069 = ADVANCED_FACE ( 'NONE', ( #5561 ), #3449, .F. ) ;
#6070 = EDGE_CURVE ( 'NONE', #527, #4978, #318, .T. ) ;
#6071 = CARTESIAN_POINT ( 'NONE',  ( 0.05000000000000001700, 15.02837503864021700, -5.475000000000000500 ) ) ;
#6072 = CARTESIAN_POINT ( 'NONE',  ( 11.15953015145355700, 8.963380728599496200, 6.000000000000000000 ) ) ;
#6073 = CARTESIAN_POINT ( 'NONE',  ( 0.0000000000000000000, 0.0000000000000000000, 2.187500000000000400 ) ) ;
#6074 = CARTESIAN_POINT ( 'NONE',  ( -0.05000000000000005800, 14.77235527311781700, 5.918436744855735100 ) ) ;
#6075 = CARTESIAN_POINT ( 'NONE',  ( -6.350748482207611000, -13.30270335110125200, -5.944857023634334300 ) ) ;
#6076 = DIRECTION ( 'NONE',  ( -0.0000000000000000000, -0.0000000000000000000, 1.000000000000000000 ) ) ;
#6077 = EDGE_CURVE ( 'NONE', #608, #1870, #4651, .T. ) ;
#6078 = CARTESIAN_POINT ( 'NONE',  ( 0.0000000000000000000, 0.0000000000000000000, -5.888436744855735800 ) ) ;
#6079 = CARTESIAN_POINT ( 'NONE',  ( -0.05000000000000006500, 14.67124404307172400, -5.922851331036820700 ) ) ;
#6080 = CIRCLE ( 'NONE', #5574, 14.31353580660732500 ) ;
#6081 = FACE_OUTER_BOUND ( 'NONE', #4764, .T. ) ;
#6082 = CARTESIAN_POINT ( 'NONE',  ( 0.05000000000000000300, 15.12845821440191200, 5.353434673651931600 ) ) ;
#6083 = ORIENTED_EDGE ( 'NONE', *, *, #3288, .F. ) ;
#6084 = VECTOR ( 'NONE', #2297, 1000.000000000000000 ) ;
#6085 = AXIS2_PLACEMENT_3D ( 'NONE', #3407, #6227, #4359 ) ;
#6086 = EDGE_CURVE ( 'NONE', #3905, #1337, #5649, .T. ) ;
#6087 = DIRECTION ( 'NONE',  ( 0.6234898018587432500, 0.7818314824680220300, 0.0000000000000000000 ) ) ;
#6089 = EDGE_LOOP ( 'NONE', ( #3264, #4930, #5370, #991 ) ) ;
#6088 = VERTEX_POINT ( 'NONE', #2079 ) ;
#6090 = B_SPLINE_CURVE_WITH_KNOTS ( 'NONE', 3,
 ( #3740, #5637, #4197, #3272, #5600, #4731, #1754 ),
 .UNSPECIFIED., .F., .F.,
 ( 4, 3, 4 ),
 ( 0.001465605684353204600, 0.001830745039545445900, 0.001977643053134278900 ),
 .UNSPECIFIED. ) ;
#6091 = ORIENTED_EDGE ( 'NONE', *, *, #2667, .T. ) ;
#6092 = CARTESIAN_POINT ( 'NONE',  ( -14.37211253610684000, -3.331626742730736900, 5.939165479577829900 ) ) ;
#6093 = ADVANCED_FACE ( 'NONE', ( #5487 ), #4581, .T. ) ;
#6094 = LINE ( 'NONE', #2961, #4669 ) ;
#6095 = CARTESIAN_POINT ( 'NONE',  ( 11.74254790242770200, 9.300417069478449200, 5.559811490052915400 ) ) ;
#6096 = CARTESIAN_POINT ( 'NONE',  ( 6.443650648595750300, -13.49561668739462300, -5.602217234644991000 ) ) ;
#6097 = CARTESIAN_POINT ( 'NONE',  ( -14.29227927732414600, -3.313405322374288100, -5.922851331036820700 ) ) ;
#6099 = ORIENTED_EDGE ( 'NONE', *, *, #3459, .T. ) ;
#6098 = ORIENTED_EDGE ( 'NONE', *, *, #207, .T. ) ;
#6100 = CARTESIAN_POINT ( 'NONE',  ( -14.31353580660732300, 0.0000000000000000000, -5.351869347303861900 ) ) ;
#6101 = VERTEX_POINT ( 'NONE', #3203 ) ;
#6102 = CARTESIAN_POINT ( 'NONE',  ( -14.66270834660478600, -3.295381653834751600, 5.353434673651931600 ) ) ;
#6103 = AXIS2_PLACEMENT_3D ( 'NONE', #1706, #1414, #2295 ) ;
#6104 = CIRCLE ( 'NONE', #4436, 14.67132924350647700 ) ;
#6105 = CC_DESIGN_APPROVAL ( #5017, ( #4542 ) ) ;
#6106 = ADVANCED_FACE ( 'NONE', ( #5100 ), #5932, .T. ) ;
#6107 = FACE_OUTER_BOUND ( 'NONE', #1043, .T. ) ;
#6108 = CARTESIAN_POINT ( 'NONE',  ( -11.58066691281894500, 9.171321288099786500, 5.918436744855735100 ) ) ;
#6109 = DIRECTION ( 'NONE',  ( 1.000000000000000000, 0.0000000000000000000, 0.0000000000000000000 ) ) ;
#6110 = DIRECTION ( 'NONE',  ( 0.2225209339563181100, 0.9749279121818228400, -0.0000000000000000000 ) ) ;
#6112 = VERTEX_POINT ( 'NONE', #3652 ) ;
#6111 = ORIENTED_EDGE ( 'NONE', *, *, #4493, .T. ) ;
#6113 = LINE ( 'NONE', #4201, #2261 ) ;
#6114 = VECTOR ( 'NONE', #4187, 1000.000000000000000 ) ;
#6115 = CARTESIAN_POINT ( 'NONE',  ( 6.344737739592639900, -13.29022191545244900, -5.948453804110887900 ) ) ;
#6116 = AXIS2_PLACEMENT_3D ( 'NONE', #1089, #5313, #2405 ) ;
#6117 = ORIENTED_EDGE ( 'NONE', *, *, #1842, .T. ) ;
#6118 = ORIENTED_EDGE ( 'NONE', *, *, #3625, .T. ) ;
#6119 = EDGE_CURVE ( 'NONE', #3641, #3753, #2078, .T. ) ;
#6120 = VECTOR ( 'NONE', #5262, 1000.000000000000000 ) ;
#6121 = DIRECTION ( 'NONE',  ( 1.000000000000000000, 0.0000000000000000000, 0.0000000000000000000 ) ) ;
#6122 = VERTEX_POINT ( 'NONE', #3138 ) ;
#6123 = EDGE_LOOP ( 'NONE', ( #4153, #3463, #2524, #4533, #1997, #307 ) ) ;
#6124 = CARTESIAN_POINT ( 'NONE',  ( 6.429329398534982900, -13.23540181812152700, 5.948499693344809100 ) ) ;
#6125 = EDGE_CURVE ( 'NONE', #2890, #2750, #4198, .T. ) ;
#6126 = DIRECTION ( 'NONE',  ( 1.000000000000000000, 0.0000000000000000000, 0.0000000000000000000 ) ) ;
#6127 = DIRECTION ( 'NONE',  ( -0.0000000000000000000, -0.0000000000000000000, 1.000000000000000000 ) ) ;
#6128 = B_SPLINE_CURVE_WITH_KNOTS ( 'NONE', 3,
 ( #1230, #3161, #1699, #1684, #5059, #2187, #2720 ),
 .UNSPECIFIED., .F., .F.,
 ( 4, 3, 4 ),
 ( 0.001465605684353203900, 0.001830745039545445900, 0.001977643053134278900 ),
 .UNSPECIFIED. ) ;
#6129 = EDGE_LOOP ( 'NONE', ( #969, #4549, #3044, #3880, #2020, #2277 ) ) ;
#6130 = CARTESIAN_POINT ( 'NONE',  ( -6.475519111231179200, -13.56179223193247600, 5.475000000000000500 ) ) ;
#6131 = DIRECTION ( 'NONE',  ( -0.0000000000000000000, -0.0000000000000000000, 1.000000000000000000 ) ) ;
#6132 = CARTESIAN_POINT ( 'NONE',  ( -14.40399592032820100, -3.236332230793480800, 5.931203594297440600 ) ) ;
#6134 = CARTESIAN_POINT ( 'NONE',  ( 11.52416960063703800, 9.126266185091065400, 5.945295989391454800 ) ) ;
#6133 = CARTESIAN_POINT ( 'NONE',  ( 0.0000000000000000000, 0.0000000000000000000, -6.000000000000000000 ) ) ;
#6135 = ADVANCED_FACE ( 'NONE', ( #3972 ), #566, .T. ) ;
#6136 = EDGE_LOOP ( 'NONE', ( #3085, #1457, #3228, #1841 ) ) ;
#6137 = EDGE_CURVE ( 'NONE', #1025, #1909, #6128, .T. ) ;
#6138 = DIRECTION ( 'NONE',  ( 0.4338837391175650600, 0.9009688679024158200, 0.0000000000000000000 ) ) ;
#6139 = DIRECTION ( 'NONE',  ( -0.0000000000000000000, -0.0000000000000000000, 1.000000000000000000 ) ) ;
#6140 = ADVANCED_FACE ( 'NONE', ( #5863 ), #1625, .T. ) ;
#6141 = VERTEX_POINT ( 'NONE', #1719 ) ;
#6142 =( GEOMETRIC_REPRESENTATION_CONTEXT ( 3 ) GLOBAL_UNCERTAINTY_ASSIGNED_CONTEXT ( ( #2835 ) ) GLOBAL_UNIT_ASSIGNED_CONTEXT ( ( #5146, #324, #4680 ) ) REPRESENTATION_CONTEXT ( 'NONE', 'WORKASPACE' ) );
#6143 = CARTESIAN_POINT ( 'NONE',  ( -6.362579852314072000, -13.32727144427808600, 5.925469712029101100 ) ) ;
#6144 = CARTESIAN_POINT ( 'NONE',  ( 16.03886114155692200, 0.0000000000000000000, 6.000000000000000000 ) ) ;
#6145 = CARTESIAN_POINT ( 'NONE',  ( 6.415925070728170500, -13.20756744462401100, 5.935654072712593700 ) ) ;
#6146 = DIRECTION ( 'NONE',  ( -0.0000000000000000000, -0.0000000000000000000, 1.000000000000000000 ) ) ;
#6147 = CARTESIAN_POINT ( 'NONE',  ( -13.97608377365991700, -3.138664075704169100, 5.427070689091481300 ) ) ;
#6148 = PLANE ( 'NONE',  #1697 ) ;
#6149 = CARTESIAN_POINT ( 'NONE',  ( -14.40809079211418500, -3.237266858557096100, 5.925963813471787100 ) ) ;
#6150 = CARTESIAN_POINT ( 'NONE',  ( 11.57664380049421400, 9.168112963080059100, 5.925963813471787100 ) ) ;
#6151 = EDGE_CURVE ( 'NONE', #265, #5877, #320, .T. ) ;
#6152 = COORDINATED_UNIVERSAL_TIME_OFFSET ( 6, 0, .BEHIND. ) ;
#6153 = CARTESIAN_POINT ( 'NONE',  ( -0.05000000000000011400, 14.31877055593707800, 5.419470018189162600 ) ) ;
#6154 = CONICAL_SURFACE ( 'NONE', #747, 14.01368909232457900, 0.5235987755983009300 ) ;
#6155 = EDGE_CURVE ( 'NONE', #3551, #449, #422, .T. ) ;
#6156 = CARTESIAN_POINT ( 'NONE',  ( -14.32958067895437400, -3.219347437554737700, -5.938247467940449600 ) ) ;
#6157 = CARTESIAN_POINT ( 'NONE',  ( 11.22187913163943100, 8.885197580352693700, -6.000000000000000000 ) ) ;
#6158 = CARTESIAN_POINT ( 'NONE',  ( 6.440845368997667500, -13.25931497718958800, 5.944857023634334300 ) ) ;
#6159 = ORIENTED_EDGE ( 'NONE', *, *, #6203, .T. ) ;
#6160 = CARTESIAN_POINT ( 'NONE',  ( -6.420561452913694300, -13.21719499143446600, -5.942348470219661400 ) ) ;
#6161 = CIRCLE ( 'NONE', #4159, 14.31353580660732300 ) ;
#6162 = B_SPLINE_CURVE_WITH_KNOTS ( 'NONE', 3,
 ( #653, #3676, #4578, #221, #5567, #4150, #4120 ),
 .UNSPECIFIED., .F., .F.,
 ( 4, 3, 4 ),
 ( 0.001235889684214378700, 0.001263725857711642900, 0.001859684726850812900 ),
 .UNSPECIFIED. ) ;
#6163 = CARTESIAN_POINT ( 'NONE',  ( 0.0000000000000000000, 0.0000000000000000000, 5.353434673651931600 ) ) ;
#6164 = ADVANCED_FACE ( 'NONE', ( #2924 ), #1850, .T. ) ;
#6165 = ORIENTED_EDGE ( 'NONE', *, *, #2157, .T. ) ;
#6166 = EDGE_CURVE ( 'NONE', #4095, #4458, #3520, .T. ) ;
#6167 = ORIENTED_EDGE ( 'NONE', *, *, #3342, .F. ) ;
#6168 = CARTESIAN_POINT ( 'NONE',  ( 6.565615998021231200, -13.51840385802081100, -6.000000000000000000 ) ) ;
#6169 = CARTESIAN_POINT ( 'NONE',  ( -14.41162598051588100, -3.238073742240522800, 5.921068843291818600 ) ) ;
#6170 = LINE ( 'NONE', #4310, #3750 ) ;
#6171 = CARTESIAN_POINT ( 'NONE',  ( 0.05000000000000006500, 14.67124404307175000, -5.922851331036797600 ) ) ;
#6173 = ORIENTED_EDGE ( 'NONE', *, *, #862, .F. ) ;
#6172 = VERTEX_POINT ( 'NONE', #4192 ) ;
#6174 = CARTESIAN_POINT ( 'NONE',  ( -5.315075804190173300, -11.03686863180459300, -6.000769315822028800E-016 ) ) ;
#6175 = EDGE_LOOP ( 'NONE', ( #3404, #618, #144, #536 ) ) ;
#6176 = AXIS2_PLACEMENT_3D ( 'NONE', #5342, #4838, #2474 ) ;
#6177 = CARTESIAN_POINT ( 'NONE',  ( 14.33986919511009200, -3.324267410555896700, 5.948810452728518600 ) ) ;
#6178 = LINE ( 'NONE', #5458, #2870 ) ;
#6179 = CARTESIAN_POINT ( 'NONE',  ( -6.255420988009330300, -12.87427728262065700, 5.353434673651931600 ) ) ;
#6180 = VECTOR ( 'NONE', #784, 1000.000000000000000 ) ;
#6182 = CLOSED_SHELL ( 'NONE', ( #4203, #4654, #5886, #5025, #4176, #3196, #5166, #2480, #2578, #765, #1913 ) ) ;
#6181 = ORIENTED_EDGE ( 'NONE', *, *, #4111, .T. ) ;
#6183 = CARTESIAN_POINT ( 'NONE',  ( -14.39340766313195600, -3.233915530183273400, -5.939344605127422100 ) ) ;
#6184 = MANIFOLD_SOLID_BREP ( 'CirPattern1[6]', #3500 ) ;
#6185 = CIRCLE ( 'NONE', #3718, 14.33469504429233900 ) ;
#6186 = CIRCLE ( 'NONE', #2491, 15.02845821440191400 ) ;
#6187 = DIRECTION ( 'NONE',  ( 0.0000000000000000000, 0.0000000000000000000, 1.000000000000000000 ) ) ;
#6188 = CONICAL_SURFACE ( 'NONE', #4900, 8.461138858443082000, 0.7853981633974422800 ) ;
#6189 = CARTESIAN_POINT ( 'NONE',  ( 9.577435660233380300, 7.637750072769468300, -6.000769315822028800E-016 ) ) ;
#6191 = ORIENTED_EDGE ( 'NONE', *, *, #6151, .F. ) ;
#6190 = ORIENTED_EDGE ( 'NONE', *, *, #64, .T. ) ;
#6192 = CARTESIAN_POINT ( 'NONE',  ( -11.55106517636155200, 9.147714691010305500, -5.947141906180245700 ) ) ;
#6193 = AXIS2_PLACEMENT_3D ( 'NONE', #5335, #3433, #3412 ) ;
#6194 = CONICAL_SURFACE ( 'NONE', #4622, 14.72534932307735800, 0.6108652381980183000 ) ;
#6195 = DIRECTION ( 'NONE',  ( 0.7071067811865510100, 8.659560562354976000E-017, -0.7071067811865441300 ) ) ;
#6196 = CYLINDRICAL_SURFACE ( 'NONE', #2445, 8.932094846991093500 ) ;
#6197 = CARTESIAN_POINT ( 'NONE',  ( -17.60000000000001200, 0.0000000000000000000, 6.000000000000000900 ) ) ;
#6198 = DIRECTION ( 'NONE',  ( -1.000000000000000000, 0.0000000000000000000, 0.0000000000000000000 ) ) ;
#6200 = CARTESIAN_POINT ( 'NONE',  ( -11.79673042312843700, 9.471530988649124800, 6.000000000000000900 ) ) ;
#6199 = CARTESIAN_POINT ( 'NONE',  ( 6.364436298082134500, -13.33112639363751800, 5.918436744863155000 ) ) ;
#6201 = EDGE_LOOP ( 'NONE', ( #5547, #2658, #3618, #3434 ) ) ;
#6202 = ORIENTED_EDGE ( 'NONE', *, *, #6155, .F. ) ;
#6203 = EDGE_CURVE ( 'NONE', #4525, #5578, #2689, .T. ) ;
#6204 = ORIENTED_EDGE ( 'NONE', *, *, #4026, .F. ) ;
#6205 = DIRECTION ( 'NONE',  ( -0.2225209339563050400, 0.9749279121818257300, 1.224646799147353200E-016 ) ) ;
#6206 = DIRECTION ( 'NONE',  ( 0.0000000000000000000, 0.0000000000000000000, 1.000000000000000000 ) ) ;
#6207 = VERTEX_POINT ( 'NONE', #5704 ) ;
#6208 = CARTESIAN_POINT ( 'NONE',  ( -0.05000000000000006500, 14.67124404307172400, 5.922851331036820700 ) ) ;
#6209 = ADVANCED_FACE ( 'NONE', ( #492 ), #944, .T. ) ;
#6210 = CARTESIAN_POINT ( 'NONE',  ( 7.677557308431853600, -1.752352354906005800, -3.321854442687193000E-016 ) ) ;
#6211 = CARTESIAN_POINT ( 'NONE',  ( -6.333514988704966900, -13.26691763310532200, 5.945246423886637800 ) ) ;
#6212 = CARTESIAN_POINT ( 'NONE',  ( 14.61658699184798300, -3.387426441908941900, 5.517405745169837100 ) ) ;
#6213 = ORIENTED_EDGE ( 'NONE', *, *, #763, .T. ) ;
#6214 = CARTESIAN_POINT ( 'NONE',  ( 0.0000000000000000000, 0.0000000000000000000, 5.475000000000000500 ) ) ;
#6215 = EDGE_CURVE ( 'NONE', #4593, #5956, #5266, .T. ) ;
#6216 = CARTESIAN_POINT ( 'NONE',  ( -14.31453137071980600, -3.215912531156111900, 5.922851331036797600 ) ) ;
#6217 = B_SPLINE_CURVE_WITH_KNOTS ( 'NONE', 3,
 ( #4566, #2105, #4598, #5002, #696, #1662, #1701 ),
 .UNSPECIFIED., .F., .F.,
 ( 4, 3, 4 ),
 ( 0.0006677669885724647500, 0.001263725857711640700, 0.001291562031208903300 ),
 .UNSPECIFIED. ) ;
#6218 = DIRECTION ( 'NONE',  ( 0.0000000000000000000, -0.0000000000000000000, 1.000000000000000000 ) ) ;
#6219 = ORIENTED_EDGE ( 'NONE', *, *, #4413, .T. ) ;
#6220 = DIRECTION ( 'NONE',  ( -0.2225209339563050900, 0.9749279121818258400, 0.0000000000000000000 ) ) ;
#6221 = CARTESIAN_POINT ( 'NONE',  ( 11.26109737796971700, 9.044377888928725200, 5.597398009426060000 ) ) ;
#6222 = AXIS2_PLACEMENT_3D ( 'NONE', #5050, #703, #2687 ) ;
#6223 = EDGE_CURVE ( 'NONE', #3720, #925, #2551, .T. ) ;
#6224 = CARTESIAN_POINT ( 'NONE',  ( 0.05000000000000011400, 14.32941471490539900, -5.434671360010760600 ) ) ;
#6225 = CARTESIAN_POINT ( 'NONE',  ( 0.0000000000000000000, 0.0000000000000000000, -5.475000000000000500 ) ) ;
#6226 = CARTESIAN_POINT ( 'NONE',  ( 6.165324101218907900, -12.91766565653249900, -6.000000000000000000 ) ) ;
#6227 = DIRECTION ( 'NONE',  ( -0.0000000000000000000, -0.0000000000000000000, 1.000000000000000000 ) ) ;
#6228 = CARTESIAN_POINT ( 'NONE',  ( -6.361224608556692100, -13.09398076452207100, 5.760124666611658600 ) ) ;
#6229 = AXIS2_PLACEMENT_3D ( 'NONE', #1645, #1671, #5013 ) ;
#6230 = DIRECTION ( 'NONE',  ( 1.000000000000000000, 0.0000000000000000000, 0.0000000000000000000 ) ) ;
#6231 = DIRECTION ( 'NONE',  ( 1.000000000000000000, 0.0000000000000000000, 0.0000000000000000000 ) ) ;
#6232 = CARTESIAN_POINT ( 'NONE',  ( -0.05000000000000006500, 14.70108892550995500, 5.945246423886637800 ) ) ;
#6233 = CARTESIAN_POINT ( 'NONE',  ( 0.05000000000000005800, 14.74645095543314200, 5.942898760672944600 ) ) ;
#6234 = ADVANCED_FACE ( 'NONE', ( #3069 ), #3143, .F. ) ;
#6236 = CARTESIAN_POINT ( 'NONE',  ( 11.45288033753500700, 9.197319695623154000, -5.939797578137313600 ) ) ;
#6235 = CARTESIAN_POINT ( 'NONE',  ( 6.362203639177149500, -13.32649022965006800, 5.925963813471787100 ) ) ;
#6237 = EDGE_CURVE ( 'NONE', #5012, #4519, #101, .T. ) ;
#6238 = DIRECTION ( 'NONE',  ( -0.0000000000000000000, -0.0000000000000000000, -1.000000000000000000 ) ) ;
#6239 = CIRCLE ( 'NONE', #3400, 8.932094846991093500 ) ;
#6240 = LINE ( 'NONE', #4806, #416 ) ;
#6241 = DIRECTION ( 'NONE',  ( 0.0000000000000000000, 0.0000000000000000000, -1.000000000000000000 ) ) ;
#6242 = DIRECTION ( 'NONE',  ( -0.0000000000000000000, -0.0000000000000000000, 1.000000000000000000 ) ) ;
#6243 = DIRECTION ( 'NONE',  ( -1.000000000000000000, 0.0000000000000000000, -0.0000000000000000000 ) ) ;
#6244 = ORIENTED_EDGE ( 'NONE', *, *, #4500, .T. ) ;
#6245 = EDGE_CURVE ( 'NONE', #4541, #6207, #1704, .T. ) ;
#6246 = DIRECTION ( 'NONE',  ( 1.000000000000000000, 0.0000000000000000000, 0.0000000000000000000 ) ) ;
#6247 = FACE_OUTER_BOUND ( 'NONE', #2252, .T. ) ;
#6248 = CARTESIAN_POINT ( 'NONE',  ( 0.0000000000000000000, 0.0000000000000000000, -5.700000000000000200 ) ) ;
#6249 = DIRECTION ( 'NONE',  ( -0.0000000000000000000, -0.0000000000000000000, 1.000000000000000000 ) ) ;
#6250 = CARTESIAN_POINT ( 'NONE',  ( -0.05000000000000005100, 14.75313036285513500, 5.939165479577829900 ) ) ;
#6252 = VERTEX_POINT ( 'NONE', #6197 ) ;
#6251 = ORIENTED_EDGE ( 'NONE', *, *, #2660, .F. ) ;
#6253 = CARTESIAN_POINT ( 'NONE',  ( 6.518943573753234400, -13.65196405749466100, -6.000000000000000900 ) ) ;
#6254 = VERTEX_POINT ( 'NONE', #863 ) ;
#6255 = CIRCLE ( 'NONE', #3663, 14.01368909232457900 ) ;
#6256 = EDGE_CURVE ( 'NONE', #1296, #5407, #776, .T. ) ;
#6257 = EDGE_LOOP ( 'NONE', ( #3538, #1674, #1800, #2788 ) ) ;
#6258 = CARTESIAN_POINT ( 'NONE',  ( -11.49306919149915500, 9.229369237189510900, 5.945518194124296900 ) ) ;
#6260 = DIRECTION ( 'NONE',  ( -0.6234898018587321500, 0.7818314824680309100, 0.0000000000000000000 ) ) ;
#6259 = CARTESIAN_POINT ( 'NONE',  ( -5.315075804190173300, -11.03686863180459300, -6.000769315822028800E-016 ) ) ;
#6262 = ORIENTED_EDGE ( 'NONE', *, *, #461, .F. ) ;
#6261 = ORIENTED_EDGE ( 'NONE', *, *, #1609, .F. ) ;
#6263 = EDGE_LOOP ( 'NONE', ( #52, #1424 ) ) ;
#6264 = CIRCLE ( 'NONE', #149, 14.31353580660732300 ) ;
#6265 = LINE ( 'NONE', #4795, #1352 ) ;
#6266 = CYLINDRICAL_SURFACE ( 'NONE', #5091, 6.000000000000001800 ) ;
#6268 = ORIENTED_EDGE ( 'NONE', *, *, #1891, .F. ) ;
#6267 = ORIENTED_EDGE ( 'NONE', *, *, #2157, .F. ) ;
#6269 = AXIS2_PLACEMENT_3D ( 'NONE', #8, #1527, #2504 ) ;
#6270 = CARTESIAN_POINT ( 'NONE',  ( 0.0000000000000000000, 0.0000000000000000000, 6.000000000000000000 ) ) ;
#6271 = AXIS2_PLACEMENT_3D ( 'NONE', #841, #2712, #1324 ) ;
#6272 = CYLINDRICAL_SURFACE ( 'NONE', #4043, 14.55750222585390400 ) ;
#6273 = DIRECTION ( 'NONE',  ( 1.000000000000000000, 0.0000000000000000000, 0.0000000000000000000 ) ) ;
#6274 = FACE_OUTER_BOUND ( 'NONE', #5831, .T. ) ;
#6275 = ORIENTED_EDGE ( 'NONE', *, *, #6077, .T. ) ;
#6276 = CARTESIAN_POINT ( 'NONE',  ( 14.61496982339826500, -3.284485647436048900, -5.559811490052914500 ) ) ;
#6277 = CLOSED_SHELL ( 'NONE', ( #4353, #2761, #2732, #6002, #5366, #5129, #5636, #4761, #48, #3111, #943, #2347, #1770, #4135, #2303, #4323, #3873, #2986, #1775, #4146, #1747, #3225, #2829, #3291, #4110, #4696, #5709, #3571, #2121, #1552, #5544, #1288, #5090, #3726, #2752, #5781, #3594, #2607, #5921, #6164, #5119, #140, #4182, #1494, #643, #3986, #5237, #1737, #2793, #2685, #4445, #4044 ) ) ;
#6278 = CARTESIAN_POINT ( 'NONE',  ( -3.416834445550826200, -7.095129834731523900, -3.321854442687193000E-016 ) ) ;
#6279 = DIRECTION ( 'NONE',  ( 1.000000000000000000, 0.0000000000000000000, 0.0000000000000000000 ) ) ;
#6280 = FACE_OUTER_BOUND ( 'NONE', #1969, .T. ) ;
#6281 = DIRECTION ( 'NONE',  ( 0.0000000000000000000, 0.0000000000000000000, 1.000000000000000000 ) ) ;
#6282 = DIRECTION ( 'NONE',  ( 1.000000000000000000, 0.0000000000000000000, 0.0000000000000000000 ) ) ;
#6283 = DIRECTION ( 'NONE',  ( -1.000000000000000000, 0.0000000000000000000, 0.0000000000000000000 ) ) ;
#6284 = AXIS2_PLACEMENT_3D ( 'NONE', #3006, #5916, #77 ) ;
#6285 = ORIENTED_EDGE ( 'NONE', *, *, #2013, .T. ) ;
#6286 = ORIENTED_EDGE ( 'NONE', *, *, #3903, .T. ) ;
#6287 = CARTESIAN_POINT ( 'NONE',  ( -11.58006101306391700, 9.170838099168820500, 5.919740685676537800 ) ) ;
ENDSEC;
END-ISO-10303-21;
