ISO-10303-21;
HEADER;
FILE_DESCRIPTION (( 'STEP AP203' ),
    '1' );
FILE_NAME ('91831A411_18-8 Stainless Steel Nylon-Insert Locknut.STEP',
    '2024-03-13T14:53:13',
    ( 'McMaster Carr Supply' ),
    ( 'McMaster Carr Supply' ),
    'SwSTEP 2.0',
    'SolidWorks 2017',
    '' );
FILE_SCHEMA (( 'CONFIG_CONTROL_DESIGN' ));
ENDSEC;

DATA;
#1 = DIRECTION ( 'NONE',  ( -0.0000000000000000000, -0.0000000000000000000, 1.000000000000000000 ) ) ;
#2 = APPLICATION_CONTEXT ( 'configuration controlled 3d designs of mechanical parts and assemblies' ) ;
#3 = ORIENTED_EDGE ( 'NONE', *, *, #417, .T. ) ;
#4 = CARTESIAN_POINT ( 'NONE',  ( 0.09669145586676650100, 0.04005091238561426400, -0.06589843750000011500 ) ) ;
#5 = DIRECTION ( 'NONE',  ( 0.0000000000000000000, -1.000000000000000000, 0.0000000000000000000 ) ) ;
#6 = CARTESIAN_POINT ( 'NONE',  ( 0.07410776436780347500, -0.01092358990888073900, 0.01017127959880237800 ) ) ;
#7 = CARTESIAN_POINT ( 'NONE',  ( -0.003421807868905933500, 0.1311907531512192000, 0.1121861105336167500 ) ) ;
#8 = ORIENTED_EDGE ( 'NONE', *, *, #3608, .F. ) ;
#9 = CARTESIAN_POINT ( 'NONE',  ( 9.148421376138367800E-018, -0.07470252959880233100, -0.09031250000000001800 ) ) ;
#10 = ADVANCED_FACE ( 'NONE', ( #1142, #2121 ), #1223, .T. ) ;
#11 = CARTESIAN_POINT ( 'NONE',  ( -0.1435554726588732500, -0.07306647358028152400, 0.1136661322641429300 ) ) ;
#12 = EDGE_CURVE ( 'NONE', #3827, #2956, #4087, .T. ) ;
#13 = ORIENTED_EDGE ( 'NONE', *, *, #1993, .F. ) ;
#14 = CARTESIAN_POINT ( 'NONE',  ( 0.1008759095256034500, -0.08387490519139193000, 0.1174052257662201200 ) ) ;
#15 = CARTESIAN_POINT ( 'NONE',  ( 0.09499999999999998700, 5.817072295949927900E-018, -0.1020312500000000600 ) ) ;
#16 =( BOUNDED_SURFACE ( )  B_SPLINE_SURFACE ( 3, 1, ( 
 ( #3730, #943 ),
 ( #1293, #4138 ),
 ( #1639, #4086 ),
 ( #1983, #2434 ) ),
 .UNSPECIFIED., .F., .F., .T. ) 
 B_SPLINE_SURFACE_WITH_KNOTS ( ( 4, 4 ),
 ( 2, 2 ),
 ( 0.0000000000000000000, 1.000000000000000000 ),
 ( 0.0000000000000000000, 1.000000000000000000 ),
 .UNSPECIFIED. ) 
 GEOMETRIC_REPRESENTATION_ITEM ( )  RATIONAL_B_SPLINE_SURFACE ( (
 ( 1.000000000000000000, 1.000000000000000000),
 ( 0.9395266567457563100, 0.9395266567457563100),
 ( 0.9395266567457563100, 0.9395266567457563100),
 ( 1.000000000000000000, 1.000000000000000000) ) ) 
 REPRESENTATION_ITEM ( '' )  SURFACE ( )  );
#17 = CARTESIAN_POINT ( 'NONE',  ( 0.07470252959880233100, 4.574210688069183900E-018, -0.08640625000000004600 ) ) ;
#18 = CARTESIAN_POINT ( 'NONE',  ( -0.07470252959880233100, 0.03094280090340151300, -0.06882812500000003200 ) ) ;
#19 = CARTESIAN_POINT ( 'NONE',  ( -0.05282266525110190800, -0.05282266525110192200, 0.06203124999999998200 ) ) ;
#20 = VERTEX_POINT ( 'NONE', #2224 ) ;
#21 = APPROVAL_ROLE ( '' ) ;
#22 = CARTESIAN_POINT ( 'NONE',  ( -0.09669145586676650100, -1.776193228981997500E-017, -0.1147265625000001000 ) ) ;
#23 = CARTESIAN_POINT ( 'NONE',  ( -0.01300509676842060400, -0.1353018695641240700, 0.1158159005952539200 ) ) ;
#24 = DIRECTION ( 'NONE',  ( -0.8660254037844431500, 0.4999999999999919000, 0.0000000000000000000 ) ) ;
#25 = CARTESIAN_POINT ( 'NONE',  ( -0.1875000000000003900, 0.1041956073748581000, -0.1171875000000000300 ) ) ;
#26 = AXIS2_PLACEMENT_3D ( 'NONE', #4256, #785, #1131 ) ;
#27 = CARTESIAN_POINT ( 'NONE',  ( -0.1350298071665251600, -0.08779473909414863000, 0.1136728282387689500 ) ) ;
#28 = CARTESIAN_POINT ( 'NONE',  ( 0.1161436529951582200, -0.07121350830768187500, 0.1121890290118051400 ) ) ;
#29 = CARTESIAN_POINT ( 'NONE',  ( 0.1428381622409848100, 0.06138223565485542700, 0.1171875000000001200 ) ) ;
#30 = CARTESIAN_POINT ( 'NONE',  ( -0.03094280090340154100, 0.07470252959880231700, 0.01710937499999997200 ) ) ;
#31 = CARTESIAN_POINT ( 'NONE',  ( 0.05282266525110190800, 0.05282266525110191500, -0.07859375000000001800 ) ) ;
#32 = PERSON_AND_ORGANIZATION ( #1944, #519 ) ;
#33 = DIRECTION ( 'NONE',  ( 0.0000000000000000000, 0.0000000000000000000, 1.000000000000000000 ) ) ;
#34 = CARTESIAN_POINT ( 'NONE',  ( 0.008373963735441900000, -0.1309774258603178500, 0.1081881657697765800 ) ) ;
#35 = CARTESIAN_POINT ( 'NONE',  ( -0.01830246622331112300, 0.1555397228183995300, 0.1171875000000001200 ) ) ;
#36 = CARTESIAN_POINT ( 'NONE',  ( -0.03094280090340147800, -0.07470252959880234500, 0.09132812499999998200 ) ) ;
#37 = EDGE_CURVE ( 'NONE', #2188, #3550, #1844, .T. ) ;
#38 = FACE_OUTER_BOUND ( 'NONE', #674, .T. ) ;
#39 = CARTESIAN_POINT ( 'NONE',  ( -0.09499999999999998700, -1.745121688784978200E-017, -0.05515625000000006600 ) ) ;
#40 = DIRECTION ( 'NONE',  ( 1.000000000000000000, 0.0000000000000000000, 0.0000000000000000000 ) ) ;
#41 = CARTESIAN_POINT ( 'NONE',  ( -0.1839860429493769000, 0.1102819595221528500, -0.09888904662460761000 ) ) ;
#42 = FACE_OUTER_BOUND ( 'NONE', #2148, .T. ) ;
#43 = VECTOR ( 'NONE', #3874, 39.37007874015748100 ) ;
#44 = CARTESIAN_POINT ( 'NONE',  ( -0.03094280090340147100, -0.07470252959880234500, 0.02882812499999998200 ) ) ;
#45 = CARTESIAN_POINT ( 'NONE',  ( -0.07470252959880231700, 0.03094280090340150900, -0.006328125000000010800 ) ) ;
#46 = EDGE_CURVE ( 'NONE', #1864, #3137, #4541, .T. ) ;
#47 = VERTEX_POINT ( 'NONE', #2931 ) ;
#48 = VERTEX_POINT ( 'NONE', #2281 ) ;
#49 = FACE_OUTER_BOUND ( 'NONE', #2305, .T. ) ;
#50 = CARTESIAN_POINT ( 'NONE',  ( 0.01805986710621258800, 0.1303152600715254100, 0.1171874999999999900 ) ) ;
#51 = CARTESIAN_POINT ( 'NONE',  ( -0.01947551316200319500, -0.1342264457877195600, 0.1209055232755924700 ) ) ;
#52 = CARTESIAN_POINT ( 'NONE',  ( -0.01300509676842050300, 0.1489088351982715000, 0.1158159005952539200 ) ) ;
#53 = VERTEX_POINT ( 'NONE', #2635 ) ;
#54 = CARTESIAN_POINT ( 'NONE',  ( -0.07470252959880234500, -1.372263206420755300E-017, 0.02296874999999997200 ) ) ;
#55 = ADVANCED_FACE ( 'NONE', ( #648 ), #2563, .F. ) ;
#56 = EDGE_LOOP ( 'NONE', ( #2794, #3672, #435, #3645, #683, #2868 ) ) ;
#57 = CARTESIAN_POINT ( 'NONE',  ( 0.06717514421272201300, -0.06717514421272199900, -0.04343750000000010100 ) ) ;
#58 = CARTESIAN_POINT ( 'NONE',  ( 0.09499999999999998700, 5.817072295949927900E-018, -0.004375000000000075900 ) ) ;
#59 = CARTESIAN_POINT ( 'NONE',  ( 0.0000000000000000000, 0.07470252959880233100, -0.07859375000000001800 ) ) ;
#60 = CARTESIAN_POINT ( 'NONE',  ( 0.03094280090340150600, -0.07470252959880231700, 0.005390624999999978800 ) ) ;
#61 = ORIENTED_EDGE ( 'NONE', *, *, #359, .T. ) ;
#62 = ORIENTED_EDGE ( 'NONE', *, *, #174, .T. ) ;
#63 = CARTESIAN_POINT ( 'NONE',  ( -0.004695366734854767600, 0.1704957072768074900, 0.1099985899248522600 ) ) ;
#64 = EDGE_CURVE ( 'NONE', #1967, #2977, #582, .T. ) ;
#65 = CARTESIAN_POINT ( 'NONE',  ( -0.003513957050621953100, -0.2144775668970116700, -0.09888904662460761000 ) ) ;
#66 = CARTESIAN_POINT ( 'NONE',  ( -0.03094280090340154700, 0.07470252959880231700, -0.01414062500000002100 ) ) ;
#67 = ORIENTED_EDGE ( 'NONE', *, *, #1714, .F. ) ;
#68 = CARTESIAN_POINT ( 'NONE',  ( 0.1692258472944452300, 0.1188037624568201200, 0.05679385087268357800 ) ) ;
#69 = EDGE_CURVE ( 'NONE', #715, #3281, #2970, .T. ) ;
#70 = CARTESIAN_POINT ( 'NONE',  ( 0.0000000000000000000, 0.0000000000000000000, -0.1171875000000000400 ) ) ;
#71 = ORIENTED_EDGE ( 'NONE', *, *, #3960, .F. ) ;
#72 = CARTESIAN_POINT ( 'NONE',  ( -0.05282266525110192200, 0.05282266525110190100, 0.01906249999999997500 ) ) ;
#73 = CARTESIAN_POINT ( 'NONE',  ( 0.0000000000000000000, 0.07470252959880233100, 0.01906249999999999300 ) ) ;
#74 = AXIS2_PLACEMENT_3D ( 'NONE', #3743, #3430, #3452 ) ;
#75 = DIRECTION ( 'NONE',  ( -0.0000000000000000000, -0.0000000000000000000, 1.000000000000000000 ) ) ;
#76 = CARTESIAN_POINT ( 'NONE',  ( -0.05282266525110190800, -0.05282266525110192200, -0.004375000000000021200 ) ) ;
#77 = DIRECTION ( 'NONE',  ( 1.000000000000000000, 0.0000000000000000000, 0.0000000000000000000 ) ) ;
#78 = DIRECTION ( 'NONE',  ( 0.0000000000000000000, 0.0000000000000000000, 1.000000000000000000 ) ) ;
#79 = DIRECTION ( 'NONE',  ( 1.000000000000000000, 0.0000000000000000000, 0.0000000000000000000 ) ) ;
#80 = CARTESIAN_POINT ( 'NONE',  ( -0.1038263921696109100, 0.08079793373871360700, 0.1171874999999999900 ) ) ;
#81 = CARTESIAN_POINT ( 'NONE',  ( -0.03094280090340147100, -0.07470252959880234500, -0.1274218750000000200 ) ) ;
#82 = CARTESIAN_POINT ( 'NONE',  ( -0.07470252959880233100, -1.372263206420755200E-017, -0.004375000000000021200 ) ) ;
#83 = FACE_OUTER_BOUND ( 'NONE', #3501, .T. ) ;
#84 = CARTESIAN_POINT ( 'NONE',  ( 0.008312319742903549700, -0.1309801395305198500, 0.1081762756333461000 ) ) ;
#85 = DIRECTION ( 'NONE',  ( 1.000000000000000000, 0.0000000000000000000, 0.0000000000000000000 ) ) ;
#86 = CARTESIAN_POINT ( 'NONE',  ( -0.006850589257009610500, -0.1310596822290531800, 0.1129073321747954000 ) ) ;
#87 = CARTESIAN_POINT ( 'NONE',  ( -0.1354613825138633600, -0.06319167341900909500, 0.1158159005952539200 ) ) ;
#88 = CIRCLE ( 'NONE', #183, 0.1453124999999999800 ) ;
#89 = EDGE_CURVE ( 'NONE', #4223, #47, #557, .T. ) ;
#90 = VECTOR ( 'NONE', #1873, 39.37007874015748100 ) ;
#91 = ORIENTED_EDGE ( 'NONE', *, *, #4143, .F. ) ;
#92 = LINE ( 'NONE', #4517, #3697 ) ;
#93 = DIRECTION ( 'NONE',  ( -0.0000000000000000000, -0.0000000000000000000, 1.000000000000000000 ) ) ;
#94 = DIRECTION ( 'NONE',  ( -0.0000000000000000000, -0.0000000000000000000, 1.000000000000000000 ) ) ;
#95 = CARTESIAN_POINT ( 'NONE',  ( 0.003513957050623549000, -0.2144775668970116700, -0.09888904662460761000 ) ) ;
#96 = CARTESIAN_POINT ( 'NONE',  ( 0.04005091238561427100, -0.09669145586676650100, 0.1118359374999999400 ) ) ;
#97 = ORIENTED_EDGE ( 'NONE', *, *, #454, .T. ) ;
#98 = VERTEX_POINT ( 'NONE', #2535 ) ;
#99 = CARTESIAN_POINT ( 'NONE',  ( 1.184128819321331600E-017, -0.09669145586676650100, -0.04636718750000005900 ) ) ;
#100 = CARTESIAN_POINT ( 'NONE',  ( -0.09499999999999998700, -1.745121688784978200E-017, -0.08640625000000007300 ) ) ;
#101 = ORIENTED_EDGE ( 'NONE', *, *, #4437, .T. ) ;
#102 = AXIS2_PLACEMENT_3D ( 'NONE', #1145, #94, #2529 ) ;
#103 = DIRECTION ( 'NONE',  ( -0.8660254037844451500, 0.4999999999999887300, -2.332358599139326500E-015 ) ) ;
#104 = CARTESIAN_POINT ( 'NONE',  ( -0.1875000000000004200, -0.08720403211100552500, 0.05677925911839185000 ) ) ;
#105 = DIRECTION ( 'NONE',  ( -0.8660254037844399300, 0.4999999999999980600, -0.0000000000000000000 ) ) ;
#106 = DIRECTION ( 'NONE',  ( 1.000000000000000000, 0.0000000000000000000, 0.0000000000000000000 ) ) ;
#107 = ORIENTED_EDGE ( 'NONE', *, *, #3056, .F. ) ;
#108 = CARTESIAN_POINT ( 'NONE',  ( 0.07644738063973462200, -0.005591195158291428800, 0.01191613063973637200 ) ) ;
#109 = VERTEX_POINT ( 'NONE', #100 ) ;
#110 = CARTESIAN_POINT ( 'NONE',  ( 0.004165066471083949000, 0.1311897349379849700, 0.1071912057870715700 ) ) ;
#111 = CARTESIAN_POINT ( 'NONE',  ( -0.1497496690009015900, 0.07239384564303463800, 0.1129163615118865300 ) ) ;
#112 = CARTESIAN_POINT ( 'NONE',  ( -0.07470252959880233100, -1.372263206420755200E-017, -0.1020312500000000300 ) ) ;
#113 = CARTESIAN_POINT ( 'NONE',  ( 0.04005091238561425700, 0.09669145586676650100, -0.001445312500000071100 ) ) ;
#114 = VERTEX_POINT ( 'NONE', #486 ) ;
#115 = CARTESIAN_POINT ( 'NONE',  ( 0.1400345798056400200, -0.09259083186754031600, 0.1119306710288928800 ) ) ;
#116 = CARTESIAN_POINT ( 'NONE',  ( 0.0000000000000000000, 0.0000000000000000000, 0.09718749999999998200 ) ) ;
#117 = EDGE_CURVE ( 'NONE', #1805, #2758, #3123, .T. ) ;
#118 = ORIENTED_EDGE ( 'NONE', *, *, #1739, .T. ) ;
#119 = DIRECTION ( 'NONE',  ( 1.000000000000000000, 0.0000000000000000000, 0.0000000000000000000 ) ) ;
#120 = EDGE_CURVE ( 'NONE', #4174, #3906, #3937, .T. ) ;
#121 = CARTESIAN_POINT ( 'NONE',  ( -0.01300509676842060400, -0.1489088351982713600, 0.1158159005952539200 ) ) ;
#122 = EDGE_CURVE ( 'NONE', #3179, #1697, #3143, .T. ) ;
#123 = CARTESIAN_POINT ( 'NONE',  ( -0.1245776565386792900, 0.09301035930314960300, 0.1171875000000001500 ) ) ;
#124 = CARTESIAN_POINT ( 'NONE',  ( 0.05282266525110190800, 0.05282266525110191500, -0.1450000000000000500 ) ) ;
#125 = CARTESIAN_POINT ( 'NONE',  ( 0.09669145586676650100, 5.920644096606658200E-018, -0.03855468750000006600 ) ) ;
#126 = AXIS2_PLACEMENT_3D ( 'NONE', #553, #4000, #3669 ) ;
#127 = CARTESIAN_POINT ( 'NONE',  ( -0.05282266525110190800, -0.05282266525110192200, -0.0004687500000000077900 ) ) ;
#128 = CARTESIAN_POINT ( 'NONE',  ( 0.0000000000000000000, 0.0000000000000000000, 0.03515624999999998600 ) ) ;
#129 = B_SPLINE_CURVE_WITH_KNOTS ( 'NONE', 3,
 ( #121, #3651, #3254, #2945, #2255, #3279, #1209, #3622, #2199, #2580, #1878, #149, #4310, #3962 ),
 .UNSPECIFIED., .F., .F.,
 ( 4, 2, 2, 2, 2, 2, 4 ),
 ( 1.748223473168675600E-018, 0.0002879901036252529800, 0.0004319851554378793800, 0.0005759802072505058400, 0.0007199752590631322500, 0.0008639703108757587700, 0.001151960414501011300 ),
 .UNSPECIFIED. ) ;
#130 = CARTESIAN_POINT ( 'NONE',  ( 1.163414459189985600E-017, -0.09499999999999998700, -0.1098437500000000900 ) ) ;
#131 = CARTESIAN_POINT ( 'NONE',  ( 0.07470252959880233100, -0.03094280090340148900, -0.02585937500000003200 ) ) ;
#132 = LINE ( 'NONE', #3817, #3744 ) ;
#133 = CARTESIAN_POINT ( 'NONE',  ( 0.0000000000000000000, 0.0000000000000000000, 0.05201404662460755400 ) ) ;
#134 = CARTESIAN_POINT ( 'NONE',  ( -0.004116355564681797300, 0.1311912723799582800, 0.1071838159462592500 ) ) ;
#135 = CARTESIAN_POINT ( 'NONE',  ( 0.04005091238561425700, 0.09669145586676650100, 0.06105468749999993400 ) ) ;
#136 = CIRCLE ( 'NONE', #2274, 0.01000000000000000200 ) ;
#137 = CARTESIAN_POINT ( 'NONE',  ( 9.148421376138367800E-018, -0.07470252959880233100, -0.09421875000000003200 ) ) ;
#138 = CARTESIAN_POINT ( 'NONE',  ( -0.04005091238561431900, 0.09669145586676648800, -0.02878906250000004900 ) ) ;
#139 = CYLINDRICAL_SURFACE ( 'NONE', #2573, 0.2145063509461100400 ) ;
#140 = CIRCLE ( 'NONE', #1217, 0.1453124999999999800 ) ;
#141 = DIRECTION ( 'NONE',  ( -0.0000000000000000000, -0.0000000000000000000, 1.000000000000000000 ) ) ;
#142 = CARTESIAN_POINT ( 'NONE',  ( 0.1219896983429956000, 0.04835235229677890800, 0.1141936207942611100 ) ) ;
#143 = ORIENTED_EDGE ( 'NONE', *, *, #2886, .T. ) ;
#144 = EDGE_LOOP ( 'NONE', ( #976, #2619, #323, #3499 ) ) ;
#145 = CARTESIAN_POINT ( 'NONE',  ( -0.03935028842544410100, 0.09499999999999995900, 0.001484374999999926300 ) ) ;
#146 = CIRCLE ( 'NONE', #3999, 0.1311905059197604800 ) ;
#147 = EDGE_CURVE ( 'NONE', #2031, #1958, #3313, .T. ) ;
#148 = CARTESIAN_POINT ( 'NONE',  ( 0.0000000000000000000, 0.07470252959880234500, 0.04640624999999996800 ) ) ;
#149 = CARTESIAN_POINT ( 'NONE',  ( 0.01185778880236980400, -0.1565116248619404200, 0.1150579133271412600 ) ) ;
#150 = CARTESIAN_POINT ( 'NONE',  ( 0.09968749999999998400, 1.220819777900017600E-017, -0.1171875000000000300 ) ) ;
#151 = DATE_AND_TIME ( #2574, #1527 ) ;
#152 = ORIENTED_EDGE ( 'NONE', *, *, #3035, .F. ) ;
#153 = CARTESIAN_POINT ( 'NONE',  ( 0.09499999999999998700, 5.817072295949927900E-018, 0.02296874999999991600 ) ) ;
#154 = CARTESIAN_POINT ( 'NONE',  ( -0.06837118412619039300, 0.06837118412619036500, 0.09816406249999994100 ) ) ;
#155 = AXIS2_PLACEMENT_3D ( 'NONE', #1357, #1007, #1683 ) ;
#156 = CARTESIAN_POINT ( 'NONE',  ( 0.1477896904030277000, -0.07640460359487384600, 0.1131954720338086700 ) ) ;
#157 = CARTESIAN_POINT ( 'NONE',  ( 0.06837118412619037900, -0.06837118412619036500, -0.07371093750000005900 ) ) ;
#158 = VERTEX_POINT ( 'NONE', #3623 ) ;
#159 = B_SPLINE_CURVE_WITH_KNOTS ( 'NONE', 3,
 ( #4401, #4078, #251, #2708, #1609, #4113, #3045, #2658, #2372, #913, #978, #3407, #572, #3752 ),
 .UNSPECIFIED., .F., .F.,
 ( 4, 2, 2, 2, 2, 2, 4 ),
 ( 3.070896193210021600E-018, 0.0004148818386480334800, 0.0006223227579720475600, 0.0008297636772960617500, 0.001037204596620075900, 0.001244645515944089900, 0.001659527354592120500 ),
 .UNSPECIFIED. ) ;
#160 = ORIENTED_EDGE ( 'NONE', *, *, #1536, .F. ) ;
#161 = CARTESIAN_POINT ( 'NONE',  ( 0.08407703885992357000, -0.03171700153055766200, -0.1069984114243976600 ) ) ;
#162 = CARTESIAN_POINT ( 'NONE',  ( 0.07470252959880233100, 4.574210688069183900E-018, -0.08640625000000004600 ) ) ;
#163 = B_SPLINE_CURVE_WITH_KNOTS ( 'NONE', 3,
 ( #4120, #3413, #1666, #986, #2378, #276, #628, #3091, #3427, #2394 ),
 .UNSPECIFIED., .F., .F.,
 ( 4, 2, 2, 2, 4 ),
 ( 0.001306857796263997900, 0.001736112593942826500, 0.002165367391621655300, 0.002594622189300483700, 0.003023876986979312500 ),
 .UNSPECIFIED. ) ;
#164 = DIRECTION ( 'NONE',  ( 1.000000000000000000, 0.0000000000000000000, 0.0000000000000000000 ) ) ;
#165 = ORIENTED_EDGE ( 'NONE', *, *, #2506, .F. ) ;
#166 = CARTESIAN_POINT ( 'NONE',  ( -0.07470252959880231700, 0.03094280090340150900, -0.04148437500000003200 ) ) ;
#167 = CARTESIAN_POINT ( 'NONE',  ( -0.1255018407126162200, 0.09358998111312608100, 0.1171875000000000000 ) ) ;
#168 = CARTESIAN_POINT ( 'NONE',  ( 0.1477852437530202400, 0.06663295352902677500, 0.1151368525690735100 ) ) ;
#169 = ORIENTED_EDGE ( 'NONE', *, *, #4534, .F. ) ;
#170 = CARTESIAN_POINT ( 'NONE',  ( 0.1379470852279779400, -0.08702524379198002500, 0.1128953529081482000 ) ) ;
#171 = CARTESIAN_POINT ( 'NONE',  ( 0.07470252959880231700, 0.03094280090340150200, 0.1069531249999999800 ) ) ;
#172 = ORIENTED_EDGE ( 'NONE', *, *, #2747, .T. ) ;
#173 = CARTESIAN_POINT ( 'NONE',  ( 0.0000000000000000000, 0.07470252959880233100, -0.04734375000000003900 ) ) ;
#174 = EDGE_CURVE ( 'NONE', #287, #2420, #4371, .T. ) ;
#175 = CARTESIAN_POINT ( 'NONE',  ( -0.07228718522920518600, -0.04424859051737839400, 0.02002907284062975200 ) ) ;
#176 = CARTESIAN_POINT ( 'NONE',  ( 0.07470252959880233100, 0.03094280090340150600, -0.1157031250000000300 ) ) ;
#177 = CARTESIAN_POINT ( 'NONE',  ( 0.0000000000000000000, 0.0000000000000000000, 0.1171874999999999900 ) ) ;
#178 = DIRECTION ( 'NONE',  ( -0.5000000000000116600, 0.8660254037844319400, 0.0000000000000000000 ) ) ;
#179 = CARTESIAN_POINT ( 'NONE',  ( 0.1874999999999997800, 0.01760928584812333100, -0.1144811706131738000 ) ) ;
#180 = CARTESIAN_POINT ( 'NONE',  ( 0.1416001112204192700, 0.06390336351709347000, 0.1172529524635169400 ) ) ;
#181 = CARTESIAN_POINT ( 'NONE',  ( 0.1438525843699823600, -0.06191946070790806100, 0.1171875000000001400 ) ) ;
#182 = CARTESIAN_POINT ( 'NONE',  ( 0.07470252959880231700, -0.03094280090340148500, 0.04054687499999998200 ) ) ;
#183 = AXIS2_PLACEMENT_3D ( 'NONE', #3182, #1100, #2831 ) ;
#184 = PLANE ( 'NONE',  #2138 ) ;
#185 = VECTOR ( 'NONE', #449, 39.37007874015748900 ) ;
#186 = B_SPLINE_CURVE_WITH_KNOTS ( 'NONE', 3,
 ( #2927, #517, #2293, #3017, #1966, #574, #1917, #4036, #2307, #1571, #1612, #1556, #207, #2615 ),
 .UNSPECIFIED., .F., .F.,
 ( 4, 2, 2, 2, 2, 2, 4 ),
 ( 2.909219710836648600E-018, 0.0004148818386480318500, 0.0006223227579720462600, 0.0008297636772960607800, 0.001037204596620075300, 0.001244645515944089500, 0.001659527354592119000 ),
 .UNSPECIFIED. ) ;
#187 = CARTESIAN_POINT ( 'NONE',  ( 0.1175882880961128700, -0.05829138970352560500, 0.1081762756333460700 ) ) ;
#188 = CARTESIAN_POINT ( 'NONE',  ( 0.07470252959880233100, -0.03094280090340148500, -0.02585937500000003500 ) ) ;
#189 = FACE_OUTER_BOUND ( 'NONE', #3293, .T. ) ;
#190 = CARTESIAN_POINT ( 'NONE',  ( 0.009629599193679566300, -0.08775986326517926100, 0.02356945632402921200 ) ) ;
#191 = CARTESIAN_POINT ( 'NONE',  ( -0.03094280090340154100, 0.07470252959880233100, -0.07273437500000001800 ) ) ;
#192 = CARTESIAN_POINT ( 'NONE',  ( 0.0000000000000000000, 0.07470252959880234500, -0.1098437500000000200 ) ) ;
#193 = CARTESIAN_POINT ( 'NONE',  ( -0.09499999999999995900, 0.03935028842544405900, -0.08445312500000010100 ) ) ;
#194 = CARTESIAN_POINT ( 'NONE',  ( 0.1199289005765479500, -0.09009472130208565100, 0.1171874999999999900 ) ) ;
#195 = PLANE ( 'NONE',  #2269 ) ;
#196 = CYLINDRICAL_SURFACE ( 'NONE', #388, 0.09499999999999998700 ) ;
#197 =( BOUNDED_SURFACE ( )  B_SPLINE_SURFACE ( 1, 2, ( 
 ( #2948, #2596, #822, #3966, #3283, #1839, #2965, #96, #4342, #3638, #1551, #2257, #481, #1880, #154, #849, #3625, #455, #3270, #3296, #3998, #808, #2933, #1162, #859, #837, #1868, #1893, #2604, #3941, #1186, #1148, #2244, #135, #4300, #2568, #3584, #1498, #1508, #468, #1539, #2203, #3979, #3596, #2345, #4450, #2104, #2522, #2018, #1202, #1164, #3600, #2967, #458, #2229, #4331, #1526, #4345, #3259, #3641, #1189, #1510, #2935, #2260, #3285, #113, #811, #3300, #3956, #2216, #1857, #3627, #1898, #470, #1177, #1553, #2572, #513, #1541, #138, #499, #4001, #4302, #4355, #125, #2922, #2907, #4315, #99, #824, #3272, #3615, #3968, #1870, #3247, #3586, #2583, #3983, #1883, #2246, #2556, #485, #157, #840, #2598, #2953, #850, #2607, #1152, #1501, #2205, #3943, #1842, #4075, #541, #1605, #1228, #3714, #2670, #4369, #2994, #1216, #554, #893, #3347, #586, #2688, #568, #2316, #2639, #1247, #3010, #1565, #231, #2271, #4061, #3370 ),
 ( #1974, #217, #3358, #171, #3681, #3026, #927, #2623, #2301, #525, #864, #909, #1592, #1280, #1625, #3654, #200, #3310, #1957, #4411, #4016, #2288, #4428, #2332, #3670, #1579, #4399, #1911, #4043, #1941, #2654, #2982, #4388, #878, #4027, #3330, #1926, #182, #1265, #3698, #246, #2021, #4125, #1330, #4141, #3058, #1012, #993, #955, #2739, #2055, #3096, #4461, #604, #3108, #3403, #2001, #1314, #3434, #1708, #262, #972, #3453, #2366, #312, #1346, #4498, #294, #1364, #4090, #3799, #4480, #2718, #2703, #3747, #4447, #621, #3077, #1656, #3418, #4108, #2775, #3386, #3764, #3782, #1690, #2041, #2347, #2381, #4514, #1672, #281, #633, #2400, #2760, #654, #4162, #1985, #2419, #3040, #945, #1296, #3733, #1640, #9, #3852, #1378, #1042, #3128, #346, #3482, #1395, #3173, #727, #1755, #1408, #3834, #1737, #2807, #1024, #675, #4175, #4203, #2468, #360, #3470, #3158, #2102, #3816, #2822, #1722, #691, #2448, #2073, #4527, #4190, #2436 ) ),
 .UNSPECIFIED., .F., .F., .F. ) 
 B_SPLINE_SURFACE_WITH_KNOTS ( ( 2, 2 ),
 ( 3, 2, 2, 2, 2, 2, 2, 2, 2, 2, 2, 2, 2, 2, 2, 2, 2, 2, 2, 2, 2, 2, 2, 2, 2, 2, 2, 2, 2, 2, 2, 2, 2, 2, 2, 2, 2, 2, 2, 2, 2, 2, 2, 2, 2, 2, 2, 2, 2, 2, 2, 2, 2, 2, 2, 2, 2, 2, 2, 2, 2, 2, 2, 2, 2, 2, 2, 2, 3 ),
 ( 0.0000000000000000000, 1.000000000000000000 ),
 ( 0.0000000000000000000, 0.01388888888888888800, 0.02777777777777777600, 0.04166666666666666400, 0.05555555555555555200, 0.06944444444444444800, 0.08333333333333332900, 0.09722222222222222400, 0.1111111111111111000, 0.1250000000000000000, 0.1388888888888889000, 0.1527777777777777900, 0.1666666666666666600, 0.1805555555555555500, 0.1944444444444444500, 0.2083333333333333400, 0.2222222222222222100, 0.2361111111111111000, 0.2500000000000000000, 0.2638888888888889000, 0.2777777777777777900, 0.2916666666666666900, 0.3055555555555555800, 0.3194444444444444200, 0.3333333333333333100, 0.3472222222222222100, 0.3611111111111111000, 0.3750000000000000000, 0.3888888888888889000, 0.4027777777777777900, 0.4166666666666666900, 0.4305555555555555800, 0.4444444444444444200, 0.4583333333333333100, 0.4722222222222222100, 0.4861111111111111000, 0.5000000000000000000, 0.5138888888888888400, 0.5277777777777777900, 0.5416666666666666300, 0.5555555555555555800, 0.5694444444444444200, 0.5833333333333333700, 0.5972222222222222100, 0.6111111111111111600, 0.6250000000000000000, 0.6388888888888888400, 0.6527777777777777900, 0.6666666666666666300, 0.6805555555555555800, 0.6944444444444444200, 0.7083333333333333700, 0.7222222222222222100, 0.7361111111111111600, 0.7500000000000000000, 0.7638888888888888400, 0.7777777777777777900, 0.7916666666666666300, 0.8055555555555555800, 0.8194444444444444200, 0.8333333333333333700, 0.8472222222222222100, 0.8611111111111111600, 0.8750000000000000000, 0.8888888888888888400, 0.9027777777777777900, 0.9166666666666666300, 0.9305555555555555800, 0.9444444444444444200 ),
 .UNSPECIFIED. ) 
 GEOMETRIC_REPRESENTATION_ITEM ( )  RATIONAL_B_SPLINE_SURFACE ( (
 ( 1.000000000000000000, 0.9238795325112867400, 1.000000000000000000, 0.9238795325112867400, 1.000000000000000000, 0.9238795325112867400, 1.000000000000000000, 0.9238795325112867400, 1.000000000000000000, 0.9238795325112867400, 1.000000000000000000, 0.9238795325112867400, 1.000000000000000000, 0.9238795325112867400, 1.000000000000000000, 0.9238795325112867400, 1.000000000000000000, 0.9238795325112867400, 1.000000000000000000, 0.9238795325112867400, 1.000000000000000000, 0.9238795325112867400, 1.000000000000000000, 0.9238795325112867400, 1.000000000000000000, 0.9238795325112867400, 1.000000000000000000, 0.9238795325112867400, 1.000000000000000000, 0.9238795325112867400, 1.000000000000000000, 0.9238795325112867400, 1.000000000000000000, 0.9238795325112867400, 1.000000000000000000, 0.9238795325112867400, 1.000000000000000000, 0.9238795325112867400, 1.000000000000000000, 0.9238795325112867400, 1.000000000000000000, 0.9238795325112867400, 1.000000000000000000, 0.9238795325112867400, 1.000000000000000000, 0.9238795325112867400, 1.000000000000000000, 0.9238795325112867400, 1.000000000000000000, 0.9238795325112867400, 1.000000000000000000, 0.9238795325112867400, 1.000000000000000000, 0.9238795325112867400, 1.000000000000000000, 0.9238795325112867400, 1.000000000000000000, 0.9238795325112867400, 1.000000000000000000, 0.9238795325112867400, 1.000000000000000000, 0.9238795325112867400, 1.000000000000000000, 0.9238795325112867400, 1.000000000000000000, 0.9238795325112867400, 1.000000000000000000, 0.9238795325112867400, 1.000000000000000000, 0.9238795325112867400, 1.000000000000000000, 0.9238795325112867400, 1.000000000000000000, 0.9238795325112867400, 1.000000000000000000, 0.9238795325112867400, 1.000000000000000000, 0.9238795325112867400, 1.000000000000000000, 0.9238795325112867400, 1.000000000000000000, 0.9238795325112867400, 1.000000000000000000, 0.9238795325112867400, 1.000000000000000000, 0.9238795325112867400, 1.000000000000000000, 0.9238795325112867400, 1.000000000000000000, 0.9238795325112867400, 1.000000000000000000, 0.9238795325112867400, 1.000000000000000000, 0.9238795325112867400, 1.000000000000000000, 0.9238795325112867400, 1.000000000000000000, 0.9238795325112867400, 1.000000000000000000, 0.9238795325112867400, 1.000000000000000000, 0.9238795325112867400, 1.000000000000000000, 0.9238795325112867400, 1.000000000000000000, 0.9238795325112867400, 1.000000000000000000, 0.9238795325112867400, 1.000000000000000000, 0.9238795325112867400, 1.000000000000000000, 0.9238795325112867400, 1.000000000000000000, 0.9238795325112867400, 1.000000000000000000, 0.9238795325112867400, 1.000000000000000000, 0.9238795325112867400, 1.000000000000000000, 0.9238795325112867400, 1.000000000000000000, 0.9238795325112867400, 1.000000000000000000, 0.9238795325112867400, 1.000000000000000000, 0.9238795325112867400, 1.000000000000000000, 0.9238795325112867400, 1.000000000000000000, 0.9238795325112867400, 1.000000000000000000, 0.9238795325112867400, 1.000000000000000000, 0.9238795325112867400, 1.000000000000000000, 0.9238795325112867400, 1.000000000000000000),
 ( 1.000000000000000000, 0.9238795325112867400, 1.000000000000000000, 0.9238795325112867400, 1.000000000000000000, 0.9238795325112867400, 1.000000000000000000, 0.9238795325112867400, 1.000000000000000000, 0.9238795325112867400, 1.000000000000000000, 0.9238795325112867400, 1.000000000000000000, 0.9238795325112867400, 1.000000000000000000, 0.9238795325112867400, 1.000000000000000000, 0.9238795325112867400, 1.000000000000000000, 0.9238795325112867400, 1.000000000000000000, 0.9238795325112867400, 1.000000000000000000, 0.9238795325112867400, 1.000000000000000000, 0.9238795325112867400, 1.000000000000000000, 0.9238795325112867400, 1.000000000000000000, 0.9238795325112867400, 1.000000000000000000, 0.9238795325112867400, 1.000000000000000000, 0.9238795325112867400, 1.000000000000000000, 0.9238795325112867400, 1.000000000000000000, 0.9238795325112867400, 1.000000000000000000, 0.9238795325112867400, 1.000000000000000000, 0.9238795325112867400, 1.000000000000000000, 0.9238795325112867400, 1.000000000000000000, 0.9238795325112867400, 1.000000000000000000, 0.9238795325112867400, 1.000000000000000000, 0.9238795325112867400, 1.000000000000000000, 0.9238795325112867400, 1.000000000000000000, 0.9238795325112867400, 1.000000000000000000, 0.9238795325112867400, 1.000000000000000000, 0.9238795325112867400, 1.000000000000000000, 0.9238795325112867400, 1.000000000000000000, 0.9238795325112867400, 1.000000000000000000, 0.9238795325112867400, 1.000000000000000000, 0.9238795325112867400, 1.000000000000000000, 0.9238795325112867400, 1.000000000000000000, 0.9238795325112867400, 1.000000000000000000, 0.9238795325112867400, 1.000000000000000000, 0.9238795325112867400, 1.000000000000000000, 0.9238795325112867400, 1.000000000000000000, 0.9238795325112867400, 1.000000000000000000, 0.9238795325112867400, 1.000000000000000000, 0.9238795325112867400, 1.000000000000000000, 0.9238795325112867400, 1.000000000000000000, 0.9238795325112867400, 1.000000000000000000, 0.9238795325112867400, 1.000000000000000000, 0.9238795325112867400, 1.000000000000000000, 0.9238795325112867400, 1.000000000000000000, 0.9238795325112867400, 1.000000000000000000, 0.9238795325112867400, 1.000000000000000000, 0.9238795325112867400, 1.000000000000000000, 0.9238795325112867400, 1.000000000000000000, 0.9238795325112867400, 1.000000000000000000, 0.9238795325112867400, 1.000000000000000000, 0.9238795325112867400, 1.000000000000000000, 0.9238795325112867400, 1.000000000000000000, 0.9238795325112867400, 1.000000000000000000, 0.9238795325112867400, 1.000000000000000000, 0.9238795325112867400, 1.000000000000000000, 0.9238795325112867400, 1.000000000000000000, 0.9238795325112867400, 1.000000000000000000, 0.9238795325112867400, 1.000000000000000000, 0.9238795325112867400, 1.000000000000000000, 0.9238795325112867400, 1.000000000000000000, 0.9238795325112867400, 1.000000000000000000, 0.9238795325112867400, 1.000000000000000000, 0.9238795325112867400, 1.000000000000000000, 0.9238795325112867400, 1.000000000000000000, 0.9238795325112867400, 1.000000000000000000, 0.9238795325112867400, 1.000000000000000000) ) ) 
 REPRESENTATION_ITEM ( '' )  SURFACE ( )  );
#198 = ORIENTED_EDGE ( 'NONE', *, *, #698, .F. ) ;
#199 = CYLINDRICAL_SURFACE ( 'NONE', #2625, 0.009999999999999996700 ) ;
#200 = CARTESIAN_POINT ( 'NONE',  ( 0.0000000000000000000, 0.07470252959880233100, 0.08156249999999999600 ) ) ;
#201 = CARTESIAN_POINT ( 'NONE',  ( -0.1207719130445917700, 0.05137464718309127400, 0.1117593532365086500 ) ) ;
#202 = B_SPLINE_CURVE_WITH_KNOTS ( 'NONE', 3,
 ( #3862, #1404, #2460, #1767, #3848, #1054, #3141, #1072, #3199, #1099, #356, #4221, #3479, #2083 ),
 .UNSPECIFIED., .F., .F.,
 ( 4, 2, 2, 2, 2, 2, 4 ),
 ( 1.748223473168675600E-018, 0.0002879901036252529200, 0.0004319851554378793300, 0.0005759802072505057400, 0.0007199752590631321400, 0.0008639703108757585500, 0.001151960414501011000 ),
 .UNSPECIFIED. ) ;
#203 = ORIENTED_EDGE ( 'NONE', *, *, #3631, .T. ) ;
#204 = VERTEX_POINT ( 'NONE', #2492 ) ;
#205 = CARTESIAN_POINT ( 'NONE',  ( 0.006211833885542181200, 0.09479669361205815500, 0.03046874999999996100 ) ) ;
#206 = CARTESIAN_POINT ( 'NONE',  ( 0.05282266525110190800, 0.05282266525110191500, -0.05125000000000001800 ) ) ;
#207 = CARTESIAN_POINT ( 'NONE',  ( -0.1428381622409852500, -0.06138223565485433800, 0.1171875000000000700 ) ) ;
#208 = ORIENTED_EDGE ( 'NONE', *, *, #3316, .F. ) ;
#209 = EDGE_CURVE ( 'NONE', #2569, #1113, #3976, .T. ) ;
#210 = CARTESIAN_POINT ( 'NONE',  ( 0.0000000000000000000, 0.07470252959880234500, -0.07859375000000001800 ) ) ;
#211 = CARTESIAN_POINT ( 'NONE',  ( -0.09499999999999998700, 1.163414459189985400E-017, -0.1171875000000000400 ) ) ;
#212 = VERTEX_POINT ( 'NONE', #1752 ) ;
#213 = CARTESIAN_POINT ( 'NONE',  ( -0.1450429995510033600, 0.06811519768883249300, 0.1157989006645730600 ) ) ;
#214 = CARTESIAN_POINT ( 'NONE',  ( -0.1223431861263027100, -0.04978113317293664200, 0.1171874999999999900 ) ) ;
#215 = AXIS2_PLACEMENT_3D ( 'NONE', #3897, #3532, #40 ) ;
#216 = DIRECTION ( 'NONE',  ( 0.4999999999999915100, 0.8660254037844435900, 0.0000000000000000000 ) ) ;
#217 = CARTESIAN_POINT ( 'NONE',  ( 0.03094280090340148900, 0.07470252959880231700, 0.1108593749999999800 ) ) ;
#218 = ORIENTED_EDGE ( 'NONE', *, *, #1336, .T. ) ;
#219 = CARTESIAN_POINT ( 'NONE',  ( -0.06837118412619039300, 0.06837118412619036500, -0.1186328125000001100 ) ) ;
#220 = B_SPLINE_CURVE_WITH_KNOTS ( 'NONE', 3,
 ( #3612, #2919, #1201, #111, #497, #4312, #511, #2555, #4329, #3953, #1175, #2905, #123, #2226 ),
 .UNSPECIFIED., .F., .F.,
 ( 4, 2, 2, 2, 2, 2, 4 ),
 ( 2.528772284819897500E-018, 0.0004148818386480328300, 0.0006223227579720473500, 0.0008297636772960612100, 0.001037204596620075300, 0.001244645515944089500, 0.001659527354592117900 ),
 .UNSPECIFIED. ) ;
#221 = ADVANCED_FACE ( 'NONE', ( #3376 ), #2461, .T. ) ;
#222 = AXIS2_PLACEMENT_3D ( 'NONE', #2114, #1479, #1141 ) ;
#223 = ORIENTED_EDGE ( 'NONE', *, *, #2806, .F. ) ;
#224 = CARTESIAN_POINT ( 'NONE',  ( -0.02443744781992655800, -0.08356933315672787600, 0.02234997081370173100 ) ) ;
#225 = CARTESIAN_POINT ( 'NONE',  ( -0.05282266525110190800, -0.05282266525110192200, -0.09812500000000001800 ) ) ;
#226 = ORIENTED_EDGE ( 'NONE', *, *, #3509, .T. ) ;
#227 = DIRECTION ( 'NONE',  ( -0.0000000000000000000, -1.000000000000000000, -0.0000000000000000000 ) ) ;
#228 = CARTESIAN_POINT ( 'NONE',  ( 0.0000000000000000000, 0.0000000000000000000, -0.1171875000000000400 ) ) ;
#229 = CARTESIAN_POINT ( 'NONE',  ( 0.1874999999999997500, 0.07024971302659481500, -0.1075376351297396100 ) ) ;
#230 = DIRECTION ( 'NONE',  ( -0.0000000000000000000, -1.000000000000000000, -0.0000000000000000000 ) ) ;
#231 = CARTESIAN_POINT ( 'NONE',  ( 0.09669145586676650100, -0.04005091238561425700, -0.1342578125000000500 ) ) ;
#232 = DIRECTION ( 'NONE',  ( 0.8660254037844323800, -0.5000000000000109900, 8.246983003616294600E-015 ) ) ;
#233 = DIRECTION ( 'NONE',  ( -0.7071067811865487900, 0.0000000000000000000, -0.7071067811865461300 ) ) ;
#234 = CARTESIAN_POINT ( 'NONE',  ( 0.06425650875267660500, 0.05719361564547327500, 0.02132117212308024700 ) ) ;
#235 = CARTESIAN_POINT ( 'NONE',  ( 0.1115567968535085100, 0.06916050467999994300, 0.1071838159462591100 ) ) ;
#236 = EDGE_CURVE ( 'NONE', #48, #158, #1517, .T. ) ;
#237 = CARTESIAN_POINT ( 'NONE',  ( 0.1220648127830858500, 0.04816279973818497100, 0.1143580571376703700 ) ) ;
#238 = CARTESIAN_POINT ( 'NONE',  ( 0.03094280090340150200, 0.07470252959880233100, -0.1117968750000000500 ) ) ;
#239 = CARTESIAN_POINT ( 'NONE',  ( 0.06717514421272199900, 0.06717514421272201300, -0.09421875000000007300 ) ) ;
#240 = DIRECTION ( 'NONE',  ( 1.000000000000000000, 0.0000000000000000000, 0.0000000000000000000 ) ) ;
#241 = ADVANCED_FACE ( 'NONE', ( #315 ), #1569, .T. ) ;
#242 = CARTESIAN_POINT ( 'NONE',  ( -0.1354613825138638600, 0.06319167341900837300, 0.1158159005952539000 ) ) ;
#243 = DIRECTION ( 'NONE',  ( 0.0000000000000000000, 0.0000000000000000000, 1.000000000000000000 ) ) ;
#244 = FACE_OUTER_BOUND ( 'NONE', #2864, .T. ) ;
#245 = CARTESIAN_POINT ( 'NONE',  ( -0.004526751310215516300, 0.1361916873329251400, 0.1121829597595911100 ) ) ;
#246 = CARTESIAN_POINT ( 'NONE',  ( 9.148421376138367800E-018, -0.07470252959880233100, 0.03468749999999998200 ) ) ;
#247 = CARTESIAN_POINT ( 'NONE',  ( -0.1875000000000003900, -0.1041956073748581000, -0.1171875000000000300 ) ) ;
#248 = CIRCLE ( 'NONE', #3766, 0.1499999999999999900 ) ;
#249 = CARTESIAN_POINT ( 'NONE',  ( 0.04005091238561427100, -0.09669145586676650100, -0.1674609375000001600 ) ) ;
#250 = B_SPLINE_CURVE_WITH_KNOTS ( 'NONE', 3,
 ( #890, #3344, #2298, #2620 ),
 .UNSPECIFIED., .F., .F.,
 ( 4, 4 ),
 ( 0.0000000000000000000, 0.0001070391842575562900 ),
 .UNSPECIFIED. ) ;
#251 = CARTESIAN_POINT ( 'NONE',  ( -0.01683038252187868100, 0.1598594388645022700, 0.1156706310935930000 ) ) ;
#252 = CIRCLE ( 'NONE', #2883, 0.2145063509461100400 ) ;
#253 = CARTESIAN_POINT ( 'NONE',  ( -0.1045554916044177400, -0.07933913334941486400, 0.1178845546686059600 ) ) ;
#254 = CIRCLE ( 'NONE', #3038, 0.1828125000000000200 ) ;
#255 = CARTESIAN_POINT ( 'NONE',  ( 0.06837118412619036500, 0.06837118412619037900, 0.06105468749999989200 ) ) ;
#256 = CARTESIAN_POINT ( 'NONE',  ( -0.1453124999999999800, 0.0000000000000000000, 0.09718749999999998200 ) ) ;
#257 = ORIENTED_EDGE ( 'NONE', *, *, #4140, .F. ) ;
#258 = ORIENTED_EDGE ( 'NONE', *, *, #1393, .F. ) ;
#259 = CIRCLE ( 'NONE', #1563, 0.2145063509461100400 ) ;
#260 = CARTESIAN_POINT ( 'NONE',  ( -0.01618679139118627000, -0.1613022521591076500, 0.1151368525690716800 ) ) ;
#261 = CARTESIAN_POINT ( 'NONE',  ( -0.1875000000000003900, -2.296212749056363400E-017, 0.06760617061317338000 ) ) ;
#262 = CARTESIAN_POINT ( 'NONE',  ( -0.07470252959880233100, -1.372263206420755200E-017, -0.004375000000000021200 ) ) ;
#263 = ORIENTED_EDGE ( 'NONE', *, *, #3472, .T. ) ;
#264 = CARTESIAN_POINT ( 'NONE',  ( 0.05327748570232582200, 0.05401618638663305300, 0.01086979003626574500 ) ) ;
#265 = EDGE_CURVE ( 'NONE', #1370, #2297, #202, .T. ) ;
#266 = CARTESIAN_POINT ( 'NONE',  ( -0.1379887676827597800, 0.05881411389618444700, 0.1071874999999999600 ) ) ;
#267 = ADVANCED_FACE ( 'NONE', ( #3055 ), #371, .F. ) ;
#268 = ORIENTED_EDGE ( 'NONE', *, *, #4463, .T. ) ;
#269 = CARTESIAN_POINT ( 'NONE',  ( 0.0000000000000000000, 0.09499999999999998700, -0.06296875000000005900 ) ) ;
#270 = CARTESIAN_POINT ( 'NONE',  ( 0.1354613825138643000, -0.06319167341900738800, 0.1158159005952539300 ) ) ;
#271 = CARTESIAN_POINT ( 'NONE',  ( 0.1141423571302805600, 0.07423824728706583700, 0.1130130735534559900 ) ) ;
#272 = ORIENTED_EDGE ( 'NONE', *, *, #2093, .F. ) ;
#273 = EDGE_CURVE ( 'NONE', #1323, #3377, #1301, .T. ) ;
#274 = EDGE_LOOP ( 'NONE', ( #720, #3781, #152, #2524 ) ) ;
#275 = CARTESIAN_POINT ( 'NONE',  ( -0.06837118412619036500, -0.06837118412619039300, -0.01707031250000009100 ) ) ;
#276 = CARTESIAN_POINT ( 'NONE',  ( 0.08958359599803282500, 0.02792958435792152600, 0.02913615217552308800 ) ) ;
#277 = DIRECTION ( 'NONE',  ( 0.5000000000000043300, -0.8660254037844361500, 0.0000000000000000000 ) ) ;
#278 = PLANE ( 'NONE',  #4058 ) ;
#279 = CARTESIAN_POINT ( 'NONE',  ( 0.01805986710621258800, 0.1308428737517742200, 0.1171874999999999900 ) ) ;
#280 = VERTEX_POINT ( 'NONE', #3830 ) ;
#281 = CARTESIAN_POINT ( 'NONE',  ( -0.07470252959880231700, -0.03094280090340153000, -0.06492187500000001800 ) ) ;
#282 = VERTEX_POINT ( 'NONE', #4540 ) ;
#283 = CARTESIAN_POINT ( 'NONE',  ( 0.1169382683006679100, -0.05957330525406178600, 0.1129159673621256000 ) ) ;
#284 = B_SPLINE_CURVE_WITH_KNOTS ( 'NONE', 3,
 ( #601, #672, #3094, #968, #2397, #1361 ),
 .UNSPECIFIED., .F., .F.,
 ( 4, 2, 4 ),
 ( 4.249187360970369500E-018, 0.0003468749959743612500, 0.0006937499919487182800 ),
 .UNSPECIFIED. ) ;
#285 = CARTESIAN_POINT ( 'NONE',  ( 0.05282266525110191500, -0.05282266525110190800, -0.1489062500000000200 ) ) ;
#286 = CARTESIAN_POINT ( 'NONE',  ( 0.0000000000000000000, 0.0000000000000000000, -0.1171875000000000400 ) ) ;
#287 = VERTEX_POINT ( 'NONE', #739 ) ;
#288 = CARTESIAN_POINT ( 'NONE',  ( 0.09669145586676650100, 5.920644096606658200E-018, 0.02589843749999989900 ) ) ;
#289 = CARTESIAN_POINT ( 'NONE',  ( 0.06717514421272201300, -0.06717514421272199900, -0.008281250000000073300 ) ) ;
#290 = ADVANCED_FACE ( 'NONE', ( #1243 ), #2306, .T. ) ;
#291 = CARTESIAN_POINT ( 'NONE',  ( 0.01830246622330827100, -0.1555397228184035300, 0.1171875000000001200 ) ) ;
#292 = CARTESIAN_POINT ( 'NONE',  ( 0.1379887676827590300, 0.05881411389618625800, 0.1171874999999999900 ) ) ;
#293 = EDGE_CURVE ( 'NONE', #2911, #1323, #2231, .T. ) ;
#294 = CARTESIAN_POINT ( 'NONE',  ( 0.07470252959880231700, 0.03094280090340150200, -0.01804687500000001800 ) ) ;
#295 = CARTESIAN_POINT ( 'NONE',  ( -0.05447165835707297500, 0.05948563614439003600, 0.01568298062039915100 ) ) ;
#296 = DIRECTION ( 'NONE',  ( -0.0000000000000000000, 1.000000000000000000, -0.0000000000000000000 ) ) ;
#297 = CARTESIAN_POINT ( 'NONE',  ( 0.05894648925467925500, 0.06257949699019489700, -0.1032955740350628400 ) ) ;
#298 = CARTESIAN_POINT ( 'NONE',  ( 0.07470252959880233100, 4.574210688069183900E-018, 0.03859374999999996800 ) ) ;
#299 = CARTESIAN_POINT ( 'NONE',  ( -0.07470252959880231700, 0.03094280090340150900, 0.08742187499999998200 ) ) ;
#300 = EDGE_CURVE ( 'NONE', #2129, #1916, #3401, .T. ) ;
#301 = DATE_AND_TIME ( #4139, #1457 ) ;
#302 = CARTESIAN_POINT ( 'NONE',  ( 0.1197481031072147300, 0.05373778776010759700, 0.1157486130713281400 ) ) ;
#303 = CARTESIAN_POINT ( 'NONE',  ( -0.06837118412619036500, -0.06837118412619039300, 0.04542968749999989900 ) ) ;
#304 = AXIS2_PLACEMENT_3D ( 'NONE', #2039, #4497, #243 ) ;
#305 = CARTESIAN_POINT ( 'NONE',  ( -0.1354613825138638000, 0.06319167341900833200, 0.1158159005952539200 ) ) ;
#306 = LINE ( 'NONE', #3039, #3172 ) ;
#307 = CARTESIAN_POINT ( 'NONE',  ( 0.01300509676842051900, -0.1353018695641240700, 0.1158159005952539200 ) ) ;
#308 = CARTESIAN_POINT ( 'NONE',  ( 0.03935028842544402400, 0.09499999999999998700, -0.03367187500000008000 ) ) ;
#309 = CARTESIAN_POINT ( 'NONE',  ( -0.01926228292819065100, -0.1300776335579686100, 0.1171874999999999900 ) ) ;
#310 = CIRCLE ( 'NONE', #792, 0.1311905059197604800 ) ;
#311 = FACE_OUTER_BOUND ( 'NONE', #982, .T. ) ;
#312 = CARTESIAN_POINT ( 'NONE',  ( 0.0000000000000000000, 0.07470252959880233100, -0.01218750000000001400 ) ) ;
#313 = PLANE ( 'NONE',  #3865 ) ;
#314 = CARTESIAN_POINT ( 'NONE',  ( -0.02773202179400097900, -0.06936427679776523100, -0.09220252959880241600 ) ) ;
#315 = FACE_OUTER_BOUND ( 'NONE', #3762, .T. ) ;
#316 = ORIENTED_EDGE ( 'NONE', *, *, #367, .T. ) ;
#317 = CIRCLE ( 'NONE', #4356, 0.1453124999999999800 ) ;
#318 = CARTESIAN_POINT ( 'NONE',  ( -0.03094280090340147100, -0.07470252959880234500, -0.1235156250000000200 ) ) ;
#319 = CARTESIAN_POINT ( 'NONE',  ( 0.07470252959880233100, 4.574210688069183900E-018, 0.04249999999999998200 ) ) ;
#320 = CARTESIAN_POINT ( 'NONE',  ( -0.1176030936056902700, -0.05826483529554733800, 0.1081770489704297800 ) ) ;
#321 = VERTEX_POINT ( 'NONE', #2882 ) ;
#322 =( BOUNDED_CURVE ( )  B_SPLINE_CURVE ( 2, ( #2140, #1396, #2470 ),
 .UNSPECIFIED., .F., .F. ) 
 B_SPLINE_CURVE_WITH_KNOTS ( ( 3, 3 ),
 ( 0.2372912710340553700, 0.2500000000000000000 ),
 .UNSPECIFIED. ) 
 CURVE ( )  GEOMETRIC_REPRESENTATION_ITEM ( )  RATIONAL_B_SPLINE_CURVE ( ( 0.9881630608388271000, 0.9303476039145959200, 1.000000000000000000 ) ) 
 REPRESENTATION_ITEM ( '' )  );
#323 = ORIENTED_EDGE ( 'NONE', *, *, #1614, .T. ) ;
#324 = CARTESIAN_POINT ( 'NONE',  ( 0.06837118412619036500, 0.06837118412619037900, 0.02980468749999990200 ) ) ;
#325 = CARTESIAN_POINT ( 'NONE',  ( 0.07289345308811405500, -0.01634051484350637600, 0.01017127959880236500 ) ) ;
#326 = CARTESIAN_POINT ( 'NONE',  ( 0.01933596718851595200, -0.1297902350254387400, 0.1143729358293769800 ) ) ;
#327 = CARTESIAN_POINT ( 'NONE',  ( 0.0000000000000000000, 0.0000000000000000000, -0.1171875000000000400 ) ) ;
#328 = ORIENTED_EDGE ( 'NONE', *, *, #2747, .F. ) ;
#329 = CARTESIAN_POINT ( 'NONE',  ( -0.004154968781633993800, 0.1311908880696640300, 0.1071856635327526600 ) ) ;
#330 = ORIENTED_EDGE ( 'NONE', *, *, #2591, .F. ) ;
#331 = EDGE_CURVE ( 'NONE', #3826, #2956, #2318, .T. ) ;
#332 = DIRECTION ( 'NONE',  ( -0.0000000000000000000, -0.0000000000000000000, 1.000000000000000000 ) ) ;
#333 = CARTESIAN_POINT ( 'NONE',  ( 0.08836307844586834000, 5.410678059076957300E-018, -0.1058630784458684000 ) ) ;
#334 = CARTESIAN_POINT ( 'NONE',  ( 0.05282266525110190800, 0.05282266525110191500, 0.1049999999999999700 ) ) ;
#335 = CARTESIAN_POINT ( 'NONE',  ( 9.148421376138367800E-018, -0.07470252959880233100, 0.03468749999999998200 ) ) ;
#336 = ORIENTED_EDGE ( 'NONE', *, *, #4378, .F. ) ;
#337 = CARTESIAN_POINT ( 'NONE',  ( -0.1153348762303182700, -0.06261465044235096900, 0.1121888934529221300 ) ) ;
#338 = CARTESIAN_POINT ( 'NONE',  ( 0.0000000000000000000, 0.09669145586676650100, -0.09128906250000008700 ) ) ;
#339 = ORIENTED_EDGE ( 'NONE', *, *, #1770, .F. ) ;
#340 = CARTESIAN_POINT ( 'NONE',  ( 0.1839860429493767000, -0.1102819595221532400, -0.09888904662460759600 ) ) ;
#341 = CARTESIAN_POINT ( 'NONE',  ( 0.01910436694983635300, -0.1298299971082565200, 0.1205269787769580500 ) ) ;
#342 = CARTESIAN_POINT ( 'NONE',  ( -0.1828125000000000200, 0.0000000000000000000, 0.08437499999999999200 ) ) ;
#343 = CARTESIAN_POINT ( 'NONE',  ( -0.01688167726731654200, 0.1347371882095710100, 0.1182599832031394900 ) ) ;
#344 = AXIS2_PLACEMENT_3D ( 'NONE', #1782, #2180, #77 ) ;
#345 = ORIENTED_EDGE ( 'NONE', *, *, #1853, .T. ) ;
#346 = CARTESIAN_POINT ( 'NONE',  ( -0.07470252959880231700, 0.03094280090340150900, -0.1000781250000000000 ) ) ;
#347 = CARTESIAN_POINT ( 'NONE',  ( -0.1439093358578507900, -0.07490458596080258600, 0.1131699214730690500 ) ) ;
#348 = CARTESIAN_POINT ( 'NONE',  ( 0.1251266664576362300, -0.05274863273279988000, 0.1182599832031397800 ) ) ;
#349 = CARTESIAN_POINT ( 'NONE',  ( 0.04082744905066320500, 0.07474732704792068400, -0.1024958885025420800 ) ) ;
#350 =( BOUNDED_CURVE ( )  B_SPLINE_CURVE ( 2, ( #4160, #3812, #1360, #308, #3467, #671, #3126, #1376, #1023 ),
 .UNSPECIFIED., .F., .F. ) 
 B_SPLINE_CURVE_WITH_KNOTS ( ( 3, 2, 2, 2, 3 ),
 ( 0.3611111111111110500, 0.3750000000000000000, 0.3888888888888888400, 0.4027777777777777900, 0.4166666666666666300 ),
 .UNSPECIFIED. ) 
 CURVE ( )  GEOMETRIC_REPRESENTATION_ITEM ( )  RATIONAL_B_SPLINE_CURVE ( ( 1.000000000000000000, 0.9238795325112867400, 1.000000000000000000, 0.9238795325112867400, 1.000000000000000000, 0.9238795325112867400, 1.000000000000000000, 0.9238795325112867400, 1.000000000000000000 ) ) 
 REPRESENTATION_ITEM ( '' )  );
#351 = CARTESIAN_POINT ( 'NONE',  ( 0.07470252959880231700, -0.03094280090340148500, -0.1157031250000000300 ) ) ;
#352 = DIRECTION ( 'NONE',  ( -1.000000000000000000, -6.394884621840901700E-014, 0.0000000000000000000 ) ) ;
#353 = CARTESIAN_POINT ( 'NONE',  ( -0.1240268658734576100, -0.05567122656507453300, 0.1160197881099995100 ) ) ;
#354 = ADVANCED_FACE ( 'NONE', ( #2337 ), #196, .F. ) ;
#355 = CARTESIAN_POINT ( 'NONE',  ( 0.04005091238561427100, -0.09669145586676650100, -0.07371093750000010100 ) ) ;
#356 = CARTESIAN_POINT ( 'NONE',  ( -0.008517570790896197800, 0.1608366128213992400, 0.1136728282387689800 ) ) ;
#357 = CARTESIAN_POINT ( 'NONE',  ( 0.01534639188758333400, 0.1489088351982712500, 0.1171874999999999600 ) ) ;
#358 = CARTESIAN_POINT ( 'NONE',  ( 0.01947551316200318200, 0.1342264457877195600, 0.1209055232755924200 ) ) ;
#359 = EDGE_CURVE ( 'NONE', #4445, #1518, #1947, .T. ) ;
#360 = CARTESIAN_POINT ( 'NONE',  ( -0.07470252959880233100, -1.372263206420755200E-017, -0.1293750000000000200 ) ) ;
#361 = EDGE_CURVE ( 'NONE', #3061, #1323, #3436, .T. ) ;
#362 = DIRECTION ( 'NONE',  ( 0.5000000000000136600, -0.8660254037844307100, 0.0000000000000000000 ) ) ;
#363 = FACE_OUTER_BOUND ( 'NONE', #3129, .T. ) ;
#364 = CARTESIAN_POINT ( 'NONE',  ( -0.06253049689967572800, 0.05119975870585522600, -0.09813392835337841900 ) ) ;
#365 = CARTESIAN_POINT ( 'NONE',  ( 0.07470252959880231700, -0.03094280090340148500, -0.08835937500000003200 ) ) ;
#366 = CARTESIAN_POINT ( 'NONE',  ( -0.07470252959880233100, -1.372263206420755200E-017, 0.05812499999999998900 ) ) ;
#367 = EDGE_CURVE ( 'NONE', #2545, #507, #3820, .T. ) ;
#368 = VECTOR ( 'NONE', #738, 39.37007874015748100 ) ;
#369 = CARTESIAN_POINT ( 'NONE',  ( -0.06837118412619039300, 0.06837118412619036500, -0.08738281250000010100 ) ) ;
#370 = CARTESIAN_POINT ( 'NONE',  ( -0.09499999999999998700, 1.163414459189985400E-017, -0.1171875000000000400 ) ) ;
#371 = PLANE ( 'NONE',  #1475 ) ;
#372 = ORIENTED_EDGE ( 'NONE', *, *, #1401, .T. ) ;
#373 = CARTESIAN_POINT ( 'NONE',  ( -0.009347885244022883700, 0.1687346177089910900, 0.1114421064077447300 ) ) ;
#374 = CARTESIAN_POINT ( 'NONE',  ( -0.09499999999999998700, -1.745121688784978200E-017, 0.01124999999999992800 ) ) ;
#375 = DIRECTION ( 'NONE',  ( -0.8660254037844362700, -0.5000000000000041100, 0.0000000000000000000 ) ) ;
#376 = ORIENTED_EDGE ( 'NONE', *, *, #3268, .F. ) ;
#377 = ORIENTED_EDGE ( 'NONE', *, *, #120, .T. ) ;
#378 = ADVANCED_FACE ( 'NONE', ( #1470 ), #4271, .T. ) ;
#379 = CARTESIAN_POINT ( 'NONE',  ( 0.1102261294019250800, -0.07957480331564281700, 0.1160197881099996200 ) ) ;
#380 = CARTESIAN_POINT ( 'NONE',  ( -0.1543431584539256800, 0.1273962868651586400, -0.1075947541660994700 ) ) ;
#381 = ORIENTED_EDGE ( 'NONE', *, *, #4403, .T. ) ;
#382 = CARTESIAN_POINT ( 'NONE',  ( 0.07470252959880231700, 0.03094280090340150200, -0.02195312500000003900 ) ) ;
#383 = CARTESIAN_POINT ( 'NONE',  ( 9.148421376138367800E-018, -0.07470252959880233100, -0.09031250000000001800 ) ) ;
#384 = CARTESIAN_POINT ( 'NONE',  ( -0.1259812684928613400, -0.05024693374382718100, 0.1209055232755926900 ) ) ;
#385 = EDGE_LOOP ( 'NONE', ( #1261, #595, #1065, #1858 ) ) ;
#386 = CARTESIAN_POINT ( 'NONE',  ( -0.1230028021661924700, -0.04562082312658577400, 0.1171874999999999900 ) ) ;
#387 = CARTESIAN_POINT ( 'NONE',  ( 0.09499999999999998700, 0.0000000000000000000, -0.1171875000000000400 ) ) ;
#388 = AXIS2_PLACEMENT_3D ( 'NONE', #2176, #3239, #2559 ) ;
#389 = CARTESIAN_POINT ( 'NONE',  ( -0.06717514421272199900, -0.06717514421272202700, -0.02000000000000008000 ) ) ;
#390 = DIRECTION ( 'NONE',  ( -0.7071067811865486800, 8.659560562354947600E-017, 0.7071067811865462400 ) ) ;
#391 = ORIENTED_EDGE ( 'NONE', *, *, #3636, .F. ) ;
#392 = EDGE_CURVE ( 'NONE', #2916, #4499, #2892, .T. ) ;
#393 = EDGE_CURVE ( 'NONE', #1249, #677, #3694, .T. ) ;
#394 = ORIENTED_EDGE ( 'NONE', *, *, #2242, .T. ) ;
#395 = CARTESIAN_POINT ( 'NONE',  ( 0.1399555760954062100, -0.08516435820689051400, 0.1124225112638097000 ) ) ;
#396 = CARTESIAN_POINT ( 'NONE',  ( 0.05282266525110191500, -0.05282266525110190800, -0.05906250000000004600 ) ) ;
#397 = VERTEX_POINT ( 'NONE', #2223 ) ;
#398 = CARTESIAN_POINT ( 'NONE',  ( -0.07470252959880231700, 0.03094280090340150900, -0.03757812500000001800 ) ) ;
#399 = ORIENTED_EDGE ( 'NONE', *, *, #1017, .F. ) ;
#400 = ADVANCED_FACE ( 'NONE', ( #1897 ), #526, .F. ) ;
#401 = CARTESIAN_POINT ( 'NONE',  ( -0.09499999999999995900, -0.03935028842544409400, -0.08445312500000010100 ) ) ;
#402 = DIRECTION ( 'NONE',  ( 0.8660254037844423700, -0.4999999999999937300, 1.478656101119258300E-015 ) ) ;
#403 = CARTESIAN_POINT ( 'NONE',  ( 0.006392529280402058400, 0.1629783020814369600, 0.1128953529081485100 ) ) ;
#404 = EDGE_LOOP ( 'NONE', ( #3770, #3180 ) ) ;
#405 = PLANE ( 'NONE',  #222 ) ;
#406 = CARTESIAN_POINT ( 'NONE',  ( -0.03094280090340154700, 0.07470252959880231700, 0.04835937499999996800 ) ) ;
#407 =( BOUNDED_SURFACE ( )  B_SPLINE_SURFACE ( 3, 1, ( 
 ( #4026, #3680 ),
 ( #4042, #3299 ),
 ( #1896, #4354 ),
 ( #512, #926 ) ),
 .UNSPECIFIED., .F., .F., .T. ) 
 B_SPLINE_SURFACE_WITH_KNOTS ( ( 4, 4 ),
 ( 2, 2 ),
 ( 0.0000000000000000000, 1.000000000000000000 ),
 ( 0.0000000000000000000, 1.000000000000000000 ),
 .UNSPECIFIED. ) 
 GEOMETRIC_REPRESENTATION_ITEM ( )  RATIONAL_B_SPLINE_SURFACE ( (
 ( 1.000000000000000000, 1.000000000000000000),
 ( 0.9395266567457555300, 0.9395266567457555300),
 ( 0.9395266567457555300, 0.9395266567457555300),
 ( 1.000000000000000000, 1.000000000000000000) ) ) 
 REPRESENTATION_ITEM ( '' )  SURFACE ( )  );
#408 = CARTESIAN_POINT ( 'NONE',  ( 0.1382713302610879800, -0.05897725147684387800, 0.1171874999999999900 ) ) ;
#409 = CARTESIAN_POINT ( 'NONE',  ( 0.1118933160473171000, -0.06857560753662021700, 0.1121888934529211000 ) ) ;
#410 = CARTESIAN_POINT ( 'NONE',  ( -0.05282266525110190800, -0.05282266525110192200, 0.02687499999999996800 ) ) ;
#411 = CARTESIAN_POINT ( 'NONE',  ( -0.07470252959880231700, 0.03094280090340150900, 0.02492187499999998200 ) ) ;
#412 = CARTESIAN_POINT ( 'NONE',  ( 0.1431888600747628400, 0.08050070209472873200, 0.1121858721526081100 ) ) ;
#413 = CARTESIAN_POINT ( 'NONE',  ( -0.1875000000000003600, -0.03508528801134785200, 0.06615200600052414900 ) ) ;
#414 = CARTESIAN_POINT ( 'NONE',  ( 0.01805986710621258400, 0.1489088351982713300, 0.1171874999999999900 ) ) ;
#415 = CARTESIAN_POINT ( 'NONE',  ( -0.03935028842544401100, -0.09500000000000001500, 0.01710937499999993400 ) ) ;
#416 = CARTESIAN_POINT ( 'NONE',  ( 0.05282266525110190800, 0.05282266525110191500, -0.02000000000000002500 ) ) ;
#417 = EDGE_CURVE ( 'NONE', #1149, #605, #129, .T. ) ;
#418 = CYLINDRICAL_SURFACE ( 'NONE', #2761, 0.09499999999999998700 ) ;
#419 = ADVANCED_FACE ( 'NONE', ( #2008 ), #857, .F. ) ;
#420 = DIRECTION ( 'NONE',  ( -0.0000000000000000000, -0.0000000000000000000, -1.000000000000000000 ) ) ;
#421 = DIRECTION ( 'NONE',  ( -0.0000000000000000000, -0.0000000000000000000, 1.000000000000000000 ) ) ;
#422 = CARTESIAN_POINT ( 'NONE',  ( 0.1379887676827590300, 0.05881411389618625800, 0.1171874999999999900 ) ) ;
#423 = VECTOR ( 'NONE', #296, 39.37007874015748100 ) ;
#424 = FACE_OUTER_BOUND ( 'NONE', #4232, .T. ) ;
#425 = CARTESIAN_POINT ( 'NONE',  ( 0.05282266525110190800, 0.05282266525110191500, 0.01124999999999996500 ) ) ;
#426 = CARTESIAN_POINT ( 'NONE',  ( -0.03094280090340147500, -0.07470252959880234500, -0.06101562500000001100 ) ) ;
#427 = CARTESIAN_POINT ( 'NONE',  ( 9.148421376138367800E-018, -0.07470252959880233100, 0.003437499999999988700 ) ) ;
#428 = CARTESIAN_POINT ( 'NONE',  ( -0.09499999999999995900, -0.03935028842544409400, -0.08054687500000008700 ) ) ;
#429 = VERTEX_POINT ( 'NONE', #2930 ) ;
#430 = ORIENTED_EDGE ( 'NONE', *, *, #3558, .T. ) ;
#431 = CARTESIAN_POINT ( 'NONE',  ( -0.1030196467629561100, -0.08172031122401055000, 0.1171874999999999900 ) ) ;
#432 = CARTESIAN_POINT ( 'NONE',  ( -0.008342719289586852900, -0.1309796842739406900, 0.1081770489704296400 ) ) ;
#433 = CARTESIAN_POINT ( 'NONE',  ( 0.0000000000000000000, 0.0000000000000000000, 0.1171875000000000000 ) ) ;
#434 = LOCAL_TIME ( 9, 53, 13.00000000000000000, #3629 ) ;
#435 = ORIENTED_EDGE ( 'NONE', *, *, #3215, .F. ) ;
#436 = CARTESIAN_POINT ( 'NONE',  ( 1.163414459189985600E-017, -0.09499999999999998700, -0.01609375000000008700 ) ) ;
#437 = ORIENTED_EDGE ( 'NONE', *, *, #174, .F. ) ;
#439 = CARTESIAN_POINT ( 'NONE',  ( 0.008300523866615052900, 0.1309811190920685500, 0.1081713432942196800 ) ) ;
#438 = CC_DESIGN_DATE_AND_TIME_ASSIGNMENT ( #301, #684, ( #2901 ) ) ;
#440 = CARTESIAN_POINT ( 'NONE',  ( 0.1245782031097656800, 0.09301070210527276300, 0.1171874999999999600 ) ) ;
#441 = CARTESIAN_POINT ( 'NONE',  ( -0.03094280090340147100, -0.07470252959880234500, -0.09617187500000003200 ) ) ;
#442 = CARTESIAN_POINT ( 'NONE',  ( 0.0000000000000000000, 0.07470252959880233100, -0.04343750000000002500 ) ) ;
#443 = CARTESIAN_POINT ( 'NONE',  ( 0.0000000000000000000, 0.07470252959880233100, -0.01218750000000001400 ) ) ;
#444 = ORIENTED_EDGE ( 'NONE', *, *, #3065, .T. ) ;
#445 = ORIENTED_EDGE ( 'NONE', *, *, #37, .T. ) ;
#446 = CARTESIAN_POINT ( 'NONE',  ( -0.01805986710621258800, -0.1303152600715325500, 0.1171874999999999900 ) ) ;
#447 = CARTESIAN_POINT ( 'NONE',  ( 0.1468575263523242100, -0.06535418061289316500, 0.1156706310935930200 ) ) ;
#448 = EDGE_CURVE ( 'NONE', #3555, #4174, #4478, .T. ) ;
#449 = DIRECTION ( 'NONE',  ( 0.8660254037844397100, -1.060575238724908000E-016, 0.4999999999999979500 ) ) ;
#450 = ORIENTED_EDGE ( 'NONE', *, *, #3988, .T. ) ;
#451 = VERTEX_POINT ( 'NONE', #4013 ) ;
#452 = CARTESIAN_POINT ( 'NONE',  ( 0.0000000000000000000, 0.0000000000000000000, -0.09888904662460761000 ) ) ;
#453 = CARTESIAN_POINT ( 'NONE',  ( -0.004614059883257492500, -0.1351278767834137300, 0.1109001848861595500 ) ) ;
#454 = EDGE_CURVE ( 'NONE', #2695, #725, #2065, .T. ) ;
#455 = CARTESIAN_POINT ( 'NONE',  ( 0.04005091238561425700, 0.09669145586676650100, 0.09230468749999994100 ) ) ;
#456 = VERTEX_POINT ( 'NONE', #1891 ) ;
#457 = CARTESIAN_POINT ( 'NONE',  ( 0.07470252959880231700, 0.03094280090340150200, -0.1469531250000000200 ) ) ;
#458 = CARTESIAN_POINT ( 'NONE',  ( 0.09669145586676650100, -0.04005091238561425700, 0.02199218749999994400 ) ) ;
#459 = CARTESIAN_POINT ( 'NONE',  ( 0.01574885552506822400, -0.1302952998407588500, 0.1116734235772785500 ) ) ;
#460 = CARTESIAN_POINT ( 'NONE',  ( 0.1414717170290757900, 0.06797641815871891000, 0.1150606333163290400 ) ) ;
#461 = CARTESIAN_POINT ( 'NONE',  ( -0.06717514421272202700, 0.06717514421272199900, 0.007343749999999931100 ) ) ;
#462 = CARTESIAN_POINT ( 'NONE',  ( -0.1065521384984894100, 0.07653489808500231500, 0.1158159005952539200 ) ) ;
#463 =( BOUNDED_CURVE ( )  B_SPLINE_CURVE ( 2, ( #4253, #2525, #4238, #1824, #1768, #415, #2832, #1129, #374 ),
 .UNSPECIFIED., .F., .T. ) 
 B_SPLINE_CURVE_WITH_KNOTS ( ( 3, 2, 2, 2, 3 ),
 ( 0.2500000000000000000, 0.2638888888888889000, 0.2777777777777777900, 0.2916666666666666900, 0.3055555555555555800 ),
 .UNSPECIFIED. ) 
 CURVE ( )  GEOMETRIC_REPRESENTATION_ITEM ( )  RATIONAL_B_SPLINE_CURVE ( ( 1.000000000000000000, 0.9238795325112867400, 1.000000000000000000, 0.9238795325112867400, 1.000000000000000000, 0.9238795325112867400, 1.000000000000000000, 0.9238795325112867400, 1.000000000000000000 ) ) 
 REPRESENTATION_ITEM ( '' )  );
#464 = CARTESIAN_POINT ( 'NONE',  ( 0.09272165379485031200, 5.677563826575623300E-018, 0.02819040379485027500 ) ) ;
#465 = AXIS2_PLACEMENT_3D ( 'NONE', #3539, #3892, #2152 ) ;
#466 = CARTESIAN_POINT ( 'NONE',  ( 0.0000000000000000000, 0.0000000000000000000, 0.03515624999999998600 ) ) ;
#467 = CARTESIAN_POINT ( 'NONE',  ( 0.0000000000000000000, 0.0000000000000000000, 0.03515624999999998600 ) ) ;
#468 = CARTESIAN_POINT ( 'NONE',  ( 0.04005091238561427100, -0.09669145586676650100, 0.04933593749999993400 ) ) ;
#469 = CARTESIAN_POINT ( 'NONE',  ( 0.1839860429493761200, 0.1102819595221542100, -0.09888904662460761000 ) ) ;
#470 = CARTESIAN_POINT ( 'NONE',  ( -0.04005091238561424300, -0.09669145586676651500, -0.01707031250000005600 ) ) ;
#471 = CIRCLE ( 'NONE', #4481, 0.1453124999999999800 ) ;
#472 = DIRECTION ( 'NONE',  ( 1.000000000000000000, 0.0000000000000000000, 0.0000000000000000000 ) ) ;
#473 = CARTESIAN_POINT ( 'NONE',  ( -0.1221682146406038900, 0.06006470574129908100, 0.1135085821095598700 ) ) ;
#474 = CARTESIAN_POINT ( 'NONE',  ( 0.1443925686066673500, -0.08965785980143013700, 0.1104597206534426400 ) ) ;
#475 = CARTESIAN_POINT ( 'NONE',  ( 0.03094280090340149200, 0.07470252959880233100, -0.01804687500000003900 ) ) ;
#476 = VECTOR ( 'NONE', #2829, 39.37007874015748100 ) ;
#477 = EDGE_CURVE ( 'NONE', #2471, #20, #1793, .T. ) ;
#478 = VECTOR ( 'NONE', #1922, 39.37007874015748900 ) ;
#479 = FACE_OUTER_BOUND ( 'NONE', #1865, .T. ) ;
#480 = CARTESIAN_POINT ( 'NONE',  ( 0.06290969660986400800, -0.1801854206737672500, -0.1144588665547574500 ) ) ;
#481 = CARTESIAN_POINT ( 'NONE',  ( -0.09669145586676650100, -1.776193228981997500E-017, 0.1020703124999999400 ) ) ;
#482 = ORIENTED_EDGE ( 'NONE', *, *, #1297, .T. ) ;
#483 = ORIENTED_EDGE ( 'NONE', *, *, #3825, .F. ) ;
#484 = CARTESIAN_POINT ( 'NONE',  ( 9.148421376138367800E-018, -0.07470252959880233100, -0.1254687500000000500 ) ) ;
#485 = CARTESIAN_POINT ( 'NONE',  ( 0.09669145586676650100, -0.04005091238561425700, -0.07175781250000005900 ) ) ;
#486 = CARTESIAN_POINT ( 'NONE',  ( -0.1453124999999999800, 0.0000000000000000000, 0.03515624999999998600 ) ) ;
#487 = ORIENTED_EDGE ( 'NONE', *, *, #2030, .F. ) ;
#488 = CARTESIAN_POINT ( 'NONE',  ( 0.09968749999999998400, 1.220819777900017600E-017, -0.1171875000000000300 ) ) ;
#489 = DIRECTION ( 'NONE',  ( -0.8660254037844397100, 0.4999999999999979500, -0.0000000000000000000 ) ) ;
#490 = B_SPLINE_CURVE_WITH_KNOTS ( 'NONE', 3,
 ( #2594, #1173, #108, #2962 ),
 .UNSPECIFIED., .F., .F.,
 ( 4, 4 ),
 ( 0.0000000000000000000, 0.0004338924961480505000 ),
 .UNSPECIFIED. ) ;
#491 = CARTESIAN_POINT ( 'NONE',  ( 0.09499999999999998700, 5.817072295949927900E-018, -0.1020312500000000600 ) ) ;
#492 = ORIENTED_EDGE ( 'NONE', *, *, #331, .F. ) ;
#493 = CARTESIAN_POINT ( 'NONE',  ( 0.03094280090340150200, 0.07470252959880233100, 0.01320312499999997200 ) ) ;
#494 = DIRECTION ( 'NONE',  ( -0.0000000000000000000, -0.0000000000000000000, -1.000000000000000000 ) ) ;
#495 = ORIENTED_EDGE ( 'NONE', *, *, #3242, .T. ) ;
#496 = CARTESIAN_POINT ( 'NONE',  ( 0.02199260931391689600, 0.1293339629758870600, 0.1171874999999999900 ) ) ;
#497 = CARTESIAN_POINT ( 'NONE',  ( -0.1502043818276178100, 0.07497173318411416700, 0.1119321858158834500 ) ) ;
#498 = CARTESIAN_POINT ( 'NONE',  ( 0.0000000000000000000, 0.07470252959880233100, -0.1410937500000000200 ) ) ;
#499 = CARTESIAN_POINT ( 'NONE',  ( 0.0000000000000000000, 0.09669145586676650100, -0.03074218750000007300 ) ) ;
#500 = ORIENTED_EDGE ( 'NONE', *, *, #983, .T. ) ;
#501 = DIRECTION ( 'NONE',  ( -1.000000000000000000, 0.0000000000000000000, 0.0000000000000000000 ) ) ;
#502 = CARTESIAN_POINT ( 'NONE',  ( -0.1875000000000003600, 0.03545281221600046100, -0.1129880836452644600 ) ) ;
#503 = EDGE_CURVE ( 'NONE', #1172, #4170, #1362, .T. ) ;
#504 = ORIENTED_EDGE ( 'NONE', *, *, #2862, .T. ) ;
#505 = DIRECTION ( 'NONE',  ( -0.0000000000000000000, -0.0000000000000000000, -1.000000000000000000 ) ) ;
#506 = CARTESIAN_POINT ( 'NONE',  ( 0.03094280090340150900, -0.07470252959880233100, 0.03273437499999996800 ) ) ;
#507 = VERTEX_POINT ( 'NONE', #4326 ) ;
#508 = DIRECTION ( 'NONE',  ( -0.0000000000000000000, -0.0000000000000000000, 1.000000000000000000 ) ) ;
#509 = EDGE_CURVE ( 'NONE', #3179, #819, #490, .T. ) ;
#510 = CARTESIAN_POINT ( 'NONE',  ( -0.1416437463505065600, 0.06392742133863457700, 0.1172535284276508400 ) ) ;
#511 = CARTESIAN_POINT ( 'NONE',  ( -0.1490258279130894400, 0.08288364229353557800, 0.1099941170895163100 ) ) ;
#512 = CARTESIAN_POINT ( 'NONE',  ( 0.1235267224381007100, -0.05630119421157859400, 0.1158159005952540100 ) ) ;
#513 = CARTESIAN_POINT ( 'NONE',  ( -0.09669145586676648800, 0.04005091238561427800, -0.02488281250000007300 ) ) ;
#514 = B_SPLINE_CURVE_WITH_KNOTS ( 'NONE', 3,
 ( #3256, #1161, #4341, #2567 ),
 .UNSPECIFIED., .F., .F.,
 ( 4, 4 ),
 ( -2.754428770570978800E-006, 0.0001736981516759452300 ),
 .UNSPECIFIED. ) ;
#515 = DIRECTION ( 'NONE',  ( 0.0000000000000000000, 0.0000000000000000000, 1.000000000000000000 ) ) ;
#516 = CARTESIAN_POINT ( 'NONE',  ( 0.05282266525110190800, 0.05282266525110191500, -0.08250000000000003200 ) ) ;
#517 = CARTESIAN_POINT ( 'NONE',  ( -0.1245782031097663100, -0.09301070210527188900, 0.1171874999999999700 ) ) ;
#518 = CARTESIAN_POINT ( 'NONE',  ( -0.03094280090340154700, 0.07470252959880231700, 0.01710937499999997200 ) ) ;
#519 = ORGANIZATION ( 'UNSPECIFIED', 'UNSPECIFIED', '' ) ;
#520 = CARTESIAN_POINT ( 'NONE',  ( -0.1875000000000003900, -0.03508493351125990800, -0.1130270535453849900 ) ) ;
#521 = CARTESIAN_POINT ( 'NONE',  ( 0.07142381475078823900, 0.06263895502357205700, 0.03046874999999996100 ) ) ;
#522 = DIRECTION ( 'NONE',  ( 1.000000000000000000, 0.0000000000000000000, 0.0000000000000000000 ) ) ;
#523 = LINE ( 'NONE', #4380, #1187 ) ;
#524 = CARTESIAN_POINT ( 'NONE',  ( 0.1433600031986818600, -0.08722119407790311600, 0.1121854969815888200 ) ) ;
#525 = CARTESIAN_POINT ( 'NONE',  ( -0.03094280090340147100, -0.07470252959880234500, 0.09523437499999999600 ) ) ;
#526 = CONICAL_SURFACE ( 'NONE', #1928, 0.09968749999999998400, 0.7853981633974501700 ) ;
#527 = EDGE_CURVE ( 'NONE', #1975, #397, #4009, .T. ) ;
#528 = CYLINDRICAL_SURFACE ( 'NONE', #3945, 0.09499999999999998700 ) ;
#529 = CARTESIAN_POINT ( 'NONE',  ( 0.07803189957978226600, 0.005381108871500419500, 0.01350064957978184100 ) ) ;
#530 = ORIENTED_EDGE ( 'NONE', *, *, #3753, .F. ) ;
#531 = VERTEX_POINT ( 'NONE', #1921 ) ;
#532 = CARTESIAN_POINT ( 'NONE',  ( 0.0000000000000000000, 0.0000000000000000000, 0.07031249999999995800 ) ) ;
#533 = FACE_OUTER_BOUND ( 'NONE', #1814, .T. ) ;
#534 = EDGE_CURVE ( 'NONE', #1487, #4044, #1631, .T. ) ;
#535 = CARTESIAN_POINT ( 'NONE',  ( 0.07470252959880234500, 4.574210688069184700E-018, -0.1489062500000000200 ) ) ;
#536 = CARTESIAN_POINT ( 'NONE',  ( -0.06717514421272199900, -0.06717514421272202700, -0.1098437500000000600 ) ) ;
#537 = ORIENTED_EDGE ( 'NONE', *, *, #762, .F. ) ;
#538 = DIRECTION ( 'NONE',  ( 1.000000000000000000, 0.0000000000000000000, 0.0000000000000000000 ) ) ;
#539 = CARTESIAN_POINT ( 'NONE',  ( -0.1379887676827597800, 0.05881411389618439900, 0.1171874999999999900 ) ) ;
#540 = AXIS2_PLACEMENT_3D ( 'NONE', #924, #906, #1224 ) ;
#541 = CARTESIAN_POINT ( 'NONE',  ( 0.06837118412619036500, 0.06837118412619037900, -0.09714843750000007300 ) ) ;
#542 = VERTEX_POINT ( 'NONE', #4408 ) ;
#543 = DIRECTION ( 'NONE',  ( -0.0000000000000000000, 0.0000000000000000000, -1.000000000000000000 ) ) ;
#544 = B_SPLINE_CURVE_WITH_KNOTS ( 'NONE', 3,
 ( #2687, #603, #577, #4440, #1307, #4022, #563, #2279, #1635, #3741 ),
 .UNSPECIFIED., .F., .F.,
 ( 4, 2, 2, 2, 4 ),
 ( 1.223996548247994500E-017, 0.0003752455314165536800, 0.0007504910628330951100, 0.001125736594249636500, 0.001500982125666177900 ),
 .UNSPECIFIED. ) ;
#545 = EDGE_LOOP ( 'NONE', ( #1595, #2698, #394, #71 ) ) ;
#546 = CARTESIAN_POINT ( 'NONE',  ( 0.05734728735059977500, -0.07131999797050804500, -0.1086667999985817300 ) ) ;
#547 = CARTESIAN_POINT ( 'NONE',  ( 0.07470252959880233100, -0.03094280090340148500, -0.05710937500000001800 ) ) ;
#548 = CARTESIAN_POINT ( 'NONE',  ( 0.02668577604386591600, -0.08480884883699330000, 0.02419171514746052500 ) ) ;
#549 = ORIENTED_EDGE ( 'NONE', *, *, #4205, .F. ) ;
#550 = CARTESIAN_POINT ( 'NONE',  ( 9.148421376138369400E-018, -0.07470252959880234500, -0.1567187500000000200 ) ) ;
#551 = CARTESIAN_POINT ( 'NONE',  ( 0.1499924574091759700, 0.08121291890646947800, 0.1099928581077393400 ) ) ;
#552 = ORIENTED_EDGE ( 'NONE', *, *, #3375, .T. ) ;
#553 = CARTESIAN_POINT ( 'NONE',  ( 0.0000000000000000000, 0.0000000000000000000, -0.09888904662460761000 ) ) ;
#554 = CARTESIAN_POINT ( 'NONE',  ( -0.06837118412619036500, -0.06837118412619039300, -0.1127734375000000600 ) ) ;
#555 = CARTESIAN_POINT ( 'NONE',  ( -0.1176167599850492700, 0.05823664760489617000, 0.1081881657697774500 ) ) ;
#556 = ORIENTED_EDGE ( 'NONE', *, *, #1401, .F. ) ;
#557 = B_SPLINE_CURVE_WITH_KNOTS ( 'NONE', 3,
 ( #3236, #812, #842, #1843, #4303, #2207, #84, #459, #2910, #2230 ),
 .UNSPECIFIED., .F., .F.,
 ( 4, 2, 2, 2, 4 ),
 ( 2.168404344971008600E-019, 0.0003163801760555397800, 0.0006327603521110792300, 0.0009491405281666186300, 0.001265520704222158200 ),
 .UNSPECIFIED. ) ;
#558 = CARTESIAN_POINT ( 'NONE',  ( 0.06719915155658001700, 0.05251803373133746200, 0.02058658635950625200 ) ) ;
#559 = CARTESIAN_POINT ( 'NONE',  ( 0.07470252959880233100, 0.03094280090340149500, -0.02195312500000003900 ) ) ;
#560 = EDGE_CURVE ( 'NONE', #1623, #4216, #977, .T. ) ;
#561 = CARTESIAN_POINT ( 'NONE',  ( 0.08928777507927193600, -0.02269119325609219100, 0.02741727474862659700 ) ) ;
#562 = CARTESIAN_POINT ( 'NONE',  ( -0.05282266525110190800, -0.05282266525110192200, -0.1293750000000000200 ) ) ;
#563 = CARTESIAN_POINT ( 'NONE',  ( 0.01075178263262595000, -0.07408433709634849900, -0.09220252959880245700 ) ) ;
#564 = DIRECTION ( 'NONE',  ( 0.5000000000000001100, 0.8660254037844387100, -0.0000000000000000000 ) ) ;
#565 = CARTESIAN_POINT ( 'NONE',  ( -0.1500012971053434300, 0.08118154676593301900, 0.1099985899248494800 ) ) ;
#566 = CARTESIAN_POINT ( 'NONE',  ( 0.1379887676827589700, 0.05881411389618621700, 0.1171874999999999900 ) ) ;
#567 = CARTESIAN_POINT ( 'NONE',  ( 0.0000000000000000000, 0.0000000000000000000, 0.07031249999999995800 ) ) ;
#568 = CARTESIAN_POINT ( 'NONE',  ( -0.04005091238561431900, 0.09669145586676648800, -0.1225390625000000700 ) ) ;
#569 = AXIS2_PLACEMENT_3D ( 'NONE', #1138, #3930, #3587 ) ;
#570 = CARTESIAN_POINT ( 'NONE',  ( 0.04005091238561427100, -0.09669145586676650100, -0.1362109375000001000 ) ) ;
#571 = B_SPLINE_CURVE_WITH_KNOTS ( 'NONE', 3,
 ( #2914, #1863, #2221, #2900 ),
 .UNSPECIFIED., .F., .F.,
 ( 4, 4 ),
 ( 0.0000000000000000000, 0.0001070391842575560300 ),
 .UNSPECIFIED. ) ;
#572 = CARTESIAN_POINT ( 'NONE',  ( 0.01826050570230652900, 0.1543925949580035600, 0.1171875000000001500 ) ) ;
#573 = CARTESIAN_POINT ( 'NONE',  ( 0.002733574172160176600, -0.1705019739395112800, 0.1099941170895163000 ) ) ;
#574 = CARTESIAN_POINT ( 'NONE',  ( -0.1444043246541570300, -0.08964917510920350500, 0.1104559133921426700 ) ) ;
#575 = CARTESIAN_POINT ( 'NONE',  ( 0.03094280090340149200, 0.07470252959880233100, -0.07664062500000001800 ) ) ;
#576 = CARTESIAN_POINT ( 'NONE',  ( -0.07470252959880231700, -0.03094280090340153700, -0.1313281250000000500 ) ) ;
#577 = CARTESIAN_POINT ( 'NONE',  ( -0.01838790473811372000, -0.07256805173053375300, -0.09220252959880245700 ) ) ;
#578 = VECTOR ( 'NONE', #5, 39.37007874015748100 ) ;
#579 = DIRECTION ( 'NONE',  ( 1.000000000000000000, 0.0000000000000000000, 0.0000000000000000000 ) ) ;
#580 = CARTESIAN_POINT ( 'NONE',  ( 0.04189161827471276500, 0.09245867015073125400, 0.02864974007323518200 ) ) ;
#581 = CARTESIAN_POINT ( 'NONE',  ( 0.1212856381858607600, 0.08774478283021576500, 0.1171875000000001500 ) ) ;
#582 = LINE ( 'NONE', #4381, #4208 ) ;
#583 = EDGE_LOOP ( 'NONE', ( #1337, #3454, #989, #923 ) ) ;
#584 = CARTESIAN_POINT ( 'NONE',  ( 0.009067690660577261100, 0.1358329759215782800, 0.1135092525227573000 ) ) ;
#585 = CONICAL_SURFACE ( 'NONE', #602, 0.1828125000000000200, 1.047197551196600100 ) ;
#586 = CARTESIAN_POINT ( 'NONE',  ( -0.09669145586676648800, 0.04005091238561427800, -0.1186328125000000600 ) ) ;
#587 = CARTESIAN_POINT ( 'NONE',  ( -0.1115244458897461200, 0.06921423875958292200, 0.1071893417860289400 ) ) ;
#588 = EDGE_CURVE ( 'NONE', #2759, #2248, #1679, .T. ) ;
#589 = ORIENTED_EDGE ( 'NONE', *, *, #2835, .F. ) ;
#590 = ADVANCED_FACE ( 'NONE', ( #3321 ), #3710, .T. ) ;
#591 = ORIENTED_EDGE ( 'NONE', *, *, #1081, .T. ) ;
#592 = CARTESIAN_POINT ( 'NONE',  ( 0.02708781230887583700, 0.08837534617972120400, 0.02774306750561345000 ) ) ;
#593 = CARTESIAN_POINT ( 'NONE',  ( 0.1175832384831531200, 0.05830209501282794500, 0.1081713432942196100 ) ) ;
#594 = CARTESIAN_POINT ( 'NONE',  ( 0.1100611298877557200, 0.07148485839591173200, 0.1129159673621295300 ) ) ;
#595 = ORIENTED_EDGE ( 'NONE', *, *, #4298, .F. ) ;
#596 = EDGE_CURVE ( 'NONE', #2534, #2893, #4363, .T. ) ;
#597 = CARTESIAN_POINT ( 'NONE',  ( 0.06837118412619037900, -0.06837118412619036500, 0.08449218749999988500 ) ) ;
#598 = DIRECTION ( 'NONE',  ( -0.0000000000000000000, -0.0000000000000000000, 1.000000000000000000 ) ) ;
#599 = CARTESIAN_POINT ( 'NONE',  ( -0.1106723078378494100, -0.07891367896218957900, 0.1158159005952538900 ) ) ;
#600 = EDGE_LOOP ( 'NONE', ( #2770, #2908, #2575, #2973 ) ) ;
#601 = CARTESIAN_POINT ( 'NONE',  ( 0.1236774046062707300, -0.05638819060193377100, 0.1158159005952539300 ) ) ;
#602 = AXIS2_PLACEMENT_3D ( 'NONE', #3161, #731, #713 ) ;
#603 = CARTESIAN_POINT ( 'NONE',  ( -0.02315316234751940400, -0.07119491694603226300, -0.09220252959880243000 ) ) ;
#604 = CARTESIAN_POINT ( 'NONE',  ( 0.07470252959880231700, -0.03094280090340148500, 0.009296874999999992600 ) ) ;
#605 = VERTEX_POINT ( 'NONE', #1953 ) ;
#606 = CARTESIAN_POINT ( 'NONE',  ( -0.1230752975511178300, 0.04542488278671242400, 0.1174038518402754800 ) ) ;
#607 = CARTESIAN_POINT ( 'NONE',  ( 0.09669145586676650100, -0.04005091238561425700, -0.1323046875000001300 ) ) ;
#608 = B_SPLINE_CURVE_WITH_KNOTS ( 'NONE', 3,
 ( #2156, #1077, #3837, #11, #347, #3517, #1424, #4226, #2118, #2834, #27, #2483, #743, #3190 ),
 .UNSPECIFIED., .F., .F.,
 ( 4, 2, 2, 2, 2, 2, 4 ),
 ( 0.0000000000000000000, 0.0002879901036252526000, 0.0004319851554378787900, 0.0005759802072505049800, 0.0007199752590631310600, 0.0008639703108757572500, 0.001151960414501010400 ),
 .UNSPECIFIED. ) ;
#609 = CARTESIAN_POINT ( 'NONE',  ( -0.1828125000000000200, 0.0000000000000000000, -0.1171875000000000300 ) ) ;
#610 = CARTESIAN_POINT ( 'NONE',  ( 0.1156961764075815400, 0.06198781409658706000, 0.1071912057870717400 ) ) ;
#611 = ORIENTED_EDGE ( 'NONE', *, *, #3498, .T. ) ;
#612 = DIRECTION ( 'NONE',  ( -0.0000000000000000000, -0.0000000000000000000, 1.000000000000000000 ) ) ;
#613 = CARTESIAN_POINT ( 'NONE',  ( 0.09669145586676650100, 5.920644096606658200E-018, 0.05714843749999989900 ) ) ;
#614 = ORIENTED_EDGE ( 'NONE', *, *, #3195, .T. ) ;
#615 = CARTESIAN_POINT ( 'NONE',  ( -0.1387658051218710300, 0.06509948270125749700, 0.1158159005952539800 ) ) ;
#616 = CARTESIAN_POINT ( 'NONE',  ( 0.01300509676842060400, 0.1489088351982713600, 0.1158159005952539200 ) ) ;
#617 = CARTESIAN_POINT ( 'NONE',  ( -0.02199260931391687100, -0.1293339629758870600, 0.1171874999999999900 ) ) ;
#618 = AXIS2_PLACEMENT_3D ( 'NONE', #1588, #3692, #579 ) ;
#619 = VERTEX_POINT ( 'NONE', #940 ) ;
#620 = CARTESIAN_POINT ( 'NONE',  ( -0.1545072907301437100, -0.1273015250513007400, -0.1084351711055798800 ) ) ;
#621 = CARTESIAN_POINT ( 'NONE',  ( -0.07470252959880233100, -1.372263206420755200E-017, -0.03562500000000001100 ) ) ;
#622 = CARTESIAN_POINT ( 'NONE',  ( -0.009067690660577302700, -0.1358329759215782800, 0.1135092525227573400 ) ) ;
#623 = CARTESIAN_POINT ( 'NONE',  ( -0.1008759095256027800, 0.08387490519139265100, 0.1174052257662202000 ) ) ;
#624 = CARTESIAN_POINT ( 'NONE',  ( -0.04005091238561431900, 0.09669145586676648800, -0.1205859375000001000 ) ) ;
#625 = DIRECTION ( 'NONE',  ( 1.000000000000000000, 0.0000000000000000000, 0.0000000000000000000 ) ) ;
#626 = EDGE_CURVE ( 'NONE', #1428, #2581, #252, .T. ) ;
#627 = CARTESIAN_POINT ( 'NONE',  ( -0.04005091238561424300, -0.09669145586676651500, 0.04738281249999989200 ) ) ;
#628 = CARTESIAN_POINT ( 'NONE',  ( 0.09092995226389011300, 0.02236253433134208600, 0.02893964352622188700 ) ) ;
#629 = CARTESIAN_POINT ( 'NONE',  ( -0.01129707328383874400, -0.08050652321376579300, -0.09856889203962665400 ) ) ;
#630 = DIRECTION ( 'NONE',  ( 0.8660254037844397100, -0.4999999999999979500, 0.0000000000000000000 ) ) ;
#631 = CARTESIAN_POINT ( 'NONE',  ( -0.03299270926985570900, -0.1974580013678627600, 0.06156017110557982000 ) ) ;
#632 = VECTOR ( 'NONE', #2690, 39.37007874015748100 ) ;
#633 = CARTESIAN_POINT ( 'NONE',  ( -0.07470252959880233100, -1.372263206420755200E-017, -0.06687500000000000400 ) ) ;
#634 = AXIS2_PLACEMENT_3D ( 'NONE', #4274, #420, #1462 ) ;
#635 = DIRECTION ( 'NONE',  ( -0.8660254037844328200, -0.5000000000000101000, 0.0000000000000000000 ) ) ;
#636 = CARTESIAN_POINT ( 'NONE',  ( 0.0000000000000000000, 0.07470252959880233100, -0.01218750000000001400 ) ) ;
#637 = LINE ( 'NONE', #4410, #1414 ) ;
#638 = CARTESIAN_POINT ( 'NONE',  ( -0.09968749999999998400, 0.0000000000000000000, -0.1171875000000000300 ) ) ;
#639 = B_SPLINE_CURVE_WITH_KNOTS ( 'NONE', 3,
 ( #214, #1278, #4074, #3075 ),
 .UNSPECIFIED., .F., .F.,
 ( 4, 4 ),
 ( 2.168404344971008900E-019, 0.0001070442058933074500 ),
 .UNSPECIFIED. ) ;
#640 = ADVANCED_FACE ( 'NONE', ( #2616 ), #3342, .F. ) ;
#641 = CARTESIAN_POINT ( 'NONE',  ( 0.05282266525110191500, -0.05282266525110190800, -0.1176562500000000200 ) ) ;
#642 = CARTESIAN_POINT ( 'NONE',  ( 0.09499999999999998700, -0.03935028842544402400, 0.02101562499999992700 ) ) ;
#643 = LINE ( 'NONE', #256, #2060 ) ;
#644 = CIRCLE ( 'NONE', #673, 0.01000000000000000000 ) ;
#645 = CARTESIAN_POINT ( 'NONE',  ( 0.04005091238561427100, -0.09669145586676650100, -0.01121093750000010600 ) ) ;
#646 = CARTESIAN_POINT ( 'NONE',  ( -0.1421839954507986300, -0.06901579734175974900, 0.1147604846082318400 ) ) ;
#647 = CARTESIAN_POINT ( 'NONE',  ( -0.1236774046062701500, -0.05638819060193547800, 0.1158159005952539600 ) ) ;
#648 = FACE_OUTER_BOUND ( 'NONE', #2805, .T. ) ;
#649 = CARTESIAN_POINT ( 'NONE',  ( 0.1030196467629555100, 0.08172031122401132700, 0.1171874999999999900 ) ) ;
#650 = ORIENTED_EDGE ( 'NONE', *, *, #983, .F. ) ;
#651 = FACE_OUTER_BOUND ( 'NONE', #873, .T. ) ;
#652 = CARTESIAN_POINT ( 'NONE',  ( 0.006402230813823573700, -0.1629674973630317600, 0.1128990818932795500 ) ) ;
#653 = CARTESIAN_POINT ( 'NONE',  ( -0.02058847843341245900, -0.1295727285806784500, 0.1171874999999999900 ) ) ;
#654 = CARTESIAN_POINT ( 'NONE',  ( -0.03094280090340154100, 0.07470252959880231700, -0.07273437500000001800 ) ) ;
#655 = ORIENTED_EDGE ( 'NONE', *, *, #4370, .F. ) ;
#656 = CARTESIAN_POINT ( 'NONE',  ( -0.04024553492415718800, 0.06874108781735303900, 0.01501263301045003900 ) ) ;
#657 = EDGE_CURVE ( 'NONE', #53, #2129, #2996, .T. ) ;
#658 = CARTESIAN_POINT ( 'NONE',  ( -0.07470252959880233100, -1.372263206420755200E-017, -0.03562500000000001100 ) ) ;
#659 = CARTESIAN_POINT ( 'NONE',  ( -0.1042833190200904800, 0.08106174057883794300, 0.1171874999999999900 ) ) ;
#660 = CARTESIAN_POINT ( 'NONE',  ( 0.1224562857454438900, -0.08571716177926171100, 0.1158159005952539200 ) ) ;
#661 = VERTEX_POINT ( 'NONE', #3727 ) ;
#662 = CARTESIAN_POINT ( 'NONE',  ( -0.03094280090340154100, 0.07470252959880231700, -0.1039843750000000200 ) ) ;
#663 = CARTESIAN_POINT ( 'NONE',  ( 0.07470252959880233100, 4.574210688069183900E-018, 0.07374999999999998200 ) ) ;
#664 = DIRECTION ( 'NONE',  ( 1.000000000000000000, 0.0000000000000000000, 0.0000000000000000000 ) ) ;
#665 = ORIENTED_EDGE ( 'NONE', *, *, #1075, .F. ) ;
#666 = EDGE_LOOP ( 'NONE', ( #203, #2427 ) ) ;
#667 = CARTESIAN_POINT ( 'NONE',  ( 0.0000000000000000000, 0.09669145586676650100, 0.06496093749999989900 ) ) ;
#668 = CARTESIAN_POINT ( 'NONE',  ( 0.0000000000000000000, 0.0000000000000000000, 0.09718749999999998200 ) ) ;
#669 = DIRECTION ( 'NONE',  ( -0.0000000000000000000, -0.0000000000000000000, -1.000000000000000000 ) ) ;
#670 = CARTESIAN_POINT ( 'NONE',  ( -0.1175832384831535900, -0.05830209501282709200, 0.1081713432942195500 ) ) ;
#671 = CARTESIAN_POINT ( 'NONE',  ( -0.03935028842544410100, 0.09499999999999995900, -0.02976562500000007000 ) ) ;
#672 = CARTESIAN_POINT ( 'NONE',  ( 0.1221682146406044600, -0.06006470574129800500, 0.1135085821095599700 ) ) ;
#673 = AXIS2_PLACEMENT_3D ( 'NONE', #799, #2245, #3284 ) ;
#674 = EDGE_LOOP ( 'NONE', ( #2541, #482, #1813, #1707 ) ) ;
#675 = CARTESIAN_POINT ( 'NONE',  ( 9.148421376138367800E-018, -0.07470252959880233100, -0.1215625000000000300 ) ) ;
#676 = CARTESIAN_POINT ( 'NONE',  ( 0.04047576165464185400, 0.06498357402384571900, 0.01156231174125076800 ) ) ;
#677 = VERTEX_POINT ( 'NONE', #4055 ) ;
#678 = CARTESIAN_POINT ( 'NONE',  ( -0.04221813035670841200, -0.06428799284474952200, -0.09286671477990297900 ) ) ;
#679 = CARTESIAN_POINT ( 'NONE',  ( 0.08799189479929561700, 0.01097190633812965300, -0.1054918947992957000 ) ) ;
#680 = CARTESIAN_POINT ( 'NONE',  ( -0.07470252959880231700, 0.03094280090340150900, 0.08351562499999996800 ) ) ;
#681 = CARTESIAN_POINT ( 'NONE',  ( 0.03094280090340148900, 0.07470252959880231700, 0.07960937499999998200 ) ) ;
#682 = PRODUCT_DEFINITION_FORMATION_WITH_SPECIFIED_SOURCE ( 'ANY', '', #3013, .NOT_KNOWN. ) ;
#683 = ORIENTED_EDGE ( 'NONE', *, *, #2056, .F. ) ;
#684 = DATE_TIME_ROLE ( 'creation_date' ) ;
#685 = CARTESIAN_POINT ( 'NONE',  ( 0.09669145586676650100, 5.920644096606658200E-018, -0.09910156250000011500 ) ) ;
#686 = CARTESIAN_POINT ( 'NONE',  ( 0.003513957050624471000, 0.2144775668970116100, 0.05201404662460754800 ) ) ;
#687 = CARTESIAN_POINT ( 'NONE',  ( -0.1207134674183419100, 0.05150874095513922900, 0.1116734235772785400 ) ) ;
#688 = DIRECTION ( 'NONE',  ( -0.8660254037844362700, -0.5000000000000040000, -0.0000000000000000000 ) ) ;
#689 = CARTESIAN_POINT ( 'NONE',  ( 0.01333576221017837600, 0.1305737932258986000, 0.1157486130713295400 ) ) ;
#690 = EDGE_CURVE ( 'NONE', #4094, #3377, #1545, .T. ) ;
#691 = CARTESIAN_POINT ( 'NONE',  ( 0.07470252959880231700, 0.03094280090340150200, -0.1430468749999999900 ) ) ;
#692 = CARTESIAN_POINT ( 'NONE',  ( -0.09194013887140183000, -0.02391674861455309100, -0.1124999999999178700 ) ) ;
#693 = CARTESIAN_POINT ( 'NONE',  ( -0.02199260931391681200, 0.1293339629758870600, 0.1171874999999999900 ) ) ;
#694 = CARTESIAN_POINT ( 'NONE',  ( -0.07887503863469973200, 0.01096573076717548500, -0.09637503863484935000 ) ) ;
#695 = MANIFOLD_SOLID_BREP ( 'Cut-Extrude5[2]', #1648 ) ;
#696 = CARTESIAN_POINT ( 'NONE',  ( 0.07470252959880231700, -0.03094280090340148500, -0.1469531249999999900 ) ) ;
#697 = CARTESIAN_POINT ( 'NONE',  ( -0.03094280090340147100, -0.07470252959880234500, 0.03273437499999998900 ) ) ;
#698 = EDGE_CURVE ( 'NONE', #2285, #2581, #2251, .T. ) ;
#699 = LINE ( 'NONE', #4395, #3583 ) ;
#700 = CARTESIAN_POINT ( 'NONE',  ( -0.1220648127830869500, -0.04816279973818184100, 0.1143580571376704400 ) ) ;
#701 = CARTESIAN_POINT ( 'NONE',  ( 0.06837118412619036500, 0.06837118412619037900, -0.06394531250000008700 ) ) ;
#702 = AXIS2_PLACEMENT_3D ( 'NONE', #3216, #2851, #3544 ) ;
#703 = CARTESIAN_POINT ( 'NONE',  ( 0.09499999999999998700, -0.03935028842544402400, -0.07273437500000008700 ) ) ;
#704 = VECTOR ( 'NONE', #141, 39.37007874015748100 ) ;
#705 = DIRECTION ( 'NONE',  ( -0.0000000000000000000, 1.000000000000000000, -0.0000000000000000000 ) ) ;
#706 = B_SPLINE_CURVE_WITH_KNOTS ( 'NONE', 3,
 ( #3838, #1046, #1711, #659 ),
 .UNSPECIFIED., .F., .F.,
 ( 4, 4 ),
 ( -2.754428770571060900E-006, 0.0001736981516759433600 ),
 .UNSPECIFIED. ) ;
#707 = CARTESIAN_POINT ( 'NONE',  ( -0.01933596718851622300, 0.1297902350254387100, 0.1143729358293789900 ) ) ;
#708 = VECTOR ( 'NONE', #2178, 39.37007874015748900 ) ;
#709 = ADVANCED_FACE ( 'NONE', ( #2849 ), #1802, .F. ) ;
#710 = CC_DESIGN_DATE_AND_TIME_ASSIGNMENT ( #2618, #4183, ( #3592 ) ) ;
#711 = CARTESIAN_POINT ( 'NONE',  ( -0.1224438281991711100, 0.05211099219677192700, 0.1171874999999999900 ) ) ;
#712 = CARTESIAN_POINT ( 'NONE',  ( 0.1197527662370395500, -0.05372704124131434700, 0.1157566596927120700 ) ) ;
#713 = DIRECTION ( 'NONE',  ( -1.000000000000000000, 0.0000000000000000000, 0.0000000000000000000 ) ) ;
#714 = ORIENTED_EDGE ( 'NONE', *, *, #657, .T. ) ;
#715 = VERTEX_POINT ( 'NONE', #307 ) ;
#716 = FACE_OUTER_BOUND ( 'NONE', #872, .T. ) ;
#717 = CARTESIAN_POINT ( 'NONE',  ( 0.0000000000000000000, 0.07470252959880233100, 0.1089062499999999700 ) ) ;
#718 =( NAMED_UNIT ( * ) PLANE_ANGLE_UNIT ( ) SI_UNIT ( $, .RADIAN. ) );
#719 = ORIENTED_EDGE ( 'NONE', *, *, #804, .T. ) ;
#720 = ORIENTED_EDGE ( 'NONE', *, *, #3558, .F. ) ;
#721 = CARTESIAN_POINT ( 'NONE',  ( 0.09669145586676650100, -0.04005091238561425700, -0.03855468750000010100 ) ) ;
#722 = CARTESIAN_POINT ( 'NONE',  ( 0.1223431861263033100, -0.04978113317293497700, 0.1171874999999999900 ) ) ;
#723 = CARTESIAN_POINT ( 'NONE',  ( -0.1219895812341328900, 0.04835266804553785300, 0.1141932747193742800 ) ) ;
#724 = DIRECTION ( 'NONE',  ( 0.0000000000000000000, 0.0000000000000000000, -1.000000000000000000 ) ) ;
#725 = VERTEX_POINT ( 'NONE', #1291 ) ;
#726 = CARTESIAN_POINT ( 'NONE',  ( 0.003600880789488908200, 0.1361901081359710200, 0.1121890290118051500 ) ) ;
#727 = CARTESIAN_POINT ( 'NONE',  ( 0.03094280090340148900, 0.07470252959880231700, -0.1078906250000000300 ) ) ;
#728 = ORIENTED_EDGE ( 'NONE', *, *, #2999, .F. ) ;
#729 = EDGE_CURVE ( 'NONE', #3826, #98, #1687, .T. ) ;
#730 = CARTESIAN_POINT ( 'NONE',  ( 0.1048857335854751200, -0.07889398930135788100, 0.1117495405448357400 ) ) ;
#731 = DIRECTION ( 'NONE',  ( 0.0000000000000000000, 0.0000000000000000000, 1.000000000000000000 ) ) ;
#732 = CARTESIAN_POINT ( 'NONE',  ( 9.148421376138367800E-018, -0.07470252959880233100, -0.06296875000000001800 ) ) ;
#733 = DIRECTION ( 'NONE',  ( -0.8660254037844431500, 0.4999999999999919000, 0.0000000000000000000 ) ) ;
#734 = ORIENTED_EDGE ( 'NONE', *, *, #1988, .T. ) ;
#735 = ADVANCED_FACE ( 'NONE', ( #2952 ), #4029, .T. ) ;
#736 = CARTESIAN_POINT ( 'NONE',  ( -0.04005091238561431900, 0.09669145586676648800, -0.08933593750000007300 ) ) ;
#737 = EDGE_LOOP ( 'NONE', ( #4035, #3934 ) ) ;
#738 = DIRECTION ( 'NONE',  ( -0.0000000000000000000, 1.000000000000000000, -0.0000000000000000000 ) ) ;
#739 = CARTESIAN_POINT ( 'NONE',  ( -0.1010101928522759400, 0.08371313984930162100, 0.1171874999999999900 ) ) ;
#740 = CARTESIAN_POINT ( 'NONE',  ( 0.09499999999999998700, 5.817072295949927900E-018, -0.06687500000000008700 ) ) ;
#741 = AXIS2_PLACEMENT_3D ( 'NONE', #772, #78, #4297 ) ;
#742 = ORIENTED_EDGE ( 'NONE', *, *, #2509, .T. ) ;
#743 = CARTESIAN_POINT ( 'NONE',  ( -0.1257607083534501300, -0.08762497106151272100, 0.1158159005952540000 ) ) ;
#744 = CARTESIAN_POINT ( 'NONE',  ( 0.0000000000000000000, 0.0000000000000000000, 0.1171874999999999900 ) ) ;
#745 = CARTESIAN_POINT ( 'NONE',  ( 0.1354613825138643000, -0.06319167341900743000, 0.1158159005952539200 ) ) ;
#746 = CARTESIAN_POINT ( 'NONE',  ( 0.03094280090340150600, -0.07470252959880231700, -0.02976562500000002500 ) ) ;
#747 = CARTESIAN_POINT ( 'NONE',  ( 0.05282266525110191500, -0.05282266525110190800, -0.08640625000000000400 ) ) ;
#748 = CARTESIAN_POINT ( 'NONE',  ( -0.1106723078378494100, -0.07891367896218957900, 0.1158159005952538900 ) ) ;
#749 = DIRECTION ( 'NONE',  ( -0.0000000000000000000, -0.0000000000000000000, -1.000000000000000000 ) ) ;
#750 = CARTESIAN_POINT ( 'NONE',  ( 0.07470252959880273300, -0.005476347410225337500, 0.01017127959880420100 ) ) ;
#751 = CARTESIAN_POINT ( 'NONE',  ( 0.03935028842544405200, -0.09499999999999998700, -0.01414062500000008200 ) ) ;
#752 = CARTESIAN_POINT ( 'NONE',  ( 0.07470252959880233100, 0.03094280090340150600, 0.07179687499999998200 ) ) ;
#753 = EDGE_CURVE ( 'NONE', #4327, #1823, #3546, .T. ) ;
#754 =( BOUNDED_CURVE ( )  B_SPLINE_CURVE ( 2, ( #3632, #2196, #2252, #2238, #844, #145, #2959, #3591, #3961 ),
 .UNSPECIFIED., .F., .T. ) 
 B_SPLINE_CURVE_WITH_KNOTS ( ( 3, 2, 2, 2, 3 ),
 ( 0.4722222222222222100, 0.4861111111111111000, 0.5000000000000000000, 0.5138888888888888400, 0.5277777777777776800 ),
 .UNSPECIFIED. ) 
 CURVE ( )  GEOMETRIC_REPRESENTATION_ITEM ( )  RATIONAL_B_SPLINE_CURVE ( ( 1.000000000000000000, 0.9238795325112867400, 1.000000000000000000, 0.9238795325112867400, 1.000000000000000000, 0.9238795325112867400, 1.000000000000000000, 0.9238795325112867400, 1.000000000000000000 ) ) 
 REPRESENTATION_ITEM ( '' )  );
#755 = ADVANCED_FACE ( 'NONE', ( #42 ), #3731, .F. ) ;
#756 = DIRECTION ( 'NONE',  ( 0.8660254037844431500, -0.4999999999999919000, -0.0000000000000000000 ) ) ;
#757 = CARTESIAN_POINT ( 'NONE',  ( 0.1064123408970407000, -0.07683600546579444400, 0.1157486130713276000 ) ) ;
#758 = CIRCLE ( 'NONE', #1945, 0.09968749999999998400 ) ;
#759 = CARTESIAN_POINT ( 'NONE',  ( 0.1400296164169997100, 0.09259494383039891500, 0.1119321858158834600 ) ) ;
#760 = CARTESIAN_POINT ( 'NONE',  ( -0.07470252959880231700, -0.03094280090340153000, -0.06882812500000003200 ) ) ;
#761 = CARTESIAN_POINT ( 'NONE',  ( 0.07470252959880233100, 4.574210688069183900E-018, -0.05125000000000001800 ) ) ;
#762 = EDGE_CURVE ( 'NONE', #3335, #3203, #2725, .T. ) ;
#763 = CIRCLE ( 'NONE', #3078, 0.1499999999999999900 ) ;
#764 = CARTESIAN_POINT ( 'NONE',  ( -0.003513957050623053800, 0.2144775668970116700, 0.05201404662460753400 ) ) ;
#765 = LINE ( 'NONE', #4127, #423 ) ;
#766 = CARTESIAN_POINT ( 'NONE',  ( 0.01830038082736856800, 0.1554827728354004900, 0.1171875000000000000 ) ) ;
#767 = VECTOR ( 'NONE', #3200, 39.37007874015748100 ) ;
#768 = CARTESIAN_POINT ( 'NONE',  ( 0.03094280090340150200, 0.07470252959880233100, 0.04445312499999996800 ) ) ;
#769 = ORIENTED_EDGE ( 'NONE', *, *, #804, .F. ) ;
#770 = ORIENTED_EDGE ( 'NONE', *, *, #4149, .F. ) ;
#771 = FACE_OUTER_BOUND ( 'NONE', #4484, .T. ) ;
#772 = CARTESIAN_POINT ( 'NONE',  ( 0.0000000000000000000, 0.0000000000000000000, 0.1171874999999999900 ) ) ;
#773 = CARTESIAN_POINT ( 'NONE',  ( -0.09499999999999998700, -1.745121688784978200E-017, -0.05515625000000006600 ) ) ;
#774 = CARTESIAN_POINT ( 'NONE',  ( -0.03299270926985661800, 0.1974580013678628500, -0.1084351711055797100 ) ) ;
#775 = ORIENTED_EDGE ( 'NONE', *, *, #4351, .F. ) ;
#776 = CARTESIAN_POINT ( 'NONE',  ( 0.05282266525110190800, 0.05282266525110191500, -0.05125000000000001800 ) ) ;
#777 = CARTESIAN_POINT ( 'NONE',  ( 0.07470252959880231700, -0.03094280090340148500, -0.08445312500000001800 ) ) ;
#778 = ORIENTED_EDGE ( 'NONE', *, *, #4437, .F. ) ;
#779 = CARTESIAN_POINT ( 'NONE',  ( 0.1257607083534493800, 0.08762497106151355400, 0.1158159005952539700 ) ) ;
#780 = CARTESIAN_POINT ( 'NONE',  ( -0.02219984387295622500, -0.1292985528747289100, 0.1174052257662202000 ) ) ;
#781 = CARTESIAN_POINT ( 'NONE',  ( -0.003208937051323315600, 0.1642492801368047600, 0.1121889164018129600 ) ) ;
#782 = EDGE_CURVE ( 'NONE', #2139, #2569, #2399, .T. ) ;
#783 = ORIENTED_EDGE ( 'NONE', *, *, #4526, .T. ) ;
#784 = EDGE_CURVE ( 'NONE', #282, #3597, #4360, .T. ) ;
#785 = DIRECTION ( 'NONE',  ( -0.5000000000000001100, 0.8660254037844386000, 0.0000000000000000000 ) ) ;
#786 = EDGE_CURVE ( 'NONE', #2248, #114, #643, .T. ) ;
#787 = EDGE_LOOP ( 'NONE', ( #330, #714, #770, #866 ) ) ;
#788 = CARTESIAN_POINT ( 'NONE',  ( -0.1379887676827593600, -0.05881411389618519000, 0.1071875000000000300 ) ) ;
#789 = CARTESIAN_POINT ( 'NONE',  ( 0.1874999999999997800, -6.551194771458944000E-027, 0.06760617061317372700 ) ) ;
#790 = CARTESIAN_POINT ( 'NONE',  ( -0.07470252959880231700, -0.03094280090340153000, 0.02492187499999996100 ) ) ;
#791 = CARTESIAN_POINT ( 'NONE',  ( -0.05282266525110192200, 0.05282266525110190100, -0.008281250000000017800 ) ) ;
#792 = AXIS2_PLACEMENT_3D ( 'NONE', #744, #4227, #2157 ) ;
#793 = VERTEX_POINT ( 'NONE', #2700 ) ;
#794 = CARTESIAN_POINT ( 'NONE',  ( 0.0000000000000000000, 0.0000000000000000000, -0.1171875000000000400 ) ) ;
#795 = DIRECTION ( 'NONE',  ( 1.000000000000000000, 0.0000000000000000000, 0.0000000000000000000 ) ) ;
#796 = VERTEX_POINT ( 'NONE', #3071 ) ;
#797 = CARTESIAN_POINT ( 'NONE',  ( 0.01805986710621259100, 0.1489088351982713600, 0.1171874999999999900 ) ) ;
#798 = CARTESIAN_POINT ( 'NONE',  ( 0.1444043246541564000, 0.08964917510920451800, 0.1104559133921427100 ) ) ;
#799 = CARTESIAN_POINT ( 'NONE',  ( 0.01805986710621258800, 0.1489088351982713600, 0.1071874999999999900 ) ) ;
#800 = CARTESIAN_POINT ( 'NONE',  ( -0.03094280090340147100, -0.07470252959880234500, 0.001484374999999982000 ) ) ;
#801 = DIRECTION ( 'NONE',  ( -0.0000000000000000000, -0.0000000000000000000, -1.000000000000000000 ) ) ;
#802 = LINE ( 'NONE', #2562, #185 ) ;
#803 = CARTESIAN_POINT ( 'NONE',  ( 0.007221029517885556800, -0.1359693045661946300, 0.1130130735534547600 ) ) ;
#804 = EDGE_CURVE ( 'NONE', #1256, #3668, #163, .T. ) ;
#805 = CYLINDRICAL_SURFACE ( 'NONE', #102, 0.2145063509461100400 ) ;
#806 = CARTESIAN_POINT ( 'NONE',  ( 0.09499999999999998700, 0.0000000000000000000, -0.1171875000000000400 ) ) ;
#807 = CARTESIAN_POINT ( 'NONE',  ( 0.01300509676842056700, -0.1644746591298604000, 0.1158159005952539600 ) ) ;
#808 = CARTESIAN_POINT ( 'NONE',  ( 0.09669145586676650100, -0.04005091238561425700, 0.08449218749999991300 ) ) ;
#809 = CYLINDRICAL_SURFACE ( 'NONE', #4512, 0.1311905059197604800 ) ;
#810 = CARTESIAN_POINT ( 'NONE',  ( -0.05282266525110190800, -0.05282266525110192200, -0.1293750000000000200 ) ) ;
#811 = CARTESIAN_POINT ( 'NONE',  ( 0.06837118412619036500, 0.06837118412619037900, -0.003398437500000060700 ) ) ;
#812 = CARTESIAN_POINT ( 'NONE',  ( -0.01912048374975391900, -0.1298223539134239200, 0.1141936207942610700 ) ) ;
#813 = ORIENTED_EDGE ( 'NONE', *, *, #1269, .F. ) ;
#814 = VERTEX_POINT ( 'NONE', #4135 ) ;
#815 = CARTESIAN_POINT ( 'NONE',  ( -0.1106723078378499000, 0.07891367896218892700, 0.1158159005952539200 ) ) ;
#816 = CARTESIAN_POINT ( 'NONE',  ( -0.01932219830089505100, -0.1297926286474357900, 0.1143580571376702900 ) ) ;
#817 = CARTESIAN_POINT ( 'NONE',  ( -0.1230028021661927300, 0.04562082312658506700, 0.1171874999999999900 ) ) ;
#818 = ORIENTED_EDGE ( 'NONE', *, *, #2999, .T. ) ;
#819 = VERTEX_POINT ( 'NONE', #3538 ) ;
#820 = DIRECTION ( 'NONE',  ( -1.000000000000000000, 0.0000000000000000000, 0.0000000000000000000 ) ) ;
#821 = EDGE_LOOP ( 'NONE', ( #825, #3851, #3761, #3007, #869, #3400, #1641, #1684, #381, #107 ) ) ;
#822 = CARTESIAN_POINT ( 'NONE',  ( 0.06837118412619036500, 0.06837118412619037900, 0.1216015624999999400 ) ) ;
#823 = CARTESIAN_POINT ( 'NONE',  ( 0.07470252959880231700, -0.03094280090340148500, -0.1508593749999999900 ) ) ;
#824 = CARTESIAN_POINT ( 'NONE',  ( -0.04005091238561424300, -0.09669145586676651500, -0.04832031250000004600 ) ) ;
#825 = ORIENTED_EDGE ( 'NONE', *, *, #4526, .F. ) ;
#826 = CARTESIAN_POINT ( 'NONE',  ( 1.163414459189985600E-017, -0.09499999999999998700, -0.07468750000000007300 ) ) ;
#827 =( BOUNDED_SURFACE ( )  B_SPLINE_SURFACE ( 3, 2, ( 
 ( #4137, #2685, #2714 ),
 ( #2328, #1669, #3712 ),
 ( #260, #1971, #1344 ),
 ( #4477, #1292, #1638 ),
 ( #1688, #942, #3384 ),
 ( #3729, #4073, #1654 ),
 ( #2379, #2038, #652 ),
 ( #4105, #3742, #4496 ),
 ( #291, #3429, #3451 ),
 ( #3415, #1997, #2756 ) ),
 .UNSPECIFIED., .F., .F., .F. ) 
 B_SPLINE_SURFACE_WITH_KNOTS ( ( 4, 2, 2, 2, 4 ),
 ( 3, 3 ),
 ( -5.082197683525802000E-020, 0.0003406872383697379000, 0.0006813744767394758000, 0.001022061715109213700, 0.001362748953478951600 ),
 ( 0.0000000000000000000, 1.000000000000000000 ),
 .UNSPECIFIED. ) 
 GEOMETRIC_REPRESENTATION_ITEM ( )  RATIONAL_B_SPLINE_SURFACE ( (
 ( 1.000000000000000000, 0.9651010464001665800, 1.000000000000000000),
 ( 1.000000000000000000, 0.9617650375930623100, 1.000000000000000000),
 ( 1.000000000000000000, 0.9561606701411921000, 1.000000000000000000),
 ( 1.000000000000000000, 0.9470922649609153600, 1.000000000000000000),
 ( 1.000000000000000000, 0.9436087605323118000, 1.000000000000000000),
 ( 1.000000000000000000, 0.9436230553029805200, 1.000000000000000000),
 ( 1.000000000000000000, 0.9471104345458801800, 1.000000000000000000),
 ( 1.000000000000000000, 0.9561406066852379300, 1.000000000000000000),
 ( 1.000000000000000000, 0.9617225829427021900, 1.000000000000000000),
 ( 1.000000000000000000, 0.9651010464001658100, 1.000000000000000000) ) ) 
 REPRESENTATION_ITEM ( '' )  SURFACE ( )  );
#828 = EDGE_LOOP ( 'NONE', ( #257, #4545, #4235, #1379, #1448, #3715 ) ) ;
#829 = EDGE_CURVE ( 'NONE', #531, #1436, #1197, .T. ) ;
#830 = CARTESIAN_POINT ( 'NONE',  ( 0.0000000000000000000, 0.0000000000000000000, -0.1171875000000000300 ) ) ;
#831 = ORIENTED_EDGE ( 'NONE', *, *, #367, .F. ) ;
#832 = CARTESIAN_POINT ( 'NONE',  ( 0.05282266525110191500, -0.05282266525110190800, 0.03468749999999996800 ) ) ;
#833 = DIRECTION ( 'NONE',  ( 1.000000000000000000, 0.0000000000000000000, 0.0000000000000000000 ) ) ;
#834 = DIRECTION ( 'NONE',  ( -0.0000000000000000000, -0.0000000000000000000, -1.000000000000000000 ) ) ;
#835 = EDGE_CURVE ( 'NONE', #4327, #2237, #350, .T. ) ;
#836 = CARTESIAN_POINT ( 'NONE',  ( -0.09499999999999998700, -1.745121688784978200E-017, -0.02000000000000008000 ) ) ;
#837 = CARTESIAN_POINT ( 'NONE',  ( -0.04005091238561424300, -0.09669145586676651500, 0.07667968749999994100 ) ) ;
#838 = ORIENTED_EDGE ( 'NONE', *, *, #1532, .T. ) ;
#839 = CARTESIAN_POINT ( 'NONE',  ( 0.1255018407126173900, -0.09358998111312880100, 0.1171874999999999900 ) ) ;
#840 = CARTESIAN_POINT ( 'NONE',  ( 0.04005091238561427100, -0.09669145586676650100, -0.07566406250000007300 ) ) ;
#841 = AXIS2_PLACEMENT_3D ( 'NONE', #1351, #1, #2455 ) ;
#842 = CARTESIAN_POINT ( 'NONE',  ( -0.01575323420440519900, -0.1302950032317895500, 0.1116748684744863200 ) ) ;
#843 = PLANE ( 'NONE',  #1057 ) ;
#844 = CARTESIAN_POINT ( 'NONE',  ( 0.0000000000000000000, 0.09499999999999998700, -0.0004687500000000808600 ) ) ;
#845 = CARTESIAN_POINT ( 'NONE',  ( 0.07470252959880234500, 4.574210688069184700E-018, -0.02390625000000002100 ) ) ;
#846 = CARTESIAN_POINT ( 'NONE',  ( 0.0000000000000000000, 0.0000000000000000000, -0.1171875000000000300 ) ) ;
#847 = CARTESIAN_POINT ( 'NONE',  ( -0.06717514421272202700, 0.06717514421272199900, -0.02390625000000007700 ) ) ;
#848 = APPROVAL_DATE_TIME ( #2713, #2874 ) ;
#849 = CARTESIAN_POINT ( 'NONE',  ( -0.04005091238561431900, 0.09669145586676648800, 0.09621093749999994100 ) ) ;
#850 = CARTESIAN_POINT ( 'NONE',  ( -0.06837118412619036500, -0.06837118412619039300, -0.08152343750000004600 ) ) ;
#851 = LINE ( 'NONE', #2790, #3311 ) ;
#852 = EDGE_CURVE ( 'NONE', #3938, #2734, #2755, .T. ) ;
#853 = CARTESIAN_POINT ( 'NONE',  ( 0.1156820853594755200, 0.07201612529771904400, 0.1121829597595906100 ) ) ;
#854 = LINE ( 'NONE', #1910, #4472 ) ;
#855 = EDGE_CURVE ( 'NONE', #2297, #3288, #3431, .T. ) ;
#856 = CARTESIAN_POINT ( 'NONE',  ( -0.07470252959880231700, 0.03094280090340150900, 0.05226562499999996800 ) ) ;
#857 = CONICAL_SURFACE ( 'NONE', #3814, 0.09968750000000004000, 0.7853981633974500600 ) ;
#858 = FACE_OUTER_BOUND ( 'NONE', #4008, .T. ) ;
#859 = CARTESIAN_POINT ( 'NONE',  ( 1.184128819321331600E-017, -0.09669145586676650100, 0.07863281249999994100 ) ) ;
#860 = ORIENTED_EDGE ( 'NONE', *, *, #2813, .F. ) ;
#861 = VERTEX_POINT ( 'NONE', #2433 ) ;
#862 = DIRECTION ( 'NONE',  ( -0.0000000000000000000, -0.0000000000000000000, 1.000000000000000000 ) ) ;
#863 = LINE ( 'NONE', #1693, #2177 ) ;
#864 = CARTESIAN_POINT ( 'NONE',  ( -0.05282266525110190800, -0.05282266525110192200, 0.09328124999999998200 ) ) ;
#865 = B_SPLINE_CURVE_WITH_KNOTS ( 'NONE', 3,
 ( #333, #679, #2404, #3839, #1348, #3788, #2440, #297, #3856, #3174, #349, #3131, #1028, #1741, #4207, #3113, #1381, #1063, #3819, #1694, #1725, #4179, #364, #2077, #3486, #2766, #694, #4191 ),
 .UNSPECIFIED., .F., .F.,
 ( 4, 2, 2, 2, 2, 2, 2, 2, 2, 2, 2, 2, 2, 4 ),
 ( 0.006216294025448870300, 0.007048100177300210800, 0.007464003253225881500, 0.007879906329151552300, 0.008295809405077223000, 0.008711712481002893700, 0.009127615556928564400, 0.009543518632854233400, 0.01037532478470557300, 0.01079122786063124400, 0.01120713093655691500, 0.01162303401248258500, 0.01203893708840825600, 0.01287074324025959600 ),
 .UNSPECIFIED. ) ;
#866 = ORIENTED_EDGE ( 'NONE', *, *, #4467, .F. ) ;
#867 = CARTESIAN_POINT ( 'NONE',  ( 0.1236774046062696400, 0.05638819060193633900, 0.1158159005952539200 ) ) ;
#868 = CARTESIAN_POINT ( 'NONE',  ( 0.1028838921940912200, 0.08145986565590746000, 0.1205269787769580000 ) ) ;
#869 = ORIENTED_EDGE ( 'NONE', *, *, #361, .T. ) ;
#870 = CARTESIAN_POINT ( 'NONE',  ( 9.148421376138369400E-018, -0.07470252959880234500, -0.09421875000000003200 ) ) ;
#871 = CARTESIAN_POINT ( 'NONE',  ( 0.0000000000000000000, 0.0000000000000000000, 0.1171874999999999900 ) ) ;
#872 = EDGE_LOOP ( 'NONE', ( #372, #3821, #2342, #2040 ) ) ;
#873 = EDGE_LOOP ( 'NONE', ( #879, #928 ) ) ;
#874 = CARTESIAN_POINT ( 'NONE',  ( -0.1224562857454432300, 0.08571716177926253000, 0.1158159005952539200 ) ) ;
#875 = CARTESIAN_POINT ( 'NONE',  ( 0.1379328773006462900, 0.08702824320718025000, 0.1128990818932795700 ) ) ;
#876 =( BOUNDED_SURFACE ( )  B_SPLINE_SURFACE ( 3, 2, ( 
 ( #606, #4076, #2333 ),
 ( #4430, #2671, #910 ),
 ( #201, #2995, #1942 ),
 ( #555, #3359, #1267 ),
 ( #3699, #3027, #1642 ),
 ( #587, #880, #1581 ),
 ( #4028, #4390, #895 ),
 ( #2289, #4500, #2401 ),
 ( #3109, #2002, #3435 ),
 ( #623, #2762, #1347 ) ),
 .UNSPECIFIED., .F., .F., .T. ) 
 B_SPLINE_SURFACE_WITH_KNOTS ( ( 4, 2, 2, 2, 4 ),
 ( 3, 3 ),
 ( 0.0005381402106388271200, 0.0008647011695797125200, 0.001191262128520597800, 0.001517823087461483100, 0.001844384046402368400 ),
 ( 0.0000000000000000000, 1.000000000000000000 ),
 .UNSPECIFIED. ) 
 GEOMETRIC_REPRESENTATION_ITEM ( )  RATIONAL_B_SPLINE_SURFACE ( (
 ( 1.000000000000000000, 0.7486064779135392900, 1.000000000000000000),
 ( 1.000000000000000000, 0.7391543419989365900, 1.000000000000000000),
 ( 1.000000000000000000, 0.7286190124940410400, 1.000000000000000000),
 ( 1.000000000000000000, 0.7125439442687211400, 1.000000000000000000),
 ( 1.000000000000000000, 0.7070972461867922600, 1.000000000000000000),
 ( 1.000000000000000000, 0.7071163438016426800, 1.000000000000000000),
 ( 1.000000000000000000, 0.7124896623910289600, 1.000000000000000000),
 ( 1.000000000000000000, 0.7285790591089148500, 1.000000000000000000),
 ( 1.000000000000000000, 0.7391079615293688600, 1.000000000000000000),
 ( 1.000000000000000000, 0.7486107864660850300, 1.000000000000000000) ) ) 
 REPRESENTATION_ITEM ( '' )  SURFACE ( )  );
#877 = DIRECTION ( 'NONE',  ( 1.000000000000000000, 0.0000000000000000000, 0.0000000000000000000 ) ) ;
#878 = CARTESIAN_POINT ( 'NONE',  ( 0.03094280090340148900, 0.07470252959880231700, 0.04835937499999998900 ) ) ;
#879 = ORIENTED_EDGE ( 'NONE', *, *, #2426, .F. ) ;
#880 = CARTESIAN_POINT ( 'NONE',  ( -0.1118933160473067500, 0.06857560753661641500, 0.1121888934529249300 ) ) ;
#881 = ORIENTED_EDGE ( 'NONE', *, *, #4431, .F. ) ;
#882 = CARTESIAN_POINT ( 'NONE',  ( 0.06851428910444004600, -0.05987223745883731700, -0.1081367727515166200 ) ) ;
#883 = CARTESIAN_POINT ( 'NONE',  ( 0.1359366847010339300, 0.09350007374505907300, 0.1158159005952540100 ) ) ;
#884 = EDGE_CURVE ( 'NONE', #48, #3233, #863, .T. ) ;
#885 = EDGE_LOOP ( 'NONE', ( #1481, #2570 ) ) ;
#886 = CARTESIAN_POINT ( 'NONE',  ( 0.09499999999999998700, 0.0000000000000000000, 0.09718749999999998200 ) ) ;
#887 = CARTESIAN_POINT ( 'NONE',  ( 0.05282266525110191500, -0.05282266525110190800, -0.09031250000000001800 ) ) ;
#888 = ORIENTED_EDGE ( 'NONE', *, *, #4111, .F. ) ;
#889 = DIRECTION ( 'NONE',  ( 0.8660254037844317100, 0.5000000000000124300, -5.914624404476951200E-015 ) ) ;
#890 = CARTESIAN_POINT ( 'NONE',  ( -0.02199260931391681200, 0.1293339629758870600, 0.1171874999999999900 ) ) ;
#891 = DIRECTION ( 'NONE',  ( 1.000000000000000000, 0.0000000000000000000, -0.0000000000000000000 ) ) ;
#892 = CARTESIAN_POINT ( 'NONE',  ( 0.1438485176774452800, -0.07934561906280879200, 0.1121889164018129700 ) ) ;
#893 = CARTESIAN_POINT ( 'NONE',  ( -0.09669145586676648800, -0.04005091238561431200, -0.1147265625000001000 ) ) ;
#894 = AXIS2_PLACEMENT_3D ( 'NONE', #3465, #1055, #2100 ) ;
#895 = CARTESIAN_POINT ( 'NONE',  ( -0.1141579838892476100, 0.07421586993120184200, 0.1130037753972358000 ) ) ;
#896 = B_SPLINE_CURVE_WITH_KNOTS ( 'NONE', 3,
 ( #2792, #1013, #1078, #1047 ),
 .UNSPECIFIED., .F., .F.,
 ( 4, 4 ),
 ( -2.754428770570660700E-006, 0.0001736981516759454200 ),
 .UNSPECIFIED. ) ;
#897 = CARTESIAN_POINT ( 'NONE',  ( 0.08836307844586834000, 5.410678059076957300E-018, -0.1058630784458684000 ) ) ;
#898 = CARTESIAN_POINT ( 'NONE',  ( 0.07470252959880233100, 0.03094280090340149500, -0.08445312500000001800 ) ) ;
#899 = CARTESIAN_POINT ( 'NONE',  ( -0.08070341532470268200, -0.02283365015646139300, 0.01914484769942402900 ) ) ;
#900 = CARTESIAN_POINT ( 'NONE',  ( 0.05282266525110191500, -0.05282266525110190800, -0.1528125000000000500 ) ) ;
#901 = CC_DESIGN_PERSON_AND_ORGANIZATION_ASSIGNMENT ( #958, #3476, ( #682 ) ) ;
#902 = COORDINATED_UNIVERSAL_TIME_OFFSET ( 6, 0, .BEHIND. ) ;
#903 = CARTESIAN_POINT ( 'NONE',  ( -0.1147171441122619300, -0.07155983146518907200, 0.1109001848861591400 ) ) ;
#904 = CARTESIAN_POINT ( 'NONE',  ( -0.03935028842544401100, -0.09500000000000001500, -0.1078906250000000500 ) ) ;
#905 = CARTESIAN_POINT ( 'NONE',  ( 0.009066546277499603100, -0.1358331302844025300, 0.1135085821095598600 ) ) ;
#906 = DIRECTION ( 'NONE',  ( 0.0000000000000000000, 0.0000000000000000000, 1.000000000000000000 ) ) ;
#907 = LINE ( 'NONE', #25, #1511 ) ;
#908 = CARTESIAN_POINT ( 'NONE',  ( 0.1264322379373780700, -0.08801266740637711500, 0.1158158947906487700 ) ) ;
#909 = CARTESIAN_POINT ( 'NONE',  ( -0.07470252959880231700, -0.03094280090340153000, 0.09132812499999998200 ) ) ;
#910 = CARTESIAN_POINT ( 'NONE',  ( -0.1251266664576362300, 0.05274863273280077500, 0.1182599832031399200 ) ) ;
#911 = EDGE_CURVE ( 'NONE', #2085, #1697, #4085, .T. ) ;
#912 = CYLINDRICAL_SURFACE ( 'NONE', #841, 0.2145063509461100400 ) ;
#913 = CARTESIAN_POINT ( 'NONE',  ( 0.01016872265200522000, 0.1675689194537336400, 0.1119306710288929700 ) ) ;
#914 = CARTESIAN_POINT ( 'NONE',  ( 0.07470252959880233100, -0.03094280090340148500, -0.08835937500000003200 ) ) ;
#915 = VECTOR ( 'NONE', #4296, 39.37007874015748100 ) ;
#916 = ORIENTED_EDGE ( 'NONE', *, *, #4205, .T. ) ;
#917 = CIRCLE ( 'NONE', #2359, 0.1311905059197604800 ) ;
#918 = EDGE_CURVE ( 'NONE', #3661, #3288, #765, .T. ) ;
#919 = CARTESIAN_POINT ( 'NONE',  ( 0.03094280090340150900, -0.07470252959880233100, -0.1235156250000000200 ) ) ;
#920 = CARTESIAN_POINT ( 'NONE',  ( -0.1296051634982614800, 0.08852989178482495400, 0.1150606333163290700 ) ) ;
#921 = CARTESIAN_POINT ( 'NONE',  ( 1.163414459189985600E-017, -0.09499999999999998700, -0.1059375000000000700 ) ) ;
#922 = ORIENTED_EDGE ( 'NONE', *, *, #1206, .T. ) ;
#923 = ORIENTED_EDGE ( 'NONE', *, *, #448, .F. ) ;
#924 = CARTESIAN_POINT ( 'NONE',  ( 0.0000000000000000000, 0.0000000000000000000, 0.09718749999999998200 ) ) ;
#925 = AXIS2_PLACEMENT_3D ( 'NONE', #2313, #2979, #4023 ) ;
#926 = CARTESIAN_POINT ( 'NONE',  ( 0.1489417814694562700, -0.07097458538480164200, 0.1158159005952540100 ) ) ;
#927 = CARTESIAN_POINT ( 'NONE',  ( 0.05282266525110191500, -0.05282266525110190800, 0.1010937500000000000 ) ) ;
#928 = ORIENTED_EDGE ( 'NONE', *, *, #2612, .F. ) ;
#929 = DIRECTION ( 'NONE',  ( 0.0000000000000000000, -0.0000000000000000000, 1.000000000000000000 ) ) ;
#930 = CARTESIAN_POINT ( 'NONE',  ( -0.01444885286447961800, 0.1337242457396731800, 0.1166616952948396900 ) ) ;
#931 = B_SPLINE_CURVE_WITH_KNOTS ( 'NONE', 3,
 ( #2026, #3060, #930, #2743 ),
 .UNSPECIFIED., .F., .F.,
 ( 4, 4 ),
 ( 0.0000000000000000000, 0.0001752376967329923600 ),
 .UNSPECIFIED. ) ;
#932 = APPROVAL ( #2840, 'UNSPECIFIED' ) ;
#933 = ORIENTED_EDGE ( 'NONE', *, *, #911, .T. ) ;
#934 = CARTESIAN_POINT ( 'NONE',  ( 0.01444885286449711100, -0.1337242457396946300, 0.1166616952948499300 ) ) ;
#935 = CARTESIAN_POINT ( 'NONE',  ( 0.04789188447213502100, -0.07589109548637099100, 0.02502547562501998200 ) ) ;
#936 = CARTESIAN_POINT ( 'NONE',  ( 0.07470252959880233100, -0.03094280090340148500, -0.08445312500000001800 ) ) ;
#937 = ORIENTED_EDGE ( 'NONE', *, *, #147, .F. ) ;
#938 = CARTESIAN_POINT ( 'NONE',  ( 0.05282266525110190800, 0.05282266525110191500, -0.1450000000000000500 ) ) ;
#939 = CARTESIAN_POINT ( 'NONE',  ( -0.1105216256696791700, -0.07882668257183456100, 0.1158159005952539800 ) ) ;
#940 = CARTESIAN_POINT ( 'NONE',  ( 0.09499999999999998700, 0.0000000000000000000, 0.03515624999999998600 ) ) ;
#941 = ADVANCED_FACE ( 'NONE', ( #3117 ), #1740, .T. ) ;
#942 = CARTESIAN_POINT ( 'NONE',  ( -0.003855768220535534600, -0.1677640016956285800, 0.1121854969815878300 ) ) ;
#943 = CARTESIAN_POINT ( 'NONE',  ( -0.1359366847010341800, 0.09350007374505880900, 0.1158159005952550900 ) ) ;
#944 = ORIENTED_EDGE ( 'NONE', *, *, #4176, .F. ) ;
#945 = CARTESIAN_POINT ( 'NONE',  ( 0.07470252959880233100, 4.574210688069183900E-018, -0.08250000000000003200 ) ) ;
#946 = VERTEX_POINT ( 'NONE', #693 ) ;
#947 = CARTESIAN_POINT ( 'NONE',  ( 0.0000000000000000000, 0.0000000000000000000, 0.03515624999999998600 ) ) ;
#948 = CARTESIAN_POINT ( 'NONE',  ( 0.09499999999999998700, 5.817072295949927900E-018, 0.02296874999999991600 ) ) ;
#949 = EDGE_CURVE ( 'NONE', #2469, #1266, #706, .T. ) ;
#950 = CARTESIAN_POINT ( 'NONE',  ( 0.09669145586676650100, -0.04005091238561425700, 0.05519531249999989900 ) ) ;
#951 = CARTESIAN_POINT ( 'NONE',  ( -0.1221686531500153200, -0.06006363749507051500, 0.1135092525227575200 ) ) ;
#952 = CARTESIAN_POINT ( 'NONE',  ( 0.0000000000000000000, 0.0000000000000000000, 0.05201404662460755400 ) ) ;
#953 = CARTESIAN_POINT ( 'NONE',  ( -0.1839860429493775400, -0.1102819595221518600, 0.05201404662460754800 ) ) ;
#954 = CARTESIAN_POINT ( 'NONE',  ( 0.06309794383663147600, 0.03998896612878655200, 0.01017127959880237800 ) ) ;
#955 = CARTESIAN_POINT ( 'NONE',  ( 0.0000000000000000000, 0.07470252959880233100, 0.01906249999999999300 ) ) ;
#956 = AXIS2_PLACEMENT_3D ( 'NONE', #3917, #2175, #85 ) ;
#957 = CARTESIAN_POINT ( 'NONE',  ( 0.06309794383663147600, 0.03998896612878655200, 0.01017127959880237800 ) ) ;
#958 = PERSON_AND_ORGANIZATION ( #1944, #519 ) ;
#959 = CARTESIAN_POINT ( 'NONE',  ( 0.1010101928522765800, -0.08371313984930084400, 0.1171874999999999900 ) ) ;
#960 = CARTESIAN_POINT ( 'NONE',  ( 0.1092759683532078000, 0.07268874982699492800, 0.1081762756333462400 ) ) ;
#961 = LINE ( 'NONE', #2578, #3164 ) ;
#962 =( BOUNDED_CURVE ( )  B_SPLINE_CURVE ( 2, ( #1109, #3545, #2158, #1815, #2876, #1452, #3898, #1804, #1122 ),
 .UNSPECIFIED., .F., .F. ) 
 B_SPLINE_CURVE_WITH_KNOTS ( ( 3, 2, 2, 2, 3 ),
 ( 0.5277777777777777900, 0.5416666666666666300, 0.5555555555555555800, 0.5694444444444444200, 0.5833333333333333700 ),
 .UNSPECIFIED. ) 
 CURVE ( )  GEOMETRIC_REPRESENTATION_ITEM ( )  RATIONAL_B_SPLINE_CURVE ( ( 1.000000000000000000, 0.9238795325112867400, 1.000000000000000000, 0.9238795325112867400, 1.000000000000000000, 0.9238795325112867400, 1.000000000000000000, 0.9238795325112867400, 1.000000000000000000 ) ) 
 REPRESENTATION_ITEM ( '' )  );
#963 = CARTESIAN_POINT ( 'NONE',  ( 0.1209826084367221600, 0.05089034831313345900, 0.1178714458917502600 ) ) ;
#964 = CARTESIAN_POINT ( 'NONE',  ( 0.09669145586676650100, 0.04005091238561426400, 0.02785156249999989600 ) ) ;
#965 = CARTESIAN_POINT ( 'NONE',  ( -0.1472157714192236800, -0.08054280761772858500, 0.1121854969815887600 ) ) ;
#966 = CYLINDRICAL_SURFACE ( 'NONE', #4333, 0.09499999999999998700 ) ;
#967 = DIRECTION ( 'NONE',  ( -0.0000000000000000000, -0.0000000000000000000, 1.000000000000000000 ) ) ;
#968 = CARTESIAN_POINT ( 'NONE',  ( 0.1156556126545789400, -0.07205723900226267100, 0.1121920646682168100 ) ) ;
#969 = CARTESIAN_POINT ( 'NONE',  ( 0.01300509676842060400, 0.1353018695641240700, 0.1158159005952539200 ) ) ;
#970 = CARTESIAN_POINT ( 'NONE',  ( 0.0000000000000000000, 0.0000000000000000000, 0.1171874999999999900 ) ) ;
#971 = FACE_OUTER_BOUND ( 'NONE', #545, .T. ) ;
#972 = CARTESIAN_POINT ( 'NONE',  ( -0.07470252959880231700, 0.03094280090340150900, -0.006328125000000010800 ) ) ;
#973 = CARTESIAN_POINT ( 'NONE',  ( 0.1874999999999998100, -0.06984499863340631900, -0.1076192712197607800 ) ) ;
#974 = EDGE_CURVE ( 'NONE', #1909, #109, #1781, .T. ) ;
#975 = ORIENTED_EDGE ( 'NONE', *, *, #2915, .T. ) ;
#976 = ORIENTED_EDGE ( 'NONE', *, *, #3660, .T. ) ;
#977 = CIRCLE ( 'NONE', #1420, 0.01000000000000000200 ) ;
#978 = CARTESIAN_POINT ( 'NONE',  ( 0.01216781983797300200, 0.1658987344732275900, 0.1129093923214162900 ) ) ;
#979 = CARTESIAN_POINT ( 'NONE',  ( -0.1828125000000000200, 0.0000000000000000000, -0.1171875000000000300 ) ) ;
#980 = DIRECTION ( 'NONE',  ( -0.8660254037844328200, -0.5000000000000101000, 0.0000000000000000000 ) ) ;
#981 = CALENDAR_DATE ( 2024, 13, 3 ) ;
#982 = EDGE_LOOP ( 'NONE', ( #3516, #3619, #4424, #3954 ) ) ;
#983 = EDGE_CURVE ( 'NONE', #1542, #1157, #259, .T. ) ;
#984 = CARTESIAN_POINT ( 'NONE',  ( -0.09669145586676650100, -1.776193228981997500E-017, 0.04152343749999989900 ) ) ;
#985 = CARTESIAN_POINT ( 'NONE',  ( 0.1092827146165394600, -0.07267902407924090000, 0.1081713432942196800 ) ) ;
#986 = CARTESIAN_POINT ( 'NONE',  ( 0.08368193977367198400, 0.04372110660359578700, 0.02971635187922893800 ) ) ;
#987 = DIRECTION ( 'NONE',  ( 1.000000000000000000, 0.0000000000000000000, 0.0000000000000000000 ) ) ;
#988 = ADVANCED_FACE ( 'NONE', ( #1238 ), #3267, .T. ) ;
#989 = ORIENTED_EDGE ( 'NONE', *, *, #120, .F. ) ;
#990 = CARTESIAN_POINT ( 'NONE',  ( -0.1042833190200900400, -0.08106174057883855400, 0.1171874999999999900 ) ) ;
#991 = CARTESIAN_POINT ( 'NONE',  ( -0.1089051640833540600, -0.1536299251464441900, 0.06761722654609771100 ) ) ;
#992 = AXIS2_PLACEMENT_3D ( 'NONE', #4281, #105, #3959 ) ;
#993 = CARTESIAN_POINT ( 'NONE',  ( -0.03094280090340154100, 0.07470252959880231700, 0.02101562499999998200 ) ) ;
#994 = ORIENTED_EDGE ( 'NONE', *, *, #300, .T. ) ;
#995 = CARTESIAN_POINT ( 'NONE',  ( 0.01739696866467657600, 0.07564948860833616000, 0.01263496641841571600 ) ) ;
#996 = CARTESIAN_POINT ( 'NONE',  ( 0.07470252959880233100, 0.03094280090340149500, -0.01804687500000001800 ) ) ;
#997 = DIRECTION ( 'NONE',  ( 0.0000000000000000000, 0.0000000000000000000, -1.000000000000000000 ) ) ;
#998 = DIRECTION ( 'NONE',  ( 0.0000000000000000000, 0.0000000000000000000, 1.000000000000000000 ) ) ;
#999 = B_SPLINE_CURVE_WITH_KNOTS ( 'NONE', 3,
 ( #3708, #3020, #920, #1969, #4423, #2326, #3121, #3425, #4134, #3793, #2360, #1034, #615, #305 ),
 .UNSPECIFIED., .F., .F.,
 ( 4, 2, 2, 2, 2, 2, 4 ),
 ( 9.697399036122160600E-019, 0.0002879901036252546600, 0.0004319851554378806800, 0.0005759802072505067100, 0.0007199752590631338800, 0.0008639703108757608300, 0.001151960414501014700 ),
 .UNSPECIFIED. ) ;
#1000 = CARTESIAN_POINT ( 'NONE',  ( 0.05282266525110191500, -0.05282266525110190800, 0.06593749999999996800 ) ) ;
#1001 = CARTESIAN_POINT ( 'NONE',  ( 0.01805986710621258800, 0.1308428737517742200, 0.1171874999999999900 ) ) ;
#1002 = ORIENTED_EDGE ( 'NONE', *, *, #1483, .T. ) ;
#1003 = CARTESIAN_POINT ( 'NONE',  ( -0.1065065428491197700, -0.08397861055582395200, 0.1209043253345721100 ) ) ;
#1004 = CARTESIAN_POINT ( 'NONE',  ( -0.04005091238561431900, 0.09669145586676648800, 0.06691406249999988500 ) ) ;
#1005 = EDGE_LOOP ( 'NONE', ( #1651, #783, #3286, #2853, #549, #2284, #2968, #2909, #1011, #3706 ) ) ;
#1006 = CARTESIAN_POINT ( 'NONE',  ( -0.1508087444388321900, -0.07629100100461200200, 0.1114347087687725500 ) ) ;
#1007 = DIRECTION ( 'NONE',  ( -0.0000000000000000000, -0.0000000000000000000, 1.000000000000000000 ) ) ;
#1008 = CARTESIAN_POINT ( 'NONE',  ( -0.1028694294852582500, -0.08146974232301562600, 0.1141932747193740300 ) ) ;
#1009 = CARTESIAN_POINT ( 'NONE',  ( 0.09499999999999998700, 0.03935028842544403800, 0.02492187499999992300 ) ) ;
#1010 = CARTESIAN_POINT ( 'NONE',  ( -0.1692258472944464000, -0.1188037624568179900, 0.05679385087268380000 ) ) ;
#1011 = ORIENTED_EDGE ( 'NONE', *, *, #1455, .F. ) ;
#1012 = CARTESIAN_POINT ( 'NONE',  ( -0.05282266525110192200, 0.05282266525110190100, 0.02296874999999998900 ) ) ;
#1013 = CARTESIAN_POINT ( 'NONE',  ( -0.01445886210214499200, -0.1337133084268590000, 0.1166675590000662600 ) ) ;
#1014 = ADVANCED_FACE ( 'NONE', ( #771 ), #1566, .F. ) ;
#1015 = CARTESIAN_POINT ( 'NONE',  ( 0.03094280090340150600, -0.07470252959880231700, -0.1508593749999999900 ) ) ;
#1016 = CARTESIAN_POINT ( 'NONE',  ( -0.1839860429493769000, 0.1102819595221528100, 0.05201404662460756100 ) ) ;
#1017 = EDGE_CURVE ( 'NONE', #619, #4433, #2608, .T. ) ;
#1018 = CARTESIAN_POINT ( 'NONE',  ( 0.1259812684928610100, 0.05024693374382818700, 0.1209055232755925800 ) ) ;
#1019 = CARTESIAN_POINT ( 'NONE',  ( 0.04005091238561425700, 0.09669145586676650100, 0.03175781249999990600 ) ) ;
#1020 = CARTESIAN_POINT ( 'NONE',  ( -0.1416001112204246000, -0.06390336351708376900, 0.1172529524635170500 ) ) ;
#1021 = DIRECTION ( 'NONE',  ( 1.000000000000000000, 0.0000000000000000000, 0.0000000000000000000 ) ) ;
#1022 = CARTESIAN_POINT ( 'NONE',  ( -0.1115567968535111600, -0.06916050467999547400, 0.1071838159462589600 ) ) ;
#1023 = CARTESIAN_POINT ( 'NONE',  ( -0.09499999999999998700, -1.745121688784978200E-017, -0.02390625000000007700 ) ) ;
#1024 = CARTESIAN_POINT ( 'NONE',  ( 0.03094280090340150600, -0.07470252959880231700, -0.1196093750000000000 ) ) ;
#1025 = DIRECTION ( 'NONE',  ( 1.000000000000000000, 0.0000000000000000000, -0.0000000000000000000 ) ) ;
#1026 = CARTESIAN_POINT ( 'NONE',  ( -0.05484029203816755100, -0.05472063371194083000, -0.09346476383164402400 ) ) ;
#1027 = CONICAL_SURFACE ( 'NONE', #2466, 0.1828125000000000200, 1.047197551196600100 ) ;
#1028 = CARTESIAN_POINT ( 'NONE',  ( 0.02557343411266233000, 0.08058846280987365400, -0.1018722738025344300 ) ) ;
#1029 =( BOUNDED_CURVE ( )  B_SPLINE_CURVE ( 2, ( #2009, #2675, #4465, #1253, #269, #3373, #4067, #1597, #1285 ),
 .UNSPECIFIED., .F., .T. ) 
 B_SPLINE_CURVE_WITH_KNOTS ( ( 3, 2, 2, 2, 3 ),
 ( 0.2500000000000000000, 0.2638888888888888400, 0.2777777777777777900, 0.2916666666666666300, 0.3055555555555555800 ),
 .UNSPECIFIED. ) 
 CURVE ( )  GEOMETRIC_REPRESENTATION_ITEM ( )  RATIONAL_B_SPLINE_CURVE ( ( 1.000000000000000000, 0.9238795325112867400, 1.000000000000000000, 0.9238795325112867400, 1.000000000000000000, 0.9238795325112867400, 1.000000000000000000, 0.9238795325112867400, 1.000000000000000000 ) ) 
 REPRESENTATION_ITEM ( '' )  );
#1030 = CARTESIAN_POINT ( 'NONE',  ( 0.07470252959880231700, -0.03094280090340148500, 0.09914062499999996800 ) ) ;
#1031 = CARTESIAN_POINT ( 'NONE',  ( 9.148421376138367800E-018, -0.07470252959880233100, 0.09718749999999998200 ) ) ;
#1032 = FACE_OUTER_BOUND ( 'NONE', #1869, .T. ) ;
#1033 = CARTESIAN_POINT ( 'NONE',  ( -0.09669145586676650100, -1.776193228981997500E-017, -0.08347656250000008700 ) ) ;
#1034 = CARTESIAN_POINT ( 'NONE',  ( -0.1414719375192055300, 0.06798666609540690600, 0.1150579133271412600 ) ) ;
#1035 = CARTESIAN_POINT ( 'NONE',  ( 0.1199289005765462200, 0.09009472130208813500, 0.1071874999999999600 ) ) ;
#1036 = VECTOR ( 'NONE', #24, 39.37007874015748900 ) ;
#1037 = CARTESIAN_POINT ( 'NONE',  ( -0.06717514421272199900, -0.06717514421272202700, -0.01609375000000006600 ) ) ;
#1038 = EDGE_LOOP ( 'NONE', ( #3350, #3087, #589, #3382 ) ) ;
#1039 = LINE ( 'NONE', #3667, #3176 ) ;
#1040 = CARTESIAN_POINT ( 'NONE',  ( 0.008342719289586879000, 0.1309796842739407200, 0.1081770489704287600 ) ) ;
#1041 = EDGE_LOOP ( 'NONE', ( #3657, #2799, #118, #3183 ) ) ;
#1042 = CARTESIAN_POINT ( 'NONE',  ( -0.07470252959880231700, -0.03094280090340153000, -0.09617187500000003200 ) ) ;
#1043 = VERTEX_POINT ( 'NONE', #1132 ) ;
#1044 = CARTESIAN_POINT ( 'NONE',  ( -0.1236774046062703400, 0.05638819060193469400, 0.1158159005952539000 ) ) ;
#1045 = EDGE_CURVE ( 'NONE', #605, #1204, #2512, .T. ) ;
#1046 = CARTESIAN_POINT ( 'NONE',  ( -0.1085696908706465800, 0.07937839610369024100, 0.1166675590000614100 ) ) ;
#1047 = CARTESIAN_POINT ( 'NONE',  ( -0.01805986710621258800, -0.1308428737517742200, 0.1171874999999999900 ) ) ;
#1048 = EDGE_LOOP ( 'NONE', ( #4059, #1367, #3237, #263 ) ) ;
#1049 = CARTESIAN_POINT ( 'NONE',  ( 0.0000000000000000000, 0.07470252959880233100, 0.07765624999999998200 ) ) ;
#1050 = CARTESIAN_POINT ( 'NONE',  ( -0.01805986710621258800, -0.1489088351982713600, 0.1071874999999999900 ) ) ;
#1051 = CARTESIAN_POINT ( 'NONE',  ( -0.1213518206690035700, -0.06175577912730322700, 0.1130037753972351200 ) ) ;
#1052 = ORIENTED_EDGE ( 'NONE', *, *, #122, .F. ) ;
#1053 = CARTESIAN_POINT ( 'NONE',  ( 0.06837118412619037900, -0.06837118412619036500, -0.1030078125000000900 ) ) ;
#1054 = CARTESIAN_POINT ( 'NONE',  ( 0.003776709656463324700, 0.1637872634033531700, 0.1124225112638097300 ) ) ;
#1055 = DIRECTION ( 'NONE',  ( -0.0000000000000000000, -0.0000000000000000000, 1.000000000000000000 ) ) ;
#1056 = CARTESIAN_POINT ( 'NONE',  ( -0.01643195919263453300, 0.1302172785093235800, 0.1178845546686023700 ) ) ;
#1057 = AXIS2_PLACEMENT_3D ( 'NONE', #2984, #4017, #2249 ) ;
#1058 = ORIENTED_EDGE ( 'NONE', *, *, #69, .T. ) ;
#1059 = CARTESIAN_POINT ( 'NONE',  ( -0.01300509676842060400, -0.1353018695641240700, 0.1158159005952539200 ) ) ;
#1060 = CARTESIAN_POINT ( 'NONE',  ( 0.09499999999999998700, 5.817072295949927900E-018, -0.03953125000000008700 ) ) ;
#1061 = VERTEX_POINT ( 'NONE', #773 ) ;
#1062 = CARTESIAN_POINT ( 'NONE',  ( 0.0000000000000000000, 0.0000000000000000000, 0.1171874999999999900 ) ) ;
#1063 = CARTESIAN_POINT ( 'NONE',  ( -0.03308892611513836900, 0.07533714555015781600, -0.09960390615134047400 ) ) ;
#1064 = CARTESIAN_POINT ( 'NONE',  ( 0.05282266525110191500, -0.05282266525110190800, 0.003437499999999971800 ) ) ;
#1065 = ORIENTED_EDGE ( 'NONE', *, *, #4079, .T. ) ;
#1066 = CARTESIAN_POINT ( 'NONE',  ( -0.03094280090340154100, 0.07470252959880231700, 0.08351562499999998200 ) ) ;
#1067 = AXIS2_PLACEMENT_3D ( 'NONE', #830, #1494, #2590 ) ;
#1068 = VERTEX_POINT ( 'NONE', #3801 ) ;
#1069 = PERSON_AND_ORGANIZATION_ROLE ( 'creator' ) ;
#1070 = CARTESIAN_POINT ( 'NONE',  ( 0.06837118412619036500, 0.06837118412619037900, -0.09519531250000010100 ) ) ;
#1071 = CARTESIAN_POINT ( 'NONE',  ( 0.1085841674802309200, 0.07937519650602503600, 0.1166616952948413600 ) ) ;
#1072 = CARTESIAN_POINT ( 'NONE',  ( -0.001920848105337612500, 0.1642488069329423000, 0.1121891459719697300 ) ) ;
#1073 = CARTESIAN_POINT ( 'NONE',  ( -0.1828125000000000200, 0.0000000000000000000, 0.1171874999999999900 ) ) ;
#1074 = CARTESIAN_POINT ( 'NONE',  ( 0.01686923508261417200, 0.1347396666613860100, 0.1182470309446337100 ) ) ;
#1075 = EDGE_CURVE ( 'NONE', #946, #287, #310, .T. ) ;
#1076 = ADVANCED_FACE ( 'NONE', ( #3923 ), #3648, .F. ) ;
#1077 = CARTESIAN_POINT ( 'NONE',  ( -0.1387692699082258800, -0.06510148309659331800, 0.1158159005952539200 ) ) ;
#1078 = CARTESIAN_POINT ( 'NONE',  ( -0.01609268733021038500, -0.1320948242047897400, 0.1171874999999999900 ) ) ;
#1079 = CARTESIAN_POINT ( 'NONE',  ( -0.07470252959880233100, -1.372263206420755200E-017, -0.008281250000000035100 ) ) ;
#1080 = CARTESIAN_POINT ( 'NONE',  ( -0.05282266525110192200, 0.05282266525110190100, 0.02296874999999998900 ) ) ;
#1081 = EDGE_CURVE ( 'NONE', #1249, #1068, #146, .T. ) ;
#1082 = CALENDAR_DATE ( 2024, 13, 3 ) ;
#1083 = APPLICATION_CONTEXT ( 'configuration controlled 3d designs of mechanical parts and assemblies' ) ;
#1084 = CIRCLE ( 'NONE', #4005, 0.2145063509461100400 ) ;
#1085 = CARTESIAN_POINT ( 'NONE',  ( 0.01688167726731574700, -0.1347371882095702300, 0.1182599832031387000 ) ) ;
#1086 = CARTESIAN_POINT ( 'NONE',  ( 0.003855768220534551900, 0.1677640016956285800, 0.1121854969815878300 ) ) ;
#1087 = DIRECTION ( 'NONE',  ( 1.000000000000000000, 0.0000000000000000000, 0.0000000000000000000 ) ) ;
#1088 = DIRECTION ( 'NONE',  ( 1.000000000000000000, 0.0000000000000000000, 0.0000000000000000000 ) ) ;
#1089 = CARTESIAN_POINT ( 'NONE',  ( 0.0000000000000000000, 0.0000000000000000000, 0.09718749999999998200 ) ) ;
#1090 = CARTESIAN_POINT ( 'NONE',  ( 0.1413100830738993900, -0.08375483931631592900, 0.1121858721526080600 ) ) ;
#1091 = CYLINDRICAL_SURFACE ( 'NONE', #4189, 0.01000000000000001200 ) ;
#1092 = CARTESIAN_POINT ( 'NONE',  ( -0.07470252959880231700, 0.03094280090340150900, 0.02101562499999996500 ) ) ;
#1093 = CARTESIAN_POINT ( 'NONE',  ( -0.05282266525110190800, -0.05282266525110192200, -0.03171875000000001800 ) ) ;
#1094 = EDGE_LOOP ( 'NONE', ( #316, #1002, #169, #778, #4040, #1331, #2963, #1894 ) ) ;
#1095 = ORIENTED_EDGE ( 'NONE', *, *, #3911, .T. ) ;
#1096 = ADVANCED_FACE ( 'NONE', ( #1998 ), #3754, .T. ) ;
#1097 = VECTOR ( 'NONE', #1560, 39.37007874015748100 ) ;
#1098 = CARTESIAN_POINT ( 'NONE',  ( 0.1042833190200894300, 0.08106174057883933100, 0.1171874999999999900 ) ) ;
#1099 = CARTESIAN_POINT ( 'NONE',  ( -0.007090825908680991800, 0.1620743689757407600, 0.1131726789883945500 ) ) ;
#1100 = DIRECTION ( 'NONE',  ( -0.0000000000000000000, -0.0000000000000000000, 1.000000000000000000 ) ) ;
#1101 = AXIS2_PLACEMENT_3D ( 'NONE', #3931, #1834, #4292 ) ;
#1102 = ORIENTED_EDGE ( 'NONE', *, *, #1329, .T. ) ;
#1103 = CARTESIAN_POINT ( 'NONE',  ( 0.0000000000000000000, 0.0000000000000000000, -0.1171875000000000300 ) ) ;
#1104 = CARTESIAN_POINT ( 'NONE',  ( 0.05282266525110190800, 0.05282266525110191500, 0.04249999999999997500 ) ) ;
#1105 = EDGE_CURVE ( 'NONE', #2463, #2545, #3763, .T. ) ;
#1106 = ORIENTED_EDGE ( 'NONE', *, *, #12, .F. ) ;
#1107 = EDGE_CURVE ( 'NONE', #1967, #619, #2735, .T. ) ;
#1108 = CARTESIAN_POINT ( 'NONE',  ( 0.01805986710621249400, -0.1489088351982715000, 0.1071874999999999800 ) ) ;
#1109 = CARTESIAN_POINT ( 'NONE',  ( -0.09499999999999998700, -1.745121688784978200E-017, -0.05125000000000007300 ) ) ;
#1110 = CARTESIAN_POINT ( 'NONE',  ( -0.03094280090340147100, -0.07470252959880234500, -0.03367187500000002500 ) ) ;
#1111 = CARTESIAN_POINT ( 'NONE',  ( -0.07470252959880231700, -0.03094280090340153000, -0.002421875000000014300 ) ) ;
#1112 = ORIENTED_EDGE ( 'NONE', *, *, #2862, .F. ) ;
#1113 = VERTEX_POINT ( 'NONE', #1440 ) ;
#1114 = DIRECTION ( 'NONE',  ( -0.0000000000000000000, -0.0000000000000000000, 1.000000000000000000 ) ) ;
#1115 = CARTESIAN_POINT ( 'NONE',  ( -0.09499999999999995900, 0.03935028842544405900, 0.009296874999999921500 ) ) ;
#1116 = CARTESIAN_POINT ( 'NONE',  ( -0.1453124999999999800, 1.779564880010997500E-017, 0.1171875000000000000 ) ) ;
#1117 = CARTESIAN_POINT ( 'NONE',  ( 0.0000000000000000000, 0.07470252959880234500, 0.01515624999999997900 ) ) ;
#1118 = ORIENTED_EDGE ( 'NONE', *, *, #1159, .F. ) ;
#1119 = ADVANCED_FACE ( 'NONE', ( #49 ), #139, .T. ) ;
#1120 = CARTESIAN_POINT ( 'NONE',  ( 0.004614059883255162800, -0.1644746591298604000, 0.1109001848861591300 ) ) ;
#1121 = DIRECTION ( 'NONE',  ( 0.0000000000000000000, 1.000000000000000000, -0.0000000000000000000 ) ) ;
#1122 = CARTESIAN_POINT ( 'NONE',  ( 0.09499999999999998700, 5.817072295949927900E-018, -0.06687500000000008700 ) ) ;
#1123 = EDGE_LOOP ( 'NONE', ( #258, #1761, #2067, #838, #3079, #1771 ) ) ;
#1124 = CARTESIAN_POINT ( 'NONE',  ( 0.07470252959880231700, -0.03094280090340148500, -0.02585937500000003200 ) ) ;
#1125 = CARTESIAN_POINT ( 'NONE',  ( 0.03094280090340150600, -0.07470252959880231700, -0.05710937500000001800 ) ) ;
#1126 = CARTESIAN_POINT ( 'NONE',  ( 0.1224562857454422200, 0.08571716177926423700, 0.1158159005952539200 ) ) ;
#1127 = CARTESIAN_POINT ( 'NONE',  ( -0.1875000000000003900, -2.296212749056363400E-017, 0.06760617061317338000 ) ) ;
#1128 = CARTESIAN_POINT ( 'NONE',  ( 0.003187348357799568200, 0.1642550956731699300, 0.1121860883707626900 ) ) ;
#1129 = CARTESIAN_POINT ( 'NONE',  ( -0.09499999999999995900, -0.03935028842544409400, 0.01320312499999991600 ) ) ;
#1130 = EDGE_CURVE ( 'NONE', #1172, #3203, #2133, .T. ) ;
#1131 = DIRECTION ( 'NONE',  ( -0.8660254037844386000, -0.5000000000000001100, 0.0000000000000000000 ) ) ;
#1132 = CARTESIAN_POINT ( 'NONE',  ( 0.1874999999999997800, 0.1041956073748592100, 0.05201404662460754800 ) ) ;
#1133 = CIRCLE ( 'NONE', #3116, 0.1499999999999999900 ) ;
#1134 = CARTESIAN_POINT ( 'NONE',  ( 0.03315684154607529500, 0.1973632395540060900, -0.1075947541660992600 ) ) ;
#1135 = CARTESIAN_POINT ( 'NONE',  ( 0.07470252959880231700, 0.03094280090340150200, -0.04929687500000002500 ) ) ;
#1136 = FACE_OUTER_BOUND ( 'NONE', #2430, .T. ) ;
#1137 = AXIS2_PLACEMENT_3D ( 'NONE', #1713, #3824, #352 ) ;
#1138 = CARTESIAN_POINT ( 'NONE',  ( 0.0000000000000000000, 0.0000000000000000000, -0.1171875000000000400 ) ) ;
#1139 = CARTESIAN_POINT ( 'NONE',  ( -0.07470252959880233100, -1.372263206420755200E-017, -0.008281250000000035100 ) ) ;
#1140 = FACE_OUTER_BOUND ( 'NONE', #3244, .T. ) ;
#1141 = DIRECTION ( 'NONE',  ( 1.000000000000000000, 0.0000000000000000000, -0.0000000000000000000 ) ) ;
#1142 = FACE_BOUND ( 'NONE', #2624, .T. ) ;
#1143 = VERTEX_POINT ( 'NONE', #836 ) ;
#1144 = FACE_OUTER_BOUND ( 'NONE', #2261, .T. ) ;
#1145 = CARTESIAN_POINT ( 'NONE',  ( 0.0000000000000000000, 0.0000000000000000000, -0.1171875000000000300 ) ) ;
#1147 = CARTESIAN_POINT ( 'NONE',  ( 0.03299270926985695800, -0.1974580013678629300, -0.1084351711055796500 ) ) ;
#1146 = CC_DESIGN_PERSON_AND_ORGANIZATION_ASSIGNMENT ( #32, #2127, ( #3592 ) ) ;
#1148 = CARTESIAN_POINT ( 'NONE',  ( -0.04005091238561431900, 0.09669145586676648800, 0.06496093749999994100 ) ) ;
#1149 = VERTEX_POINT ( 'NONE', #2543 ) ;
#1150 = ORIENTED_EDGE ( 'NONE', *, *, #1211, .T. ) ;
#1151 = CARTESIAN_POINT ( 'NONE',  ( -0.1875000000000003900, 0.1041956073748581000, 0.05201404662460754800 ) ) ;
#1152 = CARTESIAN_POINT ( 'NONE',  ( -0.09669145586676650100, -1.776193228981997500E-017, -0.08542968750000005900 ) ) ;
#1153 = EDGE_LOOP ( 'NONE', ( #2872, #734, #391, #1251 ) ) ;
#1154 = CARTESIAN_POINT ( 'NONE',  ( -0.01380073647153602000, -0.1352460298807152400, 0.1160197881099997700 ) ) ;
#1155 = DIRECTION ( 'NONE',  ( 0.0000000000000000000, 0.0000000000000000000, 1.000000000000000000 ) ) ;
#1156 = EDGE_CURVE ( 'NONE', #1534, #3938, #2494, .T. ) ;
#1157 = VERTEX_POINT ( 'NONE', #1507 ) ;
#1158 = DIRECTION ( 'NONE',  ( 0.0000000000000000000, 0.0000000000000000000, 1.000000000000000000 ) ) ;
#1159 = EDGE_CURVE ( 'NONE', #793, #946, #3334, .T. ) ;
#1160 = VERTEX_POINT ( 'NONE', #3282 ) ;
#1161 = CARTESIAN_POINT ( 'NONE',  ( 0.01445886210214365800, 0.1337133084268573600, 0.1166675590000654800 ) ) ;
#1162 = CARTESIAN_POINT ( 'NONE',  ( 0.04005091238561427100, -0.09669145586676650100, 0.08058593749999995400 ) ) ;
#1163 = CARTESIAN_POINT ( 'NONE',  ( -0.05282266525110192200, 0.05282266525110190100, -0.1371875000000000200 ) ) ;
#1164 = CARTESIAN_POINT ( 'NONE',  ( 0.06837118412619036500, 0.06837118412619037900, 0.02785156249999993000 ) ) ;
#1165 = AXIS2_PLACEMENT_3D ( 'NONE', #2186, #2904, #3965 ) ;
#1166 = ORIENTED_EDGE ( 'NONE', *, *, #477, .F. ) ;
#1167 = CARTESIAN_POINT ( 'NONE',  ( 0.09499999999999998700, -0.03935028842544402400, -0.06882812500000005900 ) ) ;
#1168 = MANIFOLD_SOLID_BREP ( 'Combine2', #3607 ) ;
#1169 = CARTESIAN_POINT ( 'NONE',  ( 0.1437322857518678300, 0.07862290519646297800, 0.1124225112638096600 ) ) ;
#1170 = CARTESIAN_POINT ( 'NONE',  ( 0.09499999999999998700, 0.03935028842544403800, -0.002421875000000068900 ) ) ;
#1171 = CARTESIAN_POINT ( 'NONE',  ( 0.03094280090340150200, -0.07470252959880233100, 0.001484374999999964900 ) ) ;
#1172 = VERTEX_POINT ( 'NONE', #95 ) ;
#1173 = CARTESIAN_POINT ( 'NONE',  ( 0.07500103755183316900, -0.01104008238184225700, 0.01106840201592056100 ) ) ;
#1174 = CARTESIAN_POINT ( 'NONE',  ( 0.1199289005765461800, 0.09009472130208809300, 0.1071874999999999800 ) ) ;
#1175 = CARTESIAN_POINT ( 'NONE',  ( -0.1375886085905180200, 0.09348700832497036700, 0.1129093923214162900 ) ) ;
#1176 = CARTESIAN_POINT ( 'NONE',  ( -0.05282266525110192200, 0.05282266525110190100, -0.1059375000000000500 ) ) ;
#1177 = CARTESIAN_POINT ( 'NONE',  ( -0.06837118412619036500, -0.06837118412619039300, -0.01902343750000006600 ) ) ;
#1178 = DIRECTION ( 'NONE',  ( -1.000000000000000000, 0.0000000000000000000, 0.0000000000000000000 ) ) ;
#1179 = FACE_OUTER_BOUND ( 'NONE', #2406, .T. ) ;
#1180 = DIRECTION ( 'NONE',  ( 1.000000000000000000, 0.0000000000000000000, 0.0000000000000000000 ) ) ;
#1181 = EDGE_CURVE ( 'NONE', #4118, #2614, #4487, .T. ) ;
#1182 = CARTESIAN_POINT ( 'NONE',  ( -0.03094280090340147800, -0.07470252959880234500, 0.02882812499999998200 ) ) ;
#1183 = CIRCLE ( 'NONE', #1919, 0.1828125000000000200 ) ;
#1184 = CARTESIAN_POINT ( 'NONE',  ( 0.1874999999999997800, -0.1041956073748592100, 0.05201404662460754800 ) ) ;
#1185 = CARTESIAN_POINT ( 'NONE',  ( 0.1242290513748575500, -0.1447826746936640700, -0.1130155653921490500 ) ) ;
#1186 = CARTESIAN_POINT ( 'NONE',  ( -0.06837118412619039300, 0.06837118412619036500, 0.06691406249999992700 ) ) ;
#1187 = VECTOR ( 'NONE', #1952, 39.37007874015748100 ) ;
#1188 = CARTESIAN_POINT ( 'NONE',  ( 0.1199289005765479400, -0.09009472130208563700, 0.1171874999999999900 ) ) ;
#1189 = CARTESIAN_POINT ( 'NONE',  ( -0.09669145586676650100, -1.776193228981997500E-017, 0.008320312499999930200 ) ) ;
#1190 = ORIENTED_EDGE ( 'NONE', *, *, #1365, .F. ) ;
#1191 = FACE_OUTER_BOUND ( 'NONE', #2467, .T. ) ;
#1192 = CARTESIAN_POINT ( 'NONE',  ( 0.06717514421272201300, -0.06717514421272199900, -0.03953125000000008000 ) ) ;
#1193 = CARTESIAN_POINT ( 'NONE',  ( 0.1199289005765479400, -0.09009472130208563700, 0.1071874999999999900 ) ) ;
#1194 = EDGE_LOOP ( 'NONE', ( #1490, #91 ) ) ;
#1195 = ORIENTED_EDGE ( 'NONE', *, *, #265, .F. ) ;
#1196 = DIRECTION ( 'NONE',  ( 0.7071067811865486800, 0.0000000000000000000, 0.7071067811865462400 ) ) ;
#1197 = LINE ( 'NONE', #2035, #2944 ) ;
#1198 = CARTESIAN_POINT ( 'NONE',  ( -0.07470252959880234500, -1.372263206420755300E-017, 0.05421874999999997500 ) ) ;
#1199 = DIRECTION ( 'NONE',  ( -1.000000000000000000, 0.0000000000000000000, 0.0000000000000000000 ) ) ;
#1200 = ORIENTED_EDGE ( 'NONE', *, *, #1159, .T. ) ;
#1201 = CARTESIAN_POINT ( 'NONE',  ( -0.1468575263523237700, 0.06535418061289423300, 0.1156706310935929600 ) ) ;
#1202 = CARTESIAN_POINT ( 'NONE',  ( 0.04005091238561425700, 0.09669145586676650100, 0.02980468749999994100 ) ) ;
#1203 = ORIENTED_EDGE ( 'NONE', *, *, #690, .T. ) ;
#1204 = VERTEX_POINT ( 'NONE', #1521 ) ;
#1205 = CARTESIAN_POINT ( 'NONE',  ( -0.1875000000000003900, -6.852064457259281600E-027, -0.1144811706131734400 ) ) ;
#1206 = EDGE_CURVE ( 'NONE', #1043, #4499, #1890, .T. ) ;
#1207 = ORIENTED_EDGE ( 'NONE', *, *, #503, .F. ) ;
#1208 = CARTESIAN_POINT ( 'NONE',  ( -0.05282266525110192200, 0.05282266525110190100, 0.01906249999999997500 ) ) ;
#1209 = CARTESIAN_POINT ( 'NONE',  ( -0.001878777000865077600, -0.1642555414110443400, 0.1121858721526081300 ) ) ;
#1210 = DIRECTION ( 'NONE',  ( 0.7071067811865487900, 8.659560562354948900E-017, -0.7071067811865461300 ) ) ;
#1211 = EDGE_CURVE ( 'NONE', #1366, #1570, #514, .T. ) ;
#1212 = CARTESIAN_POINT ( 'NONE',  ( -0.1421889519897075700, 0.06903105028906361700, 0.1147563661030285700 ) ) ;
#1213 = ORIENTED_EDGE ( 'NONE', *, *, #1908, .F. ) ;
#1214 =( BOUNDED_SURFACE ( )  B_SPLINE_SURFACE ( 1, 2, ( 
 ( #4213, #2107, #3134, #4193, #3805, #1760, #3163, #2409, #1031, #1699, #3152, #3475, #1383, #299, #2769, #1066, #2812, #681, #1727, #3488, #663, #3115, #3458, #3508, #1412, #3858, #19, #2797, #366, #1369, #4168, #2059, #4181, #4533, #4519, #2425, #319, #2781, #3841, #2442, #335, #697, #1400, #1746, #3871, #411, #1080, #2171, #73, #4230, #2501, #2879, #4288, #1443, #1789, #60, #427, #800, #4249, #1111, #82, #45, #791, #2145, #443, #3578, #3535, #3884, #3522, #2839, #2515, #2161, #3900, #2532, #1093, #1486, #3565, #398, #2191, #2890, #2548, #2855, #3194, #1135, #761, #3209, #3549, #1125, #1430, #1454, #1807, #3926, #4261, #1775, #3915, #3235, #1829, #2125, #31, #2488, #2867, #777, #747, #3220, #383, #1469, #1818, #4277, #2859, #1522, #4353, #662, #3474, #4180, #4532, #2745, #2424, #351, #641, #4148, #4518, #318, #2780, #1382, #3823, #2387, #3804, #4192, #2092, #3114, #2079, #3789, #1745, #696, #285, #1015, #3771 ),
 ( #717, #3151, #334, #3457, #1368, #1030, #4131, #2811, #3100, #2441, #1399, #3840, #4552, #680, #2796, #3162, #1049, #3487, #4167, #1712, #2454, #3421, #1000, #1334, #1726, #2046, #2408, #2058, #1677, #2028, #4488, #3133, #3442, #1350, #1698, #4504, #298, #2768, #4276, #1429, #1774, #44, #410, #790, #4229, #1092, #72, #30, #2866, #2124, #425, #3563, #3521, #3870, #1064, #2826, #2500, #2144, #3883, #2160, #1079, #1467, #3548, #2487, #2170, #2877, #2531, #382, #3177, #1124, #2838, #746, #3193, #1110, #3507, #3534, #1442, #3914, #1788, #1411, #3899, #2514, #776, #1816, #2105, #3857, #396, #4248, #732, #2854, #2472, #760, #3208, #1453, #1806, #4260, #59, #1759, #3219, #4211, #17, #365, #2546, #2215, #137, #441, #3942, #4314, #112, #2571, #1176, #3271, #2189, #3599, #3982, #1882, #2906, #3967, #3585, #1540, #484, #81, #810, #3577, #2921, #3258, #1163, #2951, #498, #2934, #124, #457, #1509, #823, #3925, #2597, #2889 ) ),
 .UNSPECIFIED., .F., .F., .T. ) 
 B_SPLINE_SURFACE_WITH_KNOTS ( ( 2, 2 ),
 ( 3, 2, 2, 2, 2, 2, 2, 2, 2, 2, 2, 2, 2, 2, 2, 2, 2, 2, 2, 2, 2, 2, 2, 2, 2, 2, 2, 2, 2, 2, 2, 2, 2, 2, 2, 2, 2, 2, 2, 2, 2, 2, 2, 2, 2, 2, 2, 2, 2, 2, 2, 2, 2, 2, 2, 2, 2, 2, 2, 2, 2, 2, 2, 2, 2, 2, 2, 2, 3 ),
 ( 0.0000000000000000000, 1.000000000000000000 ),
 ( 0.0000000000000000000, 0.01388888888888888800, 0.02777777777777777600, 0.04166666666666666400, 0.05555555555555555200, 0.06944444444444444800, 0.08333333333333332900, 0.09722222222222222400, 0.1111111111111111000, 0.1250000000000000000, 0.1388888888888889000, 0.1527777777777777900, 0.1666666666666666600, 0.1805555555555555500, 0.1944444444444444500, 0.2083333333333333400, 0.2222222222222222100, 0.2361111111111111000, 0.2500000000000000000, 0.2638888888888889000, 0.2777777777777777900, 0.2916666666666666900, 0.3055555555555555800, 0.3194444444444444200, 0.3333333333333333100, 0.3472222222222222100, 0.3611111111111111000, 0.3750000000000000000, 0.3888888888888889000, 0.4027777777777777900, 0.4166666666666666900, 0.4305555555555555800, 0.4444444444444444200, 0.4583333333333333100, 0.4722222222222222100, 0.4861111111111111000, 0.5000000000000000000, 0.5138888888888888400, 0.5277777777777777900, 0.5416666666666666300, 0.5555555555555555800, 0.5694444444444444200, 0.5833333333333333700, 0.5972222222222222100, 0.6111111111111111600, 0.6250000000000000000, 0.6388888888888888400, 0.6527777777777777900, 0.6666666666666666300, 0.6805555555555555800, 0.6944444444444444200, 0.7083333333333333700, 0.7222222222222222100, 0.7361111111111111600, 0.7500000000000000000, 0.7638888888888888400, 0.7777777777777777900, 0.7916666666666666300, 0.8055555555555555800, 0.8194444444444444200, 0.8333333333333333700, 0.8472222222222222100, 0.8611111111111111600, 0.8750000000000000000, 0.8888888888888888400, 0.9027777777777777900, 0.9166666666666666300, 0.9305555555555555800, 0.9444444444444444200 ),
 .UNSPECIFIED. ) 
 GEOMETRIC_REPRESENTATION_ITEM ( )  RATIONAL_B_SPLINE_SURFACE ( (
 ( 1.000000000000000000, 0.9238795325112867400, 1.000000000000000000, 0.9238795325112867400, 1.000000000000000000, 0.9238795325112867400, 1.000000000000000000, 0.9238795325112867400, 1.000000000000000000, 0.9238795325112867400, 1.000000000000000000, 0.9238795325112867400, 1.000000000000000000, 0.9238795325112867400, 1.000000000000000000, 0.9238795325112867400, 1.000000000000000000, 0.9238795325112867400, 1.000000000000000000, 0.9238795325112867400, 1.000000000000000000, 0.9238795325112867400, 1.000000000000000000, 0.9238795325112867400, 1.000000000000000000, 0.9238795325112867400, 1.000000000000000000, 0.9238795325112867400, 1.000000000000000000, 0.9238795325112867400, 1.000000000000000000, 0.9238795325112867400, 1.000000000000000000, 0.9238795325112867400, 1.000000000000000000, 0.9238795325112867400, 1.000000000000000000, 0.9238795325112867400, 1.000000000000000000, 0.9238795325112867400, 1.000000000000000000, 0.9238795325112867400, 1.000000000000000000, 0.9238795325112867400, 1.000000000000000000, 0.9238795325112867400, 1.000000000000000000, 0.9238795325112867400, 1.000000000000000000, 0.9238795325112867400, 1.000000000000000000, 0.9238795325112867400, 1.000000000000000000, 0.9238795325112867400, 1.000000000000000000, 0.9238795325112867400, 1.000000000000000000, 0.9238795325112867400, 1.000000000000000000, 0.9238795325112867400, 1.000000000000000000, 0.9238795325112867400, 1.000000000000000000, 0.9238795325112867400, 1.000000000000000000, 0.9238795325112867400, 1.000000000000000000, 0.9238795325112867400, 1.000000000000000000, 0.9238795325112867400, 1.000000000000000000, 0.9238795325112867400, 1.000000000000000000, 0.9238795325112867400, 1.000000000000000000, 0.9238795325112867400, 1.000000000000000000, 0.9238795325112867400, 1.000000000000000000, 0.9238795325112867400, 1.000000000000000000, 0.9238795325112867400, 1.000000000000000000, 0.9238795325112867400, 1.000000000000000000, 0.9238795325112867400, 1.000000000000000000, 0.9238795325112867400, 1.000000000000000000, 0.9238795325112867400, 1.000000000000000000, 0.9238795325112867400, 1.000000000000000000, 0.9238795325112867400, 1.000000000000000000, 0.9238795325112867400, 1.000000000000000000, 0.9238795325112867400, 1.000000000000000000, 0.9238795325112867400, 1.000000000000000000, 0.9238795325112867400, 1.000000000000000000, 0.9238795325112867400, 1.000000000000000000, 0.9238795325112867400, 1.000000000000000000, 0.9238795325112867400, 1.000000000000000000, 0.9238795325112867400, 1.000000000000000000, 0.9238795325112867400, 1.000000000000000000, 0.9238795325112867400, 1.000000000000000000, 0.9238795325112867400, 1.000000000000000000, 0.9238795325112867400, 1.000000000000000000, 0.9238795325112867400, 1.000000000000000000, 0.9238795325112867400, 1.000000000000000000, 0.9238795325112867400, 1.000000000000000000, 0.9238795325112867400, 1.000000000000000000, 0.9238795325112867400, 1.000000000000000000, 0.9238795325112867400, 1.000000000000000000, 0.9238795325112867400, 1.000000000000000000, 0.9238795325112867400, 1.000000000000000000, 0.9238795325112867400, 1.000000000000000000),
 ( 1.000000000000000000, 0.9238795325112867400, 1.000000000000000000, 0.9238795325112867400, 1.000000000000000000, 0.9238795325112867400, 1.000000000000000000, 0.9238795325112867400, 1.000000000000000000, 0.9238795325112867400, 1.000000000000000000, 0.9238795325112867400, 1.000000000000000000, 0.9238795325112867400, 1.000000000000000000, 0.9238795325112867400, 1.000000000000000000, 0.9238795325112867400, 1.000000000000000000, 0.9238795325112867400, 1.000000000000000000, 0.9238795325112867400, 1.000000000000000000, 0.9238795325112867400, 1.000000000000000000, 0.9238795325112867400, 1.000000000000000000, 0.9238795325112867400, 1.000000000000000000, 0.9238795325112867400, 1.000000000000000000, 0.9238795325112867400, 1.000000000000000000, 0.9238795325112867400, 1.000000000000000000, 0.9238795325112867400, 1.000000000000000000, 0.9238795325112867400, 1.000000000000000000, 0.9238795325112867400, 1.000000000000000000, 0.9238795325112867400, 1.000000000000000000, 0.9238795325112867400, 1.000000000000000000, 0.9238795325112867400, 1.000000000000000000, 0.9238795325112867400, 1.000000000000000000, 0.9238795325112867400, 1.000000000000000000, 0.9238795325112867400, 1.000000000000000000, 0.9238795325112867400, 1.000000000000000000, 0.9238795325112867400, 1.000000000000000000, 0.9238795325112867400, 1.000000000000000000, 0.9238795325112867400, 1.000000000000000000, 0.9238795325112867400, 1.000000000000000000, 0.9238795325112867400, 1.000000000000000000, 0.9238795325112867400, 1.000000000000000000, 0.9238795325112867400, 1.000000000000000000, 0.9238795325112867400, 1.000000000000000000, 0.9238795325112867400, 1.000000000000000000, 0.9238795325112867400, 1.000000000000000000, 0.9238795325112867400, 1.000000000000000000, 0.9238795325112867400, 1.000000000000000000, 0.9238795325112867400, 1.000000000000000000, 0.9238795325112867400, 1.000000000000000000, 0.9238795325112867400, 1.000000000000000000, 0.9238795325112867400, 1.000000000000000000, 0.9238795325112867400, 1.000000000000000000, 0.9238795325112867400, 1.000000000000000000, 0.9238795325112867400, 1.000000000000000000, 0.9238795325112867400, 1.000000000000000000, 0.9238795325112867400, 1.000000000000000000, 0.9238795325112867400, 1.000000000000000000, 0.9238795325112867400, 1.000000000000000000, 0.9238795325112867400, 1.000000000000000000, 0.9238795325112867400, 1.000000000000000000, 0.9238795325112867400, 1.000000000000000000, 0.9238795325112867400, 1.000000000000000000, 0.9238795325112867400, 1.000000000000000000, 0.9238795325112867400, 1.000000000000000000, 0.9238795325112867400, 1.000000000000000000, 0.9238795325112867400, 1.000000000000000000, 0.9238795325112867400, 1.000000000000000000, 0.9238795325112867400, 1.000000000000000000, 0.9238795325112867400, 1.000000000000000000, 0.9238795325112867400, 1.000000000000000000, 0.9238795325112867400, 1.000000000000000000, 0.9238795325112867400, 1.000000000000000000, 0.9238795325112867400, 1.000000000000000000, 0.9238795325112867400, 1.000000000000000000, 0.9238795325112867400, 1.000000000000000000, 0.9238795325112867400, 1.000000000000000000) ) ) 
 REPRESENTATION_ITEM ( '' )  SURFACE ( )  );
#1215 = CARTESIAN_POINT ( 'NONE',  ( 0.1406554113751064800, -0.08488787248514984000, 0.1121860883707626700 ) ) ;
#1216 = CARTESIAN_POINT ( 'NONE',  ( -0.04005091238561424300, -0.09669145586676651500, -0.1108203125000000900 ) ) ;
#1217 = AXIS2_PLACEMENT_3D ( 'NONE', #1963, #4489, #3704 ) ;
#1218 = ORIENTED_EDGE ( 'NONE', *, *, #3992, .T. ) ;
#1219 = B_SPLINE_CURVE_WITH_KNOTS ( 'NONE', 3,
 ( #2029, #2676, #934, #1300 ),
 .UNSPECIFIED., .F., .F.,
 ( 4, 4 ),
 ( 0.0000000000000000000, 0.0001752376967329925800 ),
 .UNSPECIFIED. ) ;
#1220 = CARTESIAN_POINT ( 'NONE',  ( 0.07725480947161642000, 4.730492756907683300E-018, 0.01272355947161646200 ) ) ;
#1221 = CARTESIAN_POINT ( 'NONE',  ( 0.1147171441122614700, 0.07155983146518998800, 0.1109001848861591400 ) ) ;
#1222 = CARTESIAN_POINT ( 'NONE',  ( -0.03094280090340147800, -0.07470252959880234500, -0.09617187500000003200 ) ) ;
#1223 = PLANE ( 'NONE',  #4294 ) ;
#1224 = DIRECTION ( 'NONE',  ( 1.000000000000000000, 0.0000000000000000000, 0.0000000000000000000 ) ) ;
#1225 = CARTESIAN_POINT ( 'NONE',  ( 0.1308771191950998100, 0.08862371941603949800, 0.1147563661030283900 ) ) ;
#1226 = CARTESIAN_POINT ( 'NONE',  ( 0.1236774046062707300, -0.05638819060193377100, 0.1158159005952539300 ) ) ;
#1227 = CARTESIAN_POINT ( 'NONE',  ( 0.1379887676827603600, -0.05881411389618338600, 0.1171875000000001500 ) ) ;
#1228 = CARTESIAN_POINT ( 'NONE',  ( 0.09669145586676650100, 5.920644096606658200E-018, -0.1010546875000000500 ) ) ;
#1229 = DIRECTION ( 'NONE',  ( 0.0000000000000000000, 0.0000000000000000000, 1.000000000000000000 ) ) ;
#1230 = APPROVAL_PERSON_ORGANIZATION ( #2272, #2874, #4169 ) ;
#1231 = AXIS2_PLACEMENT_3D ( 'NONE', #1418, #749, #4199 ) ;
#1232 = CARTESIAN_POINT ( 'NONE',  ( 0.08863620310031722300, -0.008073357096728572800, -0.1061362031003172800 ) ) ;
#1233 = CARTESIAN_POINT ( 'NONE',  ( -0.07470252959880233100, -1.372263206420755200E-017, -0.03953125000000002500 ) ) ;
#1234 = LINE ( 'NONE', #2478, #476 ) ;
#1235 = CARTESIAN_POINT ( 'NONE',  ( -0.05015098890838071100, -0.07055683784048401300, 0.02127213873503035900 ) ) ;
#1236 = EDGE_CURVE ( 'NONE', #1143, #1823, #2929, .T. ) ;
#1237 = CARTESIAN_POINT ( 'NONE',  ( -0.07470252959880231700, 0.03094280090340150900, -0.1039843750000000200 ) ) ;
#1238 = FACE_OUTER_BOUND ( 'NONE', #3944, .T. ) ;
#1239 = VECTOR ( 'NONE', #489, 39.37007874015748900 ) ;
#1240 = CARTESIAN_POINT ( 'NONE',  ( 0.1063511298046829900, -0.07998408814551602500, 0.1171874999999999900 ) ) ;
#1241 = DIRECTION ( 'NONE',  ( -0.0000000000000000000, -0.0000000000000000000, -1.000000000000000000 ) ) ;
#1242 = CARTESIAN_POINT ( 'NONE',  ( 0.1406395806261182300, 0.08490366107399632800, 0.1121889164018129600 ) ) ;
#1243 = FACE_OUTER_BOUND ( 'NONE', #3842, .T. ) ;
#1244 = ORIENTED_EDGE ( 'NONE', *, *, #393, .F. ) ;
#1245 = CARTESIAN_POINT ( 'NONE',  ( 0.1394723515327817300, -0.06550741746283891800, 0.1158158955212911700 ) ) ;
#1246 = VECTOR ( 'NONE', #233, 39.37007874015748900 ) ;
#1247 = CARTESIAN_POINT ( 'NONE',  ( 0.06837118412619036500, 0.06837118412619037900, -0.1283984375000000700 ) ) ;
#1248 = CARTESIAN_POINT ( 'NONE',  ( 0.1354613825138643000, -0.06319167341900743000, 0.1158159005952539200 ) ) ;
#1249 = VERTEX_POINT ( 'NONE', #2603 ) ;
#1250 = B_SPLINE_CURVE_WITH_KNOTS ( 'NONE', 3,
 ( #464, #3034, #4019, #561, #3659, #4069, #4050, #4375, #2322, #935, #2678, #1931, #548, #4010, #190, #2630, #2277, #3688, #224, #4404, #1235, #3001, #4419, #175, #3378, #2974, #899, #3705, #1949, #3647 ),
 .UNSPECIFIED., .F., .F.,
 ( 4, 2, 2, 2, 2, 2, 2, 2, 2, 2, 2, 2, 2, 2, 4 ),
 ( 0.003023876986979312500, 0.003461544601729401100, 0.003899212216479489700, 0.004774547445979666900, 0.005212215060729755500, 0.005649882675479844100, 0.006087550290229932700, 0.006525217904980022200, 0.006962885519730110800, 0.007400553134480200200, 0.008275888363980379200, 0.008713555978730466000, 0.009151223593480556400, 0.009588891208230645000, 0.01002655882298073400 ),
 .UNSPECIFIED. ) ;
#1251 = ORIENTED_EDGE ( 'NONE', *, *, #1584, .T. ) ;
#1252 = AXIS2_PLACEMENT_3D ( 'NONE', #1738, #3866, #4242 ) ;
#1253 = CARTESIAN_POINT ( 'NONE',  ( 0.03935028842544402400, 0.09499999999999998700, -0.06492187500000008700 ) ) ;
#1254 = CARTESIAN_POINT ( 'NONE',  ( 0.1489417814694558600, 0.07097458538480305700, 0.1158159005952551200 ) ) ;
#1255 = DIRECTION ( 'NONE',  ( 0.0000000000000000000, 0.0000000000000000000, 1.000000000000000000 ) ) ;
#1256 = VERTEX_POINT ( 'NONE', #521 ) ;
#1257 = CARTESIAN_POINT ( 'NONE',  ( 0.04005091238561425700, 0.09669145586676650100, 0.09425781249999989900 ) ) ;
#1258 = CARTESIAN_POINT ( 'NONE',  ( -0.1193312039955183300, -0.06356804531822378400, 0.1109001848861595600 ) ) ;
#1259 = CARTESIAN_POINT ( 'NONE',  ( 0.09499999999999998700, -0.03935028842544402400, -0.1000781250000001000 ) ) ;
#1260 = ORIENTED_EDGE ( 'NONE', *, *, #3936, .T. ) ;
#1261 = ORIENTED_EDGE ( 'NONE', *, *, #2265, .F. ) ;
#1262 = CARTESIAN_POINT ( 'NONE',  ( -0.1366320300734452100, 0.06116405236805678300, 0.1171875000000001500 ) ) ;
#1263 = CARTESIAN_POINT ( 'NONE',  ( 0.1433407689318445800, 0.08724017750181550800, 0.1121895097622239900 ) ) ;
#1264 = CARTESIAN_POINT ( 'NONE',  ( 0.1500012971053399400, -0.08118154676593206100, 0.1099985899248521600 ) ) ;
#1265 = CARTESIAN_POINT ( 'NONE',  ( 0.05282266525110191500, -0.05282266525110190800, 0.03859374999999998200 ) ) ;
#1266 = VERTEX_POINT ( 'NONE', #2243 ) ;
#1267 = CARTESIAN_POINT ( 'NONE',  ( -0.1213633866481710800, 0.06173105727913053700, 0.1130130735534549100 ) ) ;
#1268 = CARTESIAN_POINT ( 'NONE',  ( -0.01016872265200519300, -0.1675689194537336700, 0.1119306710288929500 ) ) ;
#1269 = EDGE_CURVE ( 'NONE', #4433, #2977, #4210, .T. ) ;
#1270 = ORIENTED_EDGE ( 'NONE', *, *, #2089, .F. ) ;
#1271 = CARTESIAN_POINT ( 'NONE',  ( 0.1045554916044315600, 0.07933913334943323800, 0.1178845546686032600 ) ) ;
#1272 = ORIENTED_EDGE ( 'NONE', *, *, #273, .T. ) ;
#1273 = CARTESIAN_POINT ( 'NONE',  ( 0.09669145586676650100, 0.04005091238561426400, 0.09035156249999989900 ) ) ;
#1274 = ORIENTED_EDGE ( 'NONE', *, *, #3964, .T. ) ;
#1275 = CARTESIAN_POINT ( 'NONE',  ( 0.09499999999999998700, 5.817072295949927900E-018, -0.09812500000000008700 ) ) ;
#1276 =( BOUNDED_SURFACE ( )  B_SPLINE_SURFACE ( 3, 2, ( 
 ( #1188, #2204, #3955 ),
 ( #839, #1856, #908 ),
 ( #3357, #1925, #2270 ),
 ( #3309, #2259, #170 ),
 ( #4015, #524, #1215 ),
 ( #1264, #2622, #892 ),
 ( #1940, #156, #4387 ),
 ( #2606, #1564, #2286 ),
 ( #181, #3346, #1245 ),
 ( #1227, #1604, #4060 ) ),
 .UNSPECIFIED., .F., .F., .F. ) 
 B_SPLINE_SURFACE_WITH_KNOTS ( ( 4, 2, 2, 2, 4 ),
 ( 3, 3 ),
 ( -3.049318610115481200E-020, 0.0003406872383697363300, 0.0006813744767394726600, 0.001022061715109208900, 0.001362748953478945300 ),
 ( 0.0000000000000000000, 1.000000000000000000 ),
 .UNSPECIFIED. ) 
 GEOMETRIC_REPRESENTATION_ITEM ( )  RATIONAL_B_SPLINE_SURFACE ( (
 ( 1.000000000000000000, 0.9651010464001664700, 1.000000000000000000),
 ( 1.000000000000000000, 0.9617650375930667500, 1.000000000000000000),
 ( 1.000000000000000000, 0.9561606701411852200, 1.000000000000000000),
 ( 1.000000000000000000, 0.9470922649609213600, 1.000000000000000000),
 ( 1.000000000000000000, 0.9436087605322794900, 1.000000000000000000),
 ( 1.000000000000000000, 0.9436230553030117200, 1.000000000000000000),
 ( 1.000000000000000000, 0.9471104345459121500, 1.000000000000000000),
 ( 1.000000000000000000, 0.9561406066852066200, 1.000000000000000000),
 ( 1.000000000000000000, 0.9617225829427243900, 1.000000000000000000),
 ( 1.000000000000000000, 0.9651010464001660300, 1.000000000000000000) ) ) 
 REPRESENTATION_ITEM ( '' )  SURFACE ( )  );
#1277 = CARTESIAN_POINT ( 'NONE',  ( -0.1394723515327809200, 0.06550741746283377000, 0.1158158955212942200 ) ) ;
#1278 = CARTESIAN_POINT ( 'NONE',  ( -0.1222816765894591500, -0.04835719042828844800, 0.1171874999999999900 ) ) ;
#1279 = CARTESIAN_POINT ( 'NONE',  ( -0.03315684154607344300, -0.1973632395540057500, -0.1075947541660996300 ) ) ;
#1280 = CARTESIAN_POINT ( 'NONE',  ( -0.07470252959880231700, 0.03094280090340150900, 0.08742187499999998200 ) ) ;
#1281 = AXIS2_PLACEMENT_3D ( 'NONE', #1959, #1229, #3041 ) ;
#1282 = CARTESIAN_POINT ( 'NONE',  ( 0.1874999999999997800, 0.08733048695734081700, 0.05674379541333306200 ) ) ;
#1283 = CARTESIAN_POINT ( 'NONE',  ( 0.06837118412619037900, -0.06837118412619036500, -0.1342578125000001000 ) ) ;
#1284 = ADVANCED_FACE ( 'NONE', ( #3231 ), #1502, .T. ) ;
#1285 = CARTESIAN_POINT ( 'NONE',  ( -0.09499999999999998700, -1.745121688784978200E-017, -0.05515625000000006600 ) ) ;
#1286 = CARTESIAN_POINT ( 'NONE',  ( 0.01926228292819065500, 0.1300776335579685900, 0.1171874999999999900 ) ) ;
#1287 = CARTESIAN_POINT ( 'NONE',  ( -0.1064053657036814200, -0.07684541711407932900, 0.1157566596927057700 ) ) ;
#1288 = CARTESIAN_POINT ( 'NONE',  ( 0.0000000000000000000, 0.09669145586676650100, 0.09621093749999989900 ) ) ;
#1289 = CC_DESIGN_PERSON_AND_ORGANIZATION_ASSIGNMENT ( #3683, #2474, ( #2901 ) ) ;
#1290 = CARTESIAN_POINT ( 'NONE',  ( -0.1359366847010345900, -0.09350007374505800400, 0.1158159005952539800 ) ) ;
#1291 = CARTESIAN_POINT ( 'NONE',  ( 0.003513957050623549000, -0.2144775668970116700, 0.05201404662460753400 ) ) ;
#1292 = CARTESIAN_POINT ( 'NONE',  ( -0.007714939961409701500, -0.1662053269311661300, 0.1131901953754542300 ) ) ;
#1293 = CARTESIAN_POINT ( 'NONE',  ( -0.1147171441122612400, 0.07155983146519032100, 0.1109001848861595300 ) ) ;
#1294 = FACE_OUTER_BOUND ( 'NONE', #3711, .T. ) ;
#1295 = CARTESIAN_POINT ( 'NONE',  ( 0.1839860429493761200, 0.1102819595221542100, -0.09888904662460761000 ) ) ;
#1296 = CARTESIAN_POINT ( 'NONE',  ( 0.07470252959880231700, -0.03094280090340148500, -0.08445312500000001800 ) ) ;
#1297 = EDGE_CURVE ( 'NONE', #2569, #2139, #254, .T. ) ;
#1298 = CIRCLE ( 'NONE', #126, 0.2145063509461100400 ) ;
#1299 = CARTESIAN_POINT ( 'NONE',  ( 0.07677377744264885000, 0.02711649664243054700, 0.01670929840862912800 ) ) ;
#1300 = CARTESIAN_POINT ( 'NONE',  ( 0.01300509676842051900, -0.1353018695641240700, 0.1158159005952539200 ) ) ;
#1301 = LINE ( 'NONE', #3169, #1036 ) ;
#1302 =( BOUNDED_SURFACE ( )  B_SPLINE_SURFACE ( 1, 2, ( 
 ( #1406, #4173, #1435, #4224, #3850, #2070, #2115, #3876, #4239, #36, #2495, #3468, #1377, #3813, #4254, #4339, #3908, #3893, #3294, #752, #3202, #1877, #3540, #2961, #2617, #1547, #2860, #3214, #1198, #856, #2507, #406, #148, #768, #1104, #3278, #1811, #2928, #832, #506, #2153, #1182, #3621, #3307, #54, #1905, #1208, #518, #1117, #493, #1535, #4362, #2266, #3557, #3975, #1798, #3633, #3650, #1449, #1460, #4269, #2165, #1889, #66, #2526, #2943, #416, #2239, #845, #131, #2592, #3993, #2254, #4350, #2601, #1558, #4011, #166, #3677, #4396, #1634, #2976, #3707, #3662, #3689, #3725, #2986, #2309, #3380, #4053, #1918, #4082, #2278, #2340, #4422, #2295, #210, #1933, #2661, #1600, #1951, #1615, #887, #1587, #870, #1222, #225, #1979, #4439, #1237, #3353, #4070, #192, #238, #1573, #176, #2648, #2697, #4405, #919, #3320, #3340, #562, #576, #4020, #2324, #3036, #4379, #3003, #2632, #938, #3019, #535, #4038, #900, #1968, #550 ),
 ( #1288, #1257, #3365, #1273, #2681, #3102, #597, #3049, #1682, #3396, #2772, #2429, #1354, #2712, #3068, #1004, #667, #2358, #255, #4506, #613, #950, #3088, #1664, #2728, #627, #303, #1994, #984, #3424, #3120, #4455, #1717, #1019, #324, #964, #288, #1339, #4171, #2062, #3411, #3775, #1650, #3446, #3461, #1306, #1324, #3740, #3757, #1702, #4101, #4117, #2750, #2013, #4133, #645, #2376, #4470, #275, #2048, #2032, #4492, #4152, #3792, #2413, #2391, #1371, #3808, #4521, #721, #3138, #3845, #2109, #4184, #2096, #4219, #1750, #3477, #2477, #1387, #2828, #3512, #701, #4, #2801, #2458, #4197, #355, #3167, #2082, #2444, #2784, #1033, #3860, #369, #736, #338, #2815, #1070, #3155, #685, #4538, #1053, #1402, #3828, #1416, #1764, #1730, #22, #3491, #219, #624, #3768, #4414, #3735, #2672, #1676, #607, #1283, #570, #1643, #2369, #1976, #4112, #3372, #3437, #3717, #4128, #3030, #2706, #2334, #2319, #1659, #3700, #1608, #249, #1960 ) ),
 .UNSPECIFIED., .F., .F., .F. ) 
 B_SPLINE_SURFACE_WITH_KNOTS ( ( 2, 2 ),
 ( 3, 2, 2, 2, 2, 2, 2, 2, 2, 2, 2, 2, 2, 2, 2, 2, 2, 2, 2, 2, 2, 2, 2, 2, 2, 2, 2, 2, 2, 2, 2, 2, 2, 2, 2, 2, 2, 2, 2, 2, 2, 2, 2, 2, 2, 2, 2, 2, 2, 2, 2, 2, 2, 2, 2, 2, 2, 2, 2, 2, 2, 2, 2, 2, 2, 2, 2, 2, 3 ),
 ( 0.0000000000000000000, 1.000000000000000000 ),
 ( 0.0000000000000000000, 0.01388888888888888800, 0.02777777777777777600, 0.04166666666666666400, 0.05555555555555555200, 0.06944444444444444800, 0.08333333333333332900, 0.09722222222222222400, 0.1111111111111111000, 0.1250000000000000000, 0.1388888888888889000, 0.1527777777777777900, 0.1666666666666666600, 0.1805555555555555500, 0.1944444444444444500, 0.2083333333333333400, 0.2222222222222222100, 0.2361111111111111000, 0.2500000000000000000, 0.2638888888888889000, 0.2777777777777777900, 0.2916666666666666900, 0.3055555555555555800, 0.3194444444444444200, 0.3333333333333333100, 0.3472222222222222100, 0.3611111111111111000, 0.3750000000000000000, 0.3888888888888889000, 0.4027777777777777900, 0.4166666666666666900, 0.4305555555555555800, 0.4444444444444444200, 0.4583333333333333100, 0.4722222222222222100, 0.4861111111111111000, 0.5000000000000000000, 0.5138888888888888400, 0.5277777777777777900, 0.5416666666666666300, 0.5555555555555555800, 0.5694444444444444200, 0.5833333333333333700, 0.5972222222222222100, 0.6111111111111111600, 0.6250000000000000000, 0.6388888888888888400, 0.6527777777777777900, 0.6666666666666666300, 0.6805555555555555800, 0.6944444444444444200, 0.7083333333333333700, 0.7222222222222222100, 0.7361111111111111600, 0.7500000000000000000, 0.7638888888888888400, 0.7777777777777777900, 0.7916666666666666300, 0.8055555555555555800, 0.8194444444444444200, 0.8333333333333333700, 0.8472222222222222100, 0.8611111111111111600, 0.8750000000000000000, 0.8888888888888888400, 0.9027777777777777900, 0.9166666666666666300, 0.9305555555555555800, 0.9444444444444444200 ),
 .UNSPECIFIED. ) 
 GEOMETRIC_REPRESENTATION_ITEM ( )  RATIONAL_B_SPLINE_SURFACE ( (
 ( 1.000000000000000000, 0.9238795325112867400, 1.000000000000000000, 0.9238795325112867400, 1.000000000000000000, 0.9238795325112867400, 1.000000000000000000, 0.9238795325112867400, 1.000000000000000000, 0.9238795325112867400, 1.000000000000000000, 0.9238795325112867400, 1.000000000000000000, 0.9238795325112867400, 1.000000000000000000, 0.9238795325112867400, 1.000000000000000000, 0.9238795325112867400, 1.000000000000000000, 0.9238795325112867400, 1.000000000000000000, 0.9238795325112867400, 1.000000000000000000, 0.9238795325112867400, 1.000000000000000000, 0.9238795325112867400, 1.000000000000000000, 0.9238795325112867400, 1.000000000000000000, 0.9238795325112867400, 1.000000000000000000, 0.9238795325112867400, 1.000000000000000000, 0.9238795325112867400, 1.000000000000000000, 0.9238795325112867400, 1.000000000000000000, 0.9238795325112867400, 1.000000000000000000, 0.9238795325112867400, 1.000000000000000000, 0.9238795325112867400, 1.000000000000000000, 0.9238795325112867400, 1.000000000000000000, 0.9238795325112867400, 1.000000000000000000, 0.9238795325112867400, 1.000000000000000000, 0.9238795325112867400, 1.000000000000000000, 0.9238795325112867400, 1.000000000000000000, 0.9238795325112867400, 1.000000000000000000, 0.9238795325112867400, 1.000000000000000000, 0.9238795325112867400, 1.000000000000000000, 0.9238795325112867400, 1.000000000000000000, 0.9238795325112867400, 1.000000000000000000, 0.9238795325112867400, 1.000000000000000000, 0.9238795325112867400, 1.000000000000000000, 0.9238795325112867400, 1.000000000000000000, 0.9238795325112867400, 1.000000000000000000, 0.9238795325112867400, 1.000000000000000000, 0.9238795325112867400, 1.000000000000000000, 0.9238795325112867400, 1.000000000000000000, 0.9238795325112867400, 1.000000000000000000, 0.9238795325112867400, 1.000000000000000000, 0.9238795325112867400, 1.000000000000000000, 0.9238795325112867400, 1.000000000000000000, 0.9238795325112867400, 1.000000000000000000, 0.9238795325112867400, 1.000000000000000000, 0.9238795325112867400, 1.000000000000000000, 0.9238795325112867400, 1.000000000000000000, 0.9238795325112867400, 1.000000000000000000, 0.9238795325112867400, 1.000000000000000000, 0.9238795325112867400, 1.000000000000000000, 0.9238795325112867400, 1.000000000000000000, 0.9238795325112867400, 1.000000000000000000, 0.9238795325112867400, 1.000000000000000000, 0.9238795325112867400, 1.000000000000000000, 0.9238795325112867400, 1.000000000000000000, 0.9238795325112867400, 1.000000000000000000, 0.9238795325112867400, 1.000000000000000000, 0.9238795325112867400, 1.000000000000000000, 0.9238795325112867400, 1.000000000000000000, 0.9238795325112867400, 1.000000000000000000, 0.9238795325112867400, 1.000000000000000000, 0.9238795325112867400, 1.000000000000000000, 0.9238795325112867400, 1.000000000000000000, 0.9238795325112867400, 1.000000000000000000, 0.9238795325112867400, 1.000000000000000000, 0.9238795325112867400, 1.000000000000000000, 0.9238795325112867400, 1.000000000000000000, 0.9238795325112867400, 1.000000000000000000, 0.9238795325112867400, 1.000000000000000000),
 ( 1.000000000000000000, 0.9238795325112867400, 1.000000000000000000, 0.9238795325112867400, 1.000000000000000000, 0.9238795325112867400, 1.000000000000000000, 0.9238795325112867400, 1.000000000000000000, 0.9238795325112867400, 1.000000000000000000, 0.9238795325112867400, 1.000000000000000000, 0.9238795325112867400, 1.000000000000000000, 0.9238795325112867400, 1.000000000000000000, 0.9238795325112867400, 1.000000000000000000, 0.9238795325112867400, 1.000000000000000000, 0.9238795325112867400, 1.000000000000000000, 0.9238795325112867400, 1.000000000000000000, 0.9238795325112867400, 1.000000000000000000, 0.9238795325112867400, 1.000000000000000000, 0.9238795325112867400, 1.000000000000000000, 0.9238795325112867400, 1.000000000000000000, 0.9238795325112867400, 1.000000000000000000, 0.9238795325112867400, 1.000000000000000000, 0.9238795325112867400, 1.000000000000000000, 0.9238795325112867400, 1.000000000000000000, 0.9238795325112867400, 1.000000000000000000, 0.9238795325112867400, 1.000000000000000000, 0.9238795325112867400, 1.000000000000000000, 0.9238795325112867400, 1.000000000000000000, 0.9238795325112867400, 1.000000000000000000, 0.9238795325112867400, 1.000000000000000000, 0.9238795325112867400, 1.000000000000000000, 0.9238795325112867400, 1.000000000000000000, 0.9238795325112867400, 1.000000000000000000, 0.9238795325112867400, 1.000000000000000000, 0.9238795325112867400, 1.000000000000000000, 0.9238795325112867400, 1.000000000000000000, 0.9238795325112867400, 1.000000000000000000, 0.9238795325112867400, 1.000000000000000000, 0.9238795325112867400, 1.000000000000000000, 0.9238795325112867400, 1.000000000000000000, 0.9238795325112867400, 1.000000000000000000, 0.9238795325112867400, 1.000000000000000000, 0.9238795325112867400, 1.000000000000000000, 0.9238795325112867400, 1.000000000000000000, 0.9238795325112867400, 1.000000000000000000, 0.9238795325112867400, 1.000000000000000000, 0.9238795325112867400, 1.000000000000000000, 0.9238795325112867400, 1.000000000000000000, 0.9238795325112867400, 1.000000000000000000, 0.9238795325112867400, 1.000000000000000000, 0.9238795325112867400, 1.000000000000000000, 0.9238795325112867400, 1.000000000000000000, 0.9238795325112867400, 1.000000000000000000, 0.9238795325112867400, 1.000000000000000000, 0.9238795325112867400, 1.000000000000000000, 0.9238795325112867400, 1.000000000000000000, 0.9238795325112867400, 1.000000000000000000, 0.9238795325112867400, 1.000000000000000000, 0.9238795325112867400, 1.000000000000000000, 0.9238795325112867400, 1.000000000000000000, 0.9238795325112867400, 1.000000000000000000, 0.9238795325112867400, 1.000000000000000000, 0.9238795325112867400, 1.000000000000000000, 0.9238795325112867400, 1.000000000000000000, 0.9238795325112867400, 1.000000000000000000, 0.9238795325112867400, 1.000000000000000000, 0.9238795325112867400, 1.000000000000000000, 0.9238795325112867400, 1.000000000000000000, 0.9238795325112867400, 1.000000000000000000, 0.9238795325112867400, 1.000000000000000000, 0.9238795325112867400, 1.000000000000000000, 0.9238795325112867400, 1.000000000000000000) ) ) 
 REPRESENTATION_ITEM ( '' )  SURFACE ( )  );
#1303 = DIRECTION ( 'NONE',  ( 1.000000000000000000, 0.0000000000000000000, 0.0000000000000000000 ) ) ;
#1304 = CYLINDRICAL_SURFACE ( 'NONE', #2954, 0.01000000000000000000 ) ;
#1305 = EDGE_CURVE ( 'NONE', #946, #3661, #250, .T. ) ;
#1306 = CARTESIAN_POINT ( 'NONE',  ( -0.09669145586676648800, 0.04005091238561427800, 0.008320312499999895500 ) ) ;
#1307 = CARTESIAN_POINT ( 'NONE',  ( -0.003955425347103637800, -0.07475824273586287300, -0.09220252959880247100 ) ) ;
#1308 = VERTEX_POINT ( 'NONE', #2256 ) ;
#1309 = ADVANCED_FACE ( 'NONE', ( #533 ), #3022, .T. ) ;
#1310 = EDGE_LOOP ( 'NONE', ( #483, #1203, #4372, #2081 ) ) ;
#1311 = DIRECTION ( 'NONE',  ( -1.000000000000000000, 0.0000000000000000000, 0.0000000000000000000 ) ) ;
#1312 = AXIS2_PLACEMENT_3D ( 'NONE', #1398, #2091, #2453 ) ;
#1313 = DIRECTION ( 'NONE',  ( -0.0000000000000000000, -0.0000000000000000000, 1.000000000000000000 ) ) ;
#1314 = CARTESIAN_POINT ( 'NONE',  ( -0.03094280090340147100, -0.07470252959880234500, 0.001484374999999982000 ) ) ;
#1315 = ORIENTED_EDGE ( 'NONE', *, *, #2677, .F. ) ;
#1316 = CARTESIAN_POINT ( 'NONE',  ( 0.1874999999999997800, -0.1041956073748592100, -0.09888904662460761000 ) ) ;
#1317 = DIRECTION ( 'NONE',  ( 0.0000000000000000000, 0.0000000000000000000, 1.000000000000000000 ) ) ;
#1318 = B_SPLINE_CURVE_WITH_KNOTS ( 'NONE', 3,
 ( #2912, #473, #4264, #3250, #3902, #815 ),
 .UNSPECIFIED., .F., .F.,
 ( 4, 2, 4 ),
 ( 8.940560153363745000E-019, 0.0003468749959743866200, 0.0006937499919487723800 ),
 .UNSPECIFIED. ) ;
#1319 = EDGE_LOOP ( 'NONE', ( #3241, #3229, #3774, #1753 ) ) ;
#1320 = CARTESIAN_POINT ( 'NONE',  ( 0.07826644277614693000, 0.01090935068833246700, 0.01430906778931972900 ) ) ;
#1321 = CARTESIAN_POINT ( 'NONE',  ( -0.1875000000000003900, -0.1041956073748666300, -0.09888904662461356400 ) ) ;
#1322 = CARTESIAN_POINT ( 'NONE',  ( 0.1219887064026852200, 0.04836901061256351800, 0.1205281597411654900 ) ) ;
#1323 = VERTEX_POINT ( 'NONE', #194 ) ;
#1324 = CARTESIAN_POINT ( 'NONE',  ( -0.06837118412619039300, 0.06837118412619036500, 0.006367187499999905000 ) ) ;
#1325 = CARTESIAN_POINT ( 'NONE',  ( 0.06327094862514272300, -0.1799768517255008200, 0.06614056539214897800 ) ) ;
#1326 = DIRECTION ( 'NONE',  ( -0.0000000000000000000, -0.0000000000000000000, -1.000000000000000000 ) ) ;
#1327 = CARTESIAN_POINT ( 'NONE',  ( -0.1875000000000003900, 0.1041956073748581000, -0.09888904662460761000 ) ) ;
#1328 = ORIENTED_EDGE ( 'NONE', *, *, #527, .F. ) ;
#1329 = EDGE_CURVE ( 'NONE', #796, #4394, #4485, .T. ) ;
#1330 = CARTESIAN_POINT ( 'NONE',  ( -0.07470252959880231700, -0.03094280090340153000, 0.02882812499999998200 ) ) ;
#1331 = ORIENTED_EDGE ( 'NONE', *, *, #829, .T. ) ;
#1332 = DIRECTION ( 'NONE',  ( -0.8660254037844362700, -0.5000000000000040000, -0.0000000000000000000 ) ) ;
#1333 = ADVANCED_FACE ( 'NONE', ( #2407 ), #827, .T. ) ;
#1334 = CARTESIAN_POINT ( 'NONE',  ( 0.03094280090340150600, -0.07470252959880231700, 0.06398437499999996800 ) ) ;
#1335 = CARTESIAN_POINT ( 'NONE',  ( 0.01805986710621248700, -0.1489088351982713600, 0.1171874999999999900 ) ) ;
#1336 = EDGE_CURVE ( 'NONE', #1160, #456, #2804, .T. ) ;
#1337 = ORIENTED_EDGE ( 'NONE', *, *, #3352, .F. ) ;
#1338 = CARTESIAN_POINT ( 'NONE',  ( 0.1102187412940331400, 0.07958378779155811400, 0.1160281598128896800 ) ) ;
#1339 = CARTESIAN_POINT ( 'NONE',  ( 0.09669145586676650100, -0.04005091238561425700, 0.02394531249999989900 ) ) ;
#1340 = CARTESIAN_POINT ( 'NONE',  ( -0.1308771191951005300, -0.08862371941604024700, 0.1147563661030289300 ) ) ;
#1341 = DIRECTION ( 'NONE',  ( 1.000000000000000000, 0.0000000000000000000, 0.0000000000000000000 ) ) ;
#1342 = CARTESIAN_POINT ( 'NONE',  ( 0.004526751310213825800, -0.1361916873329251900, 0.1121829597595909600 ) ) ;
#1343 = CARTESIAN_POINT ( 'NONE',  ( 0.03935028842544405200, -0.09499999999999998700, -0.01023437500000007800 ) ) ;
#1344 = CARTESIAN_POINT ( 'NONE',  ( -0.01132256396499664400, -0.1576428507428455900, 0.1147604846082314900 ) ) ;
#1345 = DIRECTION ( 'NONE',  ( -0.4999999999999897900, -0.8660254037844444800, 0.0000000000000000000 ) ) ;
#1346 = CARTESIAN_POINT ( 'NONE',  ( 0.03094280090340148900, 0.07470252959880231700, -0.01414062500000002100 ) ) ;
#1347 = CARTESIAN_POINT ( 'NONE',  ( -0.1065057553308585000, 0.08397951204389252100, 0.1209055232755924700 ) ) ;
#1348 = CARTESIAN_POINT ( 'NONE',  ( 0.07635306686407714000, 0.04160264594568627300, -0.1042816606812779400 ) ) ;
#1349 = B_SPLINE_CURVE_WITH_KNOTS ( 'NONE', 3,
 ( #3263, #1930, #4402, #502, #3305, #1205 ),
 .UNSPECIFIED., .F., .F.,
 ( 4, 2, 4 ),
 ( 0.01552902865816704700, 0.01686745226717204300, 0.01820587587617704000 ),
 .UNSPECIFIED. ) ;
#1350 = CARTESIAN_POINT ( 'NONE',  ( 0.03094280090340148900, 0.07470252959880231700, 0.04445312499999996800 ) ) ;
#1351 = CARTESIAN_POINT ( 'NONE',  ( 0.0000000000000000000, 0.0000000000000000000, -0.1171875000000000300 ) ) ;
#1352 = FACE_OUTER_BOUND ( 'NONE', #56, .T. ) ;
#1353 = CARTESIAN_POINT ( 'NONE',  ( 0.1048777060933153700, 0.07890422116871642600, 0.1117593532365077800 ) ) ;
#1354 = CARTESIAN_POINT ( 'NONE',  ( -0.09669145586676650100, -1.776193228981997500E-017, 0.07277343749999989900 ) ) ;
#1355 = CARTESIAN_POINT ( 'NONE',  ( -0.1406395806261148700, -0.08490366107399431600, 0.1121889164018129600 ) ) ;
#1356 = FACE_OUTER_BOUND ( 'NONE', #385, .T. ) ;
#1357 = CARTESIAN_POINT ( 'NONE',  ( 0.0000000000000000000, 0.0000000000000000000, 0.05201404662460755400 ) ) ;
#1358 = CARTESIAN_POINT ( 'NONE',  ( 0.02943844982924994100, -0.06865745116235141800, -0.09220252959880238800 ) ) ;
#1359 = ADVANCED_FACE ( 'NONE', ( #1572 ), #2396, .T. ) ;
#1360 = CARTESIAN_POINT ( 'NONE',  ( 0.06717514421272199900, 0.06717514421272201300, -0.03562500000000006600 ) ) ;
#1361 = CARTESIAN_POINT ( 'NONE',  ( 0.1106723078378504100, -0.07891367896218817700, 0.1158159005952539200 ) ) ;
#1362 = CIRCLE ( 'NONE', #2418, 0.2145063509461100400 ) ;
#1363 = CYLINDRICAL_SURFACE ( 'NONE', #2071, 0.1453124999999999800 ) ;
#1364 = CARTESIAN_POINT ( 'NONE',  ( 0.07470252959880233100, 4.574210688069183900E-018, -0.02000000000000000700 ) ) ;
#1365 = EDGE_CURVE ( 'NONE', #1904, #397, #3594, .T. ) ;
#1366 = VERTEX_POINT ( 'NONE', #2736 ) ;
#1367 = ORIENTED_EDGE ( 'NONE', *, *, #3581, .T. ) ;
#1368 = CARTESIAN_POINT ( 'NONE',  ( 0.07470252959880233100, 4.574210688069183900E-018, 0.1010937499999999800 ) ) ;
#1369 = CARTESIAN_POINT ( 'NONE',  ( -0.07470252959880231700, 0.03094280090340150900, 0.05617187499999999600 ) ) ;
#1370 = VERTEX_POINT ( 'NONE', #616 ) ;
#1371 = CARTESIAN_POINT ( 'NONE',  ( 0.06837118412619036500, 0.06837118412619037900, -0.03269531250000009400 ) ) ;
#1372 = CARTESIAN_POINT ( 'NONE',  ( -0.1264672634255196700, -0.08803289082152565600, 0.1158158955212935200 ) ) ;
#1373 = CARTESIAN_POINT ( 'NONE',  ( -0.004614059883255162800, 0.1644746591298604000, 0.1109001848861591300 ) ) ;
#1374 = CARTESIAN_POINT ( 'NONE',  ( -0.03558637021809120400, -0.07698241887163857800, -0.1020906317203803100 ) ) ;
#1375 = VERTEX_POINT ( 'NONE', #990 ) ;
#1376 = CARTESIAN_POINT ( 'NONE',  ( -0.09499999999999995900, 0.03935028842544405900, -0.02585937500000009100 ) ) ;
#1377 = CARTESIAN_POINT ( 'NONE',  ( -0.07470252959880234500, -1.372263206420755300E-017, 0.08546874999999996800 ) ) ;
#1378 = CARTESIAN_POINT ( 'NONE',  ( -0.05282266525110190800, -0.05282266525110192200, -0.09421875000000000400 ) ) ;
#1379 = ORIENTED_EDGE ( 'NONE', *, *, #3784, .F. ) ;
#1380 = CARTESIAN_POINT ( 'NONE',  ( 0.09499999999999998700, 5.817072295949927900E-018, -0.1020312500000000600 ) ) ;
#1381 = CARTESIAN_POINT ( 'NONE',  ( -0.01798545754079627600, 0.08149302952763794200, -0.1002438580281444600 ) ) ;
#1382 = CARTESIAN_POINT ( 'NONE',  ( -0.07470252959880231700, -0.03094280090340153000, -0.1274218750000000200 ) ) ;
#1383 = CARTESIAN_POINT ( 'NONE',  ( -0.07470252959880233100, -1.372263206420755200E-017, 0.08937499999999998200 ) ) ;
#1384 = ORIENTED_EDGE ( 'NONE', *, *, #1536, .T. ) ;
#1385 = AXIS2_PLACEMENT_3D ( 'NONE', #4099, #33, #3178 ) ;
#1386 = CARTESIAN_POINT ( 'NONE',  ( -0.1197481031072143800, -0.05373778776010758300, 0.1157486130713275000 ) ) ;
#1387 = CARTESIAN_POINT ( 'NONE',  ( -0.04005091238561431900, 0.09669145586676648800, -0.05808593750000009400 ) ) ;
#1388 = ORIENTED_EDGE ( 'NONE', *, *, #3531, .T. ) ;
#1389 = CARTESIAN_POINT ( 'NONE',  ( -0.1477955053473925300, -0.07642132947033372600, 0.1131901953754542600 ) ) ;
#1390 = CARTESIAN_POINT ( 'NONE',  ( -0.1092827146165389300, 0.07267902407924173300, 0.1081713432942196800 ) ) ;
#1391 = CARTESIAN_POINT ( 'NONE',  ( 0.0009151878160819910800, -0.07956656852226683100, -0.09684051617509742400 ) ) ;
#1392 = CARTESIAN_POINT ( 'NONE',  ( -0.007221029517885839600, 0.1359693045661946300, 0.1130130735534549000 ) ) ;
#1393 = EDGE_CURVE ( 'NONE', #2847, #793, #917, .T. ) ;
#1394 = EDGE_LOOP ( 'NONE', ( #655, #3153, #3836, #165, #500, #4124, #1765, #1800, #504, #4338 ) ) ;
#1395 = CARTESIAN_POINT ( 'NONE',  ( -0.03094280090340154100, 0.07470252959880231700, -0.1039843750000000200 ) ) ;
#1396 = CARTESIAN_POINT ( 'NONE',  ( 0.09499999999999998700, 0.03575630528670805500, 0.02864974007326314500 ) ) ;
#1397 = CARTESIAN_POINT ( 'NONE',  ( 0.1259808815404236700, -0.05024806649868082700, 0.1209043253345723100 ) ) ;
#1398 = CARTESIAN_POINT ( 'NONE',  ( 0.0000000000000000000, 0.0000000000000000000, 0.1171874999999999900 ) ) ;
#1399 = CARTESIAN_POINT ( 'NONE',  ( -0.05282266525110190800, -0.05282266525110192200, 0.08937499999999996800 ) ) ;
#1400 = CARTESIAN_POINT ( 'NONE',  ( -0.05282266525110190800, -0.05282266525110192200, 0.03078124999999998200 ) ) ;
#1401 = EDGE_CURVE ( 'NONE', #3663, #2667, #3125, .T. ) ;
#1402 = CARTESIAN_POINT ( 'NONE',  ( 0.04005091238561427100, -0.09669145586676650100, -0.1049609375000001100 ) ) ;
#1403 = AXIS2_PLACEMENT_3D ( 'NONE', #228, #1574, #1021 ) ;
#1404 = CARTESIAN_POINT ( 'NONE',  ( 0.01300509676842062000, 0.1527284545534396700, 0.1158159005952539000 ) ) ;
#1405 = CARTESIAN_POINT ( 'NONE',  ( -0.1092759683532080900, -0.07268874982699445600, 0.1081762756333463800 ) ) ;
#1406 = CARTESIAN_POINT ( 'NONE',  ( 0.0000000000000000000, 0.07470252959880234500, 0.1089062499999999700 ) ) ;
#1407 = LINE ( 'NONE', #4132, #1606 ) ;
#1408 = CARTESIAN_POINT ( 'NONE',  ( 0.07470252959880231700, 0.03094280090340150200, -0.1117968749999999900 ) ) ;
#1409 = VECTOR ( 'NONE', #3362, 39.37007874015748900 ) ;
#1410 = CARTESIAN_POINT ( 'NONE',  ( 0.003513957050624471000, 0.2144775668970116100, -0.1171875000000000300 ) ) ;
#1411 = CARTESIAN_POINT ( 'NONE',  ( -0.03094280090340154100, 0.07470252959880231700, -0.04539062500000001100 ) ) ;
#1412 = CARTESIAN_POINT ( 'NONE',  ( 9.148421376138367800E-018, -0.07470252959880233100, 0.06593749999999998200 ) ) ;
#1413 = DIRECTION ( 'NONE',  ( 1.000000000000000000, 0.0000000000000000000, 0.0000000000000000000 ) ) ;
#1414 = VECTOR ( 'NONE', #3009, 39.37007874015748100 ) ;
#1415 = ADVANCED_FACE ( 'NONE', ( #1472 ), #278, .T. ) ;
#1416 = CARTESIAN_POINT ( 'NONE',  ( -0.04005091238561424300, -0.09669145586676651500, -0.1088671875000000900 ) ) ;
#1417 = CARTESIAN_POINT ( 'NONE',  ( -0.1010101928522759400, 0.08371313984930162100, 0.1171874999999999900 ) ) ;
#1418 = CARTESIAN_POINT ( 'NONE',  ( 0.0000000000000000000, 0.0000000000000000000, -0.09888904662460761000 ) ) ;
#1419 = CARTESIAN_POINT ( 'NONE',  ( -0.1875000000000003900, -6.852064457259281600E-027, -0.1144811706131734400 ) ) ;
#1420 = AXIS2_PLACEMENT_3D ( 'NONE', #2280, #889, #178 ) ;
#1421 = FACE_OUTER_BOUND ( 'NONE', #3511, .T. ) ;
#1422 = ORIENTED_EDGE ( 'NONE', *, *, #4214, .F. ) ;
#1423 = ORIENTED_EDGE ( 'NONE', *, *, #527, .T. ) ;
#1424 = CARTESIAN_POINT ( 'NONE',  ( -0.1431888600747634500, -0.08050070209472767700, 0.1121858721526081300 ) ) ;
#1425 = EDGE_CURVE ( 'NONE', #3281, #1149, #1039, .T. ) ;
#1426 = CARTESIAN_POINT ( 'NONE',  ( 0.1092603743161050100, -0.07271484897839405900, 0.1081770489704297300 ) ) ;
#1427 = CARTESIAN_POINT ( 'NONE',  ( 0.1468483033061386300, 0.06532887904354511800, 0.1156804772760067500 ) ) ;
#1428 = VERTEX_POINT ( 'NONE', #2283 ) ;
#1429 = CARTESIAN_POINT ( 'NONE',  ( 0.03094280090340150600, -0.07470252959880231700, 0.03273437499999996800 ) ) ;
#1430 = CARTESIAN_POINT ( 'NONE',  ( 9.148421376138367800E-018, -0.07470252959880233100, -0.05906250000000001100 ) ) ;
#1431 = VERTEX_POINT ( 'NONE', #3679 ) ;
#1432 = CARTESIAN_POINT ( 'NONE',  ( -0.1230028021661927300, 0.04562082312658506700, 0.1171874999999999900 ) ) ;
#1433 = CARTESIAN_POINT ( 'NONE',  ( -0.01617190229632351300, 0.1613188940585138800, 0.1151286817615847400 ) ) ;
#1434 = DIRECTION ( 'NONE',  ( 0.0000000000000000000, 0.0000000000000000000, 1.000000000000000000 ) ) ;
#1435 = CARTESIAN_POINT ( 'NONE',  ( 0.05282266525110190800, 0.05282266525110191500, 0.1049999999999999700 ) ) ;
#1436 = VERTEX_POINT ( 'NONE', #539 ) ;
#1437 = ADVANCED_FACE ( 'NONE', ( #3929 ), #1965, .T. ) ;
#1438 = DIRECTION ( 'NONE',  ( -0.0000000000000000000, -0.0000000000000000000, 1.000000000000000000 ) ) ;
#1439 = ORIENTED_EDGE ( 'NONE', *, *, #3472, .F. ) ;
#1440 = CARTESIAN_POINT ( 'NONE',  ( 0.1828125000000000200, 0.0000000000000000000, 0.07031249999999995800 ) ) ;
#1441 = CARTESIAN_POINT ( 'NONE',  ( 0.1435473779574224800, -0.07304187372724987900, 0.1136728282387690100 ) ) ;
#1442 = CARTESIAN_POINT ( 'NONE',  ( -0.07470252959880233100, -1.372263206420755200E-017, -0.03953125000000002500 ) ) ;
#1443 = CARTESIAN_POINT ( 'NONE',  ( 0.07470252959880231700, -0.03094280090340148500, 0.009296874999999992600 ) ) ;
#1444 = ORIENTED_EDGE ( 'NONE', *, *, #2711, .F. ) ;
#1445 = CARTESIAN_POINT ( 'NONE',  ( 0.1230028021661930500, -0.04562082312658418500, 0.1171874999999999900 ) ) ;
#1446 = CARTESIAN_POINT ( 'NONE',  ( -0.1115311099365000900, 0.06920192084140172600, 0.1071912057870715900 ) ) ;
#1447 = CARTESIAN_POINT ( 'NONE',  ( 0.01132256396499701400, 0.1576428507428416500, 0.1147604846082316300 ) ) ;
#1448 = ORIENTED_EDGE ( 'NONE', *, *, #331, .T. ) ;
#1449 = CARTESIAN_POINT ( 'NONE',  ( -0.05282266525110190800, -0.05282266525110192200, -0.004375000000000021200 ) ) ;
#1450 = EDGE_CURVE ( 'NONE', #1497, #3550, #1744, .T. ) ;
#1451 = PLANE ( 'NONE',  #26 ) ;
#1452 = CARTESIAN_POINT ( 'NONE',  ( 0.03935028842544402400, 0.09499999999999998700, -0.06101562500000007300 ) ) ;
#1453 = CARTESIAN_POINT ( 'NONE',  ( -0.07470252959880231700, 0.03094280090340150900, -0.07273437500000004600 ) ) ;
#1454 = CARTESIAN_POINT ( 'NONE',  ( -0.03094280090340147100, -0.07470252959880234500, -0.06101562500000001100 ) ) ;
#1455 = EDGE_CURVE ( 'NONE', #204, #1518, #2183, .T. ) ;
#1456 = CARTESIAN_POINT ( 'NONE',  ( 0.1379887676827602500, -0.05881411389618350400, 0.1071874999999999900 ) ) ;
#1457 = LOCAL_TIME ( 9, 53, 13.00000000000000000, #2389 ) ;
#1458 = CARTESIAN_POINT ( 'NONE',  ( 0.07289345308811405500, -0.01634051484350637600, 0.01017127959880236500 ) ) ;
#1459 = DIRECTION ( 'NONE',  ( 1.000000000000000000, 0.0000000000000000000, 0.0000000000000000000 ) ) ;
#1460 = CARTESIAN_POINT ( 'NONE',  ( -0.07470252959880231700, -0.03094280090340153700, -0.006328125000000028200 ) ) ;
#1461 = LINE ( 'NONE', #2300, #3920 ) ;
#1462 = DIRECTION ( 'NONE',  ( 1.000000000000000000, 0.0000000000000000000, 0.0000000000000000000 ) ) ;
#1463 = ORIENTED_EDGE ( 'NONE', *, *, #1107, .F. ) ;
#1464 = CARTESIAN_POINT ( 'NONE',  ( 0.0000000000000000000, 0.0000000000000000000, 0.03515624999999998600 ) ) ;
#1465 = CARTESIAN_POINT ( 'NONE',  ( 0.1414719375192060900, -0.06798666609540599000, 0.1150579133271412800 ) ) ;
#1466 = LINE ( 'NONE', #3605, #708 ) ;
#1467 = CARTESIAN_POINT ( 'NONE',  ( -0.07470252959880231700, 0.03094280090340150900, -0.01023437500000002500 ) ) ;
#1468 = CARTESIAN_POINT ( 'NONE',  ( 0.03094280090340150200, -0.07470252959880233100, -0.05710937500000001800 ) ) ;
#1469 = CARTESIAN_POINT ( 'NONE',  ( -0.03094280090340147100, -0.07470252959880234500, -0.09226562499999999000 ) ) ;
#1470 = FACE_OUTER_BOUND ( 'NONE', #1005, .T. ) ;
#1471 = ORIENTED_EDGE ( 'NONE', *, *, #3195, .F. ) ;
#1472 = FACE_OUTER_BOUND ( 'NONE', #4246, .T. ) ;
#1473 = CARTESIAN_POINT ( 'NONE',  ( 0.0000000000000000000, 0.0000000000000000000, 0.1171874999999999900 ) ) ;
#1474 = CARTESIAN_POINT ( 'NONE',  ( 0.07470252959880231700, 0.02167827766760804500, 0.008712093680383881800 ) ) ;
#1475 = AXIS2_PLACEMENT_3D ( 'NONE', #4186, #2446, #2064 ) ;
#1476 = APPROVAL_DATE_TIME ( #151, #932 ) ;
#1477 =( BOUNDED_SURFACE ( )  B_SPLINE_SURFACE ( 3, 2, ( 
 ( #3338, #868, #1585 ),
 ( #3364, #1271, #3319 ),
 ( #1353, #3066, #1338 ),
 ( #2390, #594, #271 ),
 ( #3048, #1992, #2375 ),
 ( #2726, #3773, #1680 ),
 ( #1663, #2047, #4469 ),
 ( #3101, #302, #4150 ),
 ( #237, #963, #1632 ),
 ( #3409, #1322, #1018 ) ),
 .UNSPECIFIED., .F., .F., .T. ) 
 B_SPLINE_SURFACE_WITH_KNOTS ( ( 4, 2, 2, 2, 4 ),
 ( 3, 3 ),
 ( 0.0005381402106500197700, 0.0008647011695908915100, 0.001191262128531763400, 0.001517823087472635200, 0.001844384046413507100 ),
 ( 0.0000000000000000000, 1.000000000000000000 ),
 .UNSPECIFIED. ) 
 GEOMETRIC_REPRESENTATION_ITEM ( )  RATIONAL_B_SPLINE_SURFACE ( (
 ( 1.000000000000000000, 0.7486064779135346300, 1.000000000000000000),
 ( 1.000000000000000000, 0.7391543419987282000, 1.000000000000000000),
 ( 1.000000000000000000, 0.7286190124943089400, 1.000000000000000000),
 ( 1.000000000000000000, 0.7125439442684550200, 1.000000000000000000),
 ( 1.000000000000000000, 0.7070972461866472700, 1.000000000000000000),
 ( 1.000000000000000000, 0.7071163438017905600, 1.000000000000000000),
 ( 1.000000000000000000, 0.7124896623909535700, 1.000000000000000000),
 ( 1.000000000000000000, 0.7285790591089846800, 1.000000000000000000),
 ( 1.000000000000000000, 0.7391079615293145700, 1.000000000000000000),
 ( 1.000000000000000000, 0.7486107864660852500, 1.000000000000000000) ) ) 
 REPRESENTATION_ITEM ( '' )  SURFACE ( )  );
#1478 = ORIENTED_EDGE ( 'NONE', *, *, #117, .T. ) ;
#1479 = DIRECTION ( 'NONE',  ( 0.0000000000000000000, -0.0000000000000000000, 1.000000000000000000 ) ) ;
#1480 = ADVANCED_FACE ( 'NONE', ( #3977, #651 ), #195, .F. ) ;
#1481 = ORIENTED_EDGE ( 'NONE', *, *, #1770, .T. ) ;
#1482 = CARTESIAN_POINT ( 'NONE',  ( 0.06290969660986442400, 0.1801854206737675000, 0.06758386655475717700 ) ) ;
#1483 = EDGE_CURVE ( 'NONE', #507, #3198, #639, .T. ) ;
#1484 = CARTESIAN_POINT ( 'NONE',  ( 0.1100757195937665800, -0.07146262544198483900, 0.1129073321747962200 ) ) ;
#1485 = CARTESIAN_POINT ( 'NONE',  ( 0.003513957050624453300, 0.2144775668970115800, -0.09888904662460761000 ) ) ;
#1486 = CARTESIAN_POINT ( 'NONE',  ( -0.07470252959880231700, -0.03094280090340153000, -0.03367187500000002500 ) ) ;
#1487 = VERTEX_POINT ( 'NONE', #4366 ) ;
#1488 = AXIS2_PLACEMENT_3D ( 'NONE', #2753, #3794, #3448 ) ;
#1489 = DIRECTION ( 'NONE',  ( -0.0000000000000000000, -0.0000000000000000000, 1.000000000000000000 ) ) ;
#1490 = ORIENTED_EDGE ( 'NONE', *, *, #596, .F. ) ;
#1491 = CARTESIAN_POINT ( 'NONE',  ( 0.1412832152925438700, 0.08378790672250637000, 0.1121891459719697600 ) ) ;
#1492 = CARTESIAN_POINT ( 'NONE',  ( -0.1218862592758694400, -0.04951732633283902100, 0.1171874999999999900 ) ) ;
#1493 = CARTESIAN_POINT ( 'NONE',  ( -0.03094280090340154100, 0.07470252959880233100, -0.01414062500000001900 ) ) ;
#1494 = DIRECTION ( 'NONE',  ( -0.0000000000000000000, -0.0000000000000000000, 1.000000000000000000 ) ) ;
#1495 = EDGE_LOOP ( 'NONE', ( #4109, #3450, #430, #2816 ) ) ;
#1496 = CARTESIAN_POINT ( 'NONE',  ( 0.1106723078378504100, -0.07891367896218817700, 0.1158159005952539200 ) ) ;
#1497 = VERTEX_POINT ( 'NONE', #4106 ) ;
#1498 = CARTESIAN_POINT ( 'NONE',  ( 0.09669145586676650100, -0.04005091238561425700, 0.05324218749999994800 ) ) ;
#1499 = ORIENTED_EDGE ( 'NONE', *, *, #534, .T. ) ;
#1500 = CARTESIAN_POINT ( 'NONE',  ( 0.07470252959880233100, 0.03094280090340149500, -0.04929687500000002500 ) ) ;
#1501 = CARTESIAN_POINT ( 'NONE',  ( -0.09669145586676648800, 0.04005091238561427800, -0.08738281250000003200 ) ) ;
#1502 =( BOUNDED_SURFACE ( )  B_SPLINE_SURFACE ( 3, 2, ( 
 ( #3324, #1602, #874 ),
 ( #167, #3367, #2964 ),
 ( #4365, #1923, #3308 ),
 ( #2636, #4383, #2652 ),
 ( #4041, #1892, #4014 ),
 ( #565, #1589, #3666 ),
 ( #4056, #1561, #2282 ),
 ( #1938, #213, #1212 ),
 ( #2990, #510, #1277 ),
 ( #3355, #1262, #1550 ) ),
 .UNSPECIFIED., .F., .F., .T. ) 
 B_SPLINE_SURFACE_WITH_KNOTS ( ( 4, 2, 2, 2, 4 ),
 ( 3, 3 ),
 ( -3.726944967918921500E-020, 0.0003406872383697383900, 0.0006813744767394767800, 0.001022061715109215200, 0.001362748953478953600 ),
 ( 0.0000000000000000000, 1.000000000000000000 ),
 .UNSPECIFIED. ) 
 GEOMETRIC_REPRESENTATION_ITEM ( )  RATIONAL_B_SPLINE_SURFACE ( (
 ( 1.000000000000000000, 0.9651010464001663600, 1.000000000000000000),
 ( 1.000000000000000000, 0.9617650375930620900, 1.000000000000000000),
 ( 1.000000000000000000, 0.9561606701411919900, 1.000000000000000000),
 ( 1.000000000000000000, 0.9470922649609152500, 1.000000000000000000),
 ( 1.000000000000000000, 0.9436087605323172400, 1.000000000000000000),
 ( 1.000000000000000000, 0.9436230553029733000, 1.000000000000000000),
 ( 1.000000000000000000, 0.9471104345459120400, 1.000000000000000000),
 ( 1.000000000000000000, 0.9561406066852065100, 1.000000000000000000),
 ( 1.000000000000000000, 0.9617225829427249500, 1.000000000000000000),
 ( 1.000000000000000000, 0.9651010464001660300, 1.000000000000000000) ) ) 
 REPRESENTATION_ITEM ( '' )  SURFACE ( )  );
#1503 = CARTESIAN_POINT ( 'NONE',  ( -0.1230285529727810600, -0.05433491232315888800, 0.1166675590000607900 ) ) ;
#1504 = CARTESIAN_POINT ( 'NONE',  ( -0.03935028842544410100, 0.09499999999999995900, 0.005390624999999924100 ) ) ;
#1505 = DIRECTION ( 'NONE',  ( 0.4999999999999911700, 0.8660254037844438100, 0.0000000000000000000 ) ) ;
#1506 = EDGE_CURVE ( 'NONE', #2695, #98, #3044, .T. ) ;
#1507 = CARTESIAN_POINT ( 'NONE',  ( -0.1839860429493769000, 0.1102819595221528500, -0.09888904662460761000 ) ) ;
#1508 = CARTESIAN_POINT ( 'NONE',  ( 0.06837118412619037900, -0.06837118412619036500, 0.05128906249999993400 ) ) ;
#1509 = CARTESIAN_POINT ( 'NONE',  ( 0.07470252959880233100, 4.574210688069183900E-018, -0.1489062500000000200 ) ) ;
#1510 = CARTESIAN_POINT ( 'NONE',  ( -0.09669145586676648800, 0.04005091238561427800, 0.006367187499999940600 ) ) ;
#1511 = VECTOR ( 'NONE', #3556, 39.37007874015748100 ) ;
#1512 = CARTESIAN_POINT ( 'NONE',  ( -0.03935028842544401100, -0.09500000000000001500, -0.07664062500000005900 ) ) ;
#1513 = CARTESIAN_POINT ( 'NONE',  ( 0.1199289005765479500, -0.09009472130208565100, 0.1171874999999999900 ) ) ;
#1514 = CARTESIAN_POINT ( 'NONE',  ( -0.01300509676842060200, 0.1489088351982713600, 0.1158159005952540700 ) ) ;
#1515 = VECTOR ( 'NONE', #2981, 39.37007874015748100 ) ;
#1516 = DIRECTION ( 'NONE',  ( 0.0000000000000000000, 0.0000000000000000000, -1.000000000000000000 ) ) ;
#1517 = CIRCLE ( 'NONE', #1231, 0.2145063509461100400 ) ;
#1518 = VERTEX_POINT ( 'NONE', #292 ) ;
#1519 = CIRCLE ( 'NONE', #1312, 0.1311905059197604800 ) ;
#1521 = CARTESIAN_POINT ( 'NONE',  ( 0.01805986710621248700, -0.1489088351982713600, 0.1171874999999999900 ) ) ;
#1520 = PRODUCT_RELATED_PRODUCT_CATEGORY ( 'detail', '', ( #3013 ) ) ;
#1522 = CARTESIAN_POINT ( 'NONE',  ( -0.07470252959880231700, 0.03094280090340150900, -0.1000781250000000000 ) ) ;
#1523 = ORIENTED_EDGE ( 'NONE', *, *, #1336, .F. ) ;
#1524 = ORIENTED_EDGE ( 'NONE', *, *, #454, .F. ) ;
#1525 = CARTESIAN_POINT ( 'NONE',  ( 0.01827415270555534500, 0.2059557639623457200, -0.1036688508726836300 ) ) ;
#1526 = CARTESIAN_POINT ( 'NONE',  ( 1.184128819321331600E-017, -0.09669145586676650100, 0.01613281249999994100 ) ) ;
#1527 = LOCAL_TIME ( 9, 53, 13.00000000000000000, #1689 ) ;
#1528 = EDGE_LOOP ( 'NONE', ( #813, #4438 ) ) ;
#1529 = CARTESIAN_POINT ( 'NONE',  ( 0.08114322861859403500, -0.03927045831828388700, -0.1072906405944803600 ) ) ;
#1530 = CARTESIAN_POINT ( 'NONE',  ( 0.0000000000000000000, 0.0000000000000000000, 0.08437499999999999200 ) ) ;
#1531 = DIRECTION ( 'NONE',  ( 1.000000000000000000, 0.0000000000000000000, 0.0000000000000000000 ) ) ;
#1532 = EDGE_CURVE ( 'NONE', #3137, #4104, #2287, .T. ) ;
#1533 = CARTESIAN_POINT ( 'NONE',  ( 0.09499999999999998700, 5.817072295949927900E-018, -0.03953125000000008700 ) ) ;
#1534 = VERTEX_POINT ( 'NONE', #3416 ) ;
#1535 = CARTESIAN_POINT ( 'NONE',  ( 0.05282266525110190800, 0.05282266525110191500, 0.01124999999999996500 ) ) ;
#1536 = EDGE_CURVE ( 'NONE', #1958, #4094, #284, .T. ) ;
#1537 = ORIENTED_EDGE ( 'NONE', *, *, #1681, .T. ) ;
#1538 = DIRECTION ( 'NONE',  ( 1.000000000000000000, 0.0000000000000000000, 0.0000000000000000000 ) ) ;
#1539 = CARTESIAN_POINT ( 'NONE',  ( 1.184128819321331600E-017, -0.09669145586676650100, 0.04738281249999993400 ) ) ;
#1540 = CARTESIAN_POINT ( 'NONE',  ( 0.03094280090340150600, -0.07470252959880231700, -0.1235156250000000200 ) ) ;
#1541 = CARTESIAN_POINT ( 'NONE',  ( -0.06837118412619039300, 0.06837118412619036500, -0.02683593750000005900 ) ) ;
#1542 = VERTEX_POINT ( 'NONE', #1327 ) ;
#1543 = CARTESIAN_POINT ( 'NONE',  ( -0.09499999999999995900, -0.03935028842544409400, -0.04929687500000008000 ) ) ;
#1544 = ORIENTED_EDGE ( 'NONE', *, *, #3287, .F. ) ;
#1545 = B_SPLINE_CURVE_WITH_KNOTS ( 'NONE', 3,
 ( #2664, #3678, #1240, #3664 ),
 .UNSPECIFIED., .F., .F.,
 ( 4, 4 ),
 ( -2.754428770571635700E-006, 0.0001736981516759446100 ),
 .UNSPECIFIED. ) ;
#1546 = CARTESIAN_POINT ( 'NONE',  ( 0.1874999999999997800, 0.1041956073748592100, -0.1171875000000000300 ) ) ;
#1547 = CARTESIAN_POINT ( 'NONE',  ( -0.03094280090340147800, -0.07470252959880234500, 0.06007812499999996100 ) ) ;
#1548 = CARTESIAN_POINT ( 'NONE',  ( 0.1874999999999997800, -0.08720403211100646900, 0.05677925911839192700 ) ) ;
#1549 = CARTESIAN_POINT ( 'NONE',  ( 0.0000000000000000000, 0.0000000000000000000, -0.1171875000000000300 ) ) ;
#1550 = CARTESIAN_POINT ( 'NONE',  ( -0.1354613825138637800, 0.06319167341900820700, 0.1158159005952540700 ) ) ;
#1551 = CARTESIAN_POINT ( 'NONE',  ( -0.06837118412619036500, -0.06837118412619039300, 0.1059765624999999300 ) ) ;
#1552 =( BOUNDED_SURFACE ( )  B_SPLINE_SURFACE ( 3, 1, ( 
 ( #1935, #4071 ),
 ( #1258, #4407 ),
 ( #903, #2633 ),
 ( #939, #1290 ) ),
 .UNSPECIFIED., .F., .F., .T. ) 
 B_SPLINE_SURFACE_WITH_KNOTS ( ( 4, 4 ),
 ( 2, 2 ),
 ( 0.0000000000000000000, 1.000000000000000000 ),
 ( 0.0000000000000000000, 1.000000000000000000 ),
 .UNSPECIFIED. ) 
 GEOMETRIC_REPRESENTATION_ITEM ( )  RATIONAL_B_SPLINE_SURFACE ( (
 ( 1.000000000000000000, 1.000000000000000000),
 ( 0.9395266567457556400, 0.9395266567457556400),
 ( 0.9395266567457556400, 0.9395266567457556400),
 ( 1.000000000000000000, 1.000000000000000000) ) ) 
 REPRESENTATION_ITEM ( '' )  SURFACE ( )  );
#1553 = CARTESIAN_POINT ( 'NONE',  ( -0.09669145586676648800, -0.04005091238561431200, -0.02097656250000007300 ) ) ;
#1554 = CARTESIAN_POINT ( 'NONE',  ( -0.03094280090340147500, -0.07470252959880234500, 0.001484374999999981800 ) ) ;
#1555 = CARTESIAN_POINT ( 'NONE',  ( 0.04265460960663623000, -0.06299072089556759200, -0.09122016027453387600 ) ) ;
#1556 = CARTESIAN_POINT ( 'NONE',  ( -0.1468483033061390700, -0.06532887904354407700, 0.1156804772760066900 ) ) ;
#1557 = EDGE_CURVE ( 'NONE', #1627, #4223, #1914, .T. ) ;
#1558 = CARTESIAN_POINT ( 'NONE',  ( -0.07470252959880231700, -0.03094280090340153700, -0.03757812500000003900 ) ) ;
#1559 = LINE ( 'NONE', #609, #3369 ) ;
#1560 = DIRECTION ( 'NONE',  ( -0.0000000000000000000, -0.0000000000000000000, 1.000000000000000000 ) ) ;
#1561 = CARTESIAN_POINT ( 'NONE',  ( -0.1477896904030223400, 0.07640460359487290200, 0.1131954720338106400 ) ) ;
#1562 = DIRECTION ( 'NONE',  ( 0.0000000000000000000, 0.0000000000000000000, 1.000000000000000000 ) ) ;
#1563 = AXIS2_PLACEMENT_3D ( 'NONE', #4529, #2439, #3484 ) ;
#1564 = CARTESIAN_POINT ( 'NONE',  ( 0.1450429995509990000, -0.06811519768882960700, 0.1157989006645749600 ) ) ;
#1565 = CARTESIAN_POINT ( 'NONE',  ( 0.09669145586676650100, 5.920644096606658200E-018, -0.1323046875000000500 ) ) ;
#1566 = CONICAL_SURFACE ( 'NONE', #215, 0.09968750000000004000, 0.7853981633974500600 ) ;
#1567 = B_SPLINE_CURVE_WITH_KNOTS ( 'NONE', 3,
 ( #3483, #711, #1784, #1044 ),
 .UNSPECIFIED., .F., .F.,
 ( 4, 4 ),
 ( 0.0000000000000000000, 0.0001752376967329934500 ),
 .UNSPECIFIED. ) ;
#1568 = CARTESIAN_POINT ( 'NONE',  ( 0.07340799798015185100, -0.05329268592047713800, -0.1078593450134641800 ) ) ;
#1569 = CYLINDRICAL_SURFACE ( 'NONE', #3213, 0.009999999999999993300 ) ;
#1570 = VERTEX_POINT ( 'NONE', #279 ) ;
#1571 = CARTESIAN_POINT ( 'NONE',  ( -0.1502033024576439900, -0.07497808758619276000, 0.1119306710288929500 ) ) ;
#1572 = FACE_OUTER_BOUND ( 'NONE', #1123, .T. ) ;
#1573 = CARTESIAN_POINT ( 'NONE',  ( 0.05282266525110190800, 0.05282266525110191500, -0.1137500000000000300 ) ) ;
#1574 = DIRECTION ( 'NONE',  ( -0.0000000000000000000, -0.0000000000000000000, 1.000000000000000000 ) ) ;
#1575 = DIRECTION ( 'NONE',  ( 0.0000000000000000000, 0.0000000000000000000, -1.000000000000000000 ) ) ;
#1576 = ORIENTED_EDGE ( 'NONE', *, *, #2213, .F. ) ;
#1577 = CARTESIAN_POINT ( 'NONE',  ( 0.1199289005765461200, 0.09009472130208821800, 0.1171875000000001500 ) ) ;
#1578 = CARTESIAN_POINT ( 'NONE',  ( 0.1379887676827602500, -0.05881411389618346200, 0.1071875000000000300 ) ) ;
#1579 = CARTESIAN_POINT ( 'NONE',  ( -0.03094280090340147100, -0.07470252959880234500, 0.06398437499999996800 ) ) ;
#1580 = ORIENTED_EDGE ( 'NONE', *, *, #1455, .T. ) ;
#1581 = CARTESIAN_POINT ( 'NONE',  ( -0.1161436529951505000, 0.07121350830767923800, 0.1121890290118051500 ) ) ;
#1582 = ORIENTED_EDGE ( 'NONE', *, *, #2540, .F. ) ;
#1583 = CARTESIAN_POINT ( 'NONE',  ( 0.0000000000000000000, 0.0000000000000000000, -0.1171875000000000300 ) ) ;
#1584 = EDGE_CURVE ( 'NONE', #2684, #3233, #3643, .T. ) ;
#1585 = CARTESIAN_POINT ( 'NONE',  ( 0.1065065428491190600, 0.08397861055582474300, 0.1209043253345722100 ) ) ;
#1586 = ORIENTED_EDGE ( 'NONE', *, *, #1803, .T. ) ;
#1587 = CARTESIAN_POINT ( 'NONE',  ( 0.03094280090340150900, -0.07470252959880233100, -0.09226562500000004600 ) ) ;
#1588 = CARTESIAN_POINT ( 'NONE',  ( 0.0000000000000000000, 0.0000000000000000000, 0.09718749999999998200 ) ) ;
#1589 = CARTESIAN_POINT ( 'NONE',  ( -0.1472225944131606800, 0.08051665854206528600, 0.1121895097622230300 ) ) ;
#1590 = CARTESIAN_POINT ( 'NONE',  ( 0.1264672634255185100, 0.08803289082152801500, 0.1158158955212943700 ) ) ;
#1591 = VERTEX_POINT ( 'NONE', #3106 ) ;
#1592 = CARTESIAN_POINT ( 'NONE',  ( -0.07470252959880233100, -1.372263206420755200E-017, 0.08937499999999998200 ) ) ;
#1593 = CARTESIAN_POINT ( 'NONE',  ( 0.1874999999999997800, 0.01760963502783698500, 0.06760617061317374100 ) ) ;
#1594 = CARTESIAN_POINT ( 'NONE',  ( 0.07289345308811405500, -0.01634051484350637600, 0.01017127959880236500 ) ) ;
#1595 = ORIENTED_EDGE ( 'NONE', *, *, #1181, .F. ) ;
#1596 = B_SPLINE_CURVE_WITH_KNOTS ( 'NONE', 3,
 ( #959, #3684, #3050, #985, #4250, #4304, #187, #2473, #2827, #4062 ),
 .UNSPECIFIED., .F., .F.,
 ( 4, 2, 2, 2, 4 ),
 ( 0.0000000000000000000, 0.0003163801760555950700, 0.0006327603521111905800, 0.0009491405281667860300, 0.001265520704222381400 ),
 .UNSPECIFIED. ) ;
#1597 = CARTESIAN_POINT ( 'NONE',  ( -0.09499999999999995900, 0.03935028842544405900, -0.05710937500000008700 ) ) ;
#1598 = CARTESIAN_POINT ( 'NONE',  ( 0.05282266525110191500, -0.05282266525110190800, -0.09031250000000001800 ) ) ;
#1599 = DIRECTION ( 'NONE',  ( 1.000000000000000000, 0.0000000000000000000, 0.0000000000000000000 ) ) ;
#1600 = CARTESIAN_POINT ( 'NONE',  ( 0.07470252959880233100, 0.03094280090340150600, -0.08445312500000001800 ) ) ;
#1601 = DIRECTION ( 'NONE',  ( 0.0000000000000000000, -0.0000000000000000000, 1.000000000000000000 ) ) ;
#1602 = CARTESIAN_POINT ( 'NONE',  ( -0.1212856381858618500, 0.08774478283021396000, 0.1171875000000000100 ) ) ;
#1603 = CARTESIAN_POINT ( 'NONE',  ( 0.0000000000000000000, 0.0000000000000000000, 0.1171874999999999900 ) ) ;
#1604 = CARTESIAN_POINT ( 'NONE',  ( 0.1366320300734456800, -0.06116405236805584600, 0.1171875000000001500 ) ) ;
#1605 = CARTESIAN_POINT ( 'NONE',  ( 0.09669145586676650100, 0.04005091238561426400, -0.09910156250000005900 ) ) ;
#1606 = VECTOR ( 'NONE', #980, 39.37007874015748100 ) ;
#1607 = EDGE_CURVE ( 'NONE', #3014, #814, #2894, .T. ) ;
#1608 = CARTESIAN_POINT ( 'NONE',  ( 0.06837118412619037900, -0.06837118412619036500, -0.1655078125000001000 ) ) ;
#1609 = CARTESIAN_POINT ( 'NONE',  ( -0.01017476541061679800, 0.1675666770145118300, 0.1119321858158834600 ) ) ;
#1610 = CARTESIAN_POINT ( 'NONE',  ( -0.1379887676827594700, -0.05881411389618524500, 0.1171874999999999900 ) ) ;
#1611 = FACE_OUTER_BOUND ( 'NONE', #2294, .T. ) ;
#1612 = CARTESIAN_POINT ( 'NONE',  ( -0.1497564284284904900, -0.07241172614825768000, 0.1129093923214162900 ) ) ;
#1613 = CARTESIAN_POINT ( 'NONE',  ( 0.07470252959880233100, 4.574210688069183900E-018, -0.08250000000000003200 ) ) ;
#1614 = EDGE_CURVE ( 'NONE', #3597, #2463, #4318, .T. ) ;
#1615 = CARTESIAN_POINT ( 'NONE',  ( 0.07470252959880233100, -0.03094280090340148900, -0.08835937500000003200 ) ) ;
#1616 = CARTESIAN_POINT ( 'NONE',  ( -0.09499999999999998700, -1.745121688784978200E-017, -0.08250000000000005900 ) ) ;
#1617 = CIRCLE ( 'NONE', #1137, 0.2145063509461100400 ) ;
#1618 = CARTESIAN_POINT ( 'NONE',  ( -0.1875000000000003600, -0.08720434688295838900, -0.1036541708419833600 ) ) ;
#1619 = ADVANCED_FACE ( 'NONE', ( #2068 ), #4420, .T. ) ;
#1620 = CARTESIAN_POINT ( 'NONE',  ( 0.06717514421272199900, 0.06717514421272201300, 0.02687499999999991300 ) ) ;
#1621 = CARTESIAN_POINT ( 'NONE',  ( 0.1438022215399805700, 0.06189279172227769900, 0.1171875000000000000 ) ) ;
#1622 = ORIENTED_EDGE ( 'NONE', *, *, #3186, .F. ) ;
#1623 = VERTEX_POINT ( 'NONE', #2774 ) ;
#1624 = CARTESIAN_POINT ( 'NONE',  ( 0.06689158127546404600, 0.03400304688093468800, 0.01017127959880236900 ) ) ;
#1625 = CARTESIAN_POINT ( 'NONE',  ( -0.05282266525110192200, 0.05282266525110190100, 0.08546874999999998200 ) ) ;
#1626 = CARTESIAN_POINT ( 'NONE',  ( -0.1875000000000003600, 0.07024971455544683200, 0.06066262285244732700 ) ) ;
#1627 = VERTEX_POINT ( 'NONE', #2715 ) ;
#1628 = ORIENTED_EDGE ( 'NONE', *, *, #2185, .F. ) ;
#1629 = DIRECTION ( 'NONE',  ( -0.8660254037844397100, 0.0000000000000000000, 0.4999999999999979500 ) ) ;
#1630 = CARTESIAN_POINT ( 'NONE',  ( -0.01216781983797299100, -0.1658987344732275600, 0.1129093923214162900 ) ) ;
#1631 =( BOUNDED_CURVE ( )  B_SPLINE_CURVE ( 2, ( #3994, #1259, #1906, #3021, #921, #904, #536, #3005, #2650 ),
 .UNSPECIFIED., .F., .F. ) 
 B_SPLINE_CURVE_WITH_KNOTS ( ( 3, 2, 2, 2, 3 ),
 ( 0.6944444444444444200, 0.7083333333333333700, 0.7222222222222222100, 0.7361111111111111600, 0.7454719252556220000 ),
 .UNSPECIFIED. ) 
 CURVE ( )  GEOMETRIC_REPRESENTATION_ITEM ( )  RATIONAL_B_SPLINE_CURVE ( ( 1.000000000000000000, 0.9238795325112867400, 1.000000000000000000, 0.9238795325112867400, 1.000000000000000000, 0.9238795325112867400, 1.000000000000000000, 0.9486964324896308700, 0.9665478800790119300 ) ) 
 REPRESENTATION_ITEM ( '' )  );
#1632 = CARTESIAN_POINT ( 'NONE',  ( 0.1251225917675248000, 0.05276064720674408100, 0.1182470309446346400 ) ) ;
#1633 = ORIENTED_EDGE ( 'NONE', *, *, #918, .T. ) ;
#1634 = CARTESIAN_POINT ( 'NONE',  ( 0.0000000000000000000, 0.07470252959880234500, -0.04734375000000003900 ) ) ;
#1635 = CARTESIAN_POINT ( 'NONE',  ( 0.02490624920179036700, -0.07060073566430694100, -0.09220252959880238800 ) ) ;
#1636 = DIRECTION ( 'NONE',  ( -0.0000000000000000000, -0.0000000000000000000, 1.000000000000000000 ) ) ;
#1637 = ORIENTED_EDGE ( 'NONE', *, *, #3268, .T. ) ;
#1638 = CARTESIAN_POINT ( 'NONE',  ( -0.006392529280402427900, -0.1629783020814330500, 0.1128953529081486400 ) ) ;
#1639 = CARTESIAN_POINT ( 'NONE',  ( -0.1193312039955175300, 0.06356804531822503300, 0.1109001848861591700 ) ) ;
#1640 = CARTESIAN_POINT ( 'NONE',  ( 0.03094280090340150600, -0.07470252959880231700, -0.08835937500000003200 ) ) ;
#1641 = ORIENTED_EDGE ( 'NONE', *, *, #2566, .T. ) ;
#1642 = CARTESIAN_POINT ( 'NONE',  ( -0.1197348400677974000, 0.06499497867608140800, 0.1121859754028542300 ) ) ;
#1643 = CARTESIAN_POINT ( 'NONE',  ( 1.184128819321331600E-017, -0.09669145586676650100, -0.1381640625000001000 ) ) ;
#1644 = ADVANCED_FACE ( 'NONE', ( #716 ), #16, .F. ) ;
#1645 = CARTESIAN_POINT ( 'NONE',  ( 0.01156746673472167300, 0.09379320193227117000, 0.02981759850841986900 ) ) ;
#1646 = CARTESIAN_POINT ( 'NONE',  ( 0.02199260931391689600, 0.1293339629758870600, 0.1171874999999999900 ) ) ;
#1647 = EDGE_CURVE ( 'NONE', #1308, #20, #3495, .T. ) ;
#1648 = CLOSED_SHELL ( 'NONE', ( #3414, #3166, #3751, #1480, #735, #3391 ) ) ;
#1649 = CARTESIAN_POINT ( 'NONE',  ( -0.1161547226858111900, -0.07119592387872922300, 0.1121859754028541300 ) ) ;
#1650 = CARTESIAN_POINT ( 'NONE',  ( -0.06837118412619036500, -0.06837118412619039300, 0.01417968749999989900 ) ) ;
#1651 = ORIENTED_EDGE ( 'NONE', *, *, #782, .F. ) ;
#1652 = CARTESIAN_POINT ( 'NONE',  ( -0.1453059303704791200, -0.08931416051087279200, 0.1099985899248549400 ) ) ;
#1653 = CARTESIAN_POINT ( 'NONE',  ( -0.01300509676842056700, 0.1644746591298604000, 0.1158159005952539600 ) ) ;
#1654 = CARTESIAN_POINT ( 'NONE',  ( 0.003208937051324099300, -0.1642492801368047600, 0.1121889164018129600 ) ) ;
#1655 = CARTESIAN_POINT ( 'NONE',  ( -0.1245903033901362100, 0.1445741057453973100, 0.06758386655475755200 ) ) ;
#1656 = CARTESIAN_POINT ( 'NONE',  ( -0.05282266525110192200, 0.05282266525110190100, -0.03953125000000001100 ) ) ;
#1657 = CARTESIAN_POINT ( 'NONE',  ( -0.07104004412453945900, 0.04019584972118382000, 0.01665108018370428000 ) ) ;
#1658 = CARTESIAN_POINT ( 'NONE',  ( 0.03094280090340150200, -0.07470252959880233100, -0.02585937500000001400 ) ) ;
#1659 = CARTESIAN_POINT ( 'NONE',  ( 0.09669145586676650100, 5.920644096606658200E-018, -0.1616015625000001000 ) ) ;
#1660 = B_SPLINE_CURVE_WITH_KNOTS ( 'NONE', 3,
 ( #1751, #1791, #1731, #2491 ),
 .UNSPECIFIED., .F., .F.,
 ( 4, 4 ),
 ( 0.0000000000000000000, 0.0001070391842575553000 ),
 .UNSPECIFIED. ) ;
#1661 = CARTESIAN_POINT ( 'NONE',  ( -0.1354613825138638000, 0.06319167341900833200, 0.1158159005952539200 ) ) ;
#1662 = CARTESIAN_POINT ( 'NONE',  ( 1.163414459189985600E-017, -0.09499999999999998700, 0.01515624999999992300 ) ) ;
#1663 = CARTESIAN_POINT ( 'NONE',  ( 0.1176030936056898000, 0.05826483529554860700, 0.1081770489704284900 ) ) ;
#1664 = CARTESIAN_POINT ( 'NONE',  ( 0.04005091238561427100, -0.09669145586676650100, 0.05128906249999989900 ) ) ;
#1665 = CARTESIAN_POINT ( 'NONE',  ( -0.1394373247974425600, -0.06548719620789902900, 0.1158158947906486600 ) ) ;
#1666 = CARTESIAN_POINT ( 'NONE',  ( 0.07821900642874056500, 0.05355311805477446000, 0.03009727462733503100 ) ) ;
#1667 = CARTESIAN_POINT ( 'NONE',  ( 0.09499999999999998700, 5.817072295949927900E-018, -0.008281250000000073300 ) ) ;
#1668 = ADVANCED_FACE ( 'NONE', ( #1191 ), #2593, .T. ) ;
#1669 = CARTESIAN_POINT ( 'NONE',  ( -0.01545811941713932400, -0.1545809752541307800, 0.1172529524635129200 ) ) ;
#1670 = CARTESIAN_POINT ( 'NONE',  ( -0.1839860429493769000, 0.1102819595221528100, 0.05201404662460756100 ) ) ;
#1671 = CIRCLE ( 'NONE', #741, 0.1499999999999999900 ) ;
#1672 = CARTESIAN_POINT ( 'NONE',  ( -0.05282266525110190800, -0.05282266525110192200, -0.06296875000000001800 ) ) ;
#1673 = CARTESIAN_POINT ( 'NONE',  ( 0.0000000000000000000, 0.0000000000000000000, 0.1171874999999999900 ) ) ;
#1674 = EDGE_CURVE ( 'NONE', #1436, #4343, #4159, .T. ) ;
#1675 = FACE_OUTER_BOUND ( 'NONE', #1907, .T. ) ;
#1676 = CARTESIAN_POINT ( 'NONE',  ( 0.09669145586676650100, 5.920644096606658200E-018, -0.1303515625000000700 ) ) ;
#1677 = CARTESIAN_POINT ( 'NONE',  ( -0.07470252959880233100, -1.372263206420755200E-017, 0.05421874999999997500 ) ) ;
#1678 = CARTESIAN_POINT ( 'NONE',  ( -0.01684768280060026600, -0.1598388006875307300, 0.1156804772760067200 ) ) ;
#1679 = CIRCLE ( 'NONE', #618, 0.1453124999999999800 ) ;
#1680 = CARTESIAN_POINT ( 'NONE',  ( 0.1197445337846410200, 0.06497659982829083500, 0.1121890290118051800 ) ) ;
#1681 = EDGE_CURVE ( 'NONE', #1375, #4216, #3329, .T. ) ;
#1682 = CARTESIAN_POINT ( 'NONE',  ( 1.184128819321331600E-017, -0.09669145586676650100, 0.08058593749999989900 ) ) ;
#1683 = DIRECTION ( 'NONE',  ( -1.000000000000000000, 0.0000000000000000000, 0.0000000000000000000 ) ) ;
#1684 = ORIENTED_EDGE ( 'NONE', *, *, #4116, .F. ) ;
#1685 = CARTESIAN_POINT ( 'NONE',  ( -0.1199289005765468300, -0.09009472130208724700, 0.1071874999999999600 ) ) ;
#1686 = ORIENTED_EDGE ( 'NONE', *, *, #89, .T. ) ;
#1687 = CIRCLE ( 'NONE', #155, 0.2145063509461100400 ) ;
#1688 = CARTESIAN_POINT ( 'NONE',  ( -0.004663777816101757400, -0.1705037379456371400, 0.1099928581077388300 ) ) ;
#1689 = COORDINATED_UNIVERSAL_TIME_OFFSET ( 6, 0, .BEHIND. ) ;
#1690 = CARTESIAN_POINT ( 'NONE',  ( 0.07470252959880231700, -0.03094280090340148500, -0.05320312500000001100 ) ) ;
#1691 = ORIENTED_EDGE ( 'NONE', *, *, #1269, .T. ) ;
#1692 = CARTESIAN_POINT ( 'NONE',  ( -0.08250871634286662000, 0.008507331582694607800, 0.01797746634286753400 ) ) ;
#1693 = CARTESIAN_POINT ( 'NONE',  ( -0.003513957050623053800, 0.2144775668970116700, -0.1171875000000000300 ) ) ;
#1694 = CARTESIAN_POINT ( 'NONE',  ( -0.04710388815232827800, 0.06668270339878144800, -0.09895749095026447300 ) ) ;
#1695 = B_SPLINE_CURVE_WITH_KNOTS ( 'NONE', 3,
 ( #1335, #2709, #3720, #2321, #3738, #2373, #573, #1977, #3422, #1268, #1630, #1678, #3033, #3064 ),
 .UNSPECIFIED., .F., .F.,
 ( 4, 2, 2, 2, 2, 2, 4 ),
 ( 3.070896193210021600E-018, 0.0004148818386480304400, 0.0006223227579720449600, 0.0008297636772960595900, 0.001037204596620074200, 0.001244645515944088600, 0.001659527354592119800 ),
 .UNSPECIFIED. ) ;
#1696 = ADVANCED_FACE ( 'NONE', ( #3379 ), #1302, .T. ) ;
#1697 = VERTEX_POINT ( 'NONE', #3496 ) ;
#1698 = CARTESIAN_POINT ( 'NONE',  ( 0.05282266525110190800, 0.05282266525110191500, 0.04249999999999997500 ) ) ;
#1699 = CARTESIAN_POINT ( 'NONE',  ( -0.03094280090340147100, -0.07470252959880234500, 0.09523437499999999600 ) ) ;
#1700 = CARTESIAN_POINT ( 'NONE',  ( 0.0000000000000000000, 0.0000000000000000000, 0.03515624999999998600 ) ) ;
#1701 = ORIENTED_EDGE ( 'NONE', *, *, #855, .F. ) ;
#1702 = CARTESIAN_POINT ( 'NONE',  ( 0.04005091238561425700, 0.09669145586676650100, 0.0005078124999999019000 ) ) ;
#1703 = CARTESIAN_POINT ( 'NONE',  ( -0.1315109913578259800, -0.09155332340784687300, 0.1157989006645710900 ) ) ;
#1704 = CARTESIAN_POINT ( 'NONE',  ( 0.09499999999999998700, 0.0000000000000000000, -0.1171875000000000400 ) ) ;
#1705 = CARTESIAN_POINT ( 'NONE',  ( -0.04707702639511808500, -0.07258667727973168400, -0.1038015906397101300 ) ) ;
#1706 = CARTESIAN_POINT ( 'NONE',  ( -0.1545072907301433800, 0.1273015250513016000, 0.06156017110557966000 ) ) ;
#1707 = ORIENTED_EDGE ( 'NONE', *, *, #4176, .T. ) ;
#1708 = CARTESIAN_POINT ( 'NONE',  ( -0.07470252959880231700, -0.03094280090340153000, -0.002421875000000014300 ) ) ;
#1709 = CARTESIAN_POINT ( 'NONE',  ( 0.03306742995650212300, 0.06944974955892994900, 0.01192689507714344900 ) ) ;
#1710 = ORIENTED_EDGE ( 'NONE', *, *, #2355, .T. ) ;
#1711 = CARTESIAN_POINT ( 'NONE',  ( -0.1063511298046824200, 0.07998408814551681600, 0.1171874999999999900 ) ) ;
#1712 = CARTESIAN_POINT ( 'NONE',  ( 0.07470252959880231700, 0.03094280090340150200, 0.07179687499999998200 ) ) ;
#1713 = CARTESIAN_POINT ( 'NONE',  ( 0.0000000000000000000, 0.0000000000000000000, 0.05201404662460755400 ) ) ;
#1714 = EDGE_CURVE ( 'NONE', #3661, #4332, #931, .T. ) ;
#1715 = ORIENTED_EDGE ( 'NONE', *, *, #1017, .T. ) ;
#1716 = APPLICATION_PROTOCOL_DEFINITION ( 'international standard', 'config_control_design', 1994, #2 ) ;
#1717 = CARTESIAN_POINT ( 'NONE',  ( 0.0000000000000000000, 0.09669145586676650100, 0.03371093749999989900 ) ) ;
#1718 = AXIS2_PLACEMENT_3D ( 'NONE', #1062, #2765, #4516 ) ;
#1719 = CARTESIAN_POINT ( 'NONE',  ( -0.03935028842544401100, -0.09500000000000001500, -0.01414062500000007500 ) ) ;
#1720 = CARTESIAN_POINT ( 'NONE',  ( 0.1225075138052391700, 0.04695621894173741800, 0.1171874999999999900 ) ) ;
#1721 = CARTESIAN_POINT ( 'NONE',  ( 0.004179066124526989800, 0.1311901226632946600, 0.1071893417860289400 ) ) ;
#1722 = CARTESIAN_POINT ( 'NONE',  ( 0.05282266525110190800, 0.05282266525110191500, -0.1410937500000000200 ) ) ;
#1723 = CC_DESIGN_PERSON_AND_ORGANIZATION_ASSIGNMENT ( #3042, #1763, ( #3013 ) ) ;
#1724 = CARTESIAN_POINT ( 'NONE',  ( 0.1065521384984898500, -0.07653489808500156500, 0.1158159005952539200 ) ) ;
#1725 = CARTESIAN_POINT ( 'NONE',  ( -0.05131040136177289500, 0.06323133115010175200, -0.09874822711609218500 ) ) ;
#1726 = CARTESIAN_POINT ( 'NONE',  ( 9.148421376138367800E-018, -0.07470252959880233100, 0.06203124999999997500 ) ) ;
#1727 = CARTESIAN_POINT ( 'NONE',  ( 0.05282266525110190800, 0.05282266525110191500, 0.07765624999999998200 ) ) ;
#1728 = CIRCLE ( 'NONE', #2197, 0.1311905059197604800 ) ;
#1729 = SECURITY_CLASSIFICATION_LEVEL ( 'unclassified' ) ;
#1730 = CARTESIAN_POINT ( 'NONE',  ( -0.09669145586676648800, -0.04005091238561431200, -0.1127734375000001300 ) ) ;
#1731 = CARTESIAN_POINT ( 'NONE',  ( 0.01926204214368512300, -0.1300777867976246600, 0.1171874999999999900 ) ) ;
#1732 = FACE_OUTER_BOUND ( 'NONE', #2528, .T. ) ;
#1733 = CARTESIAN_POINT ( 'NONE',  ( -0.1156731524181886500, 0.06203076769995506700, 0.1071838159462592300 ) ) ;
#1734 = CARTESIAN_POINT ( 'NONE',  ( -0.08005873893742952700, -0.04543724794812691700, -0.1093522009678954100 ) ) ;
#1735 = CARTESIAN_POINT ( 'NONE',  ( -0.01381221130986307200, 0.1352441238295540000, 0.1160281598128905400 ) ) ;
#1736 = CIRCLE ( 'NONE', #4412, 0.1453124999999999800 ) ;
#1737 = CARTESIAN_POINT ( 'NONE',  ( 0.07470252959880231700, -0.03094280090340148500, -0.1157031250000000300 ) ) ;
#1738 = CARTESIAN_POINT ( 'NONE',  ( -0.01805986710621258800, -0.1489088351982713600, 0.1071874999999999900 ) ) ;
#1739 = EDGE_CURVE ( 'NONE', #2085, #1497, #3002, .T. ) ;
#1740 = PLANE ( 'NONE',  #1718 ) ;
#1741 = CARTESIAN_POINT ( 'NONE',  ( 0.01487204366418071000, 0.08280966327895796000, -0.1014571184079138400 ) ) ;
#1742 = ORIENTED_EDGE ( 'NONE', *, *, #2426, .T. ) ;
#1743 = ORIENTED_EDGE ( 'NONE', *, *, #4018, .T. ) ;
#1744 = CIRCLE ( 'NONE', #4385, 0.09968749999999998400 ) ;
#1745 = CARTESIAN_POINT ( 'NONE',  ( 0.07470252959880233100, 4.574210688069183900E-018, -0.1450000000000000200 ) ) ;
#1746 = CARTESIAN_POINT ( 'NONE',  ( -0.07470252959880231700, -0.03094280090340153000, 0.02882812499999998200 ) ) ;
#1747 = APPROVAL_STATUS ( 'not_yet_approved' ) ;
#1748 = ORIENTED_EDGE ( 'NONE', *, *, #1964, .F. ) ;
#1749 = ORIENTED_EDGE ( 'NONE', *, *, #782, .T. ) ;
#1750 = CARTESIAN_POINT ( 'NONE',  ( -0.09669145586676650100, -1.776193228981997500E-017, -0.05222656250000009400 ) ) ;
#1751 = CARTESIAN_POINT ( 'NONE',  ( 0.02199260931391680200, -0.1293339629758870900, 0.1171874999999999900 ) ) ;
#1752 = CARTESIAN_POINT ( 'NONE',  ( 0.1010101928522765800, -0.08371313984930084400, 0.1171874999999999900 ) ) ;
#1753 = ORIENTED_EDGE ( 'NONE', *, *, #786, .F. ) ;
#1754 = CARTESIAN_POINT ( 'NONE',  ( -0.006877138412914518200, 0.1310581636499771600, 0.1129159673621251000 ) ) ;
#1755 = CARTESIAN_POINT ( 'NONE',  ( 0.05282266525110190800, 0.05282266525110191500, -0.1098437500000000200 ) ) ;
#1756 = ADVANCED_FACE ( 'NONE', ( #1421 ), #4064, .F. ) ;
#1757 = EDGE_LOOP ( 'NONE', ( #4012, #1799, #3933, #2146 ) ) ;
#1758 = CARTESIAN_POINT ( 'NONE',  ( 0.1045636386649498900, -0.07932883816571646700, 0.1178714458917566000 ) ) ;
#1759 = CARTESIAN_POINT ( 'NONE',  ( 0.03094280090340148900, 0.07470252959880231700, -0.08054687500000003200 ) ) ;
#1760 = CARTESIAN_POINT ( 'NONE',  ( 0.07470252959880231700, -0.03094280090340148500, 0.1030468750000000000 ) ) ;
#1761 = ORIENTED_EDGE ( 'NONE', *, *, #2119, .T. ) ;
#1762 = AXIS2_PLACEMENT_3D ( 'NONE', #1700, #2356, #664 ) ;
#1763 = PERSON_AND_ORGANIZATION_ROLE ( 'design_owner' ) ;
#1764 = CARTESIAN_POINT ( 'NONE',  ( -0.06837118412619036500, -0.06837118412619039300, -0.1108203125000000900 ) ) ;
#1765 = ORIENTED_EDGE ( 'NONE', *, *, #236, .T. ) ;
#1766 = CARTESIAN_POINT ( 'NONE',  ( -0.01805986710621249000, 0.1489088351982713600, 0.1171874999999999900 ) ) ;
#1767 = CARTESIAN_POINT ( 'NONE',  ( 0.008500314043969047300, 0.1608559229650074200, 0.1136661322641429700 ) ) ;
#1768 = CARTESIAN_POINT ( 'NONE',  ( 1.163414459189985600E-017, -0.09499999999999998700, 0.01906249999999992300 ) ) ;
#1769 = DIRECTION ( 'NONE',  ( 0.0000000000000000000, 0.0000000000000000000, 1.000000000000000000 ) ) ;
#1770 = EDGE_CURVE ( 'NONE', #2614, #4118, #317, .T. ) ;
#1771 = ORIENTED_EDGE ( 'NONE', *, *, #2540, .T. ) ;
#1772 = CARTESIAN_POINT ( 'NONE',  ( 0.1453124999999999800, 0.0000000000000000000, 0.1171875000000000000 ) ) ;
#1773 = CARTESIAN_POINT ( 'NONE',  ( 0.1141579838892439500, -0.07421586993119939900, 0.1130037753972361100 ) ) ;
#1774 = CARTESIAN_POINT ( 'NONE',  ( 9.148421376138367800E-018, -0.07470252959880233100, 0.03078124999999996500 ) ) ;
#1775 = CARTESIAN_POINT ( 'NONE',  ( -0.07470252959880231700, 0.03094280090340150900, -0.06882812500000003200 ) ) ;
#1776 = EDGE_CURVE ( 'NONE', #619, #1967, #4273, .T. ) ;
#1777 = ADVANCED_FACE ( 'NONE', ( #1144 ), #1304, .T. ) ;
#1778 = DIRECTION ( 'NONE',  ( -0.0000000000000000000, -0.0000000000000000000, 1.000000000000000000 ) ) ;
#1779 = CARTESIAN_POINT ( 'NONE',  ( 0.01334740053336431900, -0.1305724583553878300, 0.1157566596927119700 ) ) ;
#1780 = CARTESIAN_POINT ( 'NONE',  ( 0.007714939961408209600, 0.1662053269311681000, 0.1131901953754542300 ) ) ;
#1781 =( BOUNDED_CURVE ( )  B_SPLINE_CURVE ( 2, ( #1380, #2422, #3149, #2791, #2076, #2384, #3111, #3818, #3160 ),
 .UNSPECIFIED., .F., .F. ) 
 B_SPLINE_CURVE_WITH_KNOTS ( ( 3, 2, 2, 2, 3 ),
 ( 0.1388888888888888400, 0.1527777777777777900, 0.1666666666666666300, 0.1805555555555555800, 0.1944444444444444200 ),
 .UNSPECIFIED. ) 
 CURVE ( )  GEOMETRIC_REPRESENTATION_ITEM ( )  RATIONAL_B_SPLINE_CURVE ( ( 1.000000000000000000, 0.9238795325112867400, 1.000000000000000000, 0.9238795325112867400, 1.000000000000000000, 0.9238795325112867400, 1.000000000000000000, 0.9238795325112867400, 1.000000000000000000 ) ) 
 REPRESENTATION_ITEM ( '' )  );
#1782 = CARTESIAN_POINT ( 'NONE',  ( 0.0000000000000000000, 0.0000000000000000000, -0.1171875000000000300 ) ) ;
#1783 = CALENDAR_DATE ( 2024, 13, 3 ) ;
#1784 = CARTESIAN_POINT ( 'NONE',  ( -0.1230330203447148200, 0.05434904923365262200, 0.1166616952948415100 ) ) ;
#1785 = DIRECTION ( 'NONE',  ( 0.0000000000000000000, 0.0000000000000000000, 1.000000000000000000 ) ) ;
#1786 = FACE_OUTER_BOUND ( 'NONE', #666, .T. ) ;
#1787 = CARTESIAN_POINT ( 'NONE',  ( -0.003513957050623104900, 0.2144775668970116700, -0.09888904662460761000 ) ) ;
#1788 = CARTESIAN_POINT ( 'NONE',  ( -0.05282266525110192200, 0.05282266525110190100, -0.04343750000000002500 ) ) ;
#1789 = CARTESIAN_POINT ( 'NONE',  ( 0.05282266525110191500, -0.05282266525110190800, 0.007343749999999985700 ) ) ;
#1790 = FACE_OUTER_BOUND ( 'NONE', #787, .T. ) ;
#1791 = CARTESIAN_POINT ( 'NONE',  ( 0.02058764782258779400, -0.1295728698219233700, 0.1171874999999999900 ) ) ;
#1792 = CARTESIAN_POINT ( 'NONE',  ( -0.003441560183007737200, -0.1311902579789661300, 0.1121888934529221100 ) ) ;
#1793 = CIRCLE ( 'NONE', #2086, 0.09968750000000004000 ) ;
#1794 = DIRECTION ( 'NONE',  ( 0.0000000000000000000, -1.000000000000000000, 0.0000000000000000000 ) ) ;
#1795 = AXIS2_PLACEMENT_3D ( 'NONE', #2978, #1601, #2683 ) ;
#1796 = FACE_OUTER_BOUND ( 'NONE', #3559, .T. ) ;
#1797 = DIRECTION ( 'NONE',  ( 0.0000000000000000000, -0.0000000000000000000, 1.000000000000000000 ) ) ;
#1798 = CARTESIAN_POINT ( 'NONE',  ( 0.03094280090340150900, -0.07470252959880233100, 0.001484374999999964900 ) ) ;
#1799 = ORIENTED_EDGE ( 'NONE', *, *, #1714, .T. ) ;
#1800 = ORIENTED_EDGE ( 'NONE', *, *, #2738, .F. ) ;
#1801 = ADVANCED_FACE ( 'NONE', ( #2464 ), #199, .T. ) ;
#1802 = CYLINDRICAL_SURFACE ( 'NONE', #1403, 0.09499999999999998700 ) ;
#1803 = EDGE_CURVE ( 'NONE', #321, #1204, #2123, .T. ) ;
#1804 = CARTESIAN_POINT ( 'NONE',  ( 0.09499999999999998700, 0.03935028842544403800, -0.06492187500000008700 ) ) ;
#1805 = VERTEX_POINT ( 'NONE', #3081 ) ;
#1806 = CARTESIAN_POINT ( 'NONE',  ( -0.05282266525110192200, 0.05282266525110190100, -0.07468750000000003200 ) ) ;
#1807 = CARTESIAN_POINT ( 'NONE',  ( -0.05282266525110190800, -0.05282266525110192200, -0.06296875000000001800 ) ) ;
#1808 = AXIS2_PLACEMENT_3D ( 'NONE', #1603, #1956, #4409 ) ;
#1809 = ORIENTED_EDGE ( 'NONE', *, *, #4370, .T. ) ;
#1810 = CARTESIAN_POINT ( 'NONE',  ( 0.0000000000000000000, 0.0000000000000000000, 0.07031249999999995800 ) ) ;
#1811 = CARTESIAN_POINT ( 'NONE',  ( 0.07470252959880234500, 4.574210688069184700E-018, 0.03859374999999996800 ) ) ;
#1812 = ORIENTED_EDGE ( 'NONE', *, *, #3992, .F. ) ;
#1813 = ORIENTED_EDGE ( 'NONE', *, *, #2323, .T. ) ;
#1814 = EDGE_LOOP ( 'NONE', ( #226, #2074, #3018, #611, #1537, #1899 ) ) ;
#1815 = CARTESIAN_POINT ( 'NONE',  ( -0.03935028842544410100, 0.09499999999999995900, -0.05710937500000005200 ) ) ;
#1816 = CARTESIAN_POINT ( 'NONE',  ( 0.07470252959880231700, 0.03094280090340150200, -0.05320312500000003900 ) ) ;
#1817 = CARTESIAN_POINT ( 'NONE',  ( 9.148421376138367800E-018, -0.07470252959880233100, -0.05906250000000001100 ) ) ;
#1818 = CARTESIAN_POINT ( 'NONE',  ( -0.05282266525110190800, -0.05282266525110192200, -0.09421875000000000400 ) ) ;
#1819 = ORIENTED_EDGE ( 'NONE', *, *, #3656, .F. ) ;
#1820 = ADVANCED_FACE ( 'NONE', ( #479 ), #585, .T. ) ;
#1821 = CARTESIAN_POINT ( 'NONE',  ( 0.1435554726588726700, 0.07306647358028260700, 0.1136661322641429100 ) ) ;
#1822 = CARTESIAN_POINT ( 'NONE',  ( -0.01805986710621262200, 0.1489088351982715600, 0.1171875000000001500 ) ) ;
#1823 = VERTEX_POINT ( 'NONE', #3505 ) ;
#1824 = CARTESIAN_POINT ( 'NONE',  ( 0.03935028842544405200, -0.09499999999999998700, 0.02101562499999992700 ) ) ;
#1825 = EDGE_CURVE ( 'NONE', #3928, #2734, #1519, .T. ) ;
#1826 = CARTESIAN_POINT ( 'NONE',  ( 0.1692258472944457000, -0.1188037624568192000, -0.1036688508726836800 ) ) ;
#1827 = CARTESIAN_POINT ( 'NONE',  ( -0.06290969660986374400, 0.1801854206737670500, -0.1144588665547575900 ) ) ;
#1828 = CARTESIAN_POINT ( 'NONE',  ( 0.03094280090340149200, 0.07470252959880233100, -0.04539062500000001100 ) ) ;
#1829 = CARTESIAN_POINT ( 'NONE',  ( 0.0000000000000000000, 0.07470252959880233100, -0.07468750000000000400 ) ) ;
#1830 =( BOUNDED_CURVE ( )  B_SPLINE_CURVE ( 2, ( #1616, #193, #3397, #2649, #3037, #2341, #239, #2699, #1275 ),
 .UNSPECIFIED., .F., .T. ) 
 B_SPLINE_CURVE_WITH_KNOTS ( ( 3, 2, 2, 2, 3 ),
 ( 0.6388888888888888400, 0.6527777777777777900, 0.6666666666666666300, 0.6805555555555555800, 0.6944444444444444200 ),
 .UNSPECIFIED. ) 
 CURVE ( )  GEOMETRIC_REPRESENTATION_ITEM ( )  RATIONAL_B_SPLINE_CURVE ( ( 1.000000000000000000, 0.9238795325112867400, 1.000000000000000000, 0.9238795325112867400, 1.000000000000000000, 0.9238795325112867400, 1.000000000000000000, 0.9238795325112867400, 1.000000000000000000 ) ) 
 REPRESENTATION_ITEM ( '' )  );
#1831 = AXIS2_PLACEMENT_3D ( 'NONE', #3802, #2779, #4165 ) ;
#1832 = CARTESIAN_POINT ( 'NONE',  ( 0.1350298071665244600, 0.08779473909414954600, 0.1136728282387689400 ) ) ;
#1833 = SHAPE_DEFINITION_REPRESENTATION ( #3649, #4475 ) ;
#1834 = DIRECTION ( 'NONE',  ( 0.8660254037844326000, 0.5000000000000104400, -1.280553747030150700E-015 ) ) ;
#1835 = CARTESIAN_POINT ( 'NONE',  ( -0.1106723078378499000, 0.07891367896218892700, 0.1158159005952539200 ) ) ;
#1836 = CONICAL_SURFACE ( 'NONE', #3674, 0.1828125000000000200, 1.047197551196600100 ) ;
#1837 = CARTESIAN_POINT ( 'NONE',  ( 0.01300509676842056700, -0.1351278767834137300, 0.1158159005952539600 ) ) ;
#1838 = CC_DESIGN_SECURITY_CLASSIFICATION ( #3592, ( #682 ) ) ;
#1839 = CARTESIAN_POINT ( 'NONE',  ( 0.09669145586676650100, -0.04005091238561425700, 0.1157421874999999400 ) ) ;
#1840 = CIRCLE ( 'NONE', #3417, 0.09499999999999998700 ) ;
#1841 = CARTESIAN_POINT ( 'NONE',  ( -0.05282266525110192200, 0.05282266525110190100, -0.03953125000000001100 ) ) ;
#1842 = CARTESIAN_POINT ( 'NONE',  ( 0.0000000000000000000, 0.09669145586676650100, -0.09324218750000005900 ) ) ;
#1843 = CARTESIAN_POINT ( 'NONE',  ( -0.008300523866615030400, -0.1309811190920685500, 0.1081713432942196500 ) ) ;
#1844 = LINE ( 'NONE', #150, #3175 ) ;
#1845 = ORIENTED_EDGE ( 'NONE', *, *, #2647, .T. ) ;
#1846 = CARTESIAN_POINT ( 'NONE',  ( 0.1368151078809825000, 0.08717801985860262900, 0.1131726789883945700 ) ) ;
#1847 = CARTESIAN_POINT ( 'NONE',  ( -0.09499999999999998700, -1.745121688784978200E-017, 0.01124999999999992800 ) ) ;
#1848 = ORIENTED_EDGE ( 'NONE', *, *, #753, .T. ) ;
#1849 = ORIENTED_EDGE ( 'NONE', *, *, #949, .F. ) ;
#1850 = EDGE_CURVE ( 'NONE', #3281, #1627, #896, .T. ) ;
#1851 = CARTESIAN_POINT ( 'NONE',  ( 0.1874999999999998100, -0.03508528801134819200, 0.06615200600052448300 ) ) ;
#1852 = ORIENTED_EDGE ( 'NONE', *, *, #3854, .F. ) ;
#1853 = EDGE_CURVE ( 'NONE', #3228, #158, #2339, .T. ) ;
#1854 = CARTESIAN_POINT ( 'NONE',  ( -0.03935028842544410100, 0.09499999999999995900, -0.02585937500000006600 ) ) ;
#1855 = CARTESIAN_POINT ( 'NONE',  ( -0.09499999999999998700, -1.745121688784978200E-017, -0.05125000000000007300 ) ) ;
#1856 = CARTESIAN_POINT ( 'NONE',  ( 0.1261419918032806200, -0.09067761173704554100, 0.1172529524635169400 ) ) ;
#1857 = CARTESIAN_POINT ( 'NONE',  ( 0.06837118412619037900, -0.06837118412619036500, -0.01121093750000007200 ) ) ;
#1858 = ORIENTED_EDGE ( 'NONE', *, *, #534, .F. ) ;
#1859 = AXIS2_PLACEMENT_3D ( 'NONE', #70, #3519, #3191 ) ;
#1860 = ORIENTED_EDGE ( 'NONE', *, *, #4351, .T. ) ;
#1861 = CARTESIAN_POINT ( 'NONE',  ( -0.1311905059197604800, 1.606620331531565600E-017, 0.1171875000000000000 ) ) ;
#1862 = CARTESIAN_POINT ( 'NONE',  ( 9.148421376138367800E-018, -0.07470252959880233100, -0.0004687500000000248700 ) ) ;
#1863 = CARTESIAN_POINT ( 'NONE',  ( -0.1225072208183336800, 0.04695700889243301800, 0.1171874999999999700 ) ) ;
#1864 = VERTEX_POINT ( 'NONE', #2044 ) ;
#1865 = EDGE_LOOP ( 'NONE', ( #2193, #1809, #2128, #3593, #4275, #3551, #4425, #3506, #198, #1819 ) ) ;
#1866 = CARTESIAN_POINT ( 'NONE',  ( 0.1874999999999997800, -0.06984496242893514800, 0.06074426924584665900 ) ) ;
#1867 = CARTESIAN_POINT ( 'NONE',  ( 0.03935028842544402400, 0.09499999999999998700, -0.02976562500000008000 ) ) ;
#1868 = CARTESIAN_POINT ( 'NONE',  ( -0.06837118412619036500, -0.06837118412619039300, 0.07472656249999994100 ) ) ;
#1869 = EDGE_LOOP ( 'NONE', ( #1576, #339, #4155, #1478 ) ) ;
#1870 = CARTESIAN_POINT ( 'NONE',  ( -0.09669145586676648800, 0.04005091238561427800, -0.05613281250000007300 ) ) ;
#1871 = EDGE_CURVE ( 'NONE', #280, #4223, #4089, .T. ) ;
#1872 = CARTESIAN_POINT ( 'NONE',  ( -0.06717514421272199900, -0.06717514421272202700, -0.04734375000000008000 ) ) ;
#1873 = DIRECTION ( 'NONE',  ( -0.0000000000000000000, -0.0000000000000000000, 1.000000000000000000 ) ) ;
#1874 = DIRECTION ( 'NONE',  ( 1.000000000000000000, 0.0000000000000000000, 0.0000000000000000000 ) ) ;
#1875 = CARTESIAN_POINT ( 'NONE',  ( 0.02943844982924994100, -0.06865745116235141800, -0.09220252959880238800 ) ) ;
#1876 = EDGE_CURVE ( 'NONE', #661, #819, #92, .T. ) ;
#1877 = CARTESIAN_POINT ( 'NONE',  ( 0.07470252959880233100, -0.03094280090340148900, 0.06789062499999996800 ) ) ;
#1878 = CARTESIAN_POINT ( 'NONE',  ( 0.008517570790896182200, -0.1608366128213992400, 0.1136728282387689800 ) ) ;
#1879 = PERSON_AND_ORGANIZATION ( #1944, #519 ) ;
#1880 = CARTESIAN_POINT ( 'NONE',  ( -0.09669145586676648800, 0.04005091238561427800, 0.1001171874999999100 ) ) ;
#1881 = AXIS2_PLACEMENT_3D ( 'NONE', #2015, #1326, #240 ) ;
#1882 = CARTESIAN_POINT ( 'NONE',  ( 0.07470252959880231700, 0.03094280090340150200, -0.1157031250000000300 ) ) ;
#1883 = CARTESIAN_POINT ( 'NONE',  ( 0.06837118412619036500, 0.06837118412619037900, -0.06589843750000005900 ) ) ;
#1884 = FACE_BOUND ( 'NONE', #3566, .T. ) ;
#1885 = AXIS2_PLACEMENT_3D ( 'NONE', #668, #3090, #3447 ) ;
#1886 = CARTESIAN_POINT ( 'NONE',  ( -0.1839860429493775400, -0.1102819595221518600, -0.1171875000000000300 ) ) ;
#1887 = CARTESIAN_POINT ( 'NONE',  ( 0.1105216256696786600, 0.07882668257183547700, 0.1158159005952540100 ) ) ;
#1888 = VECTOR ( 'NONE', #3260, 39.37007874015748100 ) ;
#1889 = CARTESIAN_POINT ( 'NONE',  ( -0.05282266525110192200, 0.05282266525110190100, -0.01218750000000003200 ) ) ;
#1890 = CIRCLE ( 'NONE', #1165, 0.2145063509461100400 ) ;
#1891 = CARTESIAN_POINT ( 'NONE',  ( 0.006211833885542181200, 0.09479669361205815500, 0.03046874999999996100 ) ) ;
#1892 = CARTESIAN_POINT ( 'NONE',  ( -0.1433600031986785300, 0.08722119407790308900, 0.1121854969815878100 ) ) ;
#1893 = CARTESIAN_POINT ( 'NONE',  ( -0.09669145586676648800, -0.04005091238561431200, 0.07277343749999995400 ) ) ;
#1894 = ORIENTED_EDGE ( 'NONE', *, *, #3056, .T. ) ;
#1895 = ORIENTED_EDGE ( 'NONE', *, *, #1450, .F. ) ;
#1896 = CARTESIAN_POINT ( 'NONE',  ( 0.1193312039955180800, -0.06356804531822413100, 0.1109001848861591600 ) ) ;
#1897 = FACE_OUTER_BOUND ( 'NONE', #1041, .T. ) ;
#1898 = CARTESIAN_POINT ( 'NONE',  ( 1.184128819321331600E-017, -0.09669145586676650100, -0.01511718750000006800 ) ) ;
#1899 = ORIENTED_EDGE ( 'NONE', *, *, #4116, .T. ) ;
#1900 = CARTESIAN_POINT ( 'NONE',  ( 0.05093593923383162000, -0.07637149202530499300, -0.1089476770565731100 ) ) ;
#1901 = CARTESIAN_POINT ( 'NONE',  ( 0.02943844982924994100, -0.06865745116235141800, -0.09220252959880238800 ) ) ;
#1902 = EDGE_CURVE ( 'NONE', #2188, #2085, #865, .T. ) ;
#1903 = CARTESIAN_POINT ( 'NONE',  ( 0.1354613825138629400, 0.06319167341901010800, 0.1158159005952539200 ) ) ;
#1904 = VERTEX_POINT ( 'NONE', #3150 ) ;
#1905 = CARTESIAN_POINT ( 'NONE',  ( -0.07470252959880231700, 0.03094280090340150900, 0.02101562499999996500 ) ) ;
#1906 = CARTESIAN_POINT ( 'NONE',  ( 0.06717514421272201300, -0.06717514421272199900, -0.1020312500000000600 ) ) ;
#1907 = EDGE_LOOP ( 'NONE', ( #2744, #3339, #4495, #3302 ) ) ;
#1908 = EDGE_CURVE ( 'NONE', #2911, #3726, #4065, .T. ) ;
#1909 = VERTEX_POINT ( 'NONE', #15 ) ;
#1910 = CARTESIAN_POINT ( 'NONE',  ( 0.09499999999999998700, 0.0000000000000000000, -0.1171875000000000400 ) ) ;
#1911 = CARTESIAN_POINT ( 'NONE',  ( -0.07470252959880231700, -0.03094280090340153000, 0.06007812499999998200 ) ) ;
#1912 = AXIS2_PLACEMENT_3D ( 'NONE', #1050, #3443, #2080 ) ;
#1913 = ORIENTED_EDGE ( 'NONE', *, *, #1739, .F. ) ;
#1914 = B_SPLINE_CURVE_WITH_KNOTS ( 'NONE', 3,
 ( #2757, #309, #653, #617 ),
 .UNSPECIFIED., .F., .F.,
 ( 4, 4 ),
 ( 0.0000000000000000000, 0.0001070442058933057600 ),
 .UNSPECIFIED. ) ;
#1915 = CARTESIAN_POINT ( 'NONE',  ( -0.07470252959880233100, -0.03094280090340153400, -0.03757812500000003900 ) ) ;
#1916 = VERTEX_POINT ( 'NONE', #58 ) ;
#1917 = CARTESIAN_POINT ( 'NONE',  ( -0.1462922537409286100, -0.08761833164597610000, 0.1099941170895162900 ) ) ;
#1918 = CARTESIAN_POINT ( 'NONE',  ( -0.05282266525110190800, -0.05282266525110192200, -0.06687500000000003200 ) ) ;
#1919 = AXIS2_PLACEMENT_3D ( 'NONE', #1810, #3907, #1087 ) ;
#1920 = ORIENTED_EDGE ( 'NONE', *, *, #4459, .T. ) ;
#1921 = CARTESIAN_POINT ( 'NONE',  ( -0.1223431861263029600, 0.04978113317293590000, 0.1171874999999999900 ) ) ;
#1922 = DIRECTION ( 'NONE',  ( -0.8660254037844397100, -1.060575238724908000E-016, -0.4999999999999979500 ) ) ;
#1923 = CARTESIAN_POINT ( 'NONE',  ( -0.1314921496740321400, 0.09155695216021675400, 0.1158046186448437500 ) ) ;
#1924 = CARTESIAN_POINT ( 'NONE',  ( 0.1414545228118378200, 0.09246281494748352600, 0.1114421064077408100 ) ) ;
#1925 = CARTESIAN_POINT ( 'NONE',  ( 0.1314921496740299200, -0.09155695216021778000, 0.1158046186448447000 ) ) ;
#1926 = CARTESIAN_POINT ( 'NONE',  ( 0.07470252959880233100, 4.574210688069183900E-018, 0.04249999999999998200 ) ) ;
#1927 = CARTESIAN_POINT ( 'NONE',  ( 0.1874999999999997800, 0.1041956073748592100, 0.05201404662460754800 ) ) ;
#1928 = AXIS2_PLACEMENT_3D ( 'NONE', #846, #494, #2240 ) ;
#1929 = DIRECTION ( 'NONE',  ( 1.000000000000000000, 0.0000000000000000000, 0.0000000000000000000 ) ) ;
#1930 = CARTESIAN_POINT ( 'NONE',  ( -0.1875000000000004200, 0.08733054496715082800, -0.1036187791447368600 ) ) ;
#1931 = CARTESIAN_POINT ( 'NONE',  ( 0.03214917437429265500, -0.08311547892180222400, 0.02439961133788564800 ) ) ;
#1932 = EDGE_CURVE ( 'NONE', #814, #1266, #3273, .T. ) ;
#1933 = CARTESIAN_POINT ( 'NONE',  ( 0.03094280090340150200, 0.07470252959880233100, -0.08054687500000003200 ) ) ;
#1934 = CIRCLE ( 'NONE', #1762, 0.09968750000000004000 ) ;
#1935 = CARTESIAN_POINT ( 'NONE',  ( -0.1235267224381009200, -0.05630119421157852400, 0.1158159005952551500 ) ) ;
#1936 = DIRECTION ( 'NONE',  ( 0.0000000000000000000, 0.0000000000000000000, 1.000000000000000000 ) ) ;
#1937 =( BOUNDED_SURFACE ( )  B_SPLINE_SURFACE ( 3, 1, ( 
 ( #3989, #1254 ),
 ( #4033, #3315 ),
 ( #1221, #3685 ),
 ( #1887, #883 ) ),
 .UNSPECIFIED., .F., .F., .F. ) 
 B_SPLINE_SURFACE_WITH_KNOTS ( ( 4, 4 ),
 ( 2, 2 ),
 ( 0.0000000000000000000, 1.000000000000000000 ),
 ( 0.0000000000000000000, 1.000000000000000000 ),
 .UNSPECIFIED. ) 
 GEOMETRIC_REPRESENTATION_ITEM ( )  RATIONAL_B_SPLINE_SURFACE ( (
 ( 1.000000000000000000, 1.000000000000000000),
 ( 0.9395266567457552000, 0.9395266567457552000),
 ( 0.9395266567457552000, 0.9395266567457552000),
 ( 1.000000000000000000, 1.000000000000000000) ) ) 
 REPRESENTATION_ITEM ( '' )  SURFACE ( )  );
#1938 = CARTESIAN_POINT ( 'NONE',  ( -0.1477922115132458700, 0.06665416881311833600, 0.1151286817615850800 ) ) ;
#1939 = VECTOR ( 'NONE', #2809, 39.37007874015748100 ) ;
#1940 = CARTESIAN_POINT ( 'NONE',  ( 0.1508024080558568500, -0.07627180276151339400, 0.1114421064077422700 ) ) ;
#1941 = CARTESIAN_POINT ( 'NONE',  ( -0.07470252959880231700, 0.03094280090340150900, 0.05617187499999999600 ) ) ;
#1942 = CARTESIAN_POINT ( 'NONE',  ( -0.1240309526038937500, 0.05566033603799665200, 0.1160281598128905100 ) ) ;
#1943 = VECTOR ( 'NONE', #733, 39.37007874015748900 ) ;
#1944 = PERSON ( 'UNSPECIFIED', 'UNSPECIFIED', 'UNSPECIFIED', ('UNSPECIFIED'), ('UNSPECIFIED'), ('UNSPECIFIED') ) ;
#1945 = AXIS2_PLACEMENT_3D ( 'NONE', #1103, #1797, #1459 ) ;
#1946 = DIRECTION ( 'NONE',  ( 0.0000000000000000000, 0.0000000000000000000, 1.000000000000000000 ) ) ;
#1947 = CIRCLE ( 'NONE', #1101, 0.01000000000000000000 ) ;
#1948 = ORIENTED_EDGE ( 'NONE', *, *, #4270, .T. ) ;
#1949 = CARTESIAN_POINT ( 'NONE',  ( -0.08302463626942056800, -0.005785488514197302000, 0.01849338626941999400 ) ) ;
#1950 = VECTOR ( 'NONE', #4531, 39.37007874015748100 ) ;
#1951 = CARTESIAN_POINT ( 'NONE',  ( 0.07470252959880234500, 4.574210688069184700E-018, -0.08640625000000004600 ) ) ;
#1952 = DIRECTION ( 'NONE',  ( 0.0000000000000000000, 0.0000000000000000000, -1.000000000000000000 ) ) ;
#1953 = CARTESIAN_POINT ( 'NONE',  ( 0.01300509676842051900, -0.1489088351982715000, 0.1158159005952539200 ) ) ;
#1954 = ORIENTED_EDGE ( 'NONE', *, *, #4534, .T. ) ;
#1955 = ORIENTED_EDGE ( 'NONE', *, *, #3825, .T. ) ;
#1956 = DIRECTION ( 'NONE',  ( 0.0000000000000000000, 0.0000000000000000000, 1.000000000000000000 ) ) ;
#1957 = CARTESIAN_POINT ( 'NONE',  ( 0.05282266525110190800, 0.05282266525110191500, 0.07765624999999998200 ) ) ;
#1958 = VERTEX_POINT ( 'NONE', #2837 ) ;
#1959 = CARTESIAN_POINT ( 'NONE',  ( 0.0000000000000000000, 0.0000000000000000000, 0.09718749999999998200 ) ) ;
#1960 = CARTESIAN_POINT ( 'NONE',  ( 1.184128819321331600E-017, -0.09669145586676650100, -0.1694140625000000700 ) ) ;
#1961 = EDGE_LOOP ( 'NONE', ( #4240, #2679, #1715, #1691 ) ) ;
#1962 = CARTESIAN_POINT ( 'NONE',  ( 0.04568517661698989100, 0.07704147209187468800, 0.02487407100223151500 ) ) ;
#1963 = CARTESIAN_POINT ( 'NONE',  ( 0.0000000000000000000, 0.0000000000000000000, 0.03515624999999998600 ) ) ;
#1964 = EDGE_CURVE ( 'NONE', #3137, #1518, #4129, .T. ) ;
#1965 =( BOUNDED_SURFACE ( )  B_SPLINE_SURFACE ( 3, 2, ( 
 ( #566, #2686, #2665 ),
 ( #1621, #180, #2980 ),
 ( #168, #2637, #3345 ),
 ( #2991, #2653, #1972 ),
 ( #551, #3356, #4057 ),
 ( #2621, #1263, #1242 ),
 ( #1924, #3008, #875 ),
 ( #3325, #3693, #1225 ),
 ( #4426, #2329, #1590 ),
 ( #1577, #581, #3023 ) ),
 .UNSPECIFIED., .F., .F., .F. ) 
 B_SPLINE_SURFACE_WITH_KNOTS ( ( 4, 2, 2, 2, 4 ),
 ( 3, 3 ),
 ( -6.776263578034402700E-021, 0.0003406872383697375800, 0.0006813744767394751500, 0.001022061715109212600, 0.001362748953478950300 ),
 ( 0.0000000000000000000, 1.000000000000000000 ),
 .UNSPECIFIED. ) 
 GEOMETRIC_REPRESENTATION_ITEM ( )  RATIONAL_B_SPLINE_SURFACE ( (
 ( 1.000000000000000000, 0.9651010464001668100, 1.000000000000000000),
 ( 1.000000000000000000, 0.9617650375930619800, 1.000000000000000000),
 ( 1.000000000000000000, 0.9561606701411918800, 1.000000000000000000),
 ( 1.000000000000000000, 0.9470922649609151400, 1.000000000000000000),
 ( 1.000000000000000000, 0.9436087605323050200, 1.000000000000000000),
 ( 1.000000000000000000, 0.9436230553029864000, 1.000000000000000000),
 ( 1.000000000000000000, 0.9471104345458549700, 1.000000000000000000),
 ( 1.000000000000000000, 0.9561406066852633500, 1.000000000000000000),
 ( 1.000000000000000000, 0.9617225829426816500, 1.000000000000000000),
 ( 1.000000000000000000, 0.9651010464001660300, 1.000000000000000000) ) ) 
 REPRESENTATION_ITEM ( '' )  SURFACE ( )  );
#1966 = CARTESIAN_POINT ( 'NONE',  ( -0.1400296164170003700, -0.09259494383039798500, 0.1119321858158834300 ) ) ;
#1967 = VERTEX_POINT ( 'NONE', #2142 ) ;
#1968 = CARTESIAN_POINT ( 'NONE',  ( 0.03094280090340150900, -0.07470252959880233100, -0.1547656250000000200 ) ) ;
#1969 = CARTESIAN_POINT ( 'NONE',  ( -0.1350551586149048600, 0.08778944938472621500, 0.1136661322641429300 ) ) ;
#1970 = CARTESIAN_POINT ( 'NONE',  ( 0.0000000000000000000, 0.0000000000000000000, -0.09888904662460761000 ) ) ;
#1971 = CARTESIAN_POINT ( 'NONE',  ( -0.01354457162681027400, -0.1596540180960463700, 0.1158046186448427700 ) ) ;
#1972 = CARTESIAN_POINT ( 'NONE',  ( 0.1443396145083779800, 0.07595305828945539400, 0.1128953529081485900 ) ) ;
#1973 = ORIENTED_EDGE ( 'NONE', *, *, #3264, .F. ) ;
#1974 = CARTESIAN_POINT ( 'NONE',  ( 0.0000000000000000000, 0.07470252959880233100, 0.1128124999999999800 ) ) ;
#1975 = VERTEX_POINT ( 'NONE', #789 ) ;
#1976 = CARTESIAN_POINT ( 'NONE',  ( -0.06837118412619036500, -0.06837118412619039300, -0.1420703125000001000 ) ) ;
#1977 = CARTESIAN_POINT ( 'NONE',  ( -0.002763710118937083700, -0.1704974725013736500, 0.1099973300733865500 ) ) ;
#1978 = CARTESIAN_POINT ( 'NONE',  ( -0.1141423571302751500, -0.07423824728706268600, 0.1130130735534564400 ) ) ;
#1979 = CARTESIAN_POINT ( 'NONE',  ( -0.07470252959880231700, -0.03094280090340153700, -0.1000781250000000600 ) ) ;
#1980 = AXIS2_PLACEMENT_3D ( 'NONE', #3165, #3489, #2443 ) ;
#1981 = CARTESIAN_POINT ( 'NONE',  ( 0.07470252959880233100, 4.574905593351215300E-015, 0.01017127959880237800 ) ) ;
#1982 = ADVANCED_FACE ( 'NONE', ( #2795 ), #3119, .T. ) ;
#1983 = CARTESIAN_POINT ( 'NONE',  ( -0.1235267224381002300, 0.05630119421157955100, 0.1158159005952539600 ) ) ;
#1984 = CARTESIAN_POINT ( 'NONE',  ( -0.06327094862514194600, -0.1799768517255003800, -0.1130155653921494600 ) ) ;
#1985 = CARTESIAN_POINT ( 'NONE',  ( 0.03094280090340148900, 0.07470252959880231700, -0.07664062500000001800 ) ) ;
#1986 = CARTESIAN_POINT ( 'NONE',  ( -0.1875000000000003600, 0.03545331469561098500, 0.06611301697649560300 ) ) ;
#1987 = APPROVAL_PERSON_ORGANIZATION ( #2108, #3255, #21 ) ;
#1988 = EDGE_CURVE ( 'NONE', #48, #1157, #2722, .T. ) ;
#1989 = CARTESIAN_POINT ( 'NONE',  ( 0.07470252959880233100, 4.574210688069183900E-018, -0.02000000000000000700 ) ) ;
#1990 = CARTESIAN_POINT ( 'NONE',  ( 0.07395006193574599200, 0.03772518326228033200, 0.01830781400506826400 ) ) ;
#1991 = CARTESIAN_POINT ( 'NONE',  ( 0.1230028021661930500, -0.04562082312658418500, 0.1171874999999999900 ) ) ;
#1992 = CARTESIAN_POINT ( 'NONE',  ( 0.1119036210361207100, 0.06855874911695268600, 0.1121861105336157800 ) ) ;
#1993 = EDGE_CURVE ( 'NONE', #2022, #4174, #962, .T. ) ;
#1994 = CARTESIAN_POINT ( 'NONE',  ( -0.09669145586676648800, -0.04005091238561431200, 0.04347656249999989900 ) ) ;
#1995 = CARTESIAN_POINT ( 'NONE',  ( -0.1316203092169159800, -0.09466472524539570900, 0.1151286817615866000 ) ) ;
#1996 = CYLINDRICAL_SURFACE ( 'NONE', #3227, 0.09499999999999998700 ) ;
#1997 = CARTESIAN_POINT ( 'NONE',  ( 0.01534639188758334800, -0.1489088351982714400, 0.1171875000000001500 ) ) ;
#1998 = FACE_OUTER_BOUND ( 'NONE', #821, .T. ) ;
#1999 = CARTESIAN_POINT ( 'NONE',  ( -0.003513957050621953100, -0.2144775668970116700, -0.09888904662460761000 ) ) ;
#2000 = LINE ( 'NONE', #1073, #4030 ) ;
#2001 = CARTESIAN_POINT ( 'NONE',  ( 9.148421376138367800E-018, -0.07470252959880233100, 0.003437499999999988700 ) ) ;
#2002 = CARTESIAN_POINT ( 'NONE',  ( -0.1045636386649408400, 0.07932883816571408000, 0.1178714458917522900 ) ) ;
#2003 = DIRECTION ( 'NONE',  ( -0.0000000000000000000, -0.0000000000000000000, 1.000000000000000000 ) ) ;
#2004 = ORIENTED_EDGE ( 'NONE', *, *, #2705, .T. ) ;
#2005 = B_SPLINE_CURVE_WITH_KNOTS ( 'NONE', 3,
 ( #469, #4344, #2228, #3626, #3234, #1134, #1525, #1485 ),
 .UNSPECIFIED., .F., .F.,
 ( 4, 2, 2, 4 ),
 ( 0.0001064236135347892100, 0.002777285481970321700, 0.004112716416188086400, 0.005448147350405851400 ),
 .UNSPECIFIED. ) ;
#2006 = ADVANCED_FACE ( 'NONE', ( #424 ), #4479, .T. ) ;
#2007 = ORIENTED_EDGE ( 'NONE', *, *, #3404, .F. ) ;
#2008 = FACE_OUTER_BOUND ( 'NONE', #4290, .T. ) ;
#2009 = CARTESIAN_POINT ( 'NONE',  ( 0.09499999999999998700, 5.817072295949927900E-018, -0.07078125000000010100 ) ) ;
#2010 = CARTESIAN_POINT ( 'NONE',  ( 0.1010101928522748500, 0.08371313984930292600, 0.1171874999999999900 ) ) ;
#2011 = CARTESIAN_POINT ( 'NONE',  ( -0.1102187412940394400, -0.07958378779155990400, 0.1160281598128894000 ) ) ;
#2012 = EDGE_LOOP ( 'NONE', ( #1272, #143, #775, #3598, #1586, #2159 ) ) ;
#2013 = CARTESIAN_POINT ( 'NONE',  ( 0.09669145586676650100, -0.04005091238561425700, -0.007304687500000091500 ) ) ;
#2014 = CARTESIAN_POINT ( 'NONE',  ( -0.1354613825138633300, -0.06319167341900910900, 0.1158159005952539200 ) ) ;
#2015 = CARTESIAN_POINT ( 'NONE',  ( 0.0000000000000000000, 0.0000000000000000000, 0.08437499999999999200 ) ) ;
#2016 = CARTESIAN_POINT ( 'NONE',  ( -0.02967309866300207500, -0.07852434530905748300, -0.1012232474256925800 ) ) ;
#2017 = ORIENTED_EDGE ( 'NONE', *, *, #4463, .F. ) ;
#2018 = CARTESIAN_POINT ( 'NONE',  ( 0.0000000000000000000, 0.09669145586676650100, 0.03175781249999994100 ) ) ;
#2019 = CARTESIAN_POINT ( 'NONE',  ( -0.03315684154607425500, 0.1973632395540059500, 0.06071975416609938500 ) ) ;
#2020 = AXIS2_PLACEMENT_3D ( 'NONE', #871, #1936, #2267 ) ;
#2021 = CARTESIAN_POINT ( 'NONE',  ( -0.03094280090340147100, -0.07470252959880234500, 0.03273437499999998900 ) ) ;
#2022 = VERTEX_POINT ( 'NONE', #1855 ) ;
#2023 = CARTESIAN_POINT ( 'NONE',  ( 0.1874999999999997500, -0.03508493351125832600, -0.1130270535453854800 ) ) ;
#2024 = CARTESIAN_POINT ( 'NONE',  ( -0.07470252959880233100, 0.03094280090340151300, -0.006328125000000011700 ) ) ;
#2025 = CARTESIAN_POINT ( 'NONE',  ( 0.1213633866481676300, -0.06173105727912894100, 0.1130130735534543600 ) ) ;
#2026 = CARTESIAN_POINT ( 'NONE',  ( -0.01805986710621248000, 0.1308428737517742800, 0.1171874999999999900 ) ) ;
#2027 =( BOUNDED_SURFACE ( )  B_SPLINE_SURFACE ( 3, 2, ( 
 ( #414, #357, #2523 ),
 ( #766, #3904, #3515 ),
 ( #4222, #4266, #1447 ),
 ( #2479, #1780, #403 ),
 ( #2164, #1086, #1128 ),
 ( #63, #2871, #781 ),
 ( #373, #2845, #3528 ),
 ( #1433, #4236, #2132 ),
 ( #35, #2493, #3891 ),
 ( #1822, #3948, #1514 ) ),
 .UNSPECIFIED., .F., .F., .F. ) 
 B_SPLINE_SURFACE_WITH_KNOTS ( ( 4, 2, 2, 2, 4 ),
 ( 3, 3 ),
 ( -4.065758146820641600E-020, 0.0003406872383697375200, 0.0006813744767394750400, 0.001022061715109212600, 0.001362748953478950100 ),
 ( 0.0000000000000000000, 1.000000000000000000 ),
 .UNSPECIFIED. ) 
 GEOMETRIC_REPRESENTATION_ITEM ( )  RATIONAL_B_SPLINE_SURFACE ( (
 ( 1.000000000000000000, 0.9651010464001664700, 1.000000000000000000),
 ( 1.000000000000000000, 0.9617650375930572000, 1.000000000000000000),
 ( 1.000000000000000000, 0.9561606701411984300, 1.000000000000000000),
 ( 1.000000000000000000, 0.9470922649609090400, 1.000000000000000000),
 ( 1.000000000000000000, 0.9436087605323118000, 1.000000000000000000),
 ( 1.000000000000000000, 0.9436230553029805200, 1.000000000000000000),
 ( 1.000000000000000000, 0.9471104345459056000, 1.000000000000000000),
 ( 1.000000000000000000, 0.9561406066852127200, 1.000000000000000000),
 ( 1.000000000000000000, 0.9617225829427208400, 1.000000000000000000),
 ( 1.000000000000000000, 0.9651010464001659200, 1.000000000000000000) ) ) 
 REPRESENTATION_ITEM ( '' )  SURFACE ( )  );
#2028 = CARTESIAN_POINT ( 'NONE',  ( -0.07470252959880231700, 0.03094280090340150900, 0.05226562499999996800 ) ) ;
#2029 = CARTESIAN_POINT ( 'NONE',  ( 0.01805986710621250100, -0.1308428737517742800, 0.1171874999999999900 ) ) ;
#2030 = EDGE_CURVE ( 'NONE', #1436, #814, #220, .T. ) ;
#2031 = VERTEX_POINT ( 'NONE', #3257 ) ;
#2032 = CARTESIAN_POINT ( 'NONE',  ( -0.09669145586676650100, -1.776193228981997500E-017, -0.02097656250000010400 ) ) ;
#2033 = ORIENTED_EDGE ( 'NONE', *, *, #3215, .T. ) ;
#2034 = CARTESIAN_POINT ( 'NONE',  ( -0.1477852437530215200, -0.06663295352902558200, 0.1151368525690731100 ) ) ;
#2035 = CARTESIAN_POINT ( 'NONE',  ( -0.1382713302610871500, 0.05897725147684465500, 0.1171874999999999900 ) ) ;
#2036 = CARTESIAN_POINT ( 'NONE',  ( 0.01869144100811533100, -0.07457014731106785500, -0.09413830388969886300 ) ) ;
#2037 = ADVANCED_FACE ( 'NONE', ( #858 ), #197, .T. ) ;
#2038 = CARTESIAN_POINT ( 'NONE',  ( 0.007726517522269837200, -0.1661919281038941900, 0.1131954720338096000 ) ) ;
#2039 = CARTESIAN_POINT ( 'NONE',  ( -0.01805986710621248000, 0.1489088351982715000, 0.1071874999999999600 ) ) ;
#2040 = ORIENTED_EDGE ( 'NONE', *, *, #3098, .T. ) ;
#2041 = CARTESIAN_POINT ( 'NONE',  ( 0.05282266525110191500, -0.05282266525110190800, -0.05515625000000003200 ) ) ;
#2042 = DIRECTION ( 'NONE',  ( 1.000000000000000000, 0.0000000000000000000, 0.0000000000000000000 ) ) ;
#2043 = DIRECTION ( 'NONE',  ( 0.0000000000000000000, -1.000000000000000000, 0.0000000000000000000 ) ) ;
#2044 = CARTESIAN_POINT ( 'NONE',  ( 0.1224562857454422200, 0.08571716177926423700, 0.1158159005952539200 ) ) ;
#2045 = B_SPLINE_CURVE_WITH_KNOTS ( 'NONE', 3,
 ( #3210, #2098, #4220, #748 ),
 .UNSPECIFIED., .F., .F.,
 ( 4, 4 ),
 ( 0.0000000000000000000, 0.0001752376967329941200 ),
 .UNSPECIFIED. ) ;
#2046 = CARTESIAN_POINT ( 'NONE',  ( -0.03094280090340147100, -0.07470252959880234500, 0.06007812499999996100 ) ) ;
#2047 = CARTESIAN_POINT ( 'NONE',  ( 0.1169263088507770700, 0.05959705678706597700, 0.1129073321747950400 ) ) ;
#2048 = CARTESIAN_POINT ( 'NONE',  ( -0.09669145586676648800, -0.04005091238561431200, -0.01902343750000010100 ) ) ;
#2049 = CARTESIAN_POINT ( 'NONE',  ( -0.1450367213008411600, -0.06809706593582554000, 0.1158046186448428000 ) ) ;
#2050 = CARTESIAN_POINT ( 'NONE',  ( 0.01300509676842262300, 0.1351278767834137300, 0.1158159005952551100 ) ) ;
#2051 = CARTESIAN_POINT ( 'NONE',  ( -0.08966328359410807900, -0.02962165465628962100, -0.1117327201397633600 ) ) ;
#2052 = CARTESIAN_POINT ( 'NONE',  ( 0.1223431861263023400, 0.04978113317293751700, 0.1171874999999999900 ) ) ;
#2053 = CARTESIAN_POINT ( 'NONE',  ( -0.003513957050623053800, 0.2144775668970116700, 0.05201404662460753400 ) ) ;
#2054 = CONICAL_SURFACE ( 'NONE', #2657, 0.09968750000000004000, 0.7853981633974500600 ) ;
#2055 = CARTESIAN_POINT ( 'NONE',  ( 0.05282266525110190800, 0.05282266525110191500, 0.01515624999999997900 ) ) ;
#2056 = EDGE_CURVE ( 'NONE', #3198, #280, #3303, .T. ) ;
#2057 = CYLINDRICAL_SURFACE ( 'NONE', #2924, 0.009999999999999995000 ) ;
#2058 = CARTESIAN_POINT ( 'NONE',  ( -0.07470252959880231700, -0.03094280090340153000, 0.05617187499999998200 ) ) ;
#2059 = CARTESIAN_POINT ( 'NONE',  ( -0.03094280090340154100, 0.07470252959880231700, 0.05226562499999998200 ) ) ;
#2060 = VECTOR ( 'NONE', #3777, 39.37007874015748100 ) ;
#2061 = APPROVAL_ROLE ( '' ) ;
#2062 = CARTESIAN_POINT ( 'NONE',  ( 0.04005091238561427100, -0.09669145586676650100, 0.02003906249999990200 ) ) ;
#2063 = CARTESIAN_POINT ( 'NONE',  ( 0.07859483591664605300, -0.1711296012727198700, 0.06761722654609729500 ) ) ;
#2064 = DIRECTION ( 'NONE',  ( 0.8660254037844386000, 0.5000000000000000000, 0.0000000000000000000 ) ) ;
#2065 = CIRCLE ( 'NONE', #2179, 0.2145063509461100400 ) ;
#2066 = CARTESIAN_POINT ( 'NONE',  ( -0.1207153998871081700, -0.05150480060311332000, 0.1116748684744870200 ) ) ;
#2067 = ORIENTED_EDGE ( 'NONE', *, *, #2292, .T. ) ;
#2068 = FACE_OUTER_BOUND ( 'NONE', #1757, .T. ) ;
#2069 = CARTESIAN_POINT ( 'NONE',  ( 0.1222816765894587800, 0.04835719042828933600, 0.1171874999999999900 ) ) ;
#2070 = CARTESIAN_POINT ( 'NONE',  ( 0.07470252959880233100, -0.03094280090340148900, 0.09914062499999996800 ) ) ;
#2071 = AXIS2_PLACEMENT_3D ( 'NONE', #3092, #2803, #987 ) ;
#2072 = ORIENTED_EDGE ( 'NONE', *, *, #4459, .F. ) ;
#2073 = CARTESIAN_POINT ( 'NONE',  ( 0.07470252959880231700, -0.03094280090340148500, -0.1469531249999999900 ) ) ;
#2074 = ORIENTED_EDGE ( 'NONE', *, *, #1557, .T. ) ;
#2075 = CARTESIAN_POINT ( 'NONE',  ( -0.07512255819229213300, 0.03277429957902373200, 0.01698691289673502600 ) ) ;
#2076 = CARTESIAN_POINT ( 'NONE',  ( 0.0000000000000000000, 0.09499999999999998700, -0.09421875000000007300 ) ) ;
#2077 = CARTESIAN_POINT ( 'NONE',  ( -0.06849832654630094700, 0.04208059881710107800, -0.09770691743290659000 ) ) ;
#2078 = VERTEX_POINT ( 'NONE', #1667 ) ;
#2079 = CARTESIAN_POINT ( 'NONE',  ( 0.05282266525110190800, 0.05282266525110191500, -0.1410937500000000200 ) ) ;
#2080 = DIRECTION ( 'NONE',  ( 1.000000000000000000, 3.414809992080329100E-015, 0.0000000000000000000 ) ) ;
#2081 = ORIENTED_EDGE ( 'NONE', *, *, #293, .F. ) ;
#2082 = CARTESIAN_POINT ( 'NONE',  ( -0.04005091238561424300, -0.09669145586676651500, -0.07761718750000008700 ) ) ;
#2083 = CARTESIAN_POINT ( 'NONE',  ( -0.01300509676842050300, 0.1489088351982715000, 0.1158159005952539200 ) ) ;
#2084 = CARTESIAN_POINT ( 'NONE',  ( -0.01589420695127550000, 0.1302788683518074600, 0.1117593532365086400 ) ) ;
#2085 = VERTEX_POINT ( 'NONE', #3500 ) ;
#2086 = AXIS2_PLACEMENT_3D ( 'NONE', #3635, #1158, #833 ) ;
#2087 = CARTESIAN_POINT ( 'NONE',  ( -0.1219896983429960400, -0.04835235229677796500, 0.1141936207942611100 ) ) ;
#2088 =( BOUNDED_CURVE ( )  B_SPLINE_CURVE ( 2, ( #2732, #3142, #289, #1343, #2787, #1719, #1037, #2754, #3104 ),
 .UNSPECIFIED., .F., .T. ) 
 B_SPLINE_CURVE_WITH_KNOTS ( ( 3, 2, 2, 2, 3 ),
 ( 0.3611111111111111000, 0.3750000000000000000, 0.3888888888888889000, 0.4027777777777777900, 0.4166666666666666900 ),
 .UNSPECIFIED. ) 
 CURVE ( )  GEOMETRIC_REPRESENTATION_ITEM ( )  RATIONAL_B_SPLINE_CURVE ( ( 1.000000000000000000, 0.9238795325112867400, 1.000000000000000000, 0.9238795325112867400, 1.000000000000000000, 0.9238795325112867400, 1.000000000000000000, 0.9238795325112867400, 1.000000000000000000 ) ) 
 REPRESENTATION_ITEM ( '' )  );
#2089 = EDGE_CURVE ( 'NONE', #1916, #1143, #2088, .T. ) ;
#2090 = ORIENTED_EDGE ( 'NONE', *, *, #1156, .F. ) ;
#2091 = DIRECTION ( 'NONE',  ( -0.0000000000000000000, -0.0000000000000000000, 1.000000000000000000 ) ) ;
#2092 = CARTESIAN_POINT ( 'NONE',  ( 0.0000000000000000000, 0.07470252959880233100, -0.1371875000000000200 ) ) ;
#2093 = EDGE_CURVE ( 'NONE', #4316, #4044, #2692, .T. ) ;
#2094 = ORIENTED_EDGE ( 'NONE', *, *, #2946, .T. ) ;
#2095 = ADVANCED_FACE ( 'NONE', ( #1032 ), #1363, .F. ) ;
#2096 = CARTESIAN_POINT ( 'NONE',  ( -0.06837118412619036500, -0.06837118412619039300, -0.04832031250000010100 ) ) ;
#2097 = AXIS2_PLACEMENT_3D ( 'NONE', #467, #2214, #1538 ) ;
#2098 = CARTESIAN_POINT ( 'NONE',  ( -0.1063513571584025300, -0.07998396965871387700, 0.1171874999999999900 ) ) ;
#2099 = DIRECTION ( 'NONE',  ( -0.0000000000000000000, -0.0000000000000000000, -1.000000000000000000 ) ) ;
#2100 = DIRECTION ( 'NONE',  ( 1.000000000000000000, 0.0000000000000000000, 0.0000000000000000000 ) ) ;
#2101 = CARTESIAN_POINT ( 'NONE',  ( -0.01947433869130321300, 0.1342266770545055600, 0.1209043253345722700 ) ) ;
#2102 = CARTESIAN_POINT ( 'NONE',  ( -0.03094280090340154100, 0.07470252959880231700, -0.1352343750000000500 ) ) ;
#2103 = DIRECTION ( 'NONE',  ( 1.000000000000000000, 0.0000000000000000000, 0.0000000000000000000 ) ) ;
#2104 = CARTESIAN_POINT ( 'NONE',  ( -0.06837118412619039300, 0.06837118412619036500, 0.03566406249999994100 ) ) ;
#2105 = CARTESIAN_POINT ( 'NONE',  ( 0.07470252959880233100, 4.574210688069183900E-018, -0.05515625000000003200 ) ) ;
#2106 = CARTESIAN_POINT ( 'NONE',  ( -0.07470252959880233100, -1.372263206420755200E-017, -0.06687500000000000400 ) ) ;
#2107 = CARTESIAN_POINT ( 'NONE',  ( 0.03094280090340148900, 0.07470252959880231700, 0.1108593749999999800 ) ) ;
#2108 = PERSON_AND_ORGANIZATION ( #1944, #519 ) ;
#2109 = CARTESIAN_POINT ( 'NONE',  ( 1.184128819321331600E-017, -0.09669145586676650100, -0.04441406250000010100 ) ) ;
#2110 = CARTESIAN_POINT ( 'NONE',  ( 0.1106723078378488400, 0.07891367896219041200, 0.1158159005952539200 ) ) ;
#2111 = FACE_OUTER_BOUND ( 'NONE', #4182, .T. ) ;
#2112 = CARTESIAN_POINT ( 'NONE',  ( 0.02219854631833518800, -0.1292987756509529900, 0.1174038518402754800 ) ) ;
#2113 = CARTESIAN_POINT ( 'NONE',  ( -0.1453124999999999800, 0.0000000000000000000, 0.09718749999999998200 ) ) ;
#2114 = CARTESIAN_POINT ( 'NONE',  ( 0.0000000000000000000, 0.0000000000000000000, -0.1171875000000000300 ) ) ;
#2115 = CARTESIAN_POINT ( 'NONE',  ( 0.05282266525110191500, -0.05282266525110190800, 0.09718749999999998200 ) ) ;
#2116 = FACE_OUTER_BOUND ( 'NONE', #3523, .T. ) ;
#2117 = ADVANCED_FACE ( 'NONE', ( #311 ), #528, .F. ) ;
#2118 = CARTESIAN_POINT ( 'NONE',  ( -0.1399234057188234200, -0.08518947794741660300, 0.1124295486467742500 ) ) ;
#2119 = EDGE_CURVE ( 'NONE', #2847, #1431, #2371, .T. ) ;
#2120 = CARTESIAN_POINT ( 'NONE',  ( 0.1497564284284900700, 0.07241172614825877600, 0.1129093923214163500 ) ) ;
#2121 = FACE_OUTER_BOUND ( 'NONE', #404, .T. ) ;
#2122 = CARTESIAN_POINT ( 'NONE',  ( 0.03094280090340150200, -0.07470252959880233100, -0.08835937500000003200 ) ) ;
#2123 = LINE ( 'NONE', #4550, #1950 ) ;
#2124 = CARTESIAN_POINT ( 'NONE',  ( 0.03094280090340148900, 0.07470252959880231700, 0.01320312499999997200 ) ) ;
#2125 = CARTESIAN_POINT ( 'NONE',  ( 0.03094280090340148900, 0.07470252959880231700, -0.07664062500000001800 ) ) ;
#2126 = AXIS2_PLACEMENT_3D ( 'NONE', #3787, #2043, #997 ) ;
#2127 = PERSON_AND_ORGANIZATION_ROLE ( 'classification_officer' ) ;
#2128 = ORIENTED_EDGE ( 'NONE', *, *, #3905, .F. ) ;
#2129 = VERTEX_POINT ( 'NONE', #4172 ) ;
#2130 = DIRECTION ( 'NONE',  ( 1.000000000000000000, 0.0000000000000000000, 0.0000000000000000000 ) ) ;
#2131 = CARTESIAN_POINT ( 'NONE',  ( -0.1175882880961124600, 0.05829138970352641000, 0.1081762756333461000 ) ) ;
#2132 = CARTESIAN_POINT ( 'NONE',  ( -0.01131183279460152600, 0.1576547697051040600, 0.1147563661030279300 ) ) ;
#2133 = B_SPLINE_CURVE_WITH_KNOTS ( 'NONE', 3,
 ( #2553, #1147, #480, #3582, #1185, #4299, #1826, #2595 ),
 .UNSPECIFIED., .F., .F.,
 ( 4, 2, 2, 4 ),
 ( 0.0001064236135347612200, 0.002777285481970315700, 0.004112716416188093300, 0.005448147350405870500 ),
 .UNSPECIFIED. ) ;
#2134 = PERSON_AND_ORGANIZATION ( #1944, #519 ) ;
#2135 = ORIENTED_EDGE ( 'NONE', *, *, #3410, .F. ) ;
#2136 = DIRECTION ( 'NONE',  ( 1.000000000000000000, 0.0000000000000000000, 0.0000000000000000000 ) ) ;
#2137 = CARTESIAN_POINT ( 'NONE',  ( 0.007193836779758765700, 0.1359716490585035900, 0.1130037753972357300 ) ) ;
#2138 = AXIS2_PLACEMENT_3D ( 'NONE', #2317, #2349, #543 ) ;
#2139 = VERTEX_POINT ( 'NONE', #342 ) ;
#2140 = CARTESIAN_POINT ( 'NONE',  ( 0.07142381475078823900, 0.06263895502357205700, 0.03046874999999996100 ) ) ;
#2141 = DIRECTION ( 'NONE',  ( -0.0000000000000000000, -0.0000000000000000000, 1.000000000000000000 ) ) ;
#2142 = CARTESIAN_POINT ( 'NONE',  ( -0.09499999999999998700, 1.163414459189985400E-017, 0.03515624999999998600 ) ) ;
#2143 = CARTESIAN_POINT ( 'NONE',  ( -0.01437980219536803300, -0.07470252959880233100, -0.09122016027453387600 ) ) ;
#2144 = CARTESIAN_POINT ( 'NONE',  ( -0.03094280090340147100, -0.07470252959880234500, -0.002421875000000031600 ) ) ;
#2145 = CARTESIAN_POINT ( 'NONE',  ( -0.03094280090340154100, 0.07470252959880231700, -0.01023437500000000900 ) ) ;
#2146 = ORIENTED_EDGE ( 'NONE', *, *, #855, .T. ) ;
#2147 = ADVANCED_FACE ( 'NONE', ( #1796 ), #1091, .T. ) ;
#2148 = EDGE_LOOP ( 'NONE', ( #3029, #2689, #495, #3901 ) ) ;
#2149 = CARTESIAN_POINT ( 'NONE',  ( 0.1874999999999997800, -0.1041956073748592100, -0.09888904662460761000 ) ) ;
#2150 = CARTESIAN_POINT ( 'NONE',  ( -0.01333576221017853700, -0.1305737932258976600, 0.1157486130713285400 ) ) ;
#2151 = CARTESIAN_POINT ( 'NONE',  ( 0.1202114631548871600, 0.09025785888275619800, 0.1171874999999999900 ) ) ;
#2152 = DIRECTION ( 'NONE',  ( -0.5000000000000101000, 0.8660254037844329300, 0.0000000000000000000 ) ) ;
#2153 = CARTESIAN_POINT ( 'NONE',  ( 9.148421376138369400E-018, -0.07470252959880234500, 0.03078124999999996500 ) ) ;
#2154 = EDGE_CURVE ( 'NONE', #2569, #204, #4413, .T. ) ;
#2155 = ORIENTED_EDGE ( 'NONE', *, *, #1825, .F. ) ;
#2156 = CARTESIAN_POINT ( 'NONE',  ( -0.1354613825138633600, -0.06319167341900909500, 0.1158159005952539200 ) ) ;
#2157 = DIRECTION ( 'NONE',  ( 1.000000000000000000, 0.0000000000000000000, 0.0000000000000000000 ) ) ;
#2158 = CARTESIAN_POINT ( 'NONE',  ( -0.06717514421272202700, 0.06717514421272199900, -0.05515625000000007300 ) ) ;
#2159 = ORIENTED_EDGE ( 'NONE', *, *, #4243, .T. ) ;
#2160 = CARTESIAN_POINT ( 'NONE',  ( -0.07470252959880231700, -0.03094280090340153000, -0.006328125000000028200 ) ) ;
#2161 = CARTESIAN_POINT ( 'NONE',  ( 0.03094280090340150600, -0.07470252959880231700, -0.02585937500000001400 ) ) ;
#2162 = DIRECTION ( 'NONE',  ( -0.4999999999999894000, -0.8660254037844447000, 0.0000000000000000000 ) ) ;
#2163 = CARTESIAN_POINT ( 'NONE',  ( -0.01641896977174187000, -0.1302191864788559400, 0.1178714458917575600 ) ) ;
#2164 = CARTESIAN_POINT ( 'NONE',  ( 0.004663777816100571700, 0.1705037379456371400, 0.1099928581077388300 ) ) ;
#2165 = CARTESIAN_POINT ( 'NONE',  ( -0.07470252959880231700, 0.03094280090340150900, -0.01023437500000002500 ) ) ;
#2166 = ADVANCED_FACE ( 'NONE', ( #971 ), #2609, .F. ) ;
#2167 = CARTESIAN_POINT ( 'NONE',  ( -0.01300509676842262300, -0.1351278767834137300, 0.1158159005952551100 ) ) ;
#2168 = AXIS2_PLACEMENT_3D ( 'NONE', #4490, #2748, #1303 ) ;
#2169 = COORDINATED_UNIVERSAL_TIME_OFFSET ( 6, 0, .BEHIND. ) ;
#2170 = CARTESIAN_POINT ( 'NONE',  ( 0.0000000000000000000, 0.07470252959880233100, -0.01609375000000002800 ) ) ;
#2171 = CARTESIAN_POINT ( 'NONE',  ( -0.03094280090340154100, 0.07470252959880231700, 0.02101562499999998200 ) ) ;
#2172 = FACE_OUTER_BOUND ( 'NONE', #583, .T. ) ;
#2173 = CARTESIAN_POINT ( 'NONE',  ( 0.0000000000000000000, 0.0000000000000000000, 0.09718749999999998200 ) ) ;
#2174 =( BOUNDED_CURVE ( )  B_SPLINE_CURVE ( 2, ( #3589, #1474, #3290, #3275, #2926, #1171, #1862, #4321, #76, #2539, #1139, #2577, #2234, #1493, #3932, #475, #2897, #559, #4393, #188, #4374, #2304, #3630, #2291, #4347, #1915, #1233, #2645, #4007, #4049, #173, #2600, #206, #2958, #3016, #547, #2972, #2985, #2611, #3337, #2276, #4359, #2629, #2998, #3363, #2263, #3658, #2659, #516, #898, #162, #914, #1598, #1555, #1901 ),
 .UNSPECIFIED., .F., .T. ) 
 B_SPLINE_CURVE_WITH_KNOTS ( ( 3, 2, 2, 2, 2, 2, 2, 2, 2, 2, 2, 2, 2, 2, 2, 2, 2, 2, 2, 2, 2, 2, 2, 2, 2, 2, 2, 3 ),
 ( 0.3511537276420342300, 0.3611111111111111000, 0.3750000000000000000, 0.3888888888888889000, 0.4027777777777777900, 0.4166666666666666900, 0.4305555555555555800, 0.4444444444444444200, 0.4583333333333333100, 0.4722222222222222100, 0.4861111111111111000, 0.5000000000000000000, 0.5138888888888888400, 0.5277777777777777900, 0.5416666666666666300, 0.5555555555555555800, 0.5694444444444444200, 0.5833333333333333700, 0.5972222222222222100, 0.6111111111111111600, 0.6250000000000000000, 0.6388888888888888400, 0.6527777777777777900, 0.6666666666666666300, 0.6805555555555555800, 0.6944444444444444200, 0.7083333333333333700, 0.7150619687301176300 ),
 .UNSPECIFIED. ) 
 CURVE ( )  GEOMETRIC_REPRESENTATION_ITEM ( )  RATIONAL_B_SPLINE_CURVE ( ( 0.9691041216371234500, 0.9454268307066028300, 1.000000000000000000, 0.9238795325112867400, 1.000000000000000000, 0.9238795325112867400, 1.000000000000000000, 0.9238795325112867400, 1.000000000000000000, 0.9238795325112867400, 1.000000000000000000, 0.9238795325112867400, 1.000000000000000000, 0.9238795325112867400, 1.000000000000000000, 0.9238795325112867400, 1.000000000000000000, 0.9238795325112867400, 1.000000000000000000, 0.9238795325112867400, 1.000000000000000000, 0.9238795325112867400, 1.000000000000000000, 0.9238795325112867400, 1.000000000000000000, 0.9238795325112867400, 1.000000000000000000, 0.9238795325112867400, 1.000000000000000000, 0.9238795325112867400, 1.000000000000000000, 0.9238795325112867400, 1.000000000000000000, 0.9238795325112867400, 1.000000000000000000, 0.9238795325112867400, 1.000000000000000000, 0.9238795325112867400, 1.000000000000000000, 0.9238795325112867400, 1.000000000000000000, 0.9238795325112867400, 1.000000000000000000, 0.9238795325112867400, 1.000000000000000000, 0.9238795325112867400, 1.000000000000000000, 0.9238795325112867400, 1.000000000000000000, 0.9238795325112867400, 1.000000000000000000, 0.9238795325112867400, 1.000000000000000000, 0.9631225452185681000, 0.9619765228894710000 ) ) 
 REPRESENTATION_ITEM ( '' )  );
#2175 = DIRECTION ( 'NONE',  ( -0.0000000000000000000, -0.0000000000000000000, 1.000000000000000000 ) ) ;
#2176 = CARTESIAN_POINT ( 'NONE',  ( 0.0000000000000000000, 0.0000000000000000000, -0.1171875000000000400 ) ) ;
#2177 = VECTOR ( 'NONE', #332, 39.37007874015748100 ) ;
#2178 = DIRECTION ( 'NONE',  ( 0.8660254037844397100, 0.0000000000000000000, -0.4999999999999979500 ) ) ;
#2179 = AXIS2_PLACEMENT_3D ( 'NONE', #133, #508, #1199 ) ;
#2180 = DIRECTION ( 'NONE',  ( 0.0000000000000000000, -0.0000000000000000000, 1.000000000000000000 ) ) ;
#2181 = ORIENTED_EDGE ( 'NONE', *, *, #3631, .F. ) ;
#2182 = ORIENTED_EDGE ( 'NONE', *, *, #1075, .T. ) ;
#2183 = CIRCLE ( 'NONE', #1808, 0.1499999999999999900 ) ;
#2184 = CARTESIAN_POINT ( 'NONE',  ( 0.1543431584539252700, 0.1273962868651597200, 0.06071975416609919100 ) ) ;
#2185 = EDGE_CURVE ( 'NONE', #661, #3179, #3082, .T. ) ;
#2186 = CARTESIAN_POINT ( 'NONE',  ( 0.0000000000000000000, 0.0000000000000000000, 0.05201404662460755400 ) ) ;
#2187 = CARTESIAN_POINT ( 'NONE',  ( 0.1387658051218715600, -0.06509948270125662200, 0.1158159005952539800 ) ) ;
#2188 = VERTEX_POINT ( 'NONE', #2462 ) ;
#2189 = CARTESIAN_POINT ( 'NONE',  ( 0.0000000000000000000, 0.07470252959880233100, -0.1098437500000000200 ) ) ;
#2190 = CARTESIAN_POINT ( 'NONE',  ( -0.05282266525110190800, -0.05282266525110192200, -0.06296875000000001800 ) ) ;
#2191 = CARTESIAN_POINT ( 'NONE',  ( -0.05282266525110192200, 0.05282266525110190100, -0.03953125000000001100 ) ) ;
#2192 = CARTESIAN_POINT ( 'NONE',  ( -0.1049621656827029500, 0.07879020262867529600, 0.1116748684744862400 ) ) ;
#2193 = ORIENTED_EDGE ( 'NONE', *, *, #596, .T. ) ;
#2194 = CARTESIAN_POINT ( 'NONE',  ( -0.1042833190200900400, -0.08106174057883855400, 0.1171874999999999900 ) ) ;
#2195 = CARTESIAN_POINT ( 'NONE',  ( 0.1428387324018756400, -0.06138253759823858500, 0.1171874999999999900 ) ) ;
#2196 = CARTESIAN_POINT ( 'NONE',  ( 0.09499999999999998700, 0.03935028842544403800, -0.006328125000000083700 ) ) ;
#2197 = AXIS2_PLACEMENT_3D ( 'NONE', #3606, #2212, #106 ) ;
#2198 = ORIENTED_EDGE ( 'NONE', *, *, #359, .F. ) ;
#2199 = CARTESIAN_POINT ( 'NONE',  ( 0.003814549178184582500, -0.1637719629102462900, 0.1124295486467742500 ) ) ;
#2200 = CARTESIAN_POINT ( 'NONE',  ( 0.1242290513748574400, 0.1447826746936647400, 0.06614056539214875600 ) ) ;
#2201 = EDGE_LOOP ( 'NONE', ( #944, #4096, #492, #2749, #4163, #97, #3462, #3785, #1328, #2613 ) ) ;
#2202 = CARTESIAN_POINT ( 'NONE',  ( -0.008312319742903438700, 0.1309801395305199300, 0.1081762756333460700 ) ) ;
#2203 = CARTESIAN_POINT ( 'NONE',  ( -0.04005091238561424300, -0.09669145586676651500, 0.04542968749999994100 ) ) ;
#2204 = CARTESIAN_POINT ( 'NONE',  ( 0.1212856381858624900, -0.08774478283021314200, 0.1171874999999999600 ) ) ;
#2205 = CARTESIAN_POINT ( 'NONE',  ( -0.06837118412619039300, 0.06837118412619036500, -0.08933593750000007300 ) ) ;
#2206 = ORIENTED_EDGE ( 'NONE', *, *, #4201, .T. ) ;
#2207 = CARTESIAN_POINT ( 'NONE',  ( 0.004116355564680576100, -0.1311912723799583100, 0.1071838159462591800 ) ) ;
#2208 = ORIENTED_EDGE ( 'NONE', *, *, #2946, .F. ) ;
#2209 = CARTESIAN_POINT ( 'NONE',  ( -0.1224438171348924300, -0.05211073605927327200, 0.1171874999999999900 ) ) ;
#2210 = DIRECTION ( 'NONE',  ( -0.0000000000000000000, -0.0000000000000000000, 1.000000000000000000 ) ) ;
#2211 = ORIENTED_EDGE ( 'NONE', *, *, #3432, .T. ) ;
#2212 = DIRECTION ( 'NONE',  ( -0.0000000000000000000, -0.0000000000000000000, 1.000000000000000000 ) ) ;
#2213 = EDGE_CURVE ( 'NONE', #4118, #2758, #2561, .T. ) ;
#2214 = DIRECTION ( 'NONE',  ( -0.0000000000000000000, -0.0000000000000000000, 1.000000000000000000 ) ) ;
#2215 = CARTESIAN_POINT ( 'NONE',  ( 0.03094280090340150600, -0.07470252959880231700, -0.09226562500000004600 ) ) ;
#2216 = CARTESIAN_POINT ( 'NONE',  ( 0.09669145586676650100, -0.04005091238561425700, -0.009257812500000064600 ) ) ;
#2217 = AXIS2_PLACEMENT_3D ( 'NONE', #3222, #801, #1178 ) ;
#2218 = DIRECTION ( 'NONE',  ( 1.000000000000000000, 0.0000000000000000000, 0.0000000000000000000 ) ) ;
#2219 = CARTESIAN_POINT ( 'NONE',  ( 0.1462732874077606600, -0.08764217942238108900, 0.1099973300733865800 ) ) ;
#2220 = DIRECTION ( 'NONE',  ( 1.000000000000000000, 0.0000000000000000000, 0.0000000000000000000 ) ) ;
#2221 = CARTESIAN_POINT ( 'NONE',  ( -0.1222816889066417500, 0.04835747557361429900, 0.1171874999999999900 ) ) ;
#2222 = FACE_BOUND ( 'NONE', #2374, .T. ) ;
#2223 = CARTESIAN_POINT ( 'NONE',  ( 0.1874999999999997800, -0.1041956073748592100, 0.05201404662460754800 ) ) ;
#2224 = CARTESIAN_POINT ( 'NONE',  ( -0.09968750000000004000, 1.220819777900018000E-017, 0.03515624999999998600 ) ) ;
#2225 = AXIS2_PLACEMENT_3D ( 'NONE', #3676, #2264, #164 ) ;
#2226 = CARTESIAN_POINT ( 'NONE',  ( -0.1199289005765473000, 0.09009472130208645600, 0.1171874999999999900 ) ) ;
#2227 = CYLINDRICAL_SURFACE ( 'NONE', #569, 0.09499999999999998700 ) ;
#2228 = CARTESIAN_POINT ( 'NONE',  ( 0.1245903033901361300, 0.1445741057453982200, -0.1144588665547572300 ) ) ;
#2229 = CARTESIAN_POINT ( 'NONE',  ( 0.06837118412619037900, -0.06837118412619036500, 0.02003906249999993700 ) ) ;
#2230 = CARTESIAN_POINT ( 'NONE',  ( 0.02199260931391680200, -0.1293339629758870900, 0.1171874999999999900 ) ) ;
#2231 = CIRCLE ( 'NONE', #4237, 0.009999999999999996700 ) ;
#2232 = VECTOR ( 'NONE', #3192, 39.37007874015748900 ) ;
#2233 = CARTESIAN_POINT ( 'NONE',  ( 0.1300006205055400700, -0.09450992164398616700, 0.1156804772760067600 ) ) ;
#2234 = CARTESIAN_POINT ( 'NONE',  ( -0.05282266525110192200, 0.05282266525110190100, -0.01218750000000003200 ) ) ;
#2235 = EDGE_CURVE ( 'NONE', #2297, #4332, #4536, .T. ) ;
#2236 = ORIENTED_EDGE ( 'NONE', *, *, #1614, .F. ) ;
#2237 = VERTEX_POINT ( 'NONE', #3571 ) ;
#2238 = CARTESIAN_POINT ( 'NONE',  ( 0.03935028842544402400, 0.09499999999999998700, -0.002421875000000088000 ) ) ;
#2239 = CARTESIAN_POINT ( 'NONE',  ( 0.07470252959880233100, 0.03094280090340150600, -0.02195312500000003900 ) ) ;
#2240 = DIRECTION ( 'NONE',  ( -1.000000000000000000, 0.0000000000000000000, 0.0000000000000000000 ) ) ;
#2241 = ORIENTED_EDGE ( 'NONE', *, *, #4140, .T. ) ;
#2242 = EDGE_CURVE ( 'NONE', #2758, #1805, #88, .T. ) ;
#2243 = CARTESIAN_POINT ( 'NONE',  ( -0.1042833190200904800, 0.08106174057883794300, 0.1171874999999999900 ) ) ;
#2244 = CARTESIAN_POINT ( 'NONE',  ( 0.0000000000000000000, 0.09669145586676650100, 0.06300781249999994100 ) ) ;
#2245 = DIRECTION ( 'NONE',  ( -2.914509126958233100E-015, 1.000000000000000000, -1.707404996040165200E-015 ) ) ;
#2246 = CARTESIAN_POINT ( 'NONE',  ( 0.09669145586676650100, 0.04005091238561426400, -0.06785156250000004600 ) ) ;
#2247 = EDGE_LOOP ( 'NONE', ( #769, #1218, #3343, #994, #4368, #3946, #1388, #2579, #377, #444, #1499, #272, #2950, #4491, #881 ) ) ;
#2248 = VERTEX_POINT ( 'NONE', #2113 ) ;
#2249 = DIRECTION ( 'NONE',  ( 0.8660254037844388200, -0.4999999999999995600, 0.0000000000000000000 ) ) ;
#2250 = CARTESIAN_POINT ( 'NONE',  ( 0.1230028021661921400, 0.04562082312658669000, 0.1171874999999999900 ) ) ;
#2251 = B_SPLINE_CURVE_WITH_KNOTS ( 'NONE', 3,
 ( #3381, #2989, #520, #3366, #1618, #2327 ),
 .UNSPECIFIED., .F., .F.,
 ( 4, 2, 4 ),
 ( 0.01820587587617704000, 0.01954376154926322100, 0.02088164722234940200 ),
 .UNSPECIFIED. ) ;
#2252 = CARTESIAN_POINT ( 'NONE',  ( 0.06717514421272199900, 0.06717514421272201300, -0.004375000000000078500 ) ) ;
#2253 = ORIENTED_EDGE ( 'NONE', *, *, #4325, .F. ) ;
#2254 = CARTESIAN_POINT ( 'NONE',  ( 9.148421376138369400E-018, -0.07470252959880234500, -0.03171875000000003200 ) ) ;
#2255 = CARTESIAN_POINT ( 'NONE',  ( -0.007085393626915828000, -0.1620814336750469600, 0.1131699214730690400 ) ) ;
#2256 = CARTESIAN_POINT ( 'NONE',  ( -0.08281580072898187000, 8.598184865700696600E-015, 0.01828455072898186500 ) ) ;
#2257 = CARTESIAN_POINT ( 'NONE',  ( -0.09669145586676648800, -0.04005091238561431200, 0.1040234374999999100 ) ) ;
#2258 = ORIENTED_EDGE ( 'NONE', *, *, #3716, .F. ) ;
#2259 = CARTESIAN_POINT ( 'NONE',  ( 0.1400805653859862300, -0.08978399746083415300, 0.1131901953754522600 ) ) ;
#2260 = CARTESIAN_POINT ( 'NONE',  ( -0.04005091238561431900, 0.09669145586676648800, 0.002460937499999943200 ) ) ;
#2261 = EDGE_LOOP ( 'NONE', ( #4004, #1260, #556, #3024 ) ) ;
#2262 = CARTESIAN_POINT ( 'NONE',  ( 0.1202312058298145400, 0.06413207914798911600, 0.1121920646682173200 ) ) ;
#2263 = CARTESIAN_POINT ( 'NONE',  ( -0.03094280090340154100, 0.07470252959880233100, -0.07664062500000001800 ) ) ;
#2264 = DIRECTION ( 'NONE',  ( -0.0000000000000000000, -0.0000000000000000000, 1.000000000000000000 ) ) ;
#2265 = EDGE_CURVE ( 'NONE', #1909, #1487, #3490, .T. ) ;
#2266 = CARTESIAN_POINT ( 'NONE',  ( 0.07470252959880234500, 4.574210688069184700E-018, 0.007343749999999968400 ) ) ;
#2267 = DIRECTION ( 'NONE',  ( 1.000000000000000000, 0.0000000000000000000, -0.0000000000000000000 ) ) ;
#2268 = CARTESIAN_POINT ( 'NONE',  ( 0.0000000000000000000, 0.0000000000000000000, 0.08437499999999999200 ) ) ;
#2269 = AXIS2_PLACEMENT_3D ( 'NONE', #2314, #1562, #3368 ) ;
#2270 = CARTESIAN_POINT ( 'NONE',  ( 0.1308614314858023400, -0.08862705340108256700, 0.1147604846082319100 ) ) ;
#2271 = CARTESIAN_POINT ( 'NONE',  ( 0.06837118412619037900, -0.06837118412619036500, -0.1362109375000000700 ) ) ;
#2272 = PERSON_AND_ORGANIZATION ( #1944, #519 ) ;
#2273 = B_SPLINE_CURVE_WITH_KNOTS ( 'NONE', 3,
 ( #954, #1624, #3025, #2988, #2682, #1981 ),
 .UNSPECIFIED., .F., .F.,
 ( 4, 2, 4 ),
 ( 0.0000000000000000000, 0.0005392743025568121400, 0.001078548605113624300 ),
 .UNSPECIFIED. ) ;
#2274 = AXIS2_PLACEMENT_3D ( 'NONE', #1456, #103, #2162 ) ;
#2275 = CARTESIAN_POINT ( 'NONE',  ( -0.04809980053051159800, -0.08192319078823161200, -0.1124999999999994600 ) ) ;
#2276 = CARTESIAN_POINT ( 'NONE',  ( -0.05282266525110190800, -0.05282266525110192200, -0.06687500000000003200 ) ) ;
#2277 = CARTESIAN_POINT ( 'NONE',  ( -0.007530332794685998300, -0.08737616010029325400, 0.02297883783988259300 ) ) ;
#2278 = CARTESIAN_POINT ( 'NONE',  ( -0.07470252959880234500, -1.372263206420755300E-017, -0.07078125000000001800 ) ) ;
#2279 = CARTESIAN_POINT ( 'NONE',  ( 0.02026054208801317600, -0.07206663768405241500, -0.09220252959880245700 ) ) ;
#2280 = CARTESIAN_POINT ( 'NONE',  ( -0.1199289005765469000, -0.09009472130208727400, 0.1071874999999999800 ) ) ;
#2281 = CARTESIAN_POINT ( 'NONE',  ( -0.003513957050623104900, 0.2144775668970116700, -0.09888904662460761000 ) ) ;
#2282 = CARTESIAN_POINT ( 'NONE',  ( -0.1443351081144668700, 0.07593925415585108000, 0.1128990818932793500 ) ) ;
#2283 = CARTESIAN_POINT ( 'NONE',  ( -0.1839860429493775400, -0.1102819595221518900, -0.09888904662460761000 ) ) ;
#2284 = ORIENTED_EDGE ( 'NONE', *, *, #3686, .T. ) ;
#2285 = VERTEX_POINT ( 'NONE', #1419 ) ;
#2286 = CARTESIAN_POINT ( 'NONE',  ( 0.1421889519897042200, -0.06903105028906070300, 0.1147563661030284700 ) ) ;
#2287 = CIRCLE ( 'NONE', #74, 0.1499999999999999900 ) ;
#2288 = CARTESIAN_POINT ( 'NONE',  ( 0.07470252959880231700, -0.03094280090340148500, 0.07179687499999998200 ) ) ;
#2289 = CARTESIAN_POINT ( 'NONE',  ( -0.1048857335854748900, 0.07889398930135825500, 0.1117495405448366100 ) ) ;
#2290 = ORIENTED_EDGE ( 'NONE', *, *, #4214, .T. ) ;
#2291 = CARTESIAN_POINT ( 'NONE',  ( -0.03094280090340147500, -0.07470252959880234500, -0.03367187500000002500 ) ) ;
#2292 = EDGE_CURVE ( 'NONE', #1431, #3137, #3547, .T. ) ;
#2293 = CARTESIAN_POINT ( 'NONE',  ( -0.1300271438304445600, -0.09450525825160822900, 0.1156706310935930000 ) ) ;
#2294 = EDGE_LOOP ( 'NONE', ( #1849, #3207, #3348, #336, #437, #1471 ) ) ;
#2295 = CARTESIAN_POINT ( 'NONE',  ( -0.03094280090340154700, 0.07470252959880231700, -0.07664062500000001800 ) ) ;
#2296 = CARTESIAN_POINT ( 'NONE',  ( 0.1379887676827601700, -0.05881411389618346200, 0.1171874999999999900 ) ) ;
#2297 = VERTEX_POINT ( 'NONE', #52 ) ;
#2298 = CARTESIAN_POINT ( 'NONE',  ( -0.01926204214368510900, 0.1300777867976246600, 0.1171874999999999900 ) ) ;
#2299 = DIRECTION ( 'NONE',  ( 0.0000000000000000000, -0.0000000000000000000, 1.000000000000000000 ) ) ;
#2300 = CARTESIAN_POINT ( 'NONE',  ( 0.1453124999999999800, 1.779564880010997200E-017, 0.09718749999999998200 ) ) ;
#2301 = CARTESIAN_POINT ( 'NONE',  ( 9.148421376138367800E-018, -0.07470252959880233100, 0.09718749999999998200 ) ) ;
#2302 = ORIENTED_EDGE ( 'NONE', *, *, #1871, .T. ) ;
#2303 = B_SPLINE_CURVE_WITH_KNOTS ( 'NONE', 3,
 ( #2250, #142, #2724, #593, #610, #235, #960, #4454, #2354, #2010 ),
 .UNSPECIFIED., .F., .F.,
 ( 4, 2, 2, 2, 4 ),
 ( 0.0000000000000000000, 0.0003163801760554253400, 0.0006327603521108506800, 0.0009491405281662760200, 0.001265520704221701400 ),
 .UNSPECIFIED. ) ;
#2304 = CARTESIAN_POINT ( 'NONE',  ( 0.03094280090340150200, -0.07470252959880233100, -0.02976562500000002500 ) ) ;
#2305 = EDGE_LOOP ( 'NONE', ( #2666, #537, #3354, #1190 ) ) ;
#2306 =( BOUNDED_SURFACE ( )  B_SPLINE_SURFACE ( 3, 2, ( 
 ( #2112, #341, #2818 ),
 ( #326, #2830, #1085 ),
 ( #3527, #1779, #4234 ),
 ( #34, #3588, #803 ),
 ( #3211, #3262, #3251 ),
 ( #3890, #1792, #3947 ),
 ( #432, #86, #3903 ),
 ( #4251, #2150, #1154 ),
 ( #816, #2163, #4280 ),
 ( #780, #2913, #51 ) ),
 .UNSPECIFIED., .F., .F., .T. ) 
 B_SPLINE_SURFACE_WITH_KNOTS ( ( 4, 2, 2, 2, 4 ),
 ( 3, 3 ),
 ( 0.0005381402106414939300, 0.0008647011695823753200, 0.001191262128523256700, 0.001517823087464138100, 0.001844384046405019500 ),
 ( 0.0000000000000000000, 1.000000000000000000 ),
 .UNSPECIFIED. ) 
 GEOMETRIC_REPRESENTATION_ITEM ( )  RATIONAL_B_SPLINE_SURFACE ( (
 ( 1.000000000000000000, 0.7486064779135372900, 1.000000000000000000),
 ( 1.000000000000000000, 0.7391543419988074700, 1.000000000000000000),
 ( 1.000000000000000000, 0.7286190124942069100, 1.000000000000000000),
 ( 1.000000000000000000, 0.7125439442685590500, 1.000000000000000000),
 ( 1.000000000000000000, 0.7070972461865836500, 1.000000000000000000),
 ( 1.000000000000000000, 0.7071163438018488500, 1.000000000000000000),
 ( 1.000000000000000000, 0.7124896623910397200, 1.000000000000000000),
 ( 1.000000000000000000, 0.7285790591089009700, 1.000000000000000000),
 ( 1.000000000000000000, 0.7391079615293811900, 1.000000000000000000),
 ( 1.000000000000000000, 0.7486107864660853700, 1.000000000000000000) ) ) 
 REPRESENTATION_ITEM ( '' )  SURFACE ( )  );
#2307 = CARTESIAN_POINT ( 'NONE',  ( -0.1498422685403161000, -0.08021870263034555600, 0.1104597206534426700 ) ) ;
#2308 = ORIENTED_EDGE ( 'NONE', *, *, #3988, .F. ) ;
#2309 = CARTESIAN_POINT ( 'NONE',  ( 0.03094280090340150900, -0.07470252959880233100, -0.06101562500000003200 ) ) ;
#2310 = AXIS2_PLACEMENT_3D ( 'NONE', #3291, #505, #4349 ) ;
#2311 = ORIENTED_EDGE ( 'NONE', *, *, #3316, .T. ) ;
#2312 = DIRECTION ( 'NONE',  ( 1.000000000000000000, 0.0000000000000000000, 0.0000000000000000000 ) ) ;
#2313 = CARTESIAN_POINT ( 'NONE',  ( 0.0000000000000000000, 0.0000000000000000000, 0.1171874999999999900 ) ) ;
#2314 = CARTESIAN_POINT ( 'NONE',  ( 0.0000000000000000000, 0.0000000000000000000, 0.03515624999999998600 ) ) ;
#2315 = DIRECTION ( 'NONE',  ( 0.8660254037844432600, -0.4999999999999919500, -0.0000000000000000000 ) ) ;
#2316 = CARTESIAN_POINT ( 'NONE',  ( 0.0000000000000000000, 0.09669145586676650100, -0.1244921875000000600 ) ) ;
#2317 = CARTESIAN_POINT ( 'NONE',  ( -0.1875000000000003900, 0.1082531754730546200, 0.07031249999999995800 ) ) ;
#2318 = B_SPLINE_CURVE_WITH_KNOTS ( 'NONE', 3,
 ( #2870, #104, #2550, #413, #3223, #1127 ),
 .UNSPECIFIED., .F., .F.,
 ( 4, 2, 4 ),
 ( 0.005109454097372605900, 0.006447427654529872500, 0.007785401211687139100 ),
 .UNSPECIFIED. ) ;
#2319 = CARTESIAN_POINT ( 'NONE',  ( 0.09669145586676650100, 0.04005091238561426400, -0.1596484375000001000 ) ) ;
#2320 = CARTESIAN_POINT ( 'NONE',  ( -0.1224562857454429000, -0.08571716177926334800, 0.1158159005952538900 ) ) ;
#2321 = CARTESIAN_POINT ( 'NONE',  ( 0.01217992509593298700, -0.1658839403846092100, 0.1129163615118865000 ) ) ;
#2322 = CARTESIAN_POINT ( 'NONE',  ( 0.05738819411337770000, -0.06951016023117369300, 0.02542642522129204300 ) ) ;
#2323 = EDGE_CURVE ( 'NONE', #2139, #3827, #2000, .T. ) ;
#2324 = CARTESIAN_POINT ( 'NONE',  ( -0.07470252959880231700, 0.03094280090340150900, -0.1352343750000000500 ) ) ;
#2325 = FACE_OUTER_BOUND ( 'NONE', #4100, .T. ) ;
#2326 = CARTESIAN_POINT ( 'NONE',  ( -0.1399555760954056300, 0.08516435820689149900, 0.1124225112638097100 ) ) ;
#2327 = CARTESIAN_POINT ( 'NONE',  ( -0.1875000000000003900, -0.1041956073748666300, -0.09888904662461356400 ) ) ;
#2328 = CARTESIAN_POINT ( 'NONE',  ( -0.01830038082736248600, -0.1554827728353970500, 0.1171875000000000300 ) ) ;
#2329 = CARTESIAN_POINT ( 'NONE',  ( 0.1261846440529420000, 0.09070337195742801700, 0.1172535284276471100 ) ) ;
#2330 = LINE ( 'NONE', #1724, #2885 ) ;
#2331 = CARTESIAN_POINT ( 'NONE',  ( 0.003513957050623549000, -0.2144775668970116700, -0.1171875000000000300 ) ) ;
#2332 = CARTESIAN_POINT ( 'NONE',  ( 0.03094280090340150600, -0.07470252959880231700, 0.06789062499999999600 ) ) ;
#2333 = CARTESIAN_POINT ( 'NONE',  ( -0.1259808815404233300, 0.05024806649868170100, 0.1209043253345722700 ) ) ;
#2334 = CARTESIAN_POINT ( 'NONE',  ( 0.06837118412619036500, 0.06837118412619037900, -0.1576953125000001000 ) ) ;
#2335 = ADVANCED_FACE ( 'NONE', ( #3225 ), #2027, .T. ) ;
#2336 = CARTESIAN_POINT ( 'NONE',  ( 0.04123868735724996900, 0.08033221109762843400, 0.02560696404716948000 ) ) ;
#2337 = FACE_OUTER_BOUND ( 'NONE', #2819, .T. ) ;
#2338 = DIRECTION ( 'NONE',  ( -0.0000000000000000000, -0.0000000000000000000, 1.000000000000000000 ) ) ;
#2339 = LINE ( 'NONE', #1410, #3822 ) ;
#2340 = CARTESIAN_POINT ( 'NONE',  ( -0.07470252959880231700, 0.03094280090340150900, -0.07273437500000004600 ) ) ;
#2341 = CARTESIAN_POINT ( 'NONE',  ( 0.03935028842544402400, 0.09499999999999998700, -0.09226562500000007300 ) ) ;
#2342 = ORIENTED_EDGE ( 'NONE', *, *, #2489, .T. ) ;
#2343 = ORIENTED_EDGE ( 'NONE', *, *, #2482, .T. ) ;
#2344 = DIRECTION ( 'NONE',  ( 0.0000000000000000000, 0.0000000000000000000, 1.000000000000000000 ) ) ;
#2345 = CARTESIAN_POINT ( 'NONE',  ( -0.09669145586676650100, -1.776193228981997500E-017, 0.03957031249999994100 ) ) ;
#2346 = AXIS2_PLACEMENT_3D ( 'NONE', #1549, #834, #820 ) ;
#2347 = CARTESIAN_POINT ( 'NONE',  ( 0.03094280090340150600, -0.07470252959880231700, -0.05710937500000001800 ) ) ;
#2348 = ORIENTED_EDGE ( 'NONE', *, *, #361, .F. ) ;
#2349 = DIRECTION ( 'NONE',  ( 1.000000000000000000, 0.0000000000000000000, -0.0000000000000000000 ) ) ;
#2350 = CARTESIAN_POINT ( 'NONE',  ( -0.03094280090340147500, -0.07470252959880234500, -0.02976562500000001400 ) ) ;
#2351 = DIRECTION ( 'NONE',  ( 1.000000000000000000, 0.0000000000000000000, 0.0000000000000000000 ) ) ;
#2352 = ORIENTED_EDGE ( 'NONE', *, *, #3028, .F. ) ;
#2353 = CARTESIAN_POINT ( 'NONE',  ( 0.07202455737831337000, 0.04280864639366342700, 0.01908270398612153500 ) ) ;
#2354 = CARTESIAN_POINT ( 'NONE',  ( 0.1028694294852575800, 0.08146974232301647200, 0.1141932747193741300 ) ) ;
#2355 = EDGE_CURVE ( 'NONE', #1113, #1975, #1466, .T. ) ;
#2356 = DIRECTION ( 'NONE',  ( 0.0000000000000000000, 0.0000000000000000000, 1.000000000000000000 ) ) ;
#2357 = ORIENTED_EDGE ( 'NONE', *, *, #122, .T. ) ;
#2358 = CARTESIAN_POINT ( 'NONE',  ( 0.04005091238561425700, 0.09669145586676650100, 0.06300781249999989900 ) ) ;
#2359 = AXIS2_PLACEMENT_3D ( 'NONE', #3093, #2141, #1341 ) ;
#2360 = CARTESIAN_POINT ( 'NONE',  ( -0.1435473779574219800, 0.07304187372725085000, 0.1136728282387690100 ) ) ;
#2361 = CARTESIAN_POINT ( 'NONE',  ( -0.1131016683631040500, -0.07576842454310341000, 0.1135085821095596100 ) ) ;
#2362 = ADVANCED_FACE ( 'NONE', ( #2789 ), #3924, .F. ) ;
#2363 = CARTESIAN_POINT ( 'NONE',  ( -0.1242290513748575400, -0.1447826746936631500, 0.06614056539214938100 ) ) ;
#2364 = ORIENTED_EDGE ( 'NONE', *, *, #1607, .T. ) ;
#2365 = CARTESIAN_POINT ( 'NONE',  ( 0.004575593175237835700, 0.1361893181502497100, 0.1121920646682168400 ) ) ;
#2366 = CARTESIAN_POINT ( 'NONE',  ( -0.03094280090340154100, 0.07470252959880231700, -0.01023437500000000900 ) ) ;
#2367 = CARTESIAN_POINT ( 'NONE',  ( 0.008948073915588744500, 0.07745985547401179600, 0.01298698343028949200 ) ) ;
#2368 = ORIENTED_EDGE ( 'NONE', *, *, #4348, .T. ) ;
#2369 = CARTESIAN_POINT ( 'NONE',  ( -0.04005091238561424300, -0.09669145586676651500, -0.1401171875000001000 ) ) ;
#2370 =( BOUNDED_CURVE ( )  B_SPLINE_CURVE ( 2, ( #3675, #3971, #1192, #3314, #4006, #2644, #1872, #1543, #3644 ),
 .UNSPECIFIED., .F., .T. ) 
 B_SPLINE_CURVE_WITH_KNOTS ( ( 3, 2, 2, 2, 3 ),
 ( 0.4722222222222222100, 0.4861111111111111000, 0.5000000000000000000, 0.5138888888888888400, 0.5277777777777777900 ),
 .UNSPECIFIED. ) 
 CURVE ( )  GEOMETRIC_REPRESENTATION_ITEM ( )  RATIONAL_B_SPLINE_CURVE ( ( 1.000000000000000000, 0.9238795325112867400, 1.000000000000000000, 0.9238795325112867400, 1.000000000000000000, 0.9238795325112867400, 1.000000000000000000, 0.9238795325112867400, 1.000000000000000000 ) ) 
 REPRESENTATION_ITEM ( '' )  );
#2371 = B_SPLINE_CURVE_WITH_KNOTS ( 'NONE', 3,
 ( #4494, #2395, #649, #2415 ),
 .UNSPECIFIED., .F., .F.,
 ( 4, 4 ),
 ( 0.0000000000000000000, 0.0001070391842575557100 ),
 .UNSPECIFIED. ) ;
#2372 = CARTESIAN_POINT ( 'NONE',  ( 0.005449699933650029400, 0.1698765624317763200, 0.1104597206534426700 ) ) ;
#2373 = CARTESIAN_POINT ( 'NONE',  ( 0.005436300745810474800, -0.1698824011214372100, 0.1104559133921426700 ) ) ;
#2374 = EDGE_LOOP ( 'NONE', ( #4376, #2206 ) ) ;
#2375 = CARTESIAN_POINT ( 'NONE',  ( 0.1161547226858108500, 0.07119592387873506500, 0.1121859754028541900 ) ) ;
#2376 = CARTESIAN_POINT ( 'NONE',  ( 1.184128819321331600E-017, -0.09669145586676650100, -0.01316406250000009600 ) ) ;
#2377 = CARTESIAN_POINT ( 'NONE',  ( 0.1245903033901362300, -0.1445741057453975600, 0.06758386655475742700 ) ) ;
#2378 = CARTESIAN_POINT ( 'NONE',  ( 0.08595582211923823200, 0.03859683792586279800, 0.02952415457642830100 ) ) ;
#2379 = CARTESIAN_POINT ( 'NONE',  ( 0.009347885244020933900, -0.1687346177089965000, 0.1114421064077419200 ) ) ;
#2380 = DIRECTION ( 'NONE',  ( -0.8660254037844442600, 0.4999999999999902300, -5.289670801377851000E-015 ) ) ;
#2381 = CARTESIAN_POINT ( 'NONE',  ( 9.148421376138367800E-018, -0.07470252959880233100, -0.05906250000000001100 ) ) ;
#2382 = CARTESIAN_POINT ( 'NONE',  ( -0.1828125000000000200, -2.432876295260290200E-017, 0.07031249999999995800 ) ) ;
#2383 = EDGE_CURVE ( 'NONE', #1256, #456, #1840, .T. ) ;
#2384 = CARTESIAN_POINT ( 'NONE',  ( -0.03935028842544410100, 0.09499999999999995900, -0.09226562500000007300 ) ) ;
#2385 = DIRECTION ( 'NONE',  ( 0.5000000000000033300, -0.8660254037844367100, 0.0000000000000000000 ) ) ;
#2386 = ADVANCED_FACE ( 'NONE', ( #2997 ), #809, .F. ) ;
#2387 = CARTESIAN_POINT ( 'NONE',  ( -0.07470252959880231700, 0.03094280090340150900, -0.1313281249999999900 ) ) ;
#2388 = CARTESIAN_POINT ( 'NONE',  ( -0.09499999999999998700, -1.745121688784978200E-017, 0.007343749999999912800 ) ) ;
#2389 = COORDINATED_UNIVERSAL_TIME_OFFSET ( 6, 0, .BEHIND. ) ;
#2390 = CARTESIAN_POINT ( 'NONE',  ( 0.1092427962496054800, 0.07274077825542382700, 0.1081881657697785900 ) ) ;
#2391 = CARTESIAN_POINT ( 'NONE',  ( 0.04005091238561425700, 0.09669145586676650100, -0.03074218750000010800 ) ) ;
#2392 = CARTESIAN_POINT ( 'NONE',  ( 0.01827415270555461300, -0.2059557639623457200, 0.05679385087268364100 ) ) ;
#2393 = LINE ( 'NONE', #3640, #1515 ) ;
#2394 = CARTESIAN_POINT ( 'NONE',  ( 0.09272165379485031200, 5.677563826575623300E-018, 0.02819040379485027500 ) ) ;
#2395 = CARTESIAN_POINT ( 'NONE',  ( 0.1019195729957448300, 0.08261586092949130300, 0.1171874999999999900 ) ) ;
#2396 = PLANE ( 'NONE',  #3297 ) ;
#2397 = CARTESIAN_POINT ( 'NONE',  ( 0.1131009624894386800, -0.07576933842650680800, 0.1135092525227572700 ) ) ;
#2398 = AXIS2_PLACEMENT_3D ( 'NONE', #3232, #4286, #3869 ) ;
#2399 = CIRCLE ( 'NONE', #1881, 0.1828125000000000200 ) ;
#2400 = CARTESIAN_POINT ( 'NONE',  ( -0.07470252959880231700, 0.03094280090340150900, -0.06882812500000003200 ) ) ;
#2401 = CARTESIAN_POINT ( 'NONE',  ( -0.1102261294019205300, 0.07957480331564183200, 0.1160197881099998100 ) ) ;
#2402 = CARTESIAN_POINT ( 'NONE',  ( -0.05282266525110190800, -0.05282266525110192200, -0.03171875000000001800 ) ) ;
#2403 = CARTESIAN_POINT ( 'NONE',  ( -0.07677694860939109100, -0.01504908353656207900, -0.09536347200570262400 ) ) ;
#2404 = CARTESIAN_POINT ( 'NONE',  ( 0.08558756835378263100, 0.02166675180817754000, -0.1050971766547277400 ) ) ;
#2405 = VECTOR ( 'NONE', #2587, 39.37007874015748900 ) ;
#2406 = EDGE_LOOP ( 'NONE', ( #3298, #3276, #268, #4052 ) ) ;
#2407 = FACE_OUTER_BOUND ( 'NONE', #4334, .T. ) ;
#2408 = CARTESIAN_POINT ( 'NONE',  ( -0.05282266525110190800, -0.05282266525110192200, 0.05812499999999996800 ) ) ;
#2409 = CARTESIAN_POINT ( 'NONE',  ( 0.03094280090340150600, -0.07470252959880231700, 0.09914062499999996800 ) ) ;
#2410 = AXIS2_PLACEMENT_3D ( 'NONE', #3872, #4520, #1413 ) ;
#2411 = CARTESIAN_POINT ( 'NONE',  ( -0.1027336571009241400, -0.08164055630471753200, 0.1143729358293739000 ) ) ;
#2412 = ORIENTED_EDGE ( 'NONE', *, *, #209, .T. ) ;
#2413 = CARTESIAN_POINT ( 'NONE',  ( 0.0000000000000000000, 0.09669145586676650100, -0.02878906250000010100 ) ) ;
#2414 = DIRECTION ( 'NONE',  ( 0.0000000000000000000, 0.0000000000000000000, 1.000000000000000000 ) ) ;
#2415 = CARTESIAN_POINT ( 'NONE',  ( 0.1042833190200894300, 0.08106174057883933100, 0.1171874999999999900 ) ) ;
#2416 = ADVANCED_FACE ( 'NONE', ( #2727 ), #4313, .T. ) ;
#2417 = ORIENTED_EDGE ( 'NONE', *, *, #46, .F. ) ;
#2418 = AXIS2_PLACEMENT_3D ( 'NONE', #452, #4340, #3951 ) ;
#2419 = CARTESIAN_POINT ( 'NONE',  ( 0.05282266525110190800, 0.05282266525110191500, -0.07859375000000001800 ) ) ;
#2420 = VERTEX_POINT ( 'NONE', #817 ) ;
#2421 = EDGE_LOOP ( 'NONE', ( #1244, #3950, #2211, #4217, #742, #3395, #1200, #2182, #62, #101 ) ) ;
#2422 = CARTESIAN_POINT ( 'NONE',  ( 0.09499999999999998700, 0.03935028842544403800, -0.1000781250000001000 ) ) ;
#2423 = CARTESIAN_POINT ( 'NONE',  ( 0.1257641731398065100, -0.08762697145684590600, 0.1158159005952539300 ) ) ;
#2424 = CARTESIAN_POINT ( 'NONE',  ( 0.07470252959880233100, 4.574210688069183900E-018, -0.1137500000000000000 ) ) ;
#2425 = CARTESIAN_POINT ( 'NONE',  ( 0.07470252959880231700, 0.03094280090340150200, 0.04445312499999997500 ) ) ;
#2426 = EDGE_CURVE ( 'NONE', #114, #451, #1736, .T. ) ;
#2427 = ORIENTED_EDGE ( 'NONE', *, *, #588, .T. ) ;
#2428 =( LENGTH_UNIT ( ) NAMED_UNIT ( * ) SI_UNIT ( $, .METRE. ) );
#2429 = CARTESIAN_POINT ( 'NONE',  ( -0.09669145586676648800, -0.04005091238561431200, 0.07472656249999989900 ) ) ;
#2430 = EDGE_LOOP ( 'NONE', ( #3494, #2258, #2435, #13 ) ) ;
#2431 = CARTESIAN_POINT ( 'NONE',  ( -0.1438022215399840100, -0.06189279172226961500, 0.1171875000000000000 ) ) ;
#2432 = CARTESIAN_POINT ( 'NONE',  ( 0.02421650703597061700, -0.07197012550837990400, -0.09318929506168507900 ) ) ;
#2433 = CARTESIAN_POINT ( 'NONE',  ( 0.06309794383663147600, 0.03998896612878655200, 0.01017127959880237800 ) ) ;
#2434 = CARTESIAN_POINT ( 'NONE',  ( -0.1489417814694556900, 0.07097458538480278000, 0.1158159005952539600 ) ) ;
#2435 = ORIENTED_EDGE ( 'NONE', *, *, #448, .T. ) ;
#2436 = CARTESIAN_POINT ( 'NONE',  ( 9.148421376138367800E-018, -0.07470252959880233100, -0.1528124999999999900 ) ) ;
#2437 =( BOUNDED_SURFACE ( )  B_SPLINE_SURFACE ( 3, 2, ( 
 ( #2771, #4115, #1003 ),
 ( #2411, #253, #3739 ),
 ( #3118, #1287, #2011 ),
 ( #2710, #3723, #1978 ),
 ( #4436, #3394, #1649 ),
 ( #4535, #337, #3136 ),
 ( #320, #2798, #1051 ),
 ( #3154, #1386, #353 ),
 ( #700, #3510, #4215 ),
 ( #2783, #2456, #384 ) ),
 .UNSPECIFIED., .F., .F., .T. ) 
 B_SPLINE_SURFACE_WITH_KNOTS ( ( 4, 2, 2, 2, 4 ),
 ( 3, 3 ),
 ( 0.0005381402106594101600, 0.0008647011696002708400, 0.001191262128541131500, 0.001517823087481992300, 0.001844384046422853100 ),
 ( 0.0000000000000000000, 1.000000000000000000 ),
 .UNSPECIFIED. ) 
 GEOMETRIC_REPRESENTATION_ITEM ( )  RATIONAL_B_SPLINE_SURFACE ( (
 ( 1.000000000000000000, 0.7486064779135388500, 1.000000000000000000),
 ( 1.000000000000000000, 0.7391543419985746600, 1.000000000000000000),
 ( 1.000000000000000000, 0.7286190124945033400, 1.000000000000000000),
 ( 1.000000000000000000, 0.7125439442682630600, 1.000000000000000000),
 ( 1.000000000000000000, 0.7070972461866210600, 1.000000000000000000),
 ( 1.000000000000000000, 0.7071163438018129900, 1.000000000000000000),
 ( 1.000000000000000000, 0.7124896623910520500, 1.000000000000000000),
 ( 1.000000000000000000, 0.7285790591088793200, 1.000000000000000000),
 ( 1.000000000000000000, 0.7391079615293959500, 1.000000000000000000),
 ( 1.000000000000000000, 0.7486107864660865900, 1.000000000000000000) ) ) 
 REPRESENTATION_ITEM ( '' )  SURFACE ( )  );
#2438 = DIRECTION ( 'NONE',  ( 0.0000000000000000000, 0.0000000000000000000, 1.000000000000000000 ) ) ;
#2439 = DIRECTION ( 'NONE',  ( -0.0000000000000000000, -0.0000000000000000000, -1.000000000000000000 ) ) ;
#2440 = CARTESIAN_POINT ( 'NONE',  ( 0.06670790048424368700, 0.05483898533356578600, -0.1036815338946744100 ) ) ;
#2441 = CARTESIAN_POINT ( 'NONE',  ( -0.03094280090340147100, -0.07470252959880234500, 0.09132812499999998200 ) ) ;
#2442 = CARTESIAN_POINT ( 'NONE',  ( 0.03094280090340150600, -0.07470252959880231700, 0.03664062499999998900 ) ) ;
#2443 = DIRECTION ( 'NONE',  ( -1.000000000000000000, 1.224646799147352500E-016, 0.0000000000000000000 ) ) ;
#2444 = CARTESIAN_POINT ( 'NONE',  ( -0.06837118412619036500, -0.06837118412619039300, -0.07957031250000011500 ) ) ;
#2445 = CARTESIAN_POINT ( 'NONE',  ( 0.03935028842544405200, -0.09499999999999998700, -0.07664062500000010100 ) ) ;
#2446 = DIRECTION ( 'NONE',  ( 0.5000000000000001100, -0.8660254037844387100, 0.0000000000000000000 ) ) ;
#2447 = CARTESIAN_POINT ( 'NONE',  ( 0.01932219830089328800, 0.1297926286474360700, 0.1143580571376711000 ) ) ;
#2448 = CARTESIAN_POINT ( 'NONE',  ( 0.07470252959880233100, 4.574210688069183900E-018, -0.1450000000000000200 ) ) ;
#2449 = CARTESIAN_POINT ( 'NONE',  ( 0.1223431861263023400, 0.04978113317293751700, 0.1171874999999999900 ) ) ;
#2450 = EDGE_CURVE ( 'NONE', #1068, #1249, #3642, .T. ) ;
#2451 = CARTESIAN_POINT ( 'NONE',  ( 0.1209874507970823300, -0.05087814515989255000, 0.1178845546685968500 ) ) ;
#2452 = LINE ( 'NONE', #3543, #3485 ) ;
#2453 = DIRECTION ( 'NONE',  ( 1.000000000000000000, 0.0000000000000000000, 0.0000000000000000000 ) ) ;
#2454 = CARTESIAN_POINT ( 'NONE',  ( 0.07470252959880233100, 4.574210688069183900E-018, 0.06984374999999996800 ) ) ;
#2455 = DIRECTION ( 'NONE',  ( 1.000000000000000000, 0.0000000000000000000, 0.0000000000000000000 ) ) ;
#2456 = CARTESIAN_POINT ( 'NONE',  ( -0.1219887064026855700, -0.04836901061256255300, 0.1205281597411655800 ) ) ;
#2457 = FACE_OUTER_BOUND ( 'NONE', #1319, .T. ) ;
#2458 = CARTESIAN_POINT ( 'NONE',  ( 0.09669145586676650100, -0.04005091238561425700, -0.06980468750000011500 ) ) ;
#2459 = CARTESIAN_POINT ( 'NONE',  ( 0.01300509676842060400, 0.1305443078097507400, 0.1158159005952539200 ) ) ;
#2460 = CARTESIAN_POINT ( 'NONE',  ( 0.01186655353081535400, 0.1565063099435425900, 0.1150606333163291000 ) ) ;
#2461 = CYLINDRICAL_SURFACE ( 'NONE', #3985, 0.009999999999999995000 ) ;
#2462 = CARTESIAN_POINT ( 'NONE',  ( 0.08836307844586834000, 5.410678059076957300E-018, -0.1058630784458684000 ) ) ;
#2463 = VERTEX_POINT ( 'NONE', #87 ) ;
#2464 = FACE_OUTER_BOUND ( 'NONE', #2899, .T. ) ;
#2465 = CARTESIAN_POINT ( 'NONE',  ( 0.003441560183007715100, 0.1311902579789661300, 0.1121888934529221100 ) ) ;
#2466 = AXIS2_PLACEMENT_3D ( 'NONE', #3783, #3800, #2042 ) ;
#2467 = EDGE_LOOP ( 'NONE', ( #2638, #2731, #67, #3765, #1118, #1582 ) ) ;
#2468 = CARTESIAN_POINT ( 'NONE',  ( -0.07470252959880231700, -0.03094280090340153000, -0.1274218750000000200 ) ) ;
#2469 = VERTEX_POINT ( 'NONE', #1835 ) ;
#2470 = CARTESIAN_POINT ( 'NONE',  ( 0.09499999999999998700, 5.817072295949927900E-018, 0.02687499999999992700 ) ) ;
#2471 = VERTEX_POINT ( 'NONE', #4337 ) ;
#2472 = CARTESIAN_POINT ( 'NONE',  ( -0.05282266525110190800, -0.05282266525110192200, -0.06687500000000003200 ) ) ;
#2473 = CARTESIAN_POINT ( 'NONE',  ( 0.1207134674183422400, -0.05150874095513837500, 0.1116734235772784800 ) ) ;
#2474 = PERSON_AND_ORGANIZATION_ROLE ( 'creator' ) ;
#2475 = ADVANCED_FACE ( 'NONE', ( #3756 ), #3590, .T. ) ;
#2476 = ORIENTED_EDGE ( 'NONE', *, *, #3404, .T. ) ;
#2477 = CARTESIAN_POINT ( 'NONE',  ( -0.06837118412619039300, 0.06837118412619036500, -0.05613281250000009400 ) ) ;
#2478 = CARTESIAN_POINT ( 'NONE',  ( 0.1195572352669090200, 0.05400940972474956700, 0.1158159005952539200 ) ) ;
#2479 = CARTESIAN_POINT ( 'NONE',  ( 0.009334427269278827700, 0.1687497042991720800, 0.1114347087687713600 ) ) ;
#2480 = CARTESIAN_POINT ( 'NONE',  ( -0.01334740053336360600, 0.1305724583553859500, 0.1157566596927131500 ) ) ;
#2481 = ORIENTED_EDGE ( 'NONE', *, *, #3911, .F. ) ;
#2482 = EDGE_CURVE ( 'NONE', #861, #4316, #2174, .T. ) ;
#2483 = CARTESIAN_POINT ( 'NONE',  ( -0.1296141487168352100, -0.08852495876653368500, 0.1150579133271412800 ) ) ;
#2484 = ORIENTED_EDGE ( 'NONE', *, *, #4348, .F. ) ;
#2485 = CARTESIAN_POINT ( 'NONE',  ( 0.09499999999999998700, 0.0000000000000000000, -0.1171875000000000400 ) ) ;
#2486 = CARTESIAN_POINT ( 'NONE',  ( -0.1242290513748575100, 0.1447826746936638800, -0.1130155653921491900 ) ) ;
#2487 = CARTESIAN_POINT ( 'NONE',  ( -0.03094280090340154100, 0.07470252959880231700, -0.01414062500000002100 ) ) ;
#2488 = CARTESIAN_POINT ( 'NONE',  ( 0.07470252959880231700, 0.03094280090340150200, -0.08054687500000000400 ) ) ;
#2489 = EDGE_CURVE ( 'NONE', #2469, #3014, #2663, .T. ) ;
#2490 = ORIENTED_EDGE ( 'NONE', *, *, #560, .F. ) ;
#2491 = CARTESIAN_POINT ( 'NONE',  ( 0.01805986710621250100, -0.1308428737517742800, 0.1171874999999999900 ) ) ;
#2492 = CARTESIAN_POINT ( 'NONE',  ( 0.1500000000000000200, 0.0000000000000000000, 0.1171874999999999900 ) ) ;
#2493 = CARTESIAN_POINT ( 'NONE',  ( -0.01545910229756598600, 0.1546307932960534500, 0.1172535284276477200 ) ) ;
#2494 = B_SPLINE_CURVE_WITH_KNOTS ( 'NONE', 3,
 ( #3940, #3921, #3269, #2887 ),
 .UNSPECIFIED., .F., .F.,
 ( 4, 4 ),
 ( -2.754428770570470600E-006, 0.0001736981516759459900 ),
 .UNSPECIFIED. ) ;
#2495 = CARTESIAN_POINT ( 'NONE',  ( -0.05282266525110190800, -0.05282266525110192200, 0.08937499999999996800 ) ) ;
#2496 = ADVANCED_FACE ( 'NONE', ( #3433 ), #1937, .F. ) ;
#2497 = CARTESIAN_POINT ( 'NONE',  ( 1.163414459189985600E-017, -0.09499999999999998700, -0.04734375000000008000 ) ) ;
#2498 = DIRECTION ( 'NONE',  ( -0.0000000000000000000, -0.0000000000000000000, 1.000000000000000000 ) ) ;
#2499 = CARTESIAN_POINT ( 'NONE',  ( 0.1439059337896653500, -0.07489634911713846700, 0.1131726789883945900 ) ) ;
#2500 = CARTESIAN_POINT ( 'NONE',  ( 9.148421376138367800E-018, -0.07470252959880233100, -0.0004687500000000248700 ) ) ;
#2501 = CARTESIAN_POINT ( 'NONE',  ( 0.05282266525110190800, 0.05282266525110191500, 0.01515624999999997900 ) ) ;
#2502 = CARTESIAN_POINT ( 'NONE',  ( 0.1042833190200910400, -0.08106174057883719400, 0.1171874999999999900 ) ) ;
#2503 = LINE ( 'NONE', #2320, #1409 ) ;
#2504 = CARTESIAN_POINT ( 'NONE',  ( 0.1199289005765479400, -0.09009472130208563700, 0.1071874999999999900 ) ) ;
#2505 = DIRECTION ( 'NONE',  ( -0.0000000000000000000, -0.0000000000000000000, -1.000000000000000000 ) ) ;
#2506 = EDGE_CURVE ( 'NONE', #1542, #2285, #1349, .T. ) ;
#2507 = CARTESIAN_POINT ( 'NONE',  ( -0.05282266525110192200, 0.05282266525110190100, 0.05031249999999996800 ) ) ;
#2508 = VECTOR ( 'NONE', #2895, 39.37007874015748100 ) ;
#2509 = EDGE_CURVE ( 'NONE', #2734, #2847, #2303, .T. ) ;
#2510 = CARTESIAN_POINT ( 'NONE',  ( 0.0000000000000000000, 0.0000000000000000000, -0.1171875000000000300 ) ) ;
#2511 = CARTESIAN_POINT ( 'NONE',  ( -0.1089051640833542300, 0.1536299251464447700, -0.1144922265460974600 ) ) ;
#2512 = CIRCLE ( 'NONE', #2891, 0.009999999999999995000 ) ;
#2513 = CIRCLE ( 'NONE', #1912, 0.01000000000000000000 ) ;
#2514 = CARTESIAN_POINT ( 'NONE',  ( 0.03094280090340148900, 0.07470252959880231700, -0.04929687500000002500 ) ) ;
#2515 = CARTESIAN_POINT ( 'NONE',  ( 0.05282266525110191500, -0.05282266525110190800, -0.02390625000000002100 ) ) ;
#2516 = AXIS2_PLACEMENT_3D ( 'NONE', #2701, #2380, #1345 ) ;
#2517 = ORIENTED_EDGE ( 'NONE', *, *, #1908, .T. ) ;
#2518 = ORIENTED_EDGE ( 'NONE', *, *, #1647, .F. ) ;
#2519 = ADVANCED_FACE ( 'NONE', ( #4364 ), #3875, .F. ) ;
#2520 = VECTOR ( 'NONE', #390, 39.37007874015748900 ) ;
#2521 = CARTESIAN_POINT ( 'NONE',  ( 0.1439093358578502300, 0.07490458596080365500, 0.1131699214730690200 ) ) ;
#2522 = CARTESIAN_POINT ( 'NONE',  ( -0.04005091238561431900, 0.09669145586676648800, 0.03371093749999993400 ) ) ;
#2523 = CARTESIAN_POINT ( 'NONE',  ( 0.01300509676842060200, 0.1489088351982712200, 0.1158159005952539200 ) ) ;
#2524 = ORIENTED_EDGE ( 'NONE', *, *, #1506, .T. ) ;
#2525 = CARTESIAN_POINT ( 'NONE',  ( 0.09499999999999998700, -0.03935028842544402400, 0.02492187499999992000 ) ) ;
#2526 = CARTESIAN_POINT ( 'NONE',  ( 0.0000000000000000000, 0.07470252959880234500, -0.01609375000000002800 ) ) ;
#2527 = AXIS2_PLACEMENT_3D ( 'NONE', #3004, #598, #2662 ) ;
#2528 = EDGE_LOOP ( 'NONE', ( #3497, #1112, #3383, #2589 ) ) ;
#2529 = DIRECTION ( 'NONE',  ( 1.000000000000000000, 0.0000000000000000000, 0.0000000000000000000 ) ) ;
#2530 = CARTESIAN_POINT ( 'NONE',  ( 0.1498422685403155400, 0.08021870263034663900, 0.1104597206534426000 ) ) ;
#2531 = CARTESIAN_POINT ( 'NONE',  ( 0.05282266525110190800, 0.05282266525110191500, -0.02000000000000002500 ) ) ;
#2532 = CARTESIAN_POINT ( 'NONE',  ( -0.03094280090340147100, -0.07470252959880234500, -0.02976562500000001400 ) ) ;
#2533 = ORIENTED_EDGE ( 'NONE', *, *, #3748, .T. ) ;
#2534 = VERTEX_POINT ( 'NONE', #979 ) ;
#2535 = CARTESIAN_POINT ( 'NONE',  ( -0.1839860429493775400, -0.1102819595221518600, 0.05201404662460754800 ) ) ;
#2536 = ORIENTED_EDGE ( 'NONE', *, *, #4467, .T. ) ;
#2537 = CARTESIAN_POINT ( 'NONE',  ( -0.1019195729957454300, -0.08261586092949053900, 0.1171874999999999900 ) ) ;
#2538 = CARTESIAN_POINT ( 'NONE',  ( 0.06717514421272199900, 0.06717514421272201300, -0.0004687500000000791800 ) ) ;
#2539 = CARTESIAN_POINT ( 'NONE',  ( -0.07470252959880233100, -0.03094280090340153400, -0.006328125000000028200 ) ) ;
#2540 = EDGE_CURVE ( 'NONE', #1570, #793, #3390, .T. ) ;
#2541 = ORIENTED_EDGE ( 'NONE', *, *, #209, .F. ) ;
#2542 = CARTESIAN_POINT ( 'NONE',  ( -0.01300509676842262300, -0.1644746591298604000, 0.1158159005952551100 ) ) ;
#2543 = CARTESIAN_POINT ( 'NONE',  ( -0.01300509676842060400, -0.1489088351982713600, 0.1158159005952539200 ) ) ;
#2544 = CARTESIAN_POINT ( 'NONE',  ( 0.1350551586149053300, -0.08778944938472524300, 0.1136661322641428800 ) ) ;
#2545 = VERTEX_POINT ( 'NONE', #1610 ) ;
#2546 = CARTESIAN_POINT ( 'NONE',  ( 0.05282266525110191500, -0.05282266525110190800, -0.09031250000000001800 ) ) ;
#2547 = CARTESIAN_POINT ( 'NONE',  ( 0.05282266525110190800, 0.05282266525110191500, -0.04734375000000000400 ) ) ;
#2548 = CARTESIAN_POINT ( 'NONE',  ( 0.0000000000000000000, 0.07470252959880233100, -0.04343750000000002500 ) ) ;
#2549 = AXIS2_PLACEMENT_3D ( 'NONE', #433, #2588, #795 ) ;
#2550 = CARTESIAN_POINT ( 'NONE',  ( -0.1875000000000003600, -0.06984496242893439800, 0.06074426924584647200 ) ) ;
#2551 = DIRECTION ( 'NONE',  ( 0.8660254037844432600, -0.4999999999999919500, -0.0000000000000000000 ) ) ;
#2552 = DIRECTION ( 'NONE',  ( 1.000000000000000000, 0.0000000000000000000, 0.0000000000000000000 ) ) ;
#2553 = CARTESIAN_POINT ( 'NONE',  ( 0.003513957050623549000, -0.2144775668970116700, -0.09888904662460761000 ) ) ;
#2554 = CIRCLE ( 'NONE', #1980, 0.03281250000000000100 ) ;
#2555 = CARTESIAN_POINT ( 'NONE',  ( -0.1462732874077599900, 0.08764217942238208800, 0.1099973300733865500 ) ) ;
#2556 = CARTESIAN_POINT ( 'NONE',  ( 0.09669145586676650100, 5.920644096606658200E-018, -0.06980468750000007300 ) ) ;
#2557 = LINE ( 'NONE', #247, #632 ) ;
#2558 = CARTESIAN_POINT ( 'NONE',  ( -0.1223431861263027100, -0.04978113317293664200, 0.1171874999999999900 ) ) ;
#2559 = DIRECTION ( 'NONE',  ( 1.000000000000000000, 0.0000000000000000000, 0.0000000000000000000 ) ) ;
#2560 = AXIS2_PLACEMENT_3D ( 'NONE', #2173, #1489, #472 ) ;
#2561 = LINE ( 'NONE', #1116, #43 ) ;
#2562 = CARTESIAN_POINT ( 'NONE',  ( 0.1828125000000000200, -2.238807429691255400E-017, -0.1171875000000000300 ) ) ;
#2563 = CONICAL_SURFACE ( 'NONE', #2346, 0.09968749999999998400, 0.7853981633974501700 ) ;
#2564 = ORIENTED_EDGE ( 'NONE', *, *, #2705, .F. ) ;
#2565 = CARTESIAN_POINT ( 'NONE',  ( 0.1874999999999998300, -0.01760252602482476800, 0.06760617061317371300 ) ) ;
#2566 = EDGE_CURVE ( 'NONE', #1204, #429, #1695, .T. ) ;
#2567 = CARTESIAN_POINT ( 'NONE',  ( 0.01805986710621258800, 0.1308428737517742200, 0.1171874999999999900 ) ) ;
#2568 = CARTESIAN_POINT ( 'NONE',  ( 0.09669145586676650100, 0.04005091238561426400, 0.05714843749999992700 ) ) ;
#2569 = VERTEX_POINT ( 'NONE', #4435 ) ;
#2570 = ORIENTED_EDGE ( 'NONE', *, *, #1181, .T. ) ;
#2571 = CARTESIAN_POINT ( 'NONE',  ( -0.07470252959880231700, 0.03094280090340150900, -0.1039843750000000200 ) ) ;
#2572 = CARTESIAN_POINT ( 'NONE',  ( -0.09669145586676650100, -1.776193228981997500E-017, -0.02292968750000006300 ) ) ;
#2573 = AXIS2_PLACEMENT_3D ( 'NONE', #2510, #2824, #2103 ) ;
#2574 = CALENDAR_DATE ( 2024, 13, 3 ) ;
#2575 = ORIENTED_EDGE ( 'NONE', *, *, #1932, .F. ) ;
#2576 = CARTESIAN_POINT ( 'NONE',  ( 0.1502043818276183300, -0.07497173318411307100, 0.1119321858158834800 ) ) ;
#2577 = CARTESIAN_POINT ( 'NONE',  ( -0.07470252959880233100, 0.03094280090340151300, -0.01023437500000002500 ) ) ;
#2578 = CARTESIAN_POINT ( 'NONE',  ( 0.09968750000000004000, 0.0000000000000000000, 0.03515624999999998600 ) ) ;
#2579 = ORIENTED_EDGE ( 'NONE', *, *, #1993, .T. ) ;
#2580 = CARTESIAN_POINT ( 'NONE',  ( 0.007090825908680979700, -0.1620743689757407600, 0.1131726789883945500 ) ) ;
#2581 = VERTEX_POINT ( 'NONE', #1321 ) ;
#2582 = CARTESIAN_POINT ( 'NONE',  ( 0.01575323420440504600, 0.1302950032317896100, 0.1116748684744862100 ) ) ;
#2583 = CARTESIAN_POINT ( 'NONE',  ( 0.0000000000000000000, 0.09669145586676650100, -0.06199218750000004600 ) ) ;
#2584 = ORIENTED_EDGE ( 'NONE', *, *, #1156, .T. ) ;
#2585 = AXIS2_PLACEMENT_3D ( 'NONE', #1530, #3958, #1180 ) ;
#2586 = CARTESIAN_POINT ( 'NONE',  ( 0.02977926741636344900, -0.08772942977638638300, -0.1097910857651327500 ) ) ;
#2587 = DIRECTION ( 'NONE',  ( 0.8660254037844362700, 0.5000000000000041100, -0.0000000000000000000 ) ) ;
#2588 = DIRECTION ( 'NONE',  ( -0.0000000000000000000, -0.0000000000000000000, 1.000000000000000000 ) ) ;
#2589 = ORIENTED_EDGE ( 'NONE', *, *, #1206, .F. ) ;
#2590 = DIRECTION ( 'NONE',  ( 1.000000000000000000, 0.0000000000000000000, 0.0000000000000000000 ) ) ;
#2591 = EDGE_CURVE ( 'NONE', #53, #1160, #4047, .T. ) ;
#2592 = CARTESIAN_POINT ( 'NONE',  ( 0.05282266525110191500, -0.05282266525110190800, -0.02781250000000003500 ) ) ;
#2593 =( BOUNDED_SURFACE ( )  B_SPLINE_SURFACE ( 3, 2, ( 
 ( #3480, #3833, #2101 ),
 ( #707, #1056, #343 ),
 ( #2084, #2480, #1735 ),
 ( #4524, #1754, #1392 ),
 ( #329, #7, #4200 ),
 ( #1721, #2465, #726 ),
 ( #1040, #2820, #2137 ),
 ( #4544, #689, #3185 ),
 ( #2447, #4188, #1074 ),
 ( #3144, #3127, #358 ) ),
 .UNSPECIFIED., .F., .F., .F. ) 
 B_SPLINE_SURFACE_WITH_KNOTS ( ( 4, 2, 2, 2, 4 ),
 ( 3, 3 ),
 ( 0.0005381402106387553500, 0.0008647011695796401000, 0.001191262128520524700, 0.001517823087461409400, 0.001844384046402294200 ),
 ( 0.0000000000000000000, 1.000000000000000000 ),
 .UNSPECIFIED. ) 
 GEOMETRIC_REPRESENTATION_ITEM ( )  RATIONAL_B_SPLINE_SURFACE ( (
 ( 1.000000000000000000, 0.7486064779135372900, 1.000000000000000000),
 ( 1.000000000000000000, 0.7391543419989093900, 1.000000000000000000),
 ( 1.000000000000000000, 0.7286190124940732400, 1.000000000000000000),
 ( 1.000000000000000000, 0.7125439442686925000, 1.000000000000000000),
 ( 1.000000000000000000, 0.7070972461865836500, 1.000000000000000000),
 ( 1.000000000000000000, 0.7071163438018488500, 1.000000000000000000),
 ( 1.000000000000000000, 0.7124896623910400600, 1.000000000000000000),
 ( 1.000000000000000000, 0.7285790591089015300, 1.000000000000000000),
 ( 1.000000000000000000, 0.7391079615293830700, 1.000000000000000000),
 ( 1.000000000000000000, 0.7486107864660852500, 1.000000000000000000) ) ) 
 REPRESENTATION_ITEM ( '' )  SURFACE ( )  );
#2594 = CARTESIAN_POINT ( 'NONE',  ( 0.07289345308811405500, -0.01634051484350637600, 0.01017127959880236500 ) ) ;
#2595 = CARTESIAN_POINT ( 'NONE',  ( 0.1839860429493767000, -0.1102819595221532400, -0.09888904662460759600 ) ) ;
#2596 = CARTESIAN_POINT ( 'NONE',  ( 0.04005091238561425700, 0.09669145586676650100, 0.1235546874999999100 ) ) ;
#2597 = CARTESIAN_POINT ( 'NONE',  ( 0.03094280090340150600, -0.07470252959880231700, -0.1547656250000000200 ) ) ;
#2598 = CARTESIAN_POINT ( 'NONE',  ( 1.184128819321331600E-017, -0.09669145586676650100, -0.07761718750000007300 ) ) ;
#2599 = B_SPLINE_CURVE_WITH_KNOTS ( 'NONE', 3,
 ( #1098, #3889, #1071, #2110 ),
 .UNSPECIFIED., .F., .F.,
 ( 4, 4 ),
 ( 0.0000000000000000000, 0.0001752376967329962400 ),
 .UNSPECIFIED. ) ;
#2600 = CARTESIAN_POINT ( 'NONE',  ( 0.03094280090340149200, 0.07470252959880233100, -0.04929687500000002500 ) ) ;
#2601 = CARTESIAN_POINT ( 'NONE',  ( -0.05282266525110190800, -0.05282266525110192200, -0.03562500000000003200 ) ) ;
#2602 = VECTOR ( 'NONE', #756, 39.37007874015748900 ) ;
#2603 = CARTESIAN_POINT ( 'NONE',  ( -0.1311905059197604800, 1.606620331531565600E-017, 0.09718749999999998200 ) ) ;
#2604 = CARTESIAN_POINT ( 'NONE',  ( -0.09669145586676650100, -1.776193228981997500E-017, 0.07082031249999994100 ) ) ;
#2605 = CONICAL_SURFACE ( 'NONE', #4444, 0.1828125000000000200, 1.047197551196600100 ) ;
#2606 = CARTESIAN_POINT ( 'NONE',  ( 0.1477922115132430700, -0.06665416881311474200, 0.1151286817615872300 ) ) ;
#2607 = CARTESIAN_POINT ( 'NONE',  ( -0.09669145586676648800, -0.04005091238561431200, -0.08347656250000007300 ) ) ;
#2608 = LINE ( 'NONE', #2485, #3224 ) ;
#2609 = CYLINDRICAL_SURFACE ( 'NONE', #894, 0.1453124999999999800 ) ;
#2610 = CARTESIAN_POINT ( 'NONE',  ( 0.03712645638342963700, -0.08456924846611425800, -0.1095105129262605300 ) ) ;
#2611 = CARTESIAN_POINT ( 'NONE',  ( 9.148421376138367800E-018, -0.07470252959880233100, -0.06296875000000001800 ) ) ;
#2612 = EDGE_CURVE ( 'NONE', #451, #114, #140, .T. ) ;
#2613 = ORIENTED_EDGE ( 'NONE', *, *, #2355, .F. ) ;
#2614 = VERTEX_POINT ( 'NONE', #4466 ) ;
#2615 = CARTESIAN_POINT ( 'NONE',  ( -0.1379887676827594700, -0.05881411389618524500, 0.1171874999999999900 ) ) ;
#2616 = FACE_OUTER_BOUND ( 'NONE', #274, .T. ) ;
#2617 = CARTESIAN_POINT ( 'NONE',  ( 9.148421376138369400E-018, -0.07470252959880234500, 0.06203124999999997500 ) ) ;
#2618 = DATE_AND_TIME ( #981, #434 ) ;
#2619 = ORIENTED_EDGE ( 'NONE', *, *, #784, .T. ) ;
#2620 = CARTESIAN_POINT ( 'NONE',  ( -0.01805986710621248000, 0.1308428737517742800, 0.1171874999999999900 ) ) ;
#2621 = CARTESIAN_POINT ( 'NONE',  ( 0.1453059303704822000, 0.08931416051087554000, 0.1099985899248517200 ) ) ;
#2622 = CARTESIAN_POINT ( 'NONE',  ( 0.1472225944131581600, -0.08051665854206338500, 0.1121895097622220100 ) ) ;
#2623 = CARTESIAN_POINT ( 'NONE',  ( 0.03094280090340150600, -0.07470252959880231700, 0.09914062499999996800 ) ) ;
#2624 = EDGE_LOOP ( 'NONE', ( #3616, #591 ) ) ;
#2625 = AXIS2_PLACEMENT_3D ( 'NONE', #3043, #1332, #2385 ) ;
#2626 = B_SPLINE_CURVE_WITH_KNOTS ( 'NONE', 3,
 ( #3238, #1503, #2209, #2558 ),
 .UNSPECIFIED., .F., .F.,
 ( 4, 4 ),
 ( -2.754428770571212600E-006, 0.0001736981516759458500 ),
 .UNSPECIFIED. ) ;
#2627 = ORIENTED_EDGE ( 'NONE', *, *, #477, .T. ) ;
#2628 = CARTESIAN_POINT ( 'NONE',  ( 0.1106723078378488400, 0.07891367896219041200, 0.1158159005952539200 ) ) ;
#2629 = CARTESIAN_POINT ( 'NONE',  ( -0.07470252959880233100, -1.372263206420755200E-017, -0.07078125000000001800 ) ) ;
#2630 = CARTESIAN_POINT ( 'NONE',  ( -0.001828921505724868700, -0.08787216479362469600, 0.02317321951684389600 ) ) ;
#2631 = ORIENTED_EDGE ( 'NONE', *, *, #2292, .F. ) ;
#2632 = CARTESIAN_POINT ( 'NONE',  ( 0.03094280090340150200, 0.07470252959880233100, -0.1430468749999999900 ) ) ;
#2633 = CARTESIAN_POINT ( 'NONE',  ( -0.1401322031436173800, -0.08623322263841251600, 0.1109001848861591400 ) ) ;
#2634 = DIRECTION ( 'NONE',  ( -0.0000000000000000000, -0.0000000000000000000, -1.000000000000000000 ) ) ;
#2635 = CARTESIAN_POINT ( 'NONE',  ( -0.09499999999999998700, -1.745121688784978200E-017, 0.007343749999999912800 ) ) ;
#2636 = CARTESIAN_POINT ( 'NONE',  ( -0.1414743171695499200, 0.09245870329455922700, 0.1114347087687740500 ) ) ;
#2637 = CARTESIAN_POINT ( 'NONE',  ( 0.1450367213008406400, 0.06809706593582716400, 0.1158046186448437600 ) ) ;
#2638 = ORIENTED_EDGE ( 'NONE', *, *, #1211, .F. ) ;
#2639 = CARTESIAN_POINT ( 'NONE',  ( 0.04005091238561425700, 0.09669145586676650100, -0.1264453125000000500 ) ) ;
#2640 = ORIENTED_EDGE ( 'NONE', *, *, #3509, .F. ) ;
#2641 = PLANE ( 'NONE',  #1281 ) ;
#2642 = VERTEX_POINT ( 'NONE', #4416 ) ;
#2643 = ORIENTED_EDGE ( 'NONE', *, *, #3242, .F. ) ;
#2644 = CARTESIAN_POINT ( 'NONE',  ( -0.03935028842544401100, -0.09500000000000001500, -0.04539062500000006600 ) ) ;
#2645 = CARTESIAN_POINT ( 'NONE',  ( -0.07470252959880233100, 0.03094280090340151300, -0.04148437500000003200 ) ) ;
#2646 = CARTESIAN_POINT ( 'NONE',  ( 0.1874999999999997800, 0.1041956073748592100, -0.09888904662460761000 ) ) ;
#2647 = EDGE_CURVE ( 'NONE', #321, #715, #1219, .T. ) ;
#2648 = CARTESIAN_POINT ( 'NONE',  ( 0.07470252959880234500, 4.574210688069184700E-018, -0.1176562500000000200 ) ) ;
#2649 = CARTESIAN_POINT ( 'NONE',  ( -0.03935028842544410100, 0.09499999999999995900, -0.08835937500000005900 ) ) ;
#2650 = CARTESIAN_POINT ( 'NONE',  ( -0.09194013887140183000, -0.02391674861455309100, -0.1124999999999178700 ) ) ;
#2651 = CARTESIAN_POINT ( 'NONE',  ( 0.01300509676842051900, -0.1353018695641240700, 0.1158159005952539200 ) ) ;
#2652 = CARTESIAN_POINT ( 'NONE',  ( -0.1379470852279733900, 0.08702524379198188500, 0.1128953529081492400 ) ) ;
#2653 = CARTESIAN_POINT ( 'NONE',  ( 0.1477955053473920000, 0.07642132947033435100, 0.1131901953754532000 ) ) ;
#2654 = CARTESIAN_POINT ( 'NONE',  ( -0.05282266525110192200, 0.05282266525110190100, 0.05421874999999998200 ) ) ;
#2655 = DATE_AND_TIME ( #1082, #4021 ) ;
#2656 = B_SPLINE_CURVE_WITH_KNOTS ( 'NONE', 3,
 ( #4045, #3371, #1986, #1626, #3012, #3734 ),
 .UNSPECIFIED., .F., .F.,
 ( 4, 2, 4 ),
 ( 0.007785401211687139100, 0.009123915126406416400, 0.01046242904112569400 ),
 .UNSPECIFIED. ) ;
#2657 = AXIS2_PLACEMENT_3D ( 'NONE', #2696, #612, #3755 ) ;
#2658 = CARTESIAN_POINT ( 'NONE',  ( 0.002763710118937100600, 0.1704974725013736200, 0.1099973300733865900 ) ) ;
#2659 = CARTESIAN_POINT ( 'NONE',  ( 0.03094280090340149200, 0.07470252959880233100, -0.08054687500000003200 ) ) ;
#2660 = FACE_OUTER_BOUND ( 'NONE', #1038, .T. ) ;
#2661 = CARTESIAN_POINT ( 'NONE',  ( 0.05282266525110190800, 0.05282266525110191500, -0.08250000000000003200 ) ) ;
#2662 = DIRECTION ( 'NONE',  ( 1.000000000000000000, 0.0000000000000000000, 0.0000000000000000000 ) ) ;
#2663 = LINE ( 'NONE', #462, #1239 ) ;
#2664 = CARTESIAN_POINT ( 'NONE',  ( 0.1106723078378504100, -0.07891367896218817700, 0.1158159005952539200 ) ) ;
#2665 = CARTESIAN_POINT ( 'NONE',  ( 0.1354613825138629400, 0.06319167341901009400, 0.1158159005952539300 ) ) ;
#2666 = ORIENTED_EDGE ( 'NONE', *, *, #2835, .T. ) ;
#2667 = VERTEX_POINT ( 'NONE', #3085 ) ;
#2668 = DIRECTION ( 'NONE',  ( 0.0000000000000000000, 0.0000000000000000000, -1.000000000000000000 ) ) ;
#2669 = VECTOR ( 'NONE', #630, 39.37007874015748900 ) ;
#2670 = CARTESIAN_POINT ( 'NONE',  ( 0.06837118412619037900, -0.06837118412619036500, -0.1049609375000000600 ) ) ;
#2671 = CARTESIAN_POINT ( 'NONE',  ( -0.1209874507970714600, 0.05087814515989257800, 0.1178845546686017900 ) ) ;
#2672 = CARTESIAN_POINT ( 'NONE',  ( 0.09669145586676650100, 0.04005091238561426400, -0.1283984375000000700 ) ) ;
#2673 = ORIENTED_EDGE ( 'NONE', *, *, #3581, .F. ) ;
#2674 = VERTEX_POINT ( 'NONE', #1991 ) ;
#2675 = CARTESIAN_POINT ( 'NONE',  ( 0.09499999999999998700, 0.03935028842544403800, -0.06882812500000005900 ) ) ;
#2676 = CARTESIAN_POINT ( 'NONE',  ( 0.01609247104076817100, -0.1320949618554856100, 0.1171874999999999900 ) ) ;
#2677 = EDGE_CURVE ( 'NONE', #3726, #1958, #3815, .T. ) ;
#2678 = CARTESIAN_POINT ( 'NONE',  ( 0.04275869092878575200, -0.07866253830032787800, 0.02481664550259699700 ) ) ;
#2679 = ORIENTED_EDGE ( 'NONE', *, *, #1776, .F. ) ;
#2680 = CARTESIAN_POINT ( 'NONE',  ( 0.07470252959880233100, 0.03094280090340149500, -0.08054687500000000400 ) ) ;
#2681 = CARTESIAN_POINT ( 'NONE',  ( 0.09669145586676650100, 5.920644096606658200E-018, 0.08839843749999989900 ) ) ;
#2682 = CARTESIAN_POINT ( 'NONE',  ( 0.07470252959880104000, 0.006991048973469641400, 0.01017127959880420200 ) ) ;
#2683 = DIRECTION ( 'NONE',  ( 1.000000000000000000, 0.0000000000000000000, 0.0000000000000000000 ) ) ;
#2684 = VERTEX_POINT ( 'NONE', #1016 ) ;
#2685 = CARTESIAN_POINT ( 'NONE',  ( -0.01534639188758334800, -0.1489088351982712800, 0.1171875000000000000 ) ) ;
#2686 = CARTESIAN_POINT ( 'NONE',  ( 0.1366320300734443200, 0.06116405236805867000, 0.1171875000000000000 ) ) ;
#2687 = CARTESIAN_POINT ( 'NONE',  ( -0.02773202179400097900, -0.06936427679776523100, -0.09220252959880241600 ) ) ;
#2688 = CARTESIAN_POINT ( 'NONE',  ( -0.06837118412619039300, 0.06837118412619036500, -0.1205859375000000500 ) ) ;
#2689 = ORIENTED_EDGE ( 'NONE', *, *, #2975, .T. ) ;
#2690 = DIRECTION ( 'NONE',  ( 0.0000000000000000000, 0.0000000000000000000, -1.000000000000000000 ) ) ;
#2691 = CARTESIAN_POINT ( 'NONE',  ( 0.05282266525110190800, 0.05282266525110191500, -0.01609375000000001100 ) ) ;
#2692 = B_SPLINE_CURVE_WITH_KNOTS ( 'NONE', 3,
 ( #1358, #2432, #2036, #4542, #1391, #629, #3795, #2016, #1374, #1705, #4156, #4121, #4474, #3831, #1734, #3449, #2051, #3811 ),
 .UNSPECIFIED., .F., .F.,
 ( 4, 2, 2, 2, 2, 2, 2, 2, 4 ),
 ( 2.441670473070720300E-017, 0.0004704133832329572300, 0.0009408267664658900700, 0.001411240149698823000, 0.001881653532931755900, 0.002352066916164688700, 0.002822480299397622200, 0.003292893682630555200, 0.003763307065863488700 ),
 .UNSPECIFIED. ) ;
#2693 = CARTESIAN_POINT ( 'NONE',  ( 0.03195804296992680500, 0.08598030556879192300, 0.02703803313032111100 ) ) ;
#2694 = DIRECTION ( 'NONE',  ( -0.0000000000000000000, -0.0000000000000000000, 1.000000000000000000 ) ) ;
#2695 = VERTEX_POINT ( 'NONE', #3790 ) ;
#2696 = CARTESIAN_POINT ( 'NONE',  ( 0.0000000000000000000, 0.0000000000000000000, 0.03515624999999998600 ) ) ;
#2697 = CARTESIAN_POINT ( 'NONE',  ( 0.07470252959880233100, -0.03094280090340148900, -0.1196093750000000600 ) ) ;
#2698 = ORIENTED_EDGE ( 'NONE', *, *, #2213, .T. ) ;
#2699 = CARTESIAN_POINT ( 'NONE',  ( 0.09499999999999998700, 0.03935028842544403800, -0.09617187500000007300 ) ) ;
#2700 = CARTESIAN_POINT ( 'NONE',  ( 0.02199260931391689600, 0.1293339629758870600, 0.1171874999999999900 ) ) ;
#2701 = CARTESIAN_POINT ( 'NONE',  ( -0.1199289005765472600, 0.09009472130208647000, 0.1071874999999999900 ) ) ;
#2702 = CARTESIAN_POINT ( 'NONE',  ( -0.09499999999999998700, 1.163414459189985400E-017, 0.09718749999999998200 ) ) ;
#2703 = CARTESIAN_POINT ( 'NONE',  ( -0.03094280090340147100, -0.07470252959880234500, -0.02976562500000001400 ) ) ;
#2704 = CARTESIAN_POINT ( 'NONE',  ( 0.1874999999999997500, 0.03545331469561142200, 0.06611301697649590900 ) ) ;
#2705 = EDGE_CURVE ( 'NONE', #1149, #429, #2513, .T. ) ;
#2706 = CARTESIAN_POINT ( 'NONE',  ( 0.04005091238561425700, 0.09669145586676650100, -0.1557421875000000700 ) ) ;
#2707 = ADVANCED_FACE ( 'NONE', ( #4267 ), #912, .T. ) ;
#2708 = CARTESIAN_POINT ( 'NONE',  ( -0.01217992509593301300, 0.1658839403846092100, 0.1129163615118865500 ) ) ;
#2709 = CARTESIAN_POINT ( 'NONE',  ( 0.01826052929210835600, -0.1543932397035112100, 0.1171874999999999700 ) ) ;
#2710 = CARTESIAN_POINT ( 'NONE',  ( -0.1092427962496045500, -0.07274077825542511800, 0.1081881657697789500 ) ) ;
#2711 = EDGE_CURVE ( 'NONE', #3228, #3233, #1617, .T. ) ;
#2712 = CARTESIAN_POINT ( 'NONE',  ( -0.09669145586676648800, 0.04005091238561427800, 0.07082031249999989900 ) ) ;
#2713 = DATE_AND_TIME ( #1783, #4525 ) ;
#2714 = CARTESIAN_POINT ( 'NONE',  ( -0.01300509676842061600, -0.1489088351982712200, 0.1158159005952539300 ) ) ;
#2715 = CARTESIAN_POINT ( 'NONE',  ( -0.01805986710621258800, -0.1308428737517742200, 0.1171874999999999900 ) ) ;
#2716 = FACE_OUTER_BOUND ( 'NONE', #1394, .T. ) ;
#2717 = CARTESIAN_POINT ( 'NONE',  ( -0.01300509676842049300, 0.1353018695641240700, 0.1158159005952539200 ) ) ;
#2718 = CARTESIAN_POINT ( 'NONE',  ( 9.148421376138367800E-018, -0.07470252959880233100, -0.02781250000000001800 ) ) ;
#2719 = CARTESIAN_POINT ( 'NONE',  ( 0.1874999999999997800, -0.08720434688295457300, -0.1036541708419846100 ) ) ;
#2720 = CYLINDRICAL_SURFACE ( 'NONE', #956, 0.09499999999999998700 ) ;
#2721 = DIRECTION ( 'NONE',  ( -0.8660254037844399300, 0.4999999999999980600, -0.0000000000000000000 ) ) ;
#2722 = B_SPLINE_CURVE_WITH_KNOTS ( 'NONE', 3,
 ( #1787, #774, #1827, #2511, #2486, #380, #4245, #41 ),
 .UNSPECIFIED., .F., .F.,
 ( 4, 2, 2, 4 ),
 ( 0.0001064236135347922100, 0.002777285481970356900, 0.004112716416188139300, 0.005448147350405921700 ),
 .UNSPECIFIED. ) ;
#2723 = CARTESIAN_POINT ( 'NONE',  ( 0.05753942380506837900, 0.06581460497349506100, 0.02272112713868373900 ) ) ;
#2724 = CARTESIAN_POINT ( 'NONE',  ( 0.1207153998871075100, 0.05150480060311479800, 0.1116748684744866700 ) ) ;
#2725 = CIRCLE ( 'NONE', #2751, 0.2145063509461100400 ) ;
#2726 = CARTESIAN_POINT ( 'NONE',  ( 0.1157035120142712900, 0.06197588390371570900, 0.1071893417860289300 ) ) ;
#2727 = FACE_OUTER_BOUND ( 'NONE', #600, .T. ) ;
#2728 = CARTESIAN_POINT ( 'NONE',  ( 1.184128819321331600E-017, -0.09669145586676650100, 0.04933593749999990600 ) ) ;
#2729 = CARTESIAN_POINT ( 'NONE',  ( 0.1199289005765461100, 0.09009472130208806600, 0.1171874999999999900 ) ) ;
#2730 = CARTESIAN_POINT ( 'NONE',  ( -0.004614059883255162800, 0.1351278767834137300, 0.1109001848861591300 ) ) ;
#2731 = ORIENTED_EDGE ( 'NONE', *, *, #2975, .F. ) ;
#2732 = CARTESIAN_POINT ( 'NONE',  ( 0.09499999999999998700, 5.817072295949927900E-018, -0.004375000000000075900 ) ) ;
#2733 = ADVANCED_FACE ( 'NONE', ( #1140 ), #1214, .T. ) ;
#2734 = VERTEX_POINT ( 'NONE', #4330 ) ;
#2735 = CIRCLE ( 'NONE', #3758, 0.09499999999999998700 ) ;
#2736 = CARTESIAN_POINT ( 'NONE',  ( 0.01300509676842060400, 0.1353018695641240700, 0.1158159005952539200 ) ) ;
#2737 = CARTESIAN_POINT ( 'NONE',  ( -0.07859483591664583000, 0.1711296012727198400, 0.06761722654609742000 ) ) ;
#2738 = EDGE_CURVE ( 'NONE', #2916, #158, #2005, .T. ) ;
#2739 = CARTESIAN_POINT ( 'NONE',  ( 0.03094280090340148900, 0.07470252959880231700, 0.01710937499999998600 ) ) ;
#2740 = ORIENTED_EDGE ( 'NONE', *, *, #4018, .F. ) ;
#2741 = CARTESIAN_POINT ( 'NONE',  ( 0.1874999999999997800, -2.296212749086256300E-017, -0.1144811706131738000 ) ) ;
#2742 = CARTESIAN_POINT ( 'NONE',  ( 0.1156921262041877400, -0.06199713551800434300, 0.1071856635327526600 ) ) ;
#2743 = CARTESIAN_POINT ( 'NONE',  ( -0.01300509676842049300, 0.1353018695641240700, 0.1158159005952539200 ) ) ;
#2744 = ORIENTED_EDGE ( 'NONE', *, *, #392, .F. ) ;
#2745 = CARTESIAN_POINT ( 'NONE',  ( 0.07470252959880231700, 0.03094280090340150200, -0.1117968749999999900 ) ) ;
#2746 = CARTESIAN_POINT ( 'NONE',  ( 0.06717514421272201300, -0.06717514421272199900, 0.01906249999999992000 ) ) ;
#2747 = EDGE_CURVE ( 'NONE', #1370, #4104, #644, .T. ) ;
#2748 = DIRECTION ( 'NONE',  ( 0.0000000000000000000, 0.0000000000000000000, 1.000000000000000000 ) ) ;
#2749 = ORIENTED_EDGE ( 'NONE', *, *, #729, .T. ) ;
#2750 = CARTESIAN_POINT ( 'NONE',  ( 0.09669145586676650100, 5.920644096606658200E-018, -0.005351562500000101900 ) ) ;
#2751 = AXIS2_PLACEMENT_3D ( 'NONE', #3760, #669, #3122 ) ;
#2752 = CARTESIAN_POINT ( 'NONE',  ( 0.0000000000000000000, 0.0000000000000000000, 0.1171874999999999900 ) ) ;
#2753 = CARTESIAN_POINT ( 'NONE',  ( 0.0000000000000000000, 0.0000000000000000000, 0.09718749999999998200 ) ) ;
#2754 = CARTESIAN_POINT ( 'NONE',  ( -0.09499999999999995900, -0.03935028842544409400, -0.01804687500000007300 ) ) ;
#2755 = B_SPLINE_CURVE_WITH_KNOTS ( 'NONE', 3,
 ( #2052, #2069, #1720, #4510 ),
 .UNSPECIFIED., .F., .F.,
 ( 4, 4 ),
 ( 0.0000000000000000000, 0.0001070442058933064900 ),
 .UNSPECIFIED. ) ;
#2756 = CARTESIAN_POINT ( 'NONE',  ( 0.01300509676842060600, -0.1489088351982713600, 0.1158159005952540700 ) ) ;
#2757 = CARTESIAN_POINT ( 'NONE',  ( -0.01805986710621258800, -0.1308428737517742200, 0.1171874999999999900 ) ) ;
#2758 = VERTEX_POINT ( 'NONE', #3246 ) ;
#2759 = VERTEX_POINT ( 'NONE', #3614 ) ;
#2760 = CARTESIAN_POINT ( 'NONE',  ( -0.05282266525110192200, 0.05282266525110190100, -0.07078125000000001800 ) ) ;
#2761 = AXIS2_PLACEMENT_3D ( 'NONE', #2817, #1114, #2130 ) ;
#2762 = CARTESIAN_POINT ( 'NONE',  ( -0.1028831451477410000, 0.08146081341324586100, 0.1205281597411653500 ) ) ;
#2763 = VERTEX_POINT ( 'NONE', #1151 ) ;
#2764 = CARTESIAN_POINT ( 'NONE',  ( -0.07470252959880233100, -0.03094280090340153400, -0.03367187500000002500 ) ) ;
#2765 = DIRECTION ( 'NONE',  ( 0.0000000000000000000, 0.0000000000000000000, 1.000000000000000000 ) ) ;
#2766 = CARTESIAN_POINT ( 'NONE',  ( -0.07701487270538333300, 0.02193004876587139100, -0.09682219652700746500 ) ) ;
#2767 = ADVANCED_FACE ( 'NONE', ( #3322 ), #1276, .T. ) ;
#2768 = CARTESIAN_POINT ( 'NONE',  ( 0.07470252959880231700, -0.03094280090340148500, 0.03664062499999996100 ) ) ;
#2769 = CARTESIAN_POINT ( 'NONE',  ( -0.05282266525110192200, 0.05282266525110190100, 0.08546874999999998200 ) ) ;
#2770 = ORIENTED_EDGE ( 'NONE', *, *, #2489, .F. ) ;
#2771 = CARTESIAN_POINT ( 'NONE',  ( -0.1008767512327823200, -0.08387389286424067100, 0.1174038518402753100 ) ) ;
#2772 = CARTESIAN_POINT ( 'NONE',  ( -0.06837118412619036500, -0.06837118412619039300, 0.07667968749999989900 ) ) ;
#2773 = DIRECTION ( 'NONE',  ( 1.000000000000000000, 0.0000000000000000000, 0.0000000000000000000 ) ) ;
#2774 = CARTESIAN_POINT ( 'NONE',  ( -0.1224562857454429000, -0.08571716177926340400, 0.1158159005952539200 ) ) ;
#2775 = CARTESIAN_POINT ( 'NONE',  ( 0.03094280090340148900, 0.07470252959880231700, -0.04539062500000001100 ) ) ;
#2776 = CARTESIAN_POINT ( 'NONE',  ( -0.04398412241886792000, 0.06661753720309603100, 0.01518483600873086700 ) ) ;
#2777 = EDGE_CURVE ( 'NONE', #1061, #2022, #2393, .T. ) ;
#2778 = CARTESIAN_POINT ( 'NONE',  ( -0.07816683743818986200, -0.007621385755740024900, -0.09566683743808596100 ) ) ;
#2779 = DIRECTION ( 'NONE',  ( -0.0000000000000000000, -0.0000000000000000000, 1.000000000000000000 ) ) ;
#2780 = CARTESIAN_POINT ( 'NONE',  ( -0.05282266525110190800, -0.05282266525110192200, -0.1254687500000000200 ) ) ;
#2781 = CARTESIAN_POINT ( 'NONE',  ( 0.07470252959880231700, -0.03094280090340148500, 0.04054687499999998200 ) ) ;
#2782 = CIRCLE ( 'NONE', #2225, 0.1311905059197604800 ) ;
#2783 = CARTESIAN_POINT ( 'NONE',  ( -0.1230757533985586800, -0.04542364768333638500, 0.1174052257662204500 ) ) ;
#2784 = CARTESIAN_POINT ( 'NONE',  ( -0.09669145586676648800, -0.04005091238561431200, -0.08152343750000010100 ) ) ;
#2785 = CARTESIAN_POINT ( 'NONE',  ( -0.1438427597329108300, -0.07936722318802037800, 0.1121860883707626900 ) ) ;
#2786 = DIRECTION ( 'NONE',  ( 0.0000000000000000000, 0.0000000000000000000, 1.000000000000000000 ) ) ;
#2787 = CARTESIAN_POINT ( 'NONE',  ( 1.163414459189985600E-017, -0.09499999999999998700, -0.01218750000000007000 ) ) ;
#2788 = CARTESIAN_POINT ( 'NONE',  ( -0.09968750000000004000, 1.220819777900018000E-017, 0.03515624999999998600 ) ) ;
#2789 = FACE_OUTER_BOUND ( 'NONE', #2421, .T. ) ;
#2790 = CARTESIAN_POINT ( 'NONE',  ( 0.1874999999999997800, -0.1041956073748592100, -0.1171875000000000300 ) ) ;
#2791 = CARTESIAN_POINT ( 'NONE',  ( 0.03935028842544402400, 0.09499999999999998700, -0.09617187500000010100 ) ) ;
#2792 = CARTESIAN_POINT ( 'NONE',  ( -0.01300509676842060400, -0.1353018695641240700, 0.1158159005952539200 ) ) ;
#2793 = ORIENTED_EDGE ( 'NONE', *, *, #4079, .F. ) ;
#2794 = ORIENTED_EDGE ( 'NONE', *, *, #3375, .F. ) ;
#2795 = FACE_OUTER_BOUND ( 'NONE', #1495, .T. ) ;
#2796 = CARTESIAN_POINT ( 'NONE',  ( -0.05282266525110192200, 0.05282266525110190100, 0.08156249999999996800 ) ) ;
#2797 = CARTESIAN_POINT ( 'NONE',  ( -0.07470252959880231700, -0.03094280090340153000, 0.06007812499999998200 ) ) ;
#2798 = CARTESIAN_POINT ( 'NONE',  ( -0.1169263088507780700, -0.05959705678706420100, 0.1129073321747957700 ) ) ;
#2799 = ORIENTED_EDGE ( 'NONE', *, *, #1902, .T. ) ;
#2800 = ORIENTED_EDGE ( 'NONE', *, *, #4051, .F. ) ;
#2801 = CARTESIAN_POINT ( 'NONE',  ( 0.09669145586676650100, 5.920644096606658200E-018, -0.06785156250000010100 ) ) ;
#2802 = CARTESIAN_POINT ( 'NONE',  ( 0.06717514421272201300, -0.06717514421272199900, -0.07468750000000005900 ) ) ;
#2803 = DIRECTION ( 'NONE',  ( -0.0000000000000000000, -0.0000000000000000000, 1.000000000000000000 ) ) ;
#2804 =( BOUNDED_CURVE ( )  B_SPLINE_CURVE ( 2, ( #153, #1009, #1620, #580, #4457 ),
 .UNSPECIFIED., .F., .F. ) 
 B_SPLINE_CURVE_WITH_KNOTS ( ( 3, 2, 3 ),
 ( 0.5833333333333332600, 0.5972222222222222100, 0.6099309511879805700 ),
 .UNSPECIFIED. ) 
 CURVE ( )  GEOMETRIC_REPRESENTATION_ITEM ( )  RATIONAL_B_SPLINE_CURVE ( ( 1.000000000000000000, 0.9238795325112867400, 1.000000000000000000, 0.9303476039156171100, 0.9881630608371319000 ) ) 
 REPRESENTATION_ITEM ( '' )  );
#2805 = EDGE_LOOP ( 'NONE', ( #3703, #445, #1895, #1913, #933, #3132, #4389, #2793 ) ) ;
#2806 = EDGE_CURVE ( 'NONE', #2078, #1916, #854, .T. ) ;
#2807 = CARTESIAN_POINT ( 'NONE',  ( 0.05282266525110191500, -0.05282266525110190800, -0.1176562500000000200 ) ) ;
#2808 = ORIENTED_EDGE ( 'NONE', *, *, #3748, .F. ) ;
#2809 = DIRECTION ( 'NONE',  ( -0.0000000000000000000, -0.0000000000000000000, 1.000000000000000000 ) ) ;
#2810 = CARTESIAN_POINT ( 'NONE',  ( 0.1207719130445925200, -0.05137464718308946300, 0.1117593532365088300 ) ) ;
#2811 = CARTESIAN_POINT ( 'NONE',  ( 0.03094280090340150600, -0.07470252959880231700, 0.09523437499999995400 ) ) ;
#2812 = CARTESIAN_POINT ( 'NONE',  ( 0.0000000000000000000, 0.07470252959880233100, 0.08156249999999999600 ) ) ;
#2813 = EDGE_CURVE ( 'NONE', #2759, #451, #1461, .T. ) ;
#2814 = ORIENTED_EDGE ( 'NONE', *, *, #2566, .F. ) ;
#2815 = CARTESIAN_POINT ( 'NONE',  ( 0.04005091238561425700, 0.09669145586676650100, -0.09324218750000011500 ) ) ;
#2816 = ORIENTED_EDGE ( 'NONE', *, *, #729, .F. ) ;
#2817 = CARTESIAN_POINT ( 'NONE',  ( 0.0000000000000000000, 0.0000000000000000000, -0.1171875000000000400 ) ) ;
#2818 = CARTESIAN_POINT ( 'NONE',  ( 0.01947433869130320300, -0.1342266770545055600, 0.1209043253345722700 ) ) ;
#2819 = EDGE_LOOP ( 'NONE', ( #3253, #2484, #4225, #4166 ) ) ;
#2820 = CARTESIAN_POINT ( 'NONE',  ( 0.006850589257010082300, 0.1310596822290522600, 0.1129073321747944400 ) ) ;
#2821 = ORIENTED_EDGE ( 'NONE', *, *, #46, .T. ) ;
#2822 = CARTESIAN_POINT ( 'NONE',  ( 0.03094280090340148900, 0.07470252959880231700, -0.1391406250000000200 ) ) ;
#2823 = DIRECTION ( 'NONE',  ( -1.000000000000000000, 3.907985046680551700E-014, 0.0000000000000000000 ) ) ;
#2824 = DIRECTION ( 'NONE',  ( -0.0000000000000000000, -0.0000000000000000000, 1.000000000000000000 ) ) ;
#2825 = DIRECTION ( 'NONE',  ( 0.0000000000000000000, 0.0000000000000000000, -1.000000000000000000 ) ) ;
#2826 = CARTESIAN_POINT ( 'NONE',  ( 0.03094280090340150600, -0.07470252959880231700, 0.001484374999999964900 ) ) ;
#2827 = CARTESIAN_POINT ( 'NONE',  ( 0.1219895812341332400, -0.04835266804553694400, 0.1141932747193743600 ) ) ;
#2828 = CARTESIAN_POINT ( 'NONE',  ( 0.0000000000000000000, 0.09669145586676650100, -0.06003906250000010800 ) ) ;
#2829 = DIRECTION ( 'NONE',  ( 0.8660254037844328200, 0.5000000000000101000, -0.0000000000000000000 ) ) ;
#2830 = CARTESIAN_POINT ( 'NONE',  ( 0.01643195919263548300, -0.1302172785093226600, 0.1178845546685995100 ) ) ;
#2831 = DIRECTION ( 'NONE',  ( 1.000000000000000000, 0.0000000000000000000, 0.0000000000000000000 ) ) ;
#2832 = CARTESIAN_POINT ( 'NONE',  ( -0.06717514421272199900, -0.06717514421272202700, 0.01515624999999992500 ) ) ;
#2833 = APPROVAL_DATE_TIME ( #2655, #3255 ) ;
#2834 = CARTESIAN_POINT ( 'NONE',  ( -0.1368151078809831700, -0.08717801985860163000, 0.1131726789883945700 ) ) ;
#2835 = EDGE_CURVE ( 'NONE', #1904, #3203, #637, .T. ) ;
#2836 = CIRCLE ( 'NONE', #634, 0.09499999999999998700 ) ;
#2837 = CARTESIAN_POINT ( 'NONE',  ( 0.1236774046062707300, -0.05638819060193377100, 0.1158159005952539300 ) ) ;
#2838 = CARTESIAN_POINT ( 'NONE',  ( 0.05282266525110191500, -0.05282266525110190800, -0.02781250000000003500 ) ) ;
#2839 = CARTESIAN_POINT ( 'NONE',  ( 0.07470252959880231700, -0.03094280090340148500, -0.02195312500000001400 ) ) ;
#2840 = APPROVAL_STATUS ( 'not_yet_approved' ) ;
#2841 = LINE ( 'NONE', #4319, #1888 ) ;
#2842 = ADVANCED_FACE ( 'NONE', ( #3974 ), #2605, .T. ) ;
#2843 = DIRECTION ( 'NONE',  ( -0.5000000000000104400, 0.8660254037844326000, 0.0000000000000000000 ) ) ;
#2844 = VECTOR ( 'NONE', #1636, 39.37007874015748100 ) ;
#2845 = CARTESIAN_POINT ( 'NONE',  ( -0.007726517522271843400, 0.1661919281038882200, 0.1131954720338106000 ) ) ;
#2846 = CARTESIAN_POINT ( 'NONE',  ( -0.09499999999999998700, -1.745121688784978200E-017, -0.02390625000000007700 ) ) ;
#2847 = VERTEX_POINT ( 'NONE', #3328 ) ;
#2848 = ORIENTED_EDGE ( 'NONE', *, *, #3065, .F. ) ;
#2849 = FACE_OUTER_BOUND ( 'NONE', #3646, .T. ) ;
#2850 = CARTESIAN_POINT ( 'NONE',  ( -0.06717514421272199900, -0.06717514421272202700, -0.05125000000000009400 ) ) ;
#2851 = DIRECTION ( 'NONE',  ( 0.0000000000000000000, 0.0000000000000000000, 1.000000000000000000 ) ) ;
#2852 = CARTESIAN_POINT ( 'NONE',  ( 0.1199289005765461100, 0.09009472130208806600, 0.1171874999999999900 ) ) ;
#2853 = ORIENTED_EDGE ( 'NONE', *, *, #2030, .T. ) ;
#2854 = CARTESIAN_POINT ( 'NONE',  ( -0.03094280090340147100, -0.07470252959880234500, -0.06492187500000001800 ) ) ;
#2855 = CARTESIAN_POINT ( 'NONE',  ( 0.03094280090340148900, 0.07470252959880231700, -0.04539062500000001100 ) ) ;
#2856 = ORIENTED_EDGE ( 'NONE', *, *, #1425, .T. ) ;
#2857 = CARTESIAN_POINT ( 'NONE',  ( -0.06717514421272199900, -0.06717514421272202700, -0.08250000000000005900 ) ) ;
#2858 = CARTESIAN_POINT ( 'NONE',  ( 0.03935028842544402400, 0.09499999999999998700, 0.001484374999999927600 ) ) ;
#2859 = CARTESIAN_POINT ( 'NONE',  ( -0.07470252959880233100, -1.372263206420755200E-017, -0.09812500000000001800 ) ) ;
#2860 = CARTESIAN_POINT ( 'NONE',  ( -0.05282266525110190800, -0.05282266525110192200, 0.05812499999999996800 ) ) ;
#2861 = ORIENTED_EDGE ( 'NONE', *, *, #974, .F. ) ;
#2862 = EDGE_CURVE ( 'NONE', #2916, #4394, #1298, .T. ) ;
#2863 = ADVANCED_FACE ( 'NONE', ( #4262 ), #2941, .T. ) ;
#2864 = EDGE_LOOP ( 'NONE', ( #4323, #614, #665, #3067, #1633, #916 ) ) ;
#2865 = DIRECTION ( 'NONE',  ( 1.000000000000000000, 0.0000000000000000000, 0.0000000000000000000 ) ) ;
#2866 = CARTESIAN_POINT ( 'NONE',  ( 0.0000000000000000000, 0.07470252959880233100, 0.01515624999999997900 ) ) ;
#2867 = CARTESIAN_POINT ( 'NONE',  ( 0.07470252959880233100, 4.574210688069183900E-018, -0.08250000000000003200 ) ) ;
#2868 = ORIENTED_EDGE ( 'NONE', *, *, #1483, .F. ) ;
#2869 = CARTESIAN_POINT ( 'NONE',  ( 0.1399234057188228400, 0.08518947794741768600, 0.1124295486467742800 ) ) ;
#2870 = CARTESIAN_POINT ( 'NONE',  ( -0.1875000000000003900, -0.1041956073748581000, 0.05201404662460754800 ) ) ;
#2871 = CARTESIAN_POINT ( 'NONE',  ( -0.003881825481310514700, 0.1677568360438793900, 0.1121895097622229600 ) ) ;
#2872 = ORIENTED_EDGE ( 'NONE', *, *, #884, .F. ) ;
#2873 = CARTESIAN_POINT ( 'NONE',  ( 0.03299270926985762400, 0.1974580013678631000, 0.06156017110557947300 ) ) ;
#2875 = DIRECTION ( 'NONE',  ( 1.000000000000000000, 0.0000000000000000000, 0.0000000000000000000 ) ) ;
#2874 = APPROVAL ( #4195, 'UNSPECIFIED' ) ;
#2876 = CARTESIAN_POINT ( 'NONE',  ( 0.0000000000000000000, 0.09499999999999998700, -0.05906250000000008700 ) ) ;
#2877 = CARTESIAN_POINT ( 'NONE',  ( 0.03094280090340148900, 0.07470252959880231700, -0.01804687500000004200 ) ) ;
#2878 = CARTESIAN_POINT ( 'NONE',  ( 0.07470252959880233100, 4.574210688069183900E-018, -0.05125000000000001800 ) ) ;
#2879 = CARTESIAN_POINT ( 'NONE',  ( 0.07470252959880231700, 0.03094280090340150200, 0.01320312499999998900 ) ) ;
#2880 = CARTESIAN_POINT ( 'NONE',  ( 0.06717514421272201300, -0.06717514421272199900, -0.07078125000000010100 ) ) ;
#2881 = ADVANCED_FACE ( 'NONE', ( #3221 ), #407, .F. ) ;
#2882 = CARTESIAN_POINT ( 'NONE',  ( 0.01805986710621250100, -0.1308428737517742800, 0.1171874999999999900 ) ) ;
#2883 = AXIS2_PLACEMENT_3D ( 'NONE', #1970, #2634, #2312 ) ;
#2884 = CARTESIAN_POINT ( 'NONE',  ( 0.0000000000000000000, 0.0000000000000000000, 0.1171874999999999900 ) ) ;
#2885 = VECTOR ( 'NONE', #3130, 39.37007874015748900 ) ;
#2886 = EDGE_CURVE ( 'NONE', #3377, #212, #4095, .T. ) ;
#2887 = CARTESIAN_POINT ( 'NONE',  ( 0.1223431861263023400, 0.04978113317293751700, 0.1171874999999999900 ) ) ;
#2888 = CARTESIAN_POINT ( 'NONE',  ( 0.0000000000000000000, 0.0000000000000000000, -0.1171875000000000300 ) ) ;
#2889 = CARTESIAN_POINT ( 'NONE',  ( 9.148421376138367800E-018, -0.07470252959880233100, -0.1567187500000000200 ) ) ;
#2890 = CARTESIAN_POINT ( 'NONE',  ( -0.03094280090340154100, 0.07470252959880231700, -0.04148437500000000400 ) ) ;
#2891 = AXIS2_PLACEMENT_3D ( 'NONE', #1108, #1121, #1785 ) ;
#2892 = LINE ( 'NONE', #3972, #90 ) ;
#2893 = VERTEX_POINT ( 'NONE', #2966 ) ;
#2894 = CIRCLE ( 'NONE', #2516, 0.009999999999999995000 ) ;
#2895 = DIRECTION ( 'NONE',  ( 0.0000000000000000000, 1.000000000000000000, -0.0000000000000000000 ) ) ;
#2896 = CARTESIAN_POINT ( 'NONE',  ( 0.1497496690009020300, -0.07239384564303352800, 0.1129163615118865500 ) ) ;
#2897 = CARTESIAN_POINT ( 'NONE',  ( 0.05282266525110190800, 0.05282266525110191500, -0.02000000000000002500 ) ) ;
#2898 = ORIENTED_EDGE ( 'NONE', *, *, #1105, .F. ) ;
#2899 = EDGE_LOOP ( 'NONE', ( #2236, #552, #831, #2898 ) ) ;
#2900 = CARTESIAN_POINT ( 'NONE',  ( -0.1223431861263029600, 0.04978113317293590000, 0.1171874999999999900 ) ) ;
#2901 = PRODUCT_DEFINITION ( 'UNKNOWN', '', #682, #3718 ) ;
#2902 = ORIENTED_EDGE ( 'NONE', *, *, #1557, .F. ) ;
#2903 = CARTESIAN_POINT ( 'NONE',  ( -0.004614059883257492500, -0.1644746591298604000, 0.1109001848861595500 ) ) ;
#2904 = DIRECTION ( 'NONE',  ( -0.0000000000000000000, -0.0000000000000000000, 1.000000000000000000 ) ) ;
#2905 = CARTESIAN_POINT ( 'NONE',  ( -0.1300006205055393200, 0.09450992164398705500, 0.1156804772760067400 ) ) ;
#2906 = CARTESIAN_POINT ( 'NONE',  ( 0.07470252959880233100, 4.574210688069183900E-018, -0.1176562500000000200 ) ) ;
#2907 = CARTESIAN_POINT ( 'NONE',  ( 0.06837118412619037900, -0.06837118412619036500, -0.04246093750000008000 ) ) ;
#2908 = ORIENTED_EDGE ( 'NONE', *, *, #949, .T. ) ;
#2909 = ORIENTED_EDGE ( 'NONE', *, *, #1964, .T. ) ;
#2910 = CARTESIAN_POINT ( 'NONE',  ( 0.01912015174887429400, -0.1298224103685535200, 0.1141932747193742700 ) ) ;
#2911 = VERTEX_POINT ( 'NONE', #4107 ) ;
#2912 = CARTESIAN_POINT ( 'NONE',  ( -0.1236774046062703400, 0.05638819060193469400, 0.1158159005952539000 ) ) ;
#2913 = CARTESIAN_POINT ( 'NONE',  ( -0.01910556125494485700, -0.1298298240258082500, 0.1205281597411653500 ) ) ;
#2914 = CARTESIAN_POINT ( 'NONE',  ( -0.1230028021661927300, 0.04562082312658506700, 0.1171874999999999900 ) ) ;
#2915 = EDGE_CURVE ( 'NONE', #1172, #725, #3112, .T. ) ;
#2916 = VERTEX_POINT ( 'NONE', #1295 ) ;
#2917 = CARTESIAN_POINT ( 'NONE',  ( -0.1828125000000000200, -2.238807429691255400E-017, 0.07031249999999995800 ) ) ;
#2918 = CARTESIAN_POINT ( 'NONE',  ( -0.09499999999999995900, 0.03935028842544405900, -0.02195312500000006600 ) ) ;
#2919 = CARTESIAN_POINT ( 'NONE',  ( -0.1428387324018752200, 0.06138253759823956300, 0.1171874999999999700 ) ) ;
#2920 = ORIENTED_EDGE ( 'NONE', *, *, #690, .F. ) ;
#2921 = CARTESIAN_POINT ( 'NONE',  ( -0.07470252959880233100, -1.372263206420755200E-017, -0.1332812500000000500 ) ) ;
#2922 = CARTESIAN_POINT ( 'NONE',  ( 0.09669145586676650100, -0.04005091238561425700, -0.04050781250000005200 ) ) ;
#2923 = CARTESIAN_POINT ( 'NONE',  ( 0.09499999999999998700, 5.817072295949927900E-018, -0.06687500000000008700 ) ) ;
#2924 = AXIS2_PLACEMENT_3D ( 'NONE', #3690, #227, #4398 ) ;
#2925 = CARTESIAN_POINT ( 'NONE',  ( 0.1245776565386798900, -0.09301035930314867400, 0.1171875000000001200 ) ) ;
#2926 = CARTESIAN_POINT ( 'NONE',  ( 0.05282266525110191500, -0.05282266525110190800, 0.003437499999999971800 ) ) ;
#2927 = CARTESIAN_POINT ( 'NONE',  ( -0.1199289005765467500, -0.09009472130208720500, 0.1171874999999999900 ) ) ;
#2928 = CARTESIAN_POINT ( 'NONE',  ( 0.07470252959880233100, -0.03094280090340148900, 0.03664062499999996100 ) ) ;
#2929 =( BOUNDED_CURVE ( )  B_SPLINE_CURVE ( 2, ( #3952, #2918, #847, #1854, #4311, #1867, #3295, #4328, #3637 ),
 .UNSPECIFIED., .F., .F. ) 
 B_SPLINE_CURVE_WITH_KNOTS ( ( 3, 2, 2, 2, 3 ),
 ( 0.4166666666666666900, 0.4305555555555555800, 0.4444444444444444200, 0.4583333333333333100, 0.4722222222222222100 ),
 .UNSPECIFIED. ) 
 CURVE ( )  GEOMETRIC_REPRESENTATION_ITEM ( )  RATIONAL_B_SPLINE_CURVE ( ( 1.000000000000000000, 0.9238795325112867400, 1.000000000000000000, 0.9238795325112867400, 1.000000000000000000, 0.9238795325112867400, 1.000000000000000000, 0.9238795325112867400, 1.000000000000000000 ) ) 
 REPRESENTATION_ITEM ( '' )  );
#2930 = CARTESIAN_POINT ( 'NONE',  ( -0.01805986710621259100, -0.1489088351982713600, 0.1171874999999999900 ) ) ;
#2931 = CARTESIAN_POINT ( 'NONE',  ( 0.02199260931391680200, -0.1293339629758870900, 0.1171874999999999900 ) ) ;
#2932 = CARTESIAN_POINT ( 'NONE',  ( -0.01912015174887433600, 0.1298224103685534600, 0.1141932747193742800 ) ) ;
#2933 = CARTESIAN_POINT ( 'NONE',  ( 0.06837118412619037900, -0.06837118412619036500, 0.08253906249999994100 ) ) ;
#2934 = CARTESIAN_POINT ( 'NONE',  ( 0.03094280090340148900, 0.07470252959880231700, -0.1430468749999999900 ) ) ;
#2935 = CARTESIAN_POINT ( 'NONE',  ( -0.06837118412619039300, 0.06837118412619036500, 0.004414062499999932800 ) ) ;
#2936 = CARTESIAN_POINT ( 'NONE',  ( 0.03935028842544405200, -0.09499999999999998700, -0.07273437500000007300 ) ) ;
#2937 = DIMENSIONAL_EXPONENTS ( 1.000000000000000000, 0.0000000000000000000, 0.0000000000000000000, 0.0000000000000000000, 0.0000000000000000000, 0.0000000000000000000, 0.0000000000000000000 ) ;
#2938 = CARTESIAN_POINT ( 'NONE',  ( -0.04105305610201397800, -0.08574710652126786600, -0.1122296881763728400 ) ) ;
#2939 = CARTESIAN_POINT ( 'NONE',  ( 0.0000000000000000000, 0.0000000000000000000, 0.03046874999999996100 ) ) ;
#2940 = EDGE_CURVE ( 'NONE', #1428, #4170, #3360, .T. ) ;
#2941 = CYLINDRICAL_SURFACE ( 'NONE', #3888, 0.009999999999999995000 ) ;
#2942 = CARTESIAN_POINT ( 'NONE',  ( -0.1500000000000000200, 2.037888814206142900E-017, 0.1171874999999999900 ) ) ;
#2943 = CARTESIAN_POINT ( 'NONE',  ( 0.03094280090340150200, 0.07470252959880233100, -0.01804687500000004200 ) ) ;
#2944 = VECTOR ( 'NONE', #4025, 39.37007874015748900 ) ;
#2945 = CARTESIAN_POINT ( 'NONE',  ( -0.008500314043969029900, -0.1608559229650074200, 0.1136661322641429500 ) ) ;
#2946 = EDGE_CURVE ( 'NONE', #2237, #1143, #306, .T. ) ;
#2947 = DIRECTION ( 'NONE',  ( 0.0000000000000000000, 0.0000000000000000000, 1.000000000000000000 ) ) ;
#2948 = CARTESIAN_POINT ( 'NONE',  ( 0.0000000000000000000, 0.09669145586676650100, 0.1255078124999999300 ) ) ;
#2949 = ORIENTED_EDGE ( 'NONE', *, *, #417, .F. ) ;
#2950 = ORIENTED_EDGE ( 'NONE', *, *, #2482, .F. ) ;
#2951 = CARTESIAN_POINT ( 'NONE',  ( -0.03094280090340154100, 0.07470252959880231700, -0.1391406250000000700 ) ) ;
#2952 = FACE_OUTER_BOUND ( 'NONE', #4505, .T. ) ;
#2953 = CARTESIAN_POINT ( 'NONE',  ( -0.04005091238561424300, -0.09669145586676651500, -0.07957031250000005900 ) ) ;
#2954 = AXIS2_PLACEMENT_3D ( 'NONE', #266, #2721, #3099 ) ;
#2955 = B_SPLINE_CURVE_WITH_KNOTS ( 'NONE', 3,
 ( #3603, #2537, #431, #2194 ),
 .UNSPECIFIED., .F., .F.,
 ( 4, 4 ),
 ( 0.0000000000000000000, 0.0001070391842575562100 ),
 .UNSPECIFIED. ) ;
#2956 = VERTEX_POINT ( 'NONE', #261 ) ;
#2957 = CARTESIAN_POINT ( 'NONE',  ( -0.1236774046062701500, -0.05638819060193547800, 0.1158159005952539600 ) ) ;
#2958 = CARTESIAN_POINT ( 'NONE',  ( 0.07470252959880233100, 0.03094280090340149500, -0.05320312500000003200 ) ) ;
#2959 = CARTESIAN_POINT ( 'NONE',  ( -0.06717514421272202700, 0.06717514421272199900, 0.003437499999999915900 ) ) ;
#2960 = ORIENTED_EDGE ( 'NONE', *, *, #2265, .T. ) ;
#2961 = CARTESIAN_POINT ( 'NONE',  ( 0.03094280090340150900, -0.07470252959880233100, 0.06398437499999996800 ) ) ;
#2962 = CARTESIAN_POINT ( 'NONE',  ( 0.07725480947161642000, 4.730492756907683300E-018, 0.01272355947161646200 ) ) ;
#2963 = ORIENTED_EDGE ( 'NONE', *, *, #1674, .T. ) ;
#2964 = CARTESIAN_POINT ( 'NONE',  ( -0.1264322379373755400, 0.08801266740637672700, 0.1158158947906486600 ) ) ;
#2965 = CARTESIAN_POINT ( 'NONE',  ( 0.06837118412619037900, -0.06837118412619036500, 0.1137890624999999400 ) ) ;
#2966 = CARTESIAN_POINT ( 'NONE',  ( 0.1828125000000000200, -2.432876295260315100E-017, -0.1171875000000000300 ) ) ;
#2967 = CARTESIAN_POINT ( 'NONE',  ( 0.09669145586676650100, 5.920644096606658200E-018, 0.02394531249999993400 ) ) ;
#2968 = ORIENTED_EDGE ( 'NONE', *, *, #1532, .F. ) ;
#2969 = CARTESIAN_POINT ( 'NONE',  ( 0.05282266525110191500, -0.05282266525110190800, 0.007343749999999985700 ) ) ;
#2970 = B_SPLINE_CURVE_WITH_KNOTS ( 'NONE', 3,
 ( #2651, #905, #1342, #3072, #622, #1059 ),
 .UNSPECIFIED., .F., .F.,
 ( 4, 2, 4 ),
 ( 1.626303258728256700E-019, 0.0003468749959744427800, 0.0006937499919488854600 ),
 .UNSPECIFIED. ) ;
#2971 = CARTESIAN_POINT ( 'NONE',  ( 0.1221686531500148100, 0.06006363749507158400, 0.1135092525227573800 ) ) ;
#2972 = CARTESIAN_POINT ( 'NONE',  ( 0.05282266525110191500, -0.05282266525110190800, -0.05906250000000004600 ) ) ;
#2973 = ORIENTED_EDGE ( 'NONE', *, *, #1607, .F. ) ;
#2974 = CARTESIAN_POINT ( 'NONE',  ( -0.07913885340190990300, -0.02845055274289512800, 0.01936909494452756700 ) ) ;
#2975 = EDGE_CURVE ( 'NONE', #4332, #1366, #3420, .T. ) ;
#2976 = CARTESIAN_POINT ( 'NONE',  ( 0.03094280090340150200, 0.07470252959880233100, -0.04929687500000002500 ) ) ;
#2977 = VERTEX_POINT ( 'NONE', #2702 ) ;
#2978 = CARTESIAN_POINT ( 'NONE',  ( 0.0000000000000000000, 0.0000000000000000000, -0.1171875000000000300 ) ) ;
#2979 = DIRECTION ( 'NONE',  ( 0.0000000000000000000, 0.0000000000000000000, 1.000000000000000000 ) ) ;
#2980 = CARTESIAN_POINT ( 'NONE',  ( 0.1394373247974379500, 0.06548719620790673100, 0.1158158947906440300 ) ) ;
#2981 = DIRECTION ( 'NONE',  ( -0.0000000000000000000, -0.0000000000000000000, 1.000000000000000000 ) ) ;
#2982 = CARTESIAN_POINT ( 'NONE',  ( -0.03094280090340154100, 0.07470252959880231700, 0.05226562499999998200 ) ) ;
#2983 = B_SPLINE_CURVE_WITH_KNOTS ( 'NONE', 3,
 ( #2275, #2938, #4346, #3336, #3617, #3628, #4032, #2586, #2610, #1900, #546, #882, #1568, #1529, #161, #4335, #1232, #897 ),
 .UNSPECIFIED., .F., .F.,
 ( 4, 2, 2, 2, 2, 2, 2, 2, 4 ),
 ( 0.001319811760875493200, 0.001931872043947165200, 0.002543932327018837000, 0.003155992610090509200, 0.003768052893162181400, 0.004380113176233852700, 0.004992173459305525000, 0.005604233742377197200, 0.006216294025448870300 ),
 .UNSPECIFIED. ) ;
#2984 = CARTESIAN_POINT ( 'NONE',  ( 0.1874999999999997800, 0.1082531754730558200, 0.07031249999999995800 ) ) ;
#2985 = CARTESIAN_POINT ( 'NONE',  ( 0.03094280090340150200, -0.07470252959880233100, -0.06101562500000003200 ) ) ;
#2986 = CARTESIAN_POINT ( 'NONE',  ( 0.05282266525110191500, -0.05282266525110190800, -0.05906250000000004600 ) ) ;
#2987 = CYLINDRICAL_SURFACE ( 'NONE', #2310, 0.1828125000000000200 ) ;
#2988 = CARTESIAN_POINT ( 'NONE',  ( 0.07369433142360966300, 0.01408634137410924200, 0.01017127959880237400 ) ) ;
#2989 = CARTESIAN_POINT ( 'NONE',  ( -0.1875000000000004200, -0.01760220836734758800, -0.1144811706131734500 ) ) ;
#2990 = CARTESIAN_POINT ( 'NONE',  ( -0.1438525843699808000, 0.06191946070790386300, 0.1171875000000001200 ) ) ;
#2991 = CARTESIAN_POINT ( 'NONE',  ( 0.1508087444388324900, 0.07629100100461304300, 0.1114347087687721600 ) ) ;
#2992 = CYLINDRICAL_SURFACE ( 'NONE', #2527, 0.09499999999999998700 ) ;
#2993 = CARTESIAN_POINT ( 'NONE',  ( 0.1042833190200910400, -0.08106174057883719400, 0.1171874999999999900 ) ) ;
#2994 = CARTESIAN_POINT ( 'NONE',  ( 1.184128819321331600E-017, -0.09669145586676650100, -0.1088671875000000700 ) ) ;
#2995 = CARTESIAN_POINT ( 'NONE',  ( -0.1197527662370330000, 0.05372704124131425600, 0.1157566596927132500 ) ) ;
#2996 = LINE ( 'NONE', #211, #2844 ) ;
#2997 = FACE_OUTER_BOUND ( 'NONE', #3882, .T. ) ;
#2998 = CARTESIAN_POINT ( 'NONE',  ( -0.07470252959880233100, 0.03094280090340151300, -0.07273437500000004600 ) ) ;
#2999 = EDGE_CURVE ( 'NONE', #861, #661, #2273, .T. ) ;
#3000 = ORIENTED_EDGE ( 'NONE', *, *, #2591, .T. ) ;
#3001 = CARTESIAN_POINT ( 'NONE',  ( -0.06229771178899445900, -0.05839313076765603000, 0.02066247471586721300 ) ) ;
#3002 = LINE ( 'NONE', #638, #1246 ) ;
#3003 = CARTESIAN_POINT ( 'NONE',  ( 0.0000000000000000000, 0.07470252959880234500, -0.1410937500000000200 ) ) ;
#3004 = CARTESIAN_POINT ( 'NONE',  ( 0.0000000000000000000, 0.0000000000000000000, -0.1171875000000000400 ) ) ;
#3005 = CARTESIAN_POINT ( 'NONE',  ( -0.08543793397362101100, -0.04891235445182304900, -0.1111256797797786600 ) ) ;
#3006 = ORIENTED_EDGE ( 'NONE', *, *, #393, .T. ) ;
#3007 = ORIENTED_EDGE ( 'NONE', *, *, #3159, .F. ) ;
#3008 = CARTESIAN_POINT ( 'NONE',  ( 0.1400631728807552000, 0.08978732450902041100, 0.1131954720338115100 ) ) ;
#3009 = DIRECTION ( 'NONE',  ( 0.0000000000000000000, 0.0000000000000000000, -1.000000000000000000 ) ) ;
#3010 = CARTESIAN_POINT ( 'NONE',  ( 0.09669145586676650100, 0.04005091238561426400, -0.1303515625000001000 ) ) ;
#3011 = ORIENTED_EDGE ( 'NONE', *, *, #4501, .T. ) ;
#3012 = CARTESIAN_POINT ( 'NONE',  ( -0.1875000000000003900, 0.08733048695733990100, 0.05674379541333295800 ) ) ;
#3013 = PRODUCT ( '91831A411_18-8 Stainless Steel Nylon-Insert Locknut', '91831A411_18-8 Stainless Steel Nylon-Insert Locknut', '', ( #3460 ) ) ;
#3014 = VERTEX_POINT ( 'NONE', #3385 ) ;
#3015 = CARTESIAN_POINT ( 'NONE',  ( 0.05382454091553295900, 0.06978346590733165700, 0.02343238429117169500 ) ) ;
#3016 = CARTESIAN_POINT ( 'NONE',  ( 0.07470252959880233100, 4.574210688069183900E-018, -0.05515625000000003200 ) ) ;
#3017 = CARTESIAN_POINT ( 'NONE',  ( -0.1375697439049679300, -0.09349009474157479700, 0.1129163615118865100 ) ) ;
#3018 = ORIENTED_EDGE ( 'NONE', *, *, #1871, .F. ) ;
#3019 = CARTESIAN_POINT ( 'NONE',  ( 0.07470252959880233100, 0.03094280090340150600, -0.1469531250000000200 ) ) ;
#3020 = CARTESIAN_POINT ( 'NONE',  ( -0.1257641731398057800, 0.08762697145684678100, 0.1158159005952539000 ) ) ;
#3021 = CARTESIAN_POINT ( 'NONE',  ( 0.03935028842544405200, -0.09499999999999998700, -0.1039843750000001000 ) ) ;
#3022 = PLANE ( 'NONE',  #925 ) ;
#3023 = CARTESIAN_POINT ( 'NONE',  ( 0.1224562857454421600, 0.08571716177926430600, 0.1158159005952540700 ) ) ;
#3024 = ORIENTED_EDGE ( 'NONE', *, *, #3724, .T. ) ;
#3025 = CARTESIAN_POINT ( 'NONE',  ( 0.06980432861620056200, 0.02750700281241575500, 0.01017127959880237600 ) ) ;
#3026 = CARTESIAN_POINT ( 'NONE',  ( 0.07470252959880231700, -0.03094280090340148500, 0.1030468750000000000 ) ) ;
#3027 = CARTESIAN_POINT ( 'NONE',  ( -0.1153254289050295000, 0.06263200403427321400, 0.1121861105336138900 ) ) ;
#3028 = EDGE_CURVE ( 'NONE', #1697, #4316, #544, .T. ) ;
#3029 = ORIENTED_EDGE ( 'NONE', *, *, #2235, .T. ) ;
#3030 = CARTESIAN_POINT ( 'NONE',  ( 0.0000000000000000000, 0.09669145586676650100, -0.1537890625000001000 ) ) ;
#3031 = ADVANCED_FACE ( 'NONE', ( #3541 ), #2057, .T. ) ;
#3032 = CARTESIAN_POINT ( 'NONE',  ( 0.07763024864551201800, 0.02175255111334775000, 0.01590987565442408800 ) ) ;
#3033 = CARTESIAN_POINT ( 'NONE',  ( -0.01826050570230651100, -0.1543925949580035000, 0.1171875000000000600 ) ) ;
#3034 = CARTESIAN_POINT ( 'NONE',  ( 0.09253606664626246000, -0.005756406941626423900, 0.02800481664626242400 ) ) ;
#3035 = EDGE_CURVE ( 'NONE', #2695, #4170, #523, .T. ) ;
#3036 = CARTESIAN_POINT ( 'NONE',  ( -0.05282266525110192200, 0.05282266525110190100, -0.1371875000000000200 ) ) ;
#3037 = CARTESIAN_POINT ( 'NONE',  ( 0.0000000000000000000, 0.09499999999999998700, -0.09031250000000005900 ) ) ;
#3038 = AXIS2_PLACEMENT_3D ( 'NONE', #2268, #1241, #538 ) ;
#3039 = CARTESIAN_POINT ( 'NONE',  ( -0.09499999999999998700, 1.163414459189985400E-017, -0.1171875000000000400 ) ) ;
#3040 = CARTESIAN_POINT ( 'NONE',  ( 0.07470252959880231700, 0.03094280090340150200, -0.08054687500000000400 ) ) ;
#3041 = DIRECTION ( 'NONE',  ( 1.000000000000000000, 0.0000000000000000000, -0.0000000000000000000 ) ) ;
#3042 = PERSON_AND_ORGANIZATION ( #1944, #519 ) ;
#3043 = CARTESIAN_POINT ( 'NONE',  ( -0.1379887676827593600, -0.05881411389618523800, 0.1071874999999999900 ) ) ;
#3044 = B_SPLINE_CURVE_WITH_KNOTS ( 'NONE', 3,
 ( #3399, #631, #4511, #991, #2363, #3054, #1010, #953 ),
 .UNSPECIFIED., .F., .F.,
 ( 4, 2, 2, 4 ),
 ( 0.0001064236135347612100, 0.002777285481970353800, 0.004112716416188148800, 0.005448147350405946000 ),
 .UNSPECIFIED. ) ;
#3045 = CARTESIAN_POINT ( 'NONE',  ( -0.002733574172160165400, 0.1705019739395113000, 0.1099941170895163100 ) ) ;
#3046 = CARTESIAN_POINT ( 'NONE',  ( -0.03935028842544401100, -0.09500000000000001500, 0.01320312499999991600 ) ) ;
#3047 = FACE_OUTER_BOUND ( 'NONE', #1194, .T. ) ;
#3048 = CARTESIAN_POINT ( 'NONE',  ( 0.1115371574225539200, 0.06919375255165667600, 0.1071856635327526900 ) ) ;
#3049 = CARTESIAN_POINT ( 'NONE',  ( 0.04005091238561427100, -0.09669145586676650100, 0.08253906249999989900 ) ) ;
#3050 = CARTESIAN_POINT ( 'NONE',  ( 0.1049621656827035600, -0.07879020262867442200, 0.1116748684744861400 ) ) ;
#3051 = FACE_OUTER_BOUND ( 'NONE', #1961, .T. ) ;
#3052 = CARTESIAN_POINT ( 'NONE',  ( -0.1156820853594792000, -0.07201612529771325700, 0.1121829597595901700 ) ) ;
#3053 = ADVANCED_FACE ( 'NONE', ( #4146 ), #1552, .F. ) ;
#3054 = CARTESIAN_POINT ( 'NONE',  ( -0.1543431584539261000, -0.1273962868651577500, 0.06071975416609956500 ) ) ;
#3055 = FACE_OUTER_BOUND ( 'NONE', #1153, .T. ) ;
#3056 = EDGE_CURVE ( 'NONE', #4343, #2545, #763, .T. ) ;
#3057 = CARTESIAN_POINT ( 'NONE',  ( -0.01827415270555317300, -0.2059557639623455800, -0.1036688508726838500 ) ) ;
#3058 = CARTESIAN_POINT ( 'NONE',  ( -0.07470252959880231700, 0.03094280090340150900, 0.02492187499999998200 ) ) ;
#3059 = CARTESIAN_POINT ( 'NONE',  ( -0.1875000000000003900, -0.1041956073748581000, 0.05201404662460754800 ) ) ;
#3060 = CARTESIAN_POINT ( 'NONE',  ( -0.01609247104076815700, 0.1320949618554856400, 0.1171874999999999900 ) ) ;
#3061 = VERTEX_POINT ( 'NONE', #2296 ) ;
#3062 = ORIENTED_EDGE ( 'NONE', *, *, #64, .T. ) ;
#3063 = CARTESIAN_POINT ( 'NONE',  ( 0.09272165379485031200, 5.677563826575623300E-018, 0.02819040379485027500 ) ) ;
#3064 = CARTESIAN_POINT ( 'NONE',  ( -0.01805986710621259100, -0.1489088351982713600, 0.1171874999999999900 ) ) ;
#3065 = EDGE_CURVE ( 'NONE', #3906, #1487, #1830, .T. ) ;
#3066 = CARTESIAN_POINT ( 'NONE',  ( 0.1064053657036728900, 0.07684541711407551200, 0.1157566596927081500 ) ) ;
#3067 = ORIENTED_EDGE ( 'NONE', *, *, #1305, .T. ) ;
#3068 = CARTESIAN_POINT ( 'NONE',  ( -0.06837118412619039300, 0.06837118412619036500, 0.06886718749999989900 ) ) ;
#3069 = AXIS2_PLACEMENT_3D ( 'NONE', #3864, #1769, #1088 ) ;
#3070 = CARTESIAN_POINT ( 'NONE',  ( -0.1379328773006467900, -0.08702824320717747500, 0.1128990818932790300 ) ) ;
#3071 = CARTESIAN_POINT ( 'NONE',  ( 0.1874999999999997800, -2.296212749086256300E-017, -0.1144811706131738000 ) ) ;
#3072 = CARTESIAN_POINT ( 'NONE',  ( -0.004575593175237394200, -0.1361893181502496800, 0.1121920646682169800 ) ) ;
#3073 = ORIENTED_EDGE ( 'NONE', *, *, #3352, .T. ) ;
#3074 = DIRECTION ( 'NONE',  ( 1.000000000000000000, 0.0000000000000000000, -0.0000000000000000000 ) ) ;
#3075 = CARTESIAN_POINT ( 'NONE',  ( -0.1230028021661924700, -0.04562082312658577400, 0.1171874999999999900 ) ) ;
#3076 = CARTESIAN_POINT ( 'NONE',  ( -0.1245903033901362700, -0.1445741057453966400, -0.1144588665547579000 ) ) ;
#3077 = CARTESIAN_POINT ( 'NONE',  ( -0.07470252959880231700, 0.03094280090340150900, -0.03757812500000001800 ) ) ;
#3078 = AXIS2_PLACEMENT_3D ( 'NONE', #177, #4039, #4054 ) ;
#3079 = ORIENTED_EDGE ( 'NONE', *, *, #3264, .T. ) ;
#3080 = CARTESIAN_POINT ( 'NONE',  ( -0.003689438738298500200, 0.07803157501282426100, 0.01347377212364469400 ) ) ;
#3081 = CARTESIAN_POINT ( 'NONE',  ( 0.1453124999999999800, 0.0000000000000000000, 0.09718749999999998200 ) ) ;
#3082 = B_SPLINE_CURVE_WITH_KNOTS ( 'NONE', 3,
 ( #3849, #750, #6, #1458 ),
 .UNSPECIFIED., .F., .F.,
 ( 4, 4 ),
 ( 0.001078548605113624300, 0.001500982125666159400 ),
 .UNSPECIFIED. ) ;
#3083 = ADVANCED_FACE ( 'NONE', ( #1356 ), #2992, .F. ) ;
#3084 = CARTESIAN_POINT ( 'NONE',  ( -0.01805986710621248000, 0.1308428737517742800, 0.1171874999999999900 ) ) ;
#3085 = CARTESIAN_POINT ( 'NONE',  ( -0.1236774046062703400, 0.05638819060193469400, 0.1158159005952539000 ) ) ;
#3086 = ORIENTED_EDGE ( 'NONE', *, *, #1902, .F. ) ;
#3087 = ORIENTED_EDGE ( 'NONE', *, *, #1130, .T. ) ;
#3088 = CARTESIAN_POINT ( 'NONE',  ( 0.06837118412619037900, -0.06837118412619036500, 0.05324218749999989900 ) ) ;
#3089 = ORIENTED_EDGE ( 'NONE', *, *, #3724, .F. ) ;
#3090 = DIRECTION ( 'NONE',  ( -0.0000000000000000000, -0.0000000000000000000, -1.000000000000000000 ) ) ;
#3091 = CARTESIAN_POINT ( 'NONE',  ( 0.09257853514319068500, 0.01124713357596591000, 0.02855877072774037200 ) ) ;
#3092 = CARTESIAN_POINT ( 'NONE',  ( 0.0000000000000000000, 0.0000000000000000000, 0.1171875000000000000 ) ) ;
#3093 = CARTESIAN_POINT ( 'NONE',  ( 0.0000000000000000000, 0.0000000000000000000, 0.1171874999999999900 ) ) ;
#3094 = CARTESIAN_POINT ( 'NONE',  ( 0.1202088366696892200, -0.06417556203519952900, 0.1121829597595911400 ) ) ;
#3095 = EDGE_LOOP ( 'NONE', ( #345, #4429, #3655, #1444 ) ) ;
#3096 = CARTESIAN_POINT ( 'NONE',  ( 0.07470252959880231700, 0.03094280090340150200, 0.01320312499999998900 ) ) ;
#3097 = CARTESIAN_POINT ( 'NONE',  ( -0.02864363578924789700, 0.07377611311098748700, 0.01449777938951118600 ) ) ;
#3098 = EDGE_CURVE ( 'NONE', #3014, #3663, #999, .T. ) ;
#3099 = DIRECTION ( 'NONE',  ( -0.4999999999999981100, -0.8660254037844397100, 0.0000000000000000000 ) ) ;
#3100 = CARTESIAN_POINT ( 'NONE',  ( 9.148421376138367800E-018, -0.07470252959880233100, 0.09328124999999996800 ) ) ;
#3101 = CARTESIAN_POINT ( 'NONE',  ( 0.1207670657336111400, 0.05138671512890939000, 0.1117495405448362000 ) ) ;
#3102 = CARTESIAN_POINT ( 'NONE',  ( 0.09669145586676650100, -0.04005091238561425700, 0.08644531249999989900 ) ) ;
#3103 = CARTESIAN_POINT ( 'NONE',  ( 0.03315684154607465000, -0.1973632395540059800, 0.06071975416609931600 ) ) ;
#3104 = CARTESIAN_POINT ( 'NONE',  ( -0.09499999999999998700, -1.745121688784978200E-017, -0.02000000000000008000 ) ) ;
#3105 = ADVANCED_FACE ( 'NONE', ( #189 ), #3466, .T. ) ;
#3106 = CARTESIAN_POINT ( 'NONE',  ( -0.04809980053051159800, -0.08192319078823161200, -0.1124999999999994600 ) ) ;
#3107 = CIRCLE ( 'NONE', #3835, 0.1828125000000000200 ) ;
#3108 = CARTESIAN_POINT ( 'NONE',  ( 0.05282266525110191500, -0.05282266525110190800, 0.007343749999999985700 ) ) ;
#3109 = CARTESIAN_POINT ( 'NONE',  ( -0.1027426144821876600, 0.08162982890925846200, 0.1143580571376632400 ) ) ;
#3110 = CARTESIAN_POINT ( 'NONE',  ( -0.07470252959880233100, 0.03094280090340151300, -0.03757812500000001800 ) ) ;
#3111 = CARTESIAN_POINT ( 'NONE',  ( -0.06717514421272202700, 0.06717514421272199900, -0.09031250000000008700 ) ) ;
#3112 = LINE ( 'NONE', #2331, #3810 ) ;
#3113 = CARTESIAN_POINT ( 'NONE',  ( -0.006966364457547226700, 0.08357354972798103400, -0.1006553786739673600 ) ) ;
#3114 = CARTESIAN_POINT ( 'NONE',  ( 0.03094280090340148900, 0.07470252959880231700, -0.1391406250000000200 ) ) ;
#3115 = CARTESIAN_POINT ( 'NONE',  ( 0.07470252959880231700, -0.03094280090340148500, 0.07179687499999998200 ) ) ;
#3116 = AXIS2_PLACEMENT_3D ( 'NONE', #3620, #3306, #119 ) ;
#3117 = FACE_OUTER_BOUND ( 'NONE', #2012, .T. ) ;
#3118 = CARTESIAN_POINT ( 'NONE',  ( -0.1048777060933171700, -0.07890422116871390100, 0.1117593532365076200 ) ) ;
#3119 = CYLINDRICAL_SURFACE ( 'NONE', #3568, 0.2145063509461100400 ) ;
#3120 = CARTESIAN_POINT ( 'NONE',  ( -0.06837118412619039300, 0.06837118412619036500, 0.03761718749999989900 ) ) ;
#3121 = CARTESIAN_POINT ( 'NONE',  ( -0.1413100830738988600, 0.08375483931631685900, 0.1121858721526081100 ) ) ;
#3122 = DIRECTION ( 'NONE',  ( 1.000000000000000000, 0.0000000000000000000, 0.0000000000000000000 ) ) ;
#3123 = CIRCLE ( 'NONE', #2560, 0.1453124999999999800 ) ;
#3124 = ORIENTED_EDGE ( 'NONE', *, *, #2185, .T. ) ;
#3125 = LINE ( 'NONE', #242, #2669 ) ;
#3126 = CARTESIAN_POINT ( 'NONE',  ( -0.06717514421272202700, 0.06717514421272199900, -0.02781250000000007300 ) ) ;
#3127 = CARTESIAN_POINT ( 'NONE',  ( 0.01910556125494484300, 0.1298298240258082800, 0.1205281597411652900 ) ) ;
#3128 = CARTESIAN_POINT ( 'NONE',  ( -0.07470252959880233100, -1.372263206420755200E-017, -0.09812500000000001800 ) ) ;
#3129 = EDGE_LOOP ( 'NONE', ( #450, #1058, #2856, #3 ) ) ;
#3130 = DIRECTION ( 'NONE',  ( 0.8660254037844431500, -0.4999999999999919000, -0.0000000000000000000 ) ) ;
#3131 = CARTESIAN_POINT ( 'NONE',  ( 0.03076426640379413500, 0.07897521400925271200, -0.1020800335818929400 ) ) ;
#3132 = ORIENTED_EDGE ( 'NONE', *, *, #3028, .T. ) ;
#3133 = CARTESIAN_POINT ( 'NONE',  ( -0.03094280090340154100, 0.07470252959880231700, 0.04835937499999996800 ) ) ;
#3134 = CARTESIAN_POINT ( 'NONE',  ( 0.05282266525110190800, 0.05282266525110191500, 0.1089062499999999800 ) ) ;
#3135 = EDGE_CURVE ( 'NONE', #1904, #725, #3736, .T. ) ;
#3136 = CARTESIAN_POINT ( 'NONE',  ( -0.1197445337846418400, -0.06497659982829441500, 0.1121890290118052300 ) ) ;
#3137 = VERTEX_POINT ( 'NONE', #2729 ) ;
#3138 = CARTESIAN_POINT ( 'NONE',  ( 0.06837118412619037900, -0.06837118412619036500, -0.04050781250000010800 ) ) ;
#3139 = AXIS2_PLACEMENT_3D ( 'NONE', #788, #3561, #362 ) ;
#3140 = CARTESIAN_POINT ( 'NONE',  ( 0.003513957050623549000, -0.2144775668970116700, 0.05201404662460753400 ) ) ;
#3141 = CARTESIAN_POINT ( 'NONE',  ( 0.001878777000865079200, 0.1642555414110443400, 0.1121858721526081300 ) ) ;
#3142 = CARTESIAN_POINT ( 'NONE',  ( 0.09499999999999998700, -0.03935028842544402400, -0.006328125000000065500 ) ) ;
#3143 =( BOUNDED_CURVE ( )  B_SPLINE_CURVE ( 2, ( #1594, #3984, #2969, #3312, #3301, #1554, #127, #3601, #4464, #2024, #4093, #3749, #636, #3456, #2691, #996, #1989, #3786, #4449, #1658, #4144, #2350, #2402, #2764, #658, #3110, #1841, #4301, #442, #1828, #2547, #1500, #2878, #4287, #3564, #1468, #1817, #426, #2190, #4212, #2106, #18, #4377, #191, #3351, #575, #4421, #2680, #1613, #936, #4081, #2122, #3881, #2143, #4247 ),
 .UNSPECIFIED., .F., .F. ) 
 B_SPLINE_CURVE_WITH_KNOTS ( ( 3, 2, 2, 2, 2, 2, 2, 2, 2, 2, 2, 2, 2, 2, 2, 2, 2, 2, 2, 2, 2, 2, 2, 2, 2, 2, 2, 3 ),
 ( 0.3650426165309612100, 0.3750000000000000000, 0.3888888888888889000, 0.4027777777777777900, 0.4166666666666666900, 0.4305555555555555800, 0.4444444444444444200, 0.4583333333333333100, 0.4722222222222222100, 0.4861111111111111000, 0.5000000000000000000, 0.5138888888888888400, 0.5277777777777777900, 0.5416666666666666300, 0.5555555555555555800, 0.5694444444444444200, 0.5833333333333333700, 0.5972222222222222100, 0.6111111111111111600, 0.6250000000000000000, 0.6388888888888888400, 0.6527777777777777900, 0.6666666666666666300, 0.6805555555555555800, 0.6944444444444444200, 0.7083333333333333700, 0.7222222222222222100, 0.7289508576190068000 ),
 .UNSPECIFIED. ) 
 CURVE ( )  GEOMETRIC_REPRESENTATION_ITEM ( )  RATIONAL_B_SPLINE_CURVE ( ( 0.9691041216369422600, 0.9454268307068115500, 1.000000000000000000, 0.9238795325112867400, 1.000000000000000000, 0.9238795325112867400, 1.000000000000000000, 0.9238795325112867400, 1.000000000000000000, 0.9238795325112867400, 1.000000000000000000, 0.9238795325112867400, 1.000000000000000000, 0.9238795325112867400, 1.000000000000000000, 0.9238795325112867400, 1.000000000000000000, 0.9238795325112867400, 1.000000000000000000, 0.9238795325112867400, 1.000000000000000000, 0.9238795325112867400, 1.000000000000000000, 0.9238795325112867400, 1.000000000000000000, 0.9238795325112867400, 1.000000000000000000, 0.9238795325112867400, 1.000000000000000000, 0.9238795325112867400, 1.000000000000000000, 0.9238795325112867400, 1.000000000000000000, 0.9238795325112867400, 1.000000000000000000, 0.9238795325112867400, 1.000000000000000000, 0.9238795325112867400, 1.000000000000000000, 0.9238795325112867400, 1.000000000000000000, 0.9238795325112867400, 1.000000000000000000, 0.9238795325112867400, 1.000000000000000000, 0.9238795325112867400, 1.000000000000000000, 0.9238795325112867400, 1.000000000000000000, 0.9238795325112867400, 1.000000000000000000, 0.9238795325112867400, 1.000000000000000000, 0.9631225452185672200, 0.9619765228894710000 ) ) 
 REPRESENTATION_ITEM ( '' )  );
#3144 = CARTESIAN_POINT ( 'NONE',  ( 0.02219984387295619700, 0.1292985528747289100, 0.1174052257662201400 ) ) ;
#3145 = ORIENTED_EDGE ( 'NONE', *, *, #2886, .F. ) ;
#3146 = CC_DESIGN_APPROVAL ( #3255, ( #2901 ) ) ;
#3147 = CARTESIAN_POINT ( 'NONE',  ( -0.09499999999999995900, -0.03935028842544409400, -0.05320312500000007300 ) ) ;
#3148 = ORIENTED_EDGE ( 'NONE', *, *, #2383, .F. ) ;
#3149 = CARTESIAN_POINT ( 'NONE',  ( 0.06717514421272199900, 0.06717514421272201300, -0.09812500000000008700 ) ) ;
#3150 = CARTESIAN_POINT ( 'NONE',  ( 0.1839860429493767000, -0.1102819595221532200, 0.05201404662460754800 ) ) ;
#3151 = CARTESIAN_POINT ( 'NONE',  ( 0.03094280090340148900, 0.07470252959880231700, 0.1069531249999999700 ) ) ;
#3152 = CARTESIAN_POINT ( 'NONE',  ( -0.05282266525110190800, -0.05282266525110192200, 0.09328124999999998200 ) ) ;
#3153 = ORIENTED_EDGE ( 'NONE', *, *, #4143, .T. ) ;
#3154 = CARTESIAN_POINT ( 'NONE',  ( -0.1207670657336107900, -0.05138671512890987500, 0.1117495405448344100 ) ) ;
#3155 = CARTESIAN_POINT ( 'NONE',  ( 0.09669145586676650100, 0.04005091238561426400, -0.09714843750000008700 ) ) ;
#3156 = CARTESIAN_POINT ( 'NONE',  ( 0.09499999999999998700, 5.817072295949927900E-018, -0.07078125000000010100 ) ) ;
#3157 = DIRECTION ( 'NONE',  ( 0.8660254037844328200, 0.5000000000000101000, -0.0000000000000000000 ) ) ;
#3158 = CARTESIAN_POINT ( 'NONE',  ( -0.05282266525110192200, 0.05282266525110190100, -0.1332812499999999900 ) ) ;
#3159 = EDGE_CURVE ( 'NONE', #3061, #204, #248, .T. ) ;
#3160 = CARTESIAN_POINT ( 'NONE',  ( -0.09499999999999998700, -1.745121688784978200E-017, -0.08640625000000007300 ) ) ;
#3161 = CARTESIAN_POINT ( 'NONE',  ( 0.0000000000000000000, 0.0000000000000000000, -0.1171875000000000300 ) ) ;
#3162 = CARTESIAN_POINT ( 'NONE',  ( -0.03094280090340154100, 0.07470252959880231700, 0.07960937499999996800 ) ) ;
#3163 = CARTESIAN_POINT ( 'NONE',  ( 0.05282266525110191500, -0.05282266525110190800, 0.1010937500000000000 ) ) ;
#3164 = VECTOR ( 'NONE', #1196, 39.37007874015748900 ) ;
#3165 = CARTESIAN_POINT ( 'NONE',  ( -0.1499999999999999900, 1.836970198721029700E-017, 0.08437499999999999200 ) ) ;
#3166 = ADVANCED_FACE ( 'NONE', ( #2457 ), #3873, .T. ) ;
#3167 = CARTESIAN_POINT ( 'NONE',  ( 1.184128819321331600E-017, -0.09669145586676650100, -0.07566406250000010100 ) ) ;
#3168 = LINE ( 'NONE', #4097, #4309 ) ;
#3169 = CARTESIAN_POINT ( 'NONE',  ( 0.1038263921696081600, -0.08079793373871095600, 0.1171874999999999900 ) ) ;
#3170 = DIRECTION ( 'NONE',  ( 0.8660254037844328200, 0.5000000000000101000, -0.0000000000000000000 ) ) ;
#3171 = AXIS2_PLACEMENT_3D ( 'NONE', #3682, #929, #4092 ) ;
#3172 = VECTOR ( 'NONE', #1313, 39.37007874015748100 ) ;
#3173 = CARTESIAN_POINT ( 'NONE',  ( 0.0000000000000000000, 0.07470252959880233100, -0.1059375000000000000 ) ) ;
#3174 = CARTESIAN_POINT ( 'NONE',  ( 0.04571653734418971300, 0.07210719932502764100, -0.1027048973345843600 ) ) ;
#3175 = VECTOR ( 'NONE', #1210, 39.37007874015748900 ) ;
#3176 = VECTOR ( 'NONE', #230, 39.37007874015748100 ) ;
#3177 = CARTESIAN_POINT ( 'NONE',  ( 0.07470252959880233100, 4.574210688069183900E-018, -0.02390625000000002100 ) ) ;
#3178 = DIRECTION ( 'NONE',  ( 1.000000000000000000, 0.0000000000000000000, 0.0000000000000000000 ) ) ;
#3179 = VERTEX_POINT ( 'NONE', #325 ) ;
#3180 = ORIENTED_EDGE ( 'NONE', *, *, #2242, .F. ) ;
#3181 = CARTESIAN_POINT ( 'NONE',  ( 0.1222816889066420900, -0.04835747557361339700, 0.1171874999999999900 ) ) ;
#3182 = CARTESIAN_POINT ( 'NONE',  ( 0.0000000000000000000, 0.0000000000000000000, 0.09718749999999998200 ) ) ;
#3183 = ORIENTED_EDGE ( 'NONE', *, *, #4201, .F. ) ;
#3184 = CARTESIAN_POINT ( 'NONE',  ( 0.09499999999999998700, 5.817072295949927900E-018, -0.008281250000000073300 ) ) ;
#3185 = CARTESIAN_POINT ( 'NONE',  ( 0.01380073647153626200, 0.1352460298807152400, 0.1160197881099999200 ) ) ;
#3186 = EDGE_CURVE ( 'NONE', #47, #321, #1660, .T. ) ;
#3187 = ADVANCED_FACE ( 'NONE', ( #1136 ), #418, .F. ) ;
#3188 = EDGE_LOOP ( 'NONE', ( #61, #1748, #2417, #1439 ) ) ;
#3189 = ORIENTED_EDGE ( 'NONE', *, *, #1045, .F. ) ;
#3190 = CARTESIAN_POINT ( 'NONE',  ( -0.1224562857454429000, -0.08571716177926340400, 0.1158159005952539200 ) ) ;
#3191 = DIRECTION ( 'NONE',  ( 1.000000000000000000, 0.0000000000000000000, 0.0000000000000000000 ) ) ;
#3192 = DIRECTION ( 'NONE',  ( 0.8660254037844397100, -0.4999999999999979500, 0.0000000000000000000 ) ) ;
#3193 = CARTESIAN_POINT ( 'NONE',  ( 9.148421376138367800E-018, -0.07470252959880233100, -0.03171875000000003200 ) ) ;
#3194 = CARTESIAN_POINT ( 'NONE',  ( 0.05282266525110190800, 0.05282266525110191500, -0.04734375000000000400 ) ) ;
#3195 = EDGE_CURVE ( 'NONE', #1266, #287, #3702, .T. ) ;
#3196 = ORIENTED_EDGE ( 'NONE', *, *, #3098, .F. ) ;
#3197 = AXIS2_PLACEMENT_3D ( 'NONE', #1193, #2551, #1505 ) ;
#3198 = VERTEX_POINT ( 'NONE', #386 ) ;
#3199 = CARTESIAN_POINT ( 'NONE',  ( -0.003814549178184602900, 0.1637719629102462900, 0.1124295486467742500 ) ) ;
#3200 = DIRECTION ( 'NONE',  ( 0.0000000000000000000, -1.000000000000000000, 0.0000000000000000000 ) ) ;
#3201 = CARTESIAN_POINT ( 'NONE',  ( 0.06717514421272201300, -0.06717514421272199900, -0.01218750000000009100 ) ) ;
#3202 = CARTESIAN_POINT ( 'NONE',  ( 0.07470252959880234500, 4.574210688069184700E-018, 0.06984374999999996800 ) ) ;
#3203 = VERTEX_POINT ( 'NONE', #340 ) ;
#3204 = CARTESIAN_POINT ( 'NONE',  ( 0.1224438281991714500, -0.05211099219677103900, 0.1171874999999999900 ) ) ;
#3205 = CARTESIAN_POINT ( 'NONE',  ( 0.09499999999999998700, -0.03935028842544402400, -0.04148437500000007300 ) ) ;
#3206 = CARTESIAN_POINT ( 'NONE',  ( 0.1153254289050218700, -0.06263200403426535900, 0.1121861105336176000 ) ) ;
#3207 = ORIENTED_EDGE ( 'NONE', *, *, #3444, .F. ) ;
#3208 = CARTESIAN_POINT ( 'NONE',  ( -0.07470252959880233100, -1.372263206420755200E-017, -0.07078125000000001800 ) ) ;
#3209 = CARTESIAN_POINT ( 'NONE',  ( 0.07470252959880231700, -0.03094280090340148500, -0.05320312500000001100 ) ) ;
#3210 = CARTESIAN_POINT ( 'NONE',  ( -0.1042833190200900400, -0.08106174057883855400, 0.1171874999999999900 ) ) ;
#3211 = CARTESIAN_POINT ( 'NONE',  ( 0.004154968781633828200, -0.1311908880696640300, 0.1071856635327526900 ) ) ;
#3212 = CARTESIAN_POINT ( 'NONE',  ( 0.1499999999999999900, 0.0000000000000000000, 0.08437499999999999200 ) ) ;
#3213 = AXIS2_PLACEMENT_3D ( 'NONE', #1035, #3157, #2843 ) ;
#3214 = CARTESIAN_POINT ( 'NONE',  ( -0.07470252959880231700, -0.03094280090340153700, 0.05617187499999998200 ) ) ;
#3215 = EDGE_CURVE ( 'NONE', #1375, #282, #2045, .T. ) ;
#3216 = CARTESIAN_POINT ( 'NONE',  ( 0.0000000000000000000, 0.0000000000000000000, 0.08437499999999999200 ) ) ;
#3217 = FACE_OUTER_BOUND ( 'NONE', #4158, .T. ) ;
#3218 = CARTESIAN_POINT ( 'NONE',  ( 0.1296051634982620400, -0.08852989178482409400, 0.1150606333163290400 ) ) ;
#3219 = CARTESIAN_POINT ( 'NONE',  ( 0.05282266525110190800, 0.05282266525110191500, -0.08250000000000003200 ) ) ;
#3220 = CARTESIAN_POINT ( 'NONE',  ( 0.03094280090340150600, -0.07470252959880231700, -0.08835937500000003200 ) ) ;
#3221 = FACE_OUTER_BOUND ( 'NONE', #3392, .T. ) ;
#3222 = CARTESIAN_POINT ( 'NONE',  ( 0.0000000000000000000, 0.0000000000000000000, 0.1171874999999999900 ) ) ;
#3223 = CARTESIAN_POINT ( 'NONE',  ( -0.1875000000000003900, -0.01760252602482465000, 0.06760617061317338000 ) ) ;
#3224 = VECTOR ( 'NONE', #421, 39.37007874015748100 ) ;
#3225 = FACE_OUTER_BOUND ( 'NONE', #3695, .T. ) ;
#3226 = CARTESIAN_POINT ( 'NONE',  ( -0.1199289005765467500, -0.09009472130208720500, 0.1171874999999999900 ) ) ;
#3227 = AXIS2_PLACEMENT_3D ( 'NONE', #3536, #3552, #3847 ) ;
#3228 = VERTEX_POINT ( 'NONE', #686 ) ;
#3229 = ORIENTED_EDGE ( 'NONE', *, *, #2813, .T. ) ;
#3230 = ADVANCED_FACE ( 'NONE', ( #2172 ), #1996, .F. ) ;
#3231 = FACE_OUTER_BOUND ( 'NONE', #3981, .T. ) ;
#3232 = CARTESIAN_POINT ( 'NONE',  ( 0.0000000000000000000, 0.0000000000000000000, -0.1171875000000000300 ) ) ;
#3233 = VERTEX_POINT ( 'NONE', #764 ) ;
#3234 = CARTESIAN_POINT ( 'NONE',  ( 0.06327094862514309700, 0.1799768517255011000, -0.1130155653921487700 ) ) ;
#3235 = CARTESIAN_POINT ( 'NONE',  ( -0.03094280090340154100, 0.07470252959880231700, -0.07273437500000001800 ) ) ;
#3236 = CARTESIAN_POINT ( 'NONE',  ( -0.02199260931391687100, -0.1293339629758870600, 0.1171874999999999900 ) ) ;
#3237 = ORIENTED_EDGE ( 'NONE', *, *, #3292, .T. ) ;
#3238 = CARTESIAN_POINT ( 'NONE',  ( -0.1236774046062701500, -0.05638819060193547800, 0.1158159005952539600 ) ) ;
#3239 = DIRECTION ( 'NONE',  ( -0.0000000000000000000, -0.0000000000000000000, 1.000000000000000000 ) ) ;
#3240 = CARTESIAN_POINT ( 'NONE',  ( -0.03935028842544401100, -0.09500000000000001500, -0.01804687500000007300 ) ) ;
#3241 = ORIENTED_EDGE ( 'NONE', *, *, #588, .F. ) ;
#3242 = EDGE_CURVE ( 'NONE', #1366, #1370, #3750, .T. ) ;
#3243 = CARTESIAN_POINT ( 'NONE',  ( 0.003513957050624471000, 0.2144775668970116100, 0.05201404662460754800 ) ) ;
#3244 = EDGE_LOOP ( 'NONE', ( #728, #2343, #2352, #1052, #1628 ) ) ;
#3245 =( BOUNDED_SURFACE ( )  B_SPLINE_SURFACE ( 3, 1, ( 
 ( #2167, #2542 ),
 ( #453, #2903 ),
 ( #3573, #1120 ),
 ( #1837, #807 ) ),
 .UNSPECIFIED., .F., .F., .T. ) 
 B_SPLINE_SURFACE_WITH_KNOTS ( ( 4, 4 ),
 ( 2, 2 ),
 ( 0.0000000000000000000, 1.000000000000000000 ),
 ( 0.0000000000000000000, 1.000000000000000000 ),
 .UNSPECIFIED. ) 
 GEOMETRIC_REPRESENTATION_ITEM ( )  RATIONAL_B_SPLINE_SURFACE ( (
 ( 1.000000000000000000, 1.000000000000000000),
 ( 0.9395266567457559700, 0.9395266567457559700),
 ( 0.9395266567457559700, 0.9395266567457559700),
 ( 1.000000000000000000, 1.000000000000000000) ) ) 
 REPRESENTATION_ITEM ( '' )  SURFACE ( )  );
#3246 = CARTESIAN_POINT ( 'NONE',  ( -0.1453124999999999800, 1.779564880010997500E-017, 0.09718749999999998200 ) ) ;
#3247 = CARTESIAN_POINT ( 'NONE',  ( -0.06837118412619039300, 0.06837118412619036500, -0.05808593750000006600 ) ) ;
#3248 = ORIENTED_EDGE ( 'NONE', *, *, #3719, .T. ) ;
#3249 = AXIS2_PLACEMENT_3D ( 'NONE', #3389, #1317, #2351 ) ;
#3250 = CARTESIAN_POINT ( 'NONE',  ( -0.1156556126545787000, 0.07205723900226331000, 0.1121920646682168900 ) ) ;
#3251 = CARTESIAN_POINT ( 'NONE',  ( 0.003580117381983468600, -0.1361909025548137500, 0.1121859754028542300 ) ) ;
#3252 = CARTESIAN_POINT ( 'NONE',  ( 0.0000000000000000000, 0.0000000000000000000, 0.1171875000000000000 ) ) ;
#3253 = ORIENTED_EDGE ( 'NONE', *, *, #657, .F. ) ;
#3254 = CARTESIAN_POINT ( 'NONE',  ( -0.01186655353081534300, -0.1565063099435425900, 0.1150606333163290600 ) ) ;
#3256 = CARTESIAN_POINT ( 'NONE',  ( 0.01300509676842060400, 0.1353018695641240700, 0.1158159005952539200 ) ) ;
#3255 = APPROVAL ( #1747, 'UNSPECIFIED' ) ;
#3257 = CARTESIAN_POINT ( 'NONE',  ( 0.1223431861263033100, -0.04978113317293497700, 0.1171874999999999900 ) ) ;
#3258 = CARTESIAN_POINT ( 'NONE',  ( -0.07470252959880231700, 0.03094280090340150900, -0.1352343750000000500 ) ) ;
#3259 = CARTESIAN_POINT ( 'NONE',  ( -0.06837118412619036500, -0.06837118412619039300, 0.01222656249999994400 ) ) ;
#3260 = DIRECTION ( 'NONE',  ( -0.0000000000000000000, -0.0000000000000000000, 1.000000000000000000 ) ) ;
#3261 = VECTOR ( 'NONE', #1516, 39.37007874015748100 ) ;
#3262 = CARTESIAN_POINT ( 'NONE',  ( 0.003421807868905797800, -0.1311907531512192000, 0.1121861105336167500 ) ) ;
#3263 = CARTESIAN_POINT ( 'NONE',  ( -0.1875000000000003900, 0.1041956073748581000, -0.09888904662460761000 ) ) ;
#3264 = EDGE_CURVE ( 'NONE', #4104, #1570, #4024, .T. ) ;
#3265 = CARTESIAN_POINT ( 'NONE',  ( -0.01300509676842049300, 0.1353018695641240700, 0.1158159005952539200 ) ) ;
#3266 = CYLINDRICAL_SURFACE ( 'NONE', #4255, 0.09499999999999998700 ) ;
#3267 =( BOUNDED_SURFACE ( )  B_SPLINE_SURFACE ( 3, 2, ( 
 ( #3473, #4178, #1397 ),
 ( #4549, #2451, #348 ),
 ( #2810, #712, #3504 ),
 ( #3855, #283, #2025 ),
 ( #2742, #3206, #3867 ),
 ( #4244, #409, #28 ),
 ( #1426, #1484, #1773 ),
 ( #730, #757, #379 ),
 ( #4257, #1758, #4206 ),
 ( #14, #3912, #3574 ) ),
 .UNSPECIFIED., .F., .F., .F. ) 
 B_SPLINE_SURFACE_WITH_KNOTS ( ( 4, 2, 2, 2, 4 ),
 ( 3, 3 ),
 ( 0.0005381402106373303800, 0.0008647011695782167600, 0.001191262128519103100, 0.001517823087459989500, 0.001844384046400876100 ),
 ( 0.0000000000000000000, 1.000000000000000000 ),
 .UNSPECIFIED. ) 
 GEOMETRIC_REPRESENTATION_ITEM ( )  RATIONAL_B_SPLINE_SURFACE ( (
 ( 1.000000000000000000, 0.7486064779135357400, 1.000000000000000000),
 ( 1.000000000000000000, 0.7391543419987893800, 1.000000000000000000),
 ( 1.000000000000000000, 0.7286190124942409900, 1.000000000000000000),
 ( 1.000000000000000000, 0.7125439442685183000, 1.000000000000000000),
 ( 1.000000000000000000, 0.7070972461865039400, 1.000000000000000000),
 ( 1.000000000000000000, 0.7071163438019398800, 1.000000000000000000),
 ( 1.000000000000000000, 0.7124896623909490200, 1.000000000000000000),
 ( 1.000000000000000000, 0.7285790591089931200, 1.000000000000000000),
 ( 1.000000000000000000, 0.7391079615293142400, 1.000000000000000000),
 ( 1.000000000000000000, 0.7486107864660843700, 1.000000000000000000) ) ) 
 REPRESENTATION_ITEM ( '' )  SURFACE ( )  );
#3268 = EDGE_CURVE ( 'NONE', #2674, #2031, #3769, .T. ) ;
#3269 = CARTESIAN_POINT ( 'NONE',  ( 0.1224438171348920400, 0.05211073605927415300, 0.1171874999999999900 ) ) ;
#3270 = CARTESIAN_POINT ( 'NONE',  ( 0.06837118412619036500, 0.06837118412619037900, 0.09035156249999992700 ) ) ;
#3271 = CARTESIAN_POINT ( 'NONE',  ( -0.03094280090340154100, 0.07470252959880231700, -0.1078906250000000300 ) ) ;
#3272 = CARTESIAN_POINT ( 'NONE',  ( -0.06837118412619036500, -0.06837118412619039300, -0.05027343750000007300 ) ) ;
#3273 = LINE ( 'NONE', #80, #2232 ) ;
#3274 = CARTESIAN_POINT ( 'NONE',  ( 0.1354613825138629400, 0.06319167341901010800, 0.1158159005952539200 ) ) ;
#3275 = CARTESIAN_POINT ( 'NONE',  ( 0.07470252959880233100, -0.03094280090340148500, 0.005390624999999978800 ) ) ;
#3276 = ORIENTED_EDGE ( 'NONE', *, *, #1647, .T. ) ;
#3277 = ORIENTED_EDGE ( 'NONE', *, *, #3608, .T. ) ;
#3278 = CARTESIAN_POINT ( 'NONE',  ( 0.07470252959880233100, 0.03094280090340150600, 0.04054687499999996100 ) ) ;
#3279 = CARTESIAN_POINT ( 'NONE',  ( -0.003776709656463324700, -0.1637872634033531700, 0.1124225112638097300 ) ) ;
#3280 = DIRECTION ( 'NONE',  ( -0.0000000000000000000, -0.0000000000000000000, 1.000000000000000000 ) ) ;
#3281 = VERTEX_POINT ( 'NONE', #23 ) ;
#3282 = CARTESIAN_POINT ( 'NONE',  ( 0.09499999999999998700, 5.817072295949927900E-018, 0.02296874999999991600 ) ) ;
#3283 = CARTESIAN_POINT ( 'NONE',  ( 0.09669145586676650100, 5.920644096606658200E-018, 0.1176953124999999400 ) ) ;
#3284 = DIRECTION ( 'NONE',  ( -1.000000000000000000, -3.414809992080329100E-015, 0.0000000000000000000 ) ) ;
#3285 = CARTESIAN_POINT ( 'NONE',  ( 0.0000000000000000000, 0.09669145586676650100, 0.0005078124999999359400 ) ) ;
#3286 = ORIENTED_EDGE ( 'NONE', *, *, #1674, .F. ) ;
#3287 = EDGE_CURVE ( 'NONE', #109, #3906, #4202, .T. ) ;
#3288 = VERTEX_POINT ( 'NONE', #1766 ) ;
#3289 = CARTESIAN_POINT ( 'NONE',  ( 0.09499999999999998700, 5.817072295949927900E-018, -0.07078125000000010100 ) ) ;
#3290 = CARTESIAN_POINT ( 'NONE',  ( 0.07470252959880233100, 4.574210688069183900E-018, 0.007343749999999968400 ) ) ;
#3291 = CARTESIAN_POINT ( 'NONE',  ( 0.0000000000000000000, 0.0000000000000000000, 0.1171874999999999900 ) ) ;
#3292 = EDGE_CURVE ( 'NONE', #1534, #4445, #1234, .T. ) ;
#3293 = EDGE_LOOP ( 'NONE', ( #4448, #4063, #2490, #2800 ) ) ;
#3294 = CARTESIAN_POINT ( 'NONE',  ( 0.05282266525110190800, 0.05282266525110191500, 0.07374999999999996800 ) ) ;
#3295 = CARTESIAN_POINT ( 'NONE',  ( 0.06717514421272199900, 0.06717514421272201300, -0.03171875000000006600 ) ) ;
#3296 = CARTESIAN_POINT ( 'NONE',  ( 0.09669145586676650100, 0.04005091238561426400, 0.08839843749999995400 ) ) ;
#3297 = AXIS2_PLACEMENT_3D ( 'NONE', #4442, #2344, #3074 ) ;
#3298 = ORIENTED_EDGE ( 'NONE', *, *, #4431, .T. ) ;
#3299 = CARTESIAN_POINT ( 'NONE',  ( 0.1401322031436173500, -0.08623322263841255700, 0.1109001848861595200 ) ) ;
#3300 = CARTESIAN_POINT ( 'NONE',  ( 0.09669145586676650100, 0.04005091238561426400, -0.005351562500000067200 ) ) ;
#3301 = CARTESIAN_POINT ( 'NONE',  ( 9.148421376138367800E-018, -0.07470252959880233100, 0.003437499999999988700 ) ) ;
#3302 = ORIENTED_EDGE ( 'NONE', *, *, #4111, .T. ) ;
#3303 = B_SPLINE_CURVE_WITH_KNOTS ( 'NONE', 3,
 ( #4546, #2087, #2066, #670, #3428, #1022, #1405, #3493, #1008, #4523 ),
 .UNSPECIFIED., .F., .F.,
 ( 4, 2, 2, 2, 4 ),
 ( 2.168404344971008900E-019, 0.0003163801760552995200, 0.0006327603521105988200, 0.0009491405281658981800, 0.001265520704221198100 ),
 .UNSPECIFIED. ) ;
#3304 = AXIS2_PLACEMENT_3D ( 'NONE', #1473, #75, #2218 ) ;
#3305 = CARTESIAN_POINT ( 'NONE',  ( -0.1875000000000003900, 0.01760928584812314000, -0.1144811706131734400 ) ) ;
#3306 = DIRECTION ( 'NONE',  ( 0.0000000000000000000, 0.0000000000000000000, 1.000000000000000000 ) ) ;
#3307 = CARTESIAN_POINT ( 'NONE',  ( -0.07470252959880231700, -0.03094280090340153700, 0.02492187499999996100 ) ) ;
#3308 = CARTESIAN_POINT ( 'NONE',  ( -0.1308614314858055300, 0.08862705340108251200, 0.1147604846082308900 ) ) ;
#3309 = CARTESIAN_POINT ( 'NONE',  ( 0.1414743171695547200, -0.09245870329455745100, 0.1114347087687724400 ) ) ;
#3310 = CARTESIAN_POINT ( 'NONE',  ( 0.03094280090340148900, 0.07470252959880231700, 0.07960937499999998200 ) ) ;
#3311 = VECTOR ( 'NONE', #3767, 39.37007874015748100 ) ;
#3312 = CARTESIAN_POINT ( 'NONE',  ( 0.03094280090340150200, -0.07470252959880233100, 0.005390624999999978800 ) ) ;
#3313 = B_SPLINE_CURVE_WITH_KNOTS ( 'NONE', 3,
 ( #3652, #3204, #3613, #1226 ),
 .UNSPECIFIED., .F., .F.,
 ( 4, 4 ),
 ( 0.0000000000000000000, 0.0001752376967329966200 ),
 .UNSPECIFIED. ) ;
#3314 = CARTESIAN_POINT ( 'NONE',  ( 0.03935028842544405200, -0.09499999999999998700, -0.04148437500000007300 ) ) ;
#3315 = CARTESIAN_POINT ( 'NONE',  ( 0.1447462630268731800, 0.07824143649144829600, 0.1109001848861595200 ) ) ;
#3316 = EDGE_CURVE ( 'NONE', #1431, #2642, #2599, .T. ) ;
#3317 = CIRCLE ( 'NONE', #3304, 0.1311905059197604800 ) ;
#3318 =( BOUNDED_CURVE ( )  B_SPLINE_CURVE ( 2, ( #39, #3147, #2850, #4204, #2497, #3853, #57, #3205, #1060 ),
 .UNSPECIFIED., .F., .T. ) 
 B_SPLINE_CURVE_WITH_KNOTS ( ( 3, 2, 2, 2, 3 ),
 ( 0.3055555555555555800, 0.3194444444444444200, 0.3333333333333332600, 0.3472222222222222100, 0.3611111111111110500 ),
 .UNSPECIFIED. ) 
 CURVE ( )  GEOMETRIC_REPRESENTATION_ITEM ( )  RATIONAL_B_SPLINE_CURVE ( ( 1.000000000000000000, 0.9238795325112867400, 1.000000000000000000, 0.9238795325112867400, 1.000000000000000000, 0.9238795325112867400, 1.000000000000000000, 0.9238795325112867400, 1.000000000000000000 ) ) 
 REPRESENTATION_ITEM ( '' )  );
#3319 = CARTESIAN_POINT ( 'NONE',  ( 0.1082449891903124500, 0.08198855547677111300, 0.1182599832031387300 ) ) ;
#3320 = CARTESIAN_POINT ( 'NONE',  ( 9.148421376138369400E-018, -0.07470252959880234500, -0.1254687500000000500 ) ) ;
#3321 = FACE_OUTER_BOUND ( 'NONE', #1094, .T. ) ;
#3322 = FACE_OUTER_BOUND ( 'NONE', #4507, .T. ) ;
#3323 = DIRECTION ( 'NONE',  ( -0.8660254037844386000, 0.5000000000000000000, 0.0000000000000000000 ) ) ;
#3324 = CARTESIAN_POINT ( 'NONE',  ( -0.1199289005765472300, 0.09009472130208644200, 0.1171874999999999900 ) ) ;
#3325 = CARTESIAN_POINT ( 'NONE',  ( 0.1316203092169124200, 0.09466472524539386300, 0.1151286817615887200 ) ) ;
#3326 = VECTOR ( 'NONE', #2099, 39.37007874015748100 ) ;
#3327 = ORIENTED_EDGE ( 'NONE', *, *, #852, .F. ) ;
#3328 = CARTESIAN_POINT ( 'NONE',  ( 0.1010101928522748500, 0.08371313984930292600, 0.1171874999999999900 ) ) ;
#3329 = LINE ( 'NONE', #4161, #4037 ) ;
#3330 = CARTESIAN_POINT ( 'NONE',  ( 0.07470252959880231700, 0.03094280090340150200, 0.04445312499999997500 ) ) ;
#3331 = AXIS2_PLACEMENT_3D ( 'NONE', #3212, #1794, #724 ) ;
#3332 = DIRECTION ( 'NONE',  ( 0.5000000000000116600, 0.8660254037844319400, 0.0000000000000000000 ) ) ;
#3333 = APPROVAL_PERSON_ORGANIZATION ( #2134, #932, #2061 ) ;
#3334 = B_SPLINE_CURVE_WITH_KNOTS ( 'NONE', 3,
 ( #496, #4285, #2582, #439, #110, #134, #2202, #3611, #2932, #3624 ),
 .UNSPECIFIED., .F., .F.,
 ( 4, 2, 2, 2, 4 ),
 ( 0.0000000000000000000, 0.0003163801760555764800, 0.0006327603521111529600, 0.0009491405281667294400, 0.001265520704222305900 ),
 .UNSPECIFIED. ) ;
#3335 = VERTEX_POINT ( 'NONE', #2149 ) ;
#3336 = CARTESIAN_POINT ( 'NONE',  ( -0.01791019280070421000, -0.09252679327387144900, -0.1114051200900742400 ) ) ;
#3337 = CARTESIAN_POINT ( 'NONE',  ( -0.03094280090340147500, -0.07470252959880234500, -0.06492187500000001800 ) ) ;
#3338 = CARTESIAN_POINT ( 'NONE',  ( 0.1008767512327815600, 0.08387389286424139200, 0.1174038518402753900 ) ) ;
#3339 = ORIENTED_EDGE ( 'NONE', *, *, #2738, .T. ) ;
#3340 = CARTESIAN_POINT ( 'NONE',  ( -0.03094280090340147800, -0.07470252959880234500, -0.1274218750000000200 ) ) ;
#3341 = CC_DESIGN_APPROVAL ( #932, ( #3592 ) ) ;
#3342 = PLANE ( 'NONE',  #4046 ) ;
#3343 = ORIENTED_EDGE ( 'NONE', *, *, #4149, .T. ) ;
#3344 = CARTESIAN_POINT ( 'NONE',  ( -0.02058764782258779000, 0.1295728698219233400, 0.1171875000000000000 ) ) ;
#3345 = CARTESIAN_POINT ( 'NONE',  ( 0.1421839954507979900, 0.06901579734176152600, 0.1147604846082315400 ) ) ;
#3346 = CARTESIAN_POINT ( 'NONE',  ( 0.1416437463505107200, -0.06392742133863531200, 0.1172535284276505500 ) ) ;
#3347 = CARTESIAN_POINT ( 'NONE',  ( -0.09669145586676650100, -1.776193228981997500E-017, -0.1166796875000000700 ) ) ;
#3348 = ORIENTED_EDGE ( 'NONE', *, *, #3936, .F. ) ;
#3349 = CARTESIAN_POINT ( 'NONE',  ( -0.1379887676827597800, 0.05881411389618442600, 0.1071874999999999800 ) ) ;
#3350 = ORIENTED_EDGE ( 'NONE', *, *, #2915, .F. ) ;
#3351 = CARTESIAN_POINT ( 'NONE',  ( 0.0000000000000000000, 0.07470252959880233100, -0.07468750000000000400 ) ) ;
#3352 = EDGE_CURVE ( 'NONE', #109, #3555, #3796, .T. ) ;
#3353 = CARTESIAN_POINT ( 'NONE',  ( -0.05282266525110192200, 0.05282266525110190100, -0.1059375000000000500 ) ) ;
#3354 = ORIENTED_EDGE ( 'NONE', *, *, #3854, .T. ) ;
#3355 = CARTESIAN_POINT ( 'NONE',  ( -0.1379887676827599400, 0.05881411389618436400, 0.1171875000000001500 ) ) ;
#3356 = CARTESIAN_POINT ( 'NONE',  ( 0.1472157714192161800, 0.08054280761772689100, 0.1121854969815868200 ) ) ;
#3357 = CARTESIAN_POINT ( 'NONE',  ( 0.1315984523618355100, -0.09466929863007848800, 0.1151368525690731200 ) ) ;
#3358 = CARTESIAN_POINT ( 'NONE',  ( 0.05282266525110190800, 0.05282266525110191500, 0.1089062499999999800 ) ) ;
#3359 = CARTESIAN_POINT ( 'NONE',  ( -0.1169382683006747600, 0.05957330525406193800, 0.1129159673621252000 ) ) ;
#3360 = B_SPLINE_CURVE_WITH_KNOTS ( 'NONE', 3,
 ( #4088, #620, #3076, #4427, #1984, #1279, #3057, #1999 ),
 .UNSPECIFIED., .F., .F.,
 ( 4, 2, 2, 4 ),
 ( 0.0001064236135347651300, 0.002777285481970356900, 0.004112716416188153200, 0.005448147350405948600 ),
 .UNSPECIFIED. ) ;
#3361 = CC_DESIGN_PERSON_AND_ORGANIZATION_ASSIGNMENT ( #1879, #1069, ( #682 ) ) ;
#3362 = DIRECTION ( 'NONE',  ( 0.8660254037844362700, 0.5000000000000041100, 0.0000000000000000000 ) ) ;
#3363 = CARTESIAN_POINT ( 'NONE',  ( -0.05282266525110192200, 0.05282266525110190100, -0.07468750000000003200 ) ) ;
#3364 = CARTESIAN_POINT ( 'NONE',  ( 0.1027336571009240900, 0.08164055630471740700, 0.1143729358293767600 ) ) ;
#3365 = CARTESIAN_POINT ( 'NONE',  ( 0.06837118412619036500, 0.06837118412619037900, 0.09230468749999989900 ) ) ;
#3366 = CARTESIAN_POINT ( 'NONE',  ( -0.1875000000000003300, -0.06984499863340938600, -0.1076192712197598100 ) ) ;
#3367 = CARTESIAN_POINT ( 'NONE',  ( -0.1261419918032783400, 0.09067761173704713700, 0.1172529524635169500 ) ) ;
#3368 = DIRECTION ( 'NONE',  ( 1.000000000000000000, 0.0000000000000000000, -0.0000000000000000000 ) ) ;
#3369 = VECTOR ( 'NONE', #1629, 39.37007874015748900 ) ;
#3370 = CARTESIAN_POINT ( 'NONE',  ( 1.184128819321331600E-017, -0.09669145586676650100, -0.1401171875000000500 ) ) ;
#3371 = CARTESIAN_POINT ( 'NONE',  ( -0.1875000000000004200, 0.01760963502783668600, 0.06760617061317339400 ) ) ;
#3372 = CARTESIAN_POINT ( 'NONE',  ( -0.09669145586676650100, -1.776193228981997500E-017, -0.1459765625000001000 ) ) ;
#3373 = CARTESIAN_POINT ( 'NONE',  ( -0.03935028842544410100, 0.09499999999999995900, -0.06101562500000008000 ) ) ;
#3374 = DIRECTION ( 'NONE',  ( 1.000000000000000000, 0.0000000000000000000, 0.0000000000000000000 ) ) ;
#3375 = EDGE_CURVE ( 'NONE', #3597, #507, #2626, .T. ) ;
#3376 = FACE_OUTER_BOUND ( 'NONE', #3878, .T. ) ;
#3377 = VERTEX_POINT ( 'NONE', #2502 ) ;
#3378 = CARTESIAN_POINT ( 'NONE',  ( -0.07491787435309663100, -0.03916857614527141700, 0.01981174655276520300 ) ) ;
#3379 = FACE_OUTER_BOUND ( 'NONE', #2247, .T. ) ;
#3380 = CARTESIAN_POINT ( 'NONE',  ( 9.148421376138369400E-018, -0.07470252959880234500, -0.06296875000000001800 ) ) ;
#3381 = CARTESIAN_POINT ( 'NONE',  ( -0.1875000000000003900, -6.852064457259281600E-027, -0.1144811706131734400 ) ) ;
#3382 = ORIENTED_EDGE ( 'NONE', *, *, #3135, .T. ) ;
#3383 = ORIENTED_EDGE ( 'NONE', *, *, #392, .T. ) ;
#3384 = CARTESIAN_POINT ( 'NONE',  ( -0.003187348357800380500, -0.1642550956731699300, 0.1121860883707626900 ) ) ;
#3385 = CARTESIAN_POINT ( 'NONE',  ( -0.1224562857454432300, 0.08571716177926254300, 0.1158159005952539200 ) ) ;
#3386 = CARTESIAN_POINT ( 'NONE',  ( 0.05282266525110190800, 0.05282266525110191500, -0.04734375000000000400 ) ) ;
#3387 = ORIENTED_EDGE ( 'NONE', *, *, #3292, .F. ) ;
#3388 = CARTESIAN_POINT ( 'NONE',  ( 0.1874999999999998100, 0.07024971455544760900, 0.06066262285244754900 ) ) ;
#3389 = CARTESIAN_POINT ( 'NONE',  ( 0.0000000000000000000, 0.0000000000000000000, 0.03515624999999998600 ) ) ;
#3390 = B_SPLINE_CURVE_WITH_KNOTS ( 'NONE', 3,
 ( #1001, #1286, #3408, #1646 ),
 .UNSPECIFIED., .F., .F.,
 ( 4, 4 ),
 ( 0.0000000000000000000, 0.0001070442058933063800 ),
 .UNSPECIFIED. ) ;
#3391 = ADVANCED_FACE ( 'NONE', ( #3051 ), #2227, .F. ) ;
#3392 = EDGE_LOOP ( 'NONE', ( #4231, #1384, #1955, #2517 ) ) ;
#3393 = CARTESIAN_POINT ( 'NONE',  ( 0.0000000000000000000, 0.0000000000000000000, 0.09718749999999998200 ) ) ;
#3394 = CARTESIAN_POINT ( 'NONE',  ( -0.1119036210361208800, -0.06855874911694571900, 0.1121861105336167300 ) ) ;
#3395 = ORIENTED_EDGE ( 'NONE', *, *, #1393, .T. ) ;
#3396 = CARTESIAN_POINT ( 'NONE',  ( -0.04005091238561424300, -0.09669145586676651500, 0.07863281249999989900 ) ) ;
#3397 = CARTESIAN_POINT ( 'NONE',  ( -0.06717514421272202700, 0.06717514421272199900, -0.08640625000000007300 ) ) ;
#3398 = CARTESIAN_POINT ( 'NONE',  ( 0.01300509676842262300, 0.1644746591298604000, 0.1158159005952551100 ) ) ;
#3399 = CARTESIAN_POINT ( 'NONE',  ( -0.003513957050621909700, -0.2144775668970116700, 0.05201404662460755400 ) ) ;
#3400 = ORIENTED_EDGE ( 'NONE', *, *, #4243, .F. ) ;
#3401 =( BOUNDED_CURVE ( )  B_SPLINE_CURVE ( 2, ( #1847, #1115, #461, #1504, #3604, #2858, #2538, #1170, #4306 ),
 .UNSPECIFIED., .F., .F. ) 
 B_SPLINE_CURVE_WITH_KNOTS ( ( 3, 2, 2, 2, 3 ),
 ( 0.3055555555555555800, 0.3194444444444444200, 0.3333333333333333100, 0.3472222222222222100, 0.3611111111111111000 ),
 .UNSPECIFIED. ) 
 CURVE ( )  GEOMETRIC_REPRESENTATION_ITEM ( )  RATIONAL_B_SPLINE_CURVE ( ( 1.000000000000000000, 0.9238795325112867400, 1.000000000000000000, 0.9238795325112867400, 1.000000000000000000, 0.9238795325112867400, 1.000000000000000000, 0.9238795325112867400, 1.000000000000000000 ) ) 
 REPRESENTATION_ITEM ( '' )  );
#3402 = DIRECTION ( 'NONE',  ( -0.0000000000000000000, -0.0000000000000000000, 1.000000000000000000 ) ) ;
#3403 = CARTESIAN_POINT ( 'NONE',  ( 0.03094280090340150600, -0.07470252959880231700, 0.005390624999999978800 ) ) ;
#3404 = EDGE_CURVE ( 'NONE', #3726, #3061, #136, .T. ) ;
#3405 = ORIENTED_EDGE ( 'NONE', *, *, #2647, .F. ) ;
#3406 = CARTESIAN_POINT ( 'NONE',  ( 0.1874999999999997800, -0.1082531754730552300, 0.07031249999999995800 ) ) ;
#3407 = CARTESIAN_POINT ( 'NONE',  ( 0.01684768280060026900, 0.1598388006875307600, 0.1156804772760067400 ) ) ;
#3408 = CARTESIAN_POINT ( 'NONE',  ( 0.02058847843341247600, 0.1295727285806784500, 0.1171874999999999900 ) ) ;
#3409 = CARTESIAN_POINT ( 'NONE',  ( 0.1230757533985584000, 0.04542364768333738400, 0.1174052257662203400 ) ) ;
#3410 = EDGE_CURVE ( 'NONE', #2674, #3928, #3317, .T. ) ;
#3411 = CARTESIAN_POINT ( 'NONE',  ( 1.184128819321331600E-017, -0.09669145586676650100, 0.01808593749999989600 ) ) ;
#3412 = CARTESIAN_POINT ( 'NONE',  ( 0.1545072907301432700, -0.1273015250513019300, 0.06156017110557959100 ) ) ;
#3413 = CARTESIAN_POINT ( 'NONE',  ( 0.07499440951210004100, 0.05829260348243645000, 0.03028742979031826300 ) ) ;
#3414 = ADVANCED_FACE ( 'NONE', ( #2116 ), #966, .F. ) ;
#3415 = CARTESIAN_POINT ( 'NONE',  ( 0.01805986710621264000, -0.1489088351982715600, 0.1171875000000001500 ) ) ;
#3416 = CARTESIAN_POINT ( 'NONE',  ( 0.1236774046062696400, 0.05638819060193633900, 0.1158159005952539200 ) ) ;
#3417 = AXIS2_PLACEMENT_3D ( 'NONE', #2939, #4293, #4307 ) ;
#3418 = CARTESIAN_POINT ( 'NONE',  ( -0.03094280090340154100, 0.07470252959880231700, -0.04148437500000000400 ) ) ;
#3419 = CARTESIAN_POINT ( 'NONE',  ( -0.09499999999999998700, -1.745121688784978200E-017, -0.08250000000000005900 ) ) ;
#3420 = B_SPLINE_CURVE_WITH_KNOTS ( 'NONE', 3,
 ( #2717, #4446, #245, #2365, #584, #969 ),
 .UNSPECIFIED., .F., .F.,
 ( 4, 2, 4 ),
 ( 1.626303258728256700E-019, 0.0003468749959743855400, 0.0006937499919487709700 ),
 .UNSPECIFIED. ) ;
#3421 = CARTESIAN_POINT ( 'NONE',  ( 0.07470252959880231700, -0.03094280090340148500, 0.06789062499999996800 ) ) ;
#3422 = CARTESIAN_POINT ( 'NONE',  ( -0.005449699933649998100, -0.1698765624317762300, 0.1104597206534426600 ) ) ;
#3423 = FACE_OUTER_BOUND ( 'NONE', #885, .T. ) ;
#3424 = CARTESIAN_POINT ( 'NONE',  ( -0.09669145586676648800, 0.04005091238561427800, 0.03957031249999990600 ) ) ;
#3425 = CARTESIAN_POINT ( 'NONE',  ( -0.1432040633978826400, 0.08046090021043719700, 0.1121891459719697300 ) ) ;
#3426 = CYLINDRICAL_SURFACE ( 'NONE', #2217, 0.1828125000000000200 ) ;
#3427 = CARTESIAN_POINT ( 'NONE',  ( 0.09290367359991257000, 0.005645757679593903200, 0.02837242359991253000 ) ) ;
#3428 = CARTESIAN_POINT ( 'NONE',  ( -0.1156961764075806500, -0.06198781409658842700, 0.1071912057870718200 ) ) ;
#3429 = CARTESIAN_POINT ( 'NONE',  ( 0.01545910229756644600, -0.1546307932960576900, 0.1172535284276477600 ) ) ;
#3430 = DIRECTION ( 'NONE',  ( 0.0000000000000000000, 0.0000000000000000000, 1.000000000000000000 ) ) ;
#3431 = CIRCLE ( 'NONE', #2126, 0.009999999999999995000 ) ;
#3432 = EDGE_CURVE ( 'NONE', #1068, #3928, #2841, .T. ) ;
#3433 = FACE_OUTER_BOUND ( 'NONE', #1048, .T. ) ;
#3434 = CARTESIAN_POINT ( 'NONE',  ( -0.05282266525110190800, -0.05282266525110192200, -0.0004687500000000077900 ) ) ;
#3435 = CARTESIAN_POINT ( 'NONE',  ( -0.1082533566848933600, 0.08197901945464330900, 0.1182470309446329700 ) ) ;
#3436 = B_SPLINE_CURVE_WITH_KNOTS ( 'NONE', 3,
 ( #3580, #2195, #447, #2896, #2576, #4320, #4336, #2219, #474, #115, #3618, #2233, #2925, #1513 ),
 .UNSPECIFIED., .F., .F.,
 ( 4, 2, 2, 2, 2, 2, 4 ),
 ( 1.693577933254440200E-018, 0.0004148818386480316900, 0.0006223227579720462600, 0.0008297636772960607800, 0.001037204596620075300, 0.001244645515944089900, 0.001659527354592118700 ),
 .UNSPECIFIED. ) ;
#3437 = CARTESIAN_POINT ( 'NONE',  ( -0.09669145586676648800, 0.04005091238561427800, -0.1479296875000000700 ) ) ;
#3438 = ORIENTED_EDGE ( 'NONE', *, *, #3035, .T. ) ;
#3439 = ADVANCED_FACE ( 'NONE', ( #38 ), #3426, .T. ) ;
#3440 = ORIENTED_EDGE ( 'NONE', *, *, #911, .F. ) ;
#3441 = VECTOR ( 'NONE', #3780, 39.37007874015748900 ) ;
#3442 = CARTESIAN_POINT ( 'NONE',  ( 0.0000000000000000000, 0.07470252959880233100, 0.04640624999999996800 ) ) ;
#3443 = DIRECTION ( 'NONE',  ( 2.914509126958233100E-015, -1.000000000000000000, -1.707404996040165200E-015 ) ) ;
#3444 = EDGE_CURVE ( 'NONE', #2667, #2469, #1318, .T. ) ;
#3445 = EDGE_LOOP ( 'NONE', ( #2740, #4295, #1315, #2476 ) ) ;
#3446 = CARTESIAN_POINT ( 'NONE',  ( -0.09669145586676648800, -0.04005091238561431200, 0.01222656249999989000 ) ) ;
#3447 = DIRECTION ( 'NONE',  ( -1.000000000000000000, 0.0000000000000000000, 0.0000000000000000000 ) ) ;
#3448 = DIRECTION ( 'NONE',  ( -1.000000000000000000, 0.0000000000000000000, 0.0000000000000000000 ) ) ;
#3449 = CARTESIAN_POINT ( 'NONE',  ( -0.08678638594937905500, -0.03515491399177273600, -0.1109378210641659800 ) ) ;
#3450 = ORIENTED_EDGE ( 'NONE', *, *, #626, .F. ) ;
#3451 = CARTESIAN_POINT ( 'NONE',  ( 0.01300508810726274900, -0.1535403082843620800, 0.1158158955212936400 ) ) ;
#3452 = DIRECTION ( 'NONE',  ( 1.000000000000000000, 0.0000000000000000000, 0.0000000000000000000 ) ) ;
#3453 = CARTESIAN_POINT ( 'NONE',  ( -0.05282266525110192200, 0.05282266525110190100, -0.008281250000000017800 ) ) ;
#3454 = ORIENTED_EDGE ( 'NONE', *, *, #3287, .T. ) ;
#3455 = CARTESIAN_POINT ( 'NONE',  ( -0.007897975523654335000, 0.07788467651986821800, 0.01363854219520762100 ) ) ;
#3456 = CARTESIAN_POINT ( 'NONE',  ( 0.03094280090340149200, 0.07470252959880233100, -0.01414062500000001900 ) ) ;
#3457 = CARTESIAN_POINT ( 'NONE',  ( 0.07470252959880231700, 0.03094280090340150200, 0.1030468749999999700 ) ) ;
#3458 = CARTESIAN_POINT ( 'NONE',  ( 0.05282266525110191500, -0.05282266525110190800, 0.06984374999999998200 ) ) ;
#3459 = ORIENTED_EDGE ( 'NONE', *, *, #2323, .F. ) ;
#3460 = MECHANICAL_CONTEXT ( 'NONE', #1083, 'mechanical' ) ;
#3461 = CARTESIAN_POINT ( 'NONE',  ( -0.09669145586676650100, -1.776193228981997500E-017, 0.01027343749999990200 ) ) ;
#3462 = ORIENTED_EDGE ( 'NONE', *, *, #3135, .F. ) ;
#3463 = CARTESIAN_POINT ( 'NONE',  ( -0.1400631728807546800, -0.08978732450901943900, 0.1131954720338125600 ) ) ;
#3464 = CARTESIAN_POINT ( 'NONE',  ( -0.01300509676842056700, 0.1351278767834137300, 0.1158159005952539600 ) ) ;
#3465 = CARTESIAN_POINT ( 'NONE',  ( 0.0000000000000000000, 0.0000000000000000000, 0.1171875000000000000 ) ) ;
#3466 =( BOUNDED_SURFACE ( )  B_SPLINE_SURFACE ( 3, 2, ( 
 ( #4119, #3759, #2014 ),
 ( #2431, #1020, #1665 ),
 ( #2034, #2049, #646 ),
 ( #1006, #1389, #3478 ),
 ( #4508, #965, #2785 ),
 ( #1652, #4471, #1355 ),
 ( #4522, #3463, #3070 ),
 ( #1995, #1703, #1340 ),
 ( #4102, #4456, #1372 ),
 ( #3776, #4493, #4154 ) ),
 .UNSPECIFIED., .F., .F., .T. ) 
 B_SPLINE_SURFACE_WITH_KNOTS ( ( 4, 2, 2, 2, 4 ),
 ( 3, 3 ),
 ( -5.048316365635630000E-019, 0.0003406872383697366500, 0.0006813744767394738500, 0.001022061715109210900, 0.001362748953478948100 ),
 ( 0.0000000000000000000, 1.000000000000000000 ),
 .UNSPECIFIED. ) 
 GEOMETRIC_REPRESENTATION_ITEM ( )  RATIONAL_B_SPLINE_SURFACE ( (
 ( 1.000000000000000000, 0.9651010464001664700, 1.000000000000000000),
 ( 1.000000000000000000, 0.9617650375930667500, 1.000000000000000000),
 ( 1.000000000000000000, 0.9561606701411858900, 1.000000000000000000),
 ( 1.000000000000000000, 0.9470922649609220300, 1.000000000000000000),
 ( 1.000000000000000000, 0.9436087605322609500, 1.000000000000000000),
 ( 1.000000000000000000, 0.9436230553030313700, 1.000000000000000000),
 ( 1.000000000000000000, 0.9471104345458928300, 1.000000000000000000),
 ( 1.000000000000000000, 0.9561406066852252700, 1.000000000000000000),
 ( 1.000000000000000000, 0.9617225829427117300, 1.000000000000000000),
 ( 1.000000000000000000, 0.9651010464001658100, 1.000000000000000000) ) ) 
 REPRESENTATION_ITEM ( '' )  SURFACE ( )  );
#3467 = CARTESIAN_POINT ( 'NONE',  ( 0.0000000000000000000, 0.09499999999999998700, -0.03171875000000008700 ) ) ;
#3468 = CARTESIAN_POINT ( 'NONE',  ( -0.07470252959880231700, -0.03094280090340153700, 0.08742187499999996800 ) ) ;
#3469 = ORIENTED_EDGE ( 'NONE', *, *, #852, .T. ) ;
#3470 = CARTESIAN_POINT ( 'NONE',  ( -0.07470252959880231700, 0.03094280090340150900, -0.1313281249999999900 ) ) ;
#3471 = CARTESIAN_POINT ( 'NONE',  ( -0.01630688857855122300, 0.07691347719534297200, 0.01397806885615242000 ) ) ;
#3472 = EDGE_CURVE ( 'NONE', #4445, #1864, #4451, .T. ) ;
#3473 = CARTESIAN_POINT ( 'NONE',  ( 0.1230752975511181000, -0.04542488278671153600, 0.1174038518402755200 ) ) ;
#3474 = CARTESIAN_POINT ( 'NONE',  ( 0.0000000000000000000, 0.07470252959880233100, -0.1059375000000000000 ) ) ;
#3475 = CARTESIAN_POINT ( 'NONE',  ( -0.07470252959880231700, -0.03094280090340153000, 0.09132812499999998200 ) ) ;
#3476 = PERSON_AND_ORGANIZATION_ROLE ( 'design_supplier' ) ;
#3477 = CARTESIAN_POINT ( 'NONE',  ( -0.09669145586676648800, 0.04005091238561427800, -0.05417968750000010800 ) ) ;
#3478 = CARTESIAN_POINT ( 'NONE',  ( -0.1443396145083784000, -0.07595305828945504700, 0.1128953529081483200 ) ) ;
#3479 = CARTESIAN_POINT ( 'NONE',  ( -0.01300509676842055000, 0.1527244537627699700, 0.1158159005952540000 ) ) ;
#3480 = CARTESIAN_POINT ( 'NONE',  ( -0.02219854631833519800, 0.1292987756509529900, 0.1174038518402754800 ) ) ;
#3481 = CYLINDRICAL_SURFACE ( 'NONE', #1067, 0.2145063509461100400 ) ;
#3482 = CARTESIAN_POINT ( 'NONE',  ( -0.05282266525110192200, 0.05282266525110190100, -0.1020312500000000300 ) ) ;
#3483 = CARTESIAN_POINT ( 'NONE',  ( -0.1223431861263029600, 0.04978113317293590000, 0.1171874999999999900 ) ) ;
#3484 = DIRECTION ( 'NONE',  ( 1.000000000000000000, 0.0000000000000000000, 0.0000000000000000000 ) ) ;
#3485 = VECTOR ( 'NONE', #3530, 39.37007874015748100 ) ;
#3486 = CARTESIAN_POINT ( 'NONE',  ( -0.07099811850425394300, 0.03725025675642767300, -0.09748914151843490700 ) ) ;
#3487 = CARTESIAN_POINT ( 'NONE',  ( 0.03094280090340148900, 0.07470252959880231700, 0.07570312499999999600 ) ) ;
#3488 = CARTESIAN_POINT ( 'NONE',  ( 0.07470252959880231700, 0.03094280090340150200, 0.07570312499999999600 ) ) ;
#3489 = DIRECTION ( 'NONE',  ( 1.224646799147353200E-016, 1.000000000000000000, -0.0000000000000000000 ) ) ;
#3490 = LINE ( 'NONE', #387, #4151 ) ;
#3491 = CARTESIAN_POINT ( 'NONE',  ( -0.09669145586676648800, 0.04005091238561427800, -0.1166796875000000900 ) ) ;
#3492 = CARTESIAN_POINT ( 'NONE',  ( 0.01805986710621258800, 0.1489088351982713600, 0.1071874999999999900 ) ) ;
#3493 = CARTESIAN_POINT ( 'NONE',  ( -0.1049646118932730100, -0.07878655888562023600, 0.1116734235772788900 ) ) ;
#3494 = ORIENTED_EDGE ( 'NONE', *, *, #2777, .F. ) ;
#3495 = LINE ( 'NONE', #2788, #2520 ) ;
#3496 = CARTESIAN_POINT ( 'NONE',  ( -0.02773202179400097900, -0.06936427679776523100, -0.09220252959880241600 ) ) ;
#3497 = ORIENTED_EDGE ( 'NONE', *, *, #4325, .T. ) ;
#3498 = EDGE_CURVE ( 'NONE', #280, #1375, #2955, .T. ) ;
#3499 = ORIENTED_EDGE ( 'NONE', *, *, #4051, .T. ) ;
#3500 = CARTESIAN_POINT ( 'NONE',  ( -0.07845722538004092100, 1.070395669399725200E-012, -0.09595722538004107500 ) ) ;
#3501 = EDGE_LOOP ( 'NONE', ( #1106, #3572, #1710, #2808, #922, #888, #3894, #3569, #1095, #530 ) ) ;
#3502 = ADVANCED_FACE ( 'NONE', ( #4083 ), #2720, .F. ) ;
#3503 = CARTESIAN_POINT ( 'NONE',  ( 0.1311905059197604800, 0.0000000000000000000, 0.1171874999999999900 ) ) ;
#3504 = CARTESIAN_POINT ( 'NONE',  ( 0.1240309526038979500, -0.05566033603799655500, 0.1160281598128910700 ) ) ;
#3505 = CARTESIAN_POINT ( 'NONE',  ( 0.09499999999999998700, 5.817072295949927900E-018, -0.03562500000000006600 ) ) ;
#3506 = ORIENTED_EDGE ( 'NONE', *, *, #626, .T. ) ;
#3507 = CARTESIAN_POINT ( 'NONE',  ( -0.05282266525110190800, -0.05282266525110192200, -0.03562500000000003200 ) ) ;
#3508 = CARTESIAN_POINT ( 'NONE',  ( 0.03094280090340150600, -0.07470252959880231700, 0.06789062499999999600 ) ) ;
#3509 = EDGE_CURVE ( 'NONE', #429, #1627, #4361, .T. ) ;
#3510 = CARTESIAN_POINT ( 'NONE',  ( -0.1209826084367325200, -0.05089034831313337500, 0.1178714458917494400 ) ) ;
#3511 = EDGE_LOOP ( 'NONE', ( #1852, #3722, #1102, #2253, #2533, #1423 ) ) ;
#3512 = CARTESIAN_POINT ( 'NONE',  ( 0.04005091238561425700, 0.09669145586676650100, -0.06199218750000010100 ) ) ;
#3513 = CARTESIAN_POINT ( 'NONE',  ( -0.1042833190200904800, 0.08106174057883794300, 0.1171874999999999900 ) ) ;
#3514 = CARTESIAN_POINT ( 'NONE',  ( 0.1828125000000000200, 2.238807429691255400E-017, 0.1171874999999999900 ) ) ;
#3515 = CARTESIAN_POINT ( 'NONE',  ( 0.01300508686006616800, 0.1534998636142773100, 0.1158158947906491200 ) ) ;
#3516 = ORIENTED_EDGE ( 'NONE', *, *, #3964, .F. ) ;
#3517 = CARTESIAN_POINT ( 'NONE',  ( -0.1437322857518684700, -0.07862290519646192300, 0.1124225112638097700 ) ) ;
#3518 = ORIENTED_EDGE ( 'NONE', *, *, #1876, .T. ) ;
#3519 = DIRECTION ( 'NONE',  ( -0.0000000000000000000, -0.0000000000000000000, 1.000000000000000000 ) ) ;
#3520 = CARTESIAN_POINT ( 'NONE',  ( 0.1502033024576435200, 0.07497808758619382800, 0.1119306710288929100 ) ) ;
#3521 = CARTESIAN_POINT ( 'NONE',  ( 0.07470252959880233100, 4.574210688069183900E-018, 0.007343749999999968400 ) ) ;
#3522 = CARTESIAN_POINT ( 'NONE',  ( 0.07470252959880233100, 4.574210688069183900E-018, -0.02000000000000000700 ) ) ;
#3523 = EDGE_LOOP ( 'NONE', ( #1463, #3062, #3011, #399 ) ) ;
#3524 =( BOUNDED_CURVE ( )  B_SPLINE_CURVE ( 2, ( #2846, #3919, #389, #3240, #436, #751, #3201, #3863, #3184 ),
 .UNSPECIFIED., .F., .T. ) 
 B_SPLINE_CURVE_WITH_KNOTS ( ( 3, 2, 2, 2, 3 ),
 ( 0.4166666666666666300, 0.4305555555555555800, 0.4444444444444444200, 0.4583333333333333100, 0.4722222222222222100 ),
 .UNSPECIFIED. ) 
 CURVE ( )  GEOMETRIC_REPRESENTATION_ITEM ( )  RATIONAL_B_SPLINE_CURVE ( ( 1.000000000000000000, 0.9238795325112867400, 1.000000000000000000, 0.9238795325112867400, 1.000000000000000000, 0.9238795325112867400, 1.000000000000000000, 0.9238795325112867400, 1.000000000000000000 ) ) 
 REPRESENTATION_ITEM ( '' )  );
#3525 = ADVANCED_FACE ( 'NONE', ( #1790 ), #3266, .F. ) ;
#3526 = CARTESIAN_POINT ( 'NONE',  ( -0.1019190353718274600, 0.08261650963894229300, 0.1171874999999999900 ) ) ;
#3527 = CARTESIAN_POINT ( 'NONE',  ( 0.01589420695127626000, -0.1302788683518073800, 0.1117593532365096000 ) ) ;
#3528 = CARTESIAN_POINT ( 'NONE',  ( -0.006402230813824665700, 0.1629674973630278700, 0.1128990818932799600 ) ) ;
#3529 = EDGE_CURVE ( 'NONE', #1591, #2188, #2983, .T. ) ;
#3530 = DIRECTION ( 'NONE',  ( 0.0000000000000000000, 1.000000000000000000, 0.0000000000000000000 ) ) ;
#3531 = EDGE_CURVE ( 'NONE', #1823, #2022, #2370, .T. ) ;
#3532 = DIRECTION ( 'NONE',  ( -0.0000000000000000000, -0.0000000000000000000, 1.000000000000000000 ) ) ;
#3533 = CARTESIAN_POINT ( 'NONE',  ( 0.1437379548970092500, -0.07858248496282890800, 0.1124295486467742600 ) ) ;
#3534 = CARTESIAN_POINT ( 'NONE',  ( -0.07470252959880231700, -0.03094280090340153000, -0.03757812500000003900 ) ) ;
#3535 = CARTESIAN_POINT ( 'NONE',  ( 0.05282266525110190800, 0.05282266525110191500, -0.01609375000000001100 ) ) ;
#3536 = CARTESIAN_POINT ( 'NONE',  ( 0.0000000000000000000, 0.0000000000000000000, -0.1171875000000000400 ) ) ;
#3537 = FACE_BOUND ( 'NONE', #1528, .T. ) ;
#3538 = CARTESIAN_POINT ( 'NONE',  ( 0.07725480947161642000, 4.730492756907683300E-018, 0.01272355947161646200 ) ) ;
#3539 = CARTESIAN_POINT ( 'NONE',  ( 0.1379887676827589700, 0.05881411389618625100, 0.1071874999999999900 ) ) ;
#3540 = CARTESIAN_POINT ( 'NONE',  ( 0.05282266525110191500, -0.05282266525110190800, 0.06593749999999996800 ) ) ;
#3541 = FACE_OUTER_BOUND ( 'NONE', #3701, .T. ) ;
#3542 = ADVANCED_FACE ( 'NONE', ( #1675 ), #843, .F. ) ;
#3543 = CARTESIAN_POINT ( 'NONE',  ( 0.01300509676842051900, -0.1489088351982715000, 0.1158159005952539200 ) ) ;
#3544 = DIRECTION ( 'NONE',  ( 1.000000000000000000, 0.0000000000000000000, 0.0000000000000000000 ) ) ;
#3545 = CARTESIAN_POINT ( 'NONE',  ( -0.09499999999999995900, 0.03935028842544405900, -0.05320312500000007300 ) ) ;
#3546 = LINE ( 'NONE', #1704, #4265 ) ;
#3547 = LINE ( 'NONE', #2151, #3691 ) ;
#3548 = CARTESIAN_POINT ( 'NONE',  ( -0.05282266525110192200, 0.05282266525110190100, -0.01218750000000003200 ) ) ;
#3549 = CARTESIAN_POINT ( 'NONE',  ( 0.05282266525110191500, -0.05282266525110190800, -0.05515625000000003200 ) ) ;
#3550 = VERTEX_POINT ( 'NONE', #488 ) ;
#3551 = ORIENTED_EDGE ( 'NONE', *, *, #503, .T. ) ;
#3552 = DIRECTION ( 'NONE',  ( -0.0000000000000000000, -0.0000000000000000000, 1.000000000000000000 ) ) ;
#3553 = DIRECTION ( 'NONE',  ( 0.4999999999999931700, 0.8660254037844425900, 0.0000000000000000000 ) ) ;
#3554 = CARTESIAN_POINT ( 'NONE',  ( -0.01300509676842049300, 0.1489088351982715000, 0.1158159005952539200 ) ) ;
#3555 = VERTEX_POINT ( 'NONE', #3289 ) ;
#3556 = DIRECTION ( 'NONE',  ( -0.0000000000000000000, -0.0000000000000000000, 1.000000000000000000 ) ) ;
#3557 = CARTESIAN_POINT ( 'NONE',  ( 0.07470252959880233100, -0.03094280090340148900, 0.005390624999999978800 ) ) ;
#3558 = EDGE_CURVE ( 'NONE', #1428, #98, #3969, .T. ) ;
#3559 = EDGE_LOOP ( 'NONE', ( #3576, #2033, #4272, #4278 ) ) ;
#3560 = CARTESIAN_POINT ( 'NONE',  ( 0.1089051640833542400, 0.1536299251464455500, 0.06761722654609700300 ) ) ;
#3561 = DIRECTION ( 'NONE',  ( -0.8660254037844306000, -0.5000000000000139900, -6.372122194318924600E-015 ) ) ;
#3562 = CARTESIAN_POINT ( 'NONE',  ( 0.1368239422309361100, -0.08717684771424366600, 0.1131699214730690400 ) ) ;
#3563 = CARTESIAN_POINT ( 'NONE',  ( 0.07470252959880231700, 0.03094280090340150200, 0.009296874999999975300 ) ) ;
#3564 = CARTESIAN_POINT ( 'NONE',  ( 0.05282266525110191500, -0.05282266525110190800, -0.05515625000000003200 ) ) ;
#3565 = CARTESIAN_POINT ( 'NONE',  ( -0.07470252959880233100, -1.372263206420755200E-017, -0.03562500000000001100 ) ) ;
#3566 = EDGE_LOOP ( 'NONE', ( #1166, #2017 ) ) ;
#3567 = ADVANCED_FACE ( 'NONE', ( #2716 ), #1836, .T. ) ;
#3568 = AXIS2_PLACEMENT_3D ( 'NONE', #2888, #3922, #2865 ) ;
#3569 = ORIENTED_EDGE ( 'NONE', *, *, #1584, .F. ) ;
#3570 = DIRECTION ( 'NONE',  ( -0.0000000000000000000, -0.0000000000000000000, 1.000000000000000000 ) ) ;
#3571 = CARTESIAN_POINT ( 'NONE',  ( -0.09499999999999998700, -1.745121688784978200E-017, -0.02390625000000007700 ) ) ;
#3572 = ORIENTED_EDGE ( 'NONE', *, *, #4434, .F. ) ;
#3573 = CARTESIAN_POINT ( 'NONE',  ( 0.004614059883255162800, -0.1351278767834137300, 0.1109001848861591300 ) ) ;
#3574 = CARTESIAN_POINT ( 'NONE',  ( 0.1065057553308591400, -0.08397951204389177100, 0.1209055232755924000 ) ) ;
#3575 = CARTESIAN_POINT ( 'NONE',  ( 0.1432040633978831400, -0.08046090021043622600, 0.1121891459719697300 ) ) ;
#3576 = ORIENTED_EDGE ( 'NONE', *, *, #1681, .F. ) ;
#3577 = CARTESIAN_POINT ( 'NONE',  ( -0.07470252959880231700, -0.03094280090340153000, -0.1313281250000000500 ) ) ;
#3578 = CARTESIAN_POINT ( 'NONE',  ( 0.03094280090340148900, 0.07470252959880231700, -0.01414062500000002100 ) ) ;
#3579 = CARTESIAN_POINT ( 'NONE',  ( 0.1387692699082255000, 0.06510148309659433100, 0.1158159005952539000 ) ) ;
#3580 = CARTESIAN_POINT ( 'NONE',  ( 0.1379887676827601700, -0.05881411389618346200, 0.1171874999999999900 ) ) ;
#3581 = EDGE_CURVE ( 'NONE', #2642, #1534, #4003, .T. ) ;
#3582 = CARTESIAN_POINT ( 'NONE',  ( 0.1089051640833542300, -0.1536299251464450200, -0.1144922265460973800 ) ) ;
#3583 = VECTOR ( 'NONE', #2338, 39.37007874015748100 ) ;
#3584 = CARTESIAN_POINT ( 'NONE',  ( 0.09669145586676650100, 5.920644096606658200E-018, 0.05519531249999993400 ) ) ;
#3585 = CARTESIAN_POINT ( 'NONE',  ( 0.05282266525110191500, -0.05282266525110190800, -0.1215625000000000300 ) ) ;
#3586 = CARTESIAN_POINT ( 'NONE',  ( -0.04005091238561431900, 0.09669145586676648800, -0.06003906250000005200 ) ) ;
#3587 = DIRECTION ( 'NONE',  ( 1.000000000000000000, 0.0000000000000000000, 0.0000000000000000000 ) ) ;
#3588 = CARTESIAN_POINT ( 'NONE',  ( 0.006877138412912704600, -0.1310581636499753000, 0.1129159673621258200 ) ) ;
#3589 = CARTESIAN_POINT ( 'NONE',  ( 0.06309794383663147600, 0.03998896612878655200, 0.01017127959880237800 ) ) ;
#3590 = CYLINDRICAL_SURFACE ( 'NONE', #3197, 0.01000000000000000200 ) ;
#3591 = CARTESIAN_POINT ( 'NONE',  ( -0.09499999999999995900, 0.03935028842544405900, 0.005390624999999923300 ) ) ;
#3592 = SECURITY_CLASSIFICATION ( '', '', #1729 ) ;
#3593 = ORIENTED_EDGE ( 'NONE', *, *, #762, .T. ) ;
#3594 = CIRCLE ( 'NONE', #4153, 0.2145063509461100400 ) ;
#3595 = CARTESIAN_POINT ( 'NONE',  ( 0.1874999999999997800, -6.551194771458944000E-027, 0.06760617061317372700 ) ) ;
#3596 = CARTESIAN_POINT ( 'NONE',  ( -0.09669145586676648800, -0.04005091238561431200, 0.04152343749999992700 ) ) ;
#3597 = VERTEX_POINT ( 'NONE', #2957 ) ;
#3598 = ORIENTED_EDGE ( 'NONE', *, *, #3186, .T. ) ;
#3599 = CARTESIAN_POINT ( 'NONE',  ( 0.03094280090340148900, 0.07470252959880231700, -0.1117968750000000500 ) ) ;
#3600 = CARTESIAN_POINT ( 'NONE',  ( 0.09669145586676650100, 0.04005091238561426400, 0.02589843749999994800 ) ) ;
#3601 = CARTESIAN_POINT ( 'NONE',  ( -0.07470252959880233100, -0.03094280090340153400, -0.002421875000000015200 ) ) ;
#3602 = ORIENTED_EDGE ( 'NONE', *, *, #1236, .F. ) ;
#3603 = CARTESIAN_POINT ( 'NONE',  ( -0.1010101928522754700, -0.08371313984930217600, 0.1171874999999999900 ) ) ;
#3604 = CARTESIAN_POINT ( 'NONE',  ( 0.0000000000000000000, 0.09499999999999998700, 0.003437499999999934500 ) ) ;
#3605 = CARTESIAN_POINT ( 'NONE',  ( 0.1828125000000000200, 0.0000000000000000000, 0.07031249999999995800 ) ) ;
#3606 = CARTESIAN_POINT ( 'NONE',  ( 0.0000000000000000000, 0.0000000000000000000, 0.1171874999999999900 ) ) ;
#3607 = CLOSED_SHELL ( 'NONE', ( #4476, #1014, #55, #2166, #2386, #378, #4241, #1820, #2842, #3230, #2117, #709, #3525, #1076, #3187, #2519, #354, #3502, #3083, #1415, #941, #1309, #590, #3844, #1756, #3542, #267, #3778, #640, #4077, #3886, #3567, #4157, #4130, #2707, #4263, #1982, #2006, #1119, #3439, #1359, #1096, #2362, #10, #2095, #3728, #755, #221, #2335, #1619, #1668, #1644, #3053, #4103, #2881, #2496, #2416, #1284, #1777, #1801, #3105, #2147, #3909, #1333, #3031, #2475, #2767, #2863, #4218, #1437, #241, #3803, #4503, #290, #988, #4452, #400, #419, #2733, #2037, #1696 ) ) ;
#3608 = EDGE_CURVE ( 'NONE', #819, #456, #4358, .T. ) ;
#3609 = DIRECTION ( 'NONE',  ( -0.8660254037844356000, -0.5000000000000053300, 3.186061097159424800E-015 ) ) ;
#3610 = ORIENTED_EDGE ( 'NONE', *, *, #3877, .F. ) ;
#3611 = CARTESIAN_POINT ( 'NONE',  ( -0.01574885552506817200, 0.1302952998407588500, 0.1116734235772785400 ) ) ;
#3612 = CARTESIAN_POINT ( 'NONE',  ( -0.1379887676827597800, 0.05881411389618439900, 0.1171874999999999900 ) ) ;
#3613 = CARTESIAN_POINT ( 'NONE',  ( 0.1230330203447395100, -0.05434904923364786100, 0.1166616952948506800 ) ) ;
#3614 = CARTESIAN_POINT ( 'NONE',  ( 0.1453124999999999800, 1.779564880010997200E-017, 0.09718749999999998200 ) ) ;
#3615 = CARTESIAN_POINT ( 'NONE',  ( -0.09669145586676648800, -0.04005091238561431200, -0.05222656250000005900 ) ) ;
#3616 = ORIENTED_EDGE ( 'NONE', *, *, #2450, .T. ) ;
#3617 = CARTESIAN_POINT ( 'NONE',  ( -0.009789614591609197700, -0.09346257072463674800, -0.1111315042066271500 ) ) ;
#3618 = CARTESIAN_POINT ( 'NONE',  ( 0.1375886085905188000, -0.09348700832496936700, 0.1129093923214162700 ) ) ;
#3619 = ORIENTED_EDGE ( 'NONE', *, *, #2777, .T. ) ;
#3620 = CARTESIAN_POINT ( 'NONE',  ( 0.0000000000000000000, 0.0000000000000000000, 0.1171874999999999900 ) ) ;
#3621 = CARTESIAN_POINT ( 'NONE',  ( -0.05282266525110190800, -0.05282266525110192200, 0.02687499999999996800 ) ) ;
#3622 = CARTESIAN_POINT ( 'NONE',  ( 0.001920848105337611200, -0.1642488069329423000, 0.1121891459719697300 ) ) ;
#3623 = CARTESIAN_POINT ( 'NONE',  ( 0.003513957050624453300, 0.2144775668970115800, -0.09888904662460761000 ) ) ;
#3624 = CARTESIAN_POINT ( 'NONE',  ( -0.02199260931391681200, 0.1293339629758870600, 0.1171874999999999900 ) ) ;
#3625 = CARTESIAN_POINT ( 'NONE',  ( 0.0000000000000000000, 0.09669145586676650100, 0.09425781249999994100 ) ) ;
#3626 = CARTESIAN_POINT ( 'NONE',  ( 0.07859483591664627500, 0.1711296012727202300, -0.1144922265460970500 ) ) ;
#3627 = CARTESIAN_POINT ( 'NONE',  ( 0.04005091238561427100, -0.09669145586676650100, -0.01316406250000006500 ) ) ;
#3628 = CARTESIAN_POINT ( 'NONE',  ( 0.006246048433057697900, -0.09324970996017767400, -0.1106143996832446400 ) ) ;
#3629 = COORDINATED_UNIVERSAL_TIME_OFFSET ( 6, 0, .BEHIND. ) ;
#3630 = CARTESIAN_POINT ( 'NONE',  ( 9.148421376138367800E-018, -0.07470252959880233100, -0.03171875000000003200 ) ) ;
#3631 = EDGE_CURVE ( 'NONE', #2248, #2759, #471, .T. ) ;
#3632 = CARTESIAN_POINT ( 'NONE',  ( 0.09499999999999998700, 5.817072295949927900E-018, -0.008281250000000073300 ) ) ;
#3633 = CARTESIAN_POINT ( 'NONE',  ( 9.148421376138369400E-018, -0.07470252959880234500, -0.0004687500000000248700 ) ) ;
#3634 = CIRCLE ( 'NONE', #4091, 0.01000000000000000200 ) ;
#3635 = CARTESIAN_POINT ( 'NONE',  ( 0.0000000000000000000, 0.0000000000000000000, 0.03515624999999998600 ) ) ;
#3636 = EDGE_CURVE ( 'NONE', #2684, #1157, #3168, .T. ) ;
#3637 = CARTESIAN_POINT ( 'NONE',  ( 0.09499999999999998700, 5.817072295949927900E-018, -0.03562500000000006600 ) ) ;
#3638 = CARTESIAN_POINT ( 'NONE',  ( -0.04005091238561424300, -0.09669145586676651500, 0.1079296874999999500 ) ) ;
#3639 = VECTOR ( 'NONE', #1778, 39.37007874015748100 ) ;
#3640 = CARTESIAN_POINT ( 'NONE',  ( -0.09499999999999998700, 1.163414459189985400E-017, -0.1171875000000000400 ) ) ;
#3641 = CARTESIAN_POINT ( 'NONE',  ( -0.09669145586676648800, -0.04005091238561431200, 0.01027343749999993700 ) ) ;
#3642 = CIRCLE ( 'NONE', #4123, 0.1311905059197604800 ) ;
#3643 = B_SPLINE_CURVE_WITH_KNOTS ( 'NONE', 3,
 ( #1670, #1706, #1655, #2737, #3797, #2019, #4443, #2053 ),
 .UNSPECIFIED., .F., .F.,
 ( 4, 2, 2, 4 ),
 ( 0.0001064236135347831500, 0.002777285481970348600, 0.004112716416188131500, 0.005448147350405913900 ),
 .UNSPECIFIED. ) ;
#3644 = CARTESIAN_POINT ( 'NONE',  ( -0.09499999999999998700, -1.745121688784978200E-017, -0.05125000000000007300 ) ) ;
#3645 = ORIENTED_EDGE ( 'NONE', *, *, #3498, .F. ) ;
#3646 = EDGE_LOOP ( 'NONE', ( #1422, #2094, #1270, #223 ) ) ;
#3647 = CARTESIAN_POINT ( 'NONE',  ( -0.08281580072898187000, 8.598184865700696600E-015, 0.01828455072898186500 ) ) ;
#3648 = CYLINDRICAL_SURFACE ( 'NONE', #1859, 0.09499999999999998700 ) ;
#3649 = PRODUCT_DEFINITION_SHAPE ( 'NONE', 'NONE',  #2901 ) ;
#3650 = CARTESIAN_POINT ( 'NONE',  ( -0.03094280090340147800, -0.07470252959880234500, -0.002421875000000031600 ) ) ;
#3651 = CARTESIAN_POINT ( 'NONE',  ( -0.01300509676842062000, -0.1527284545534396700, 0.1158159005952539000 ) ) ;
#3652 = CARTESIAN_POINT ( 'NONE',  ( 0.1223431861263033100, -0.04978113317293497700, 0.1171874999999999900 ) ) ;
#3653 = ORIENTED_EDGE ( 'NONE', *, *, #3159, .T. ) ;
#3654 = CARTESIAN_POINT ( 'NONE',  ( -0.03094280090340154100, 0.07470252959880231700, 0.08351562499999998200 ) ) ;
#3655 = ORIENTED_EDGE ( 'NONE', *, *, #884, .T. ) ;
#3656 = EDGE_CURVE ( 'NONE', #2534, #2285, #1559, .T. ) ;
#3657 = ORIENTED_EDGE ( 'NONE', *, *, #37, .F. ) ;
#3658 = CARTESIAN_POINT ( 'NONE',  ( 0.0000000000000000000, 0.07470252959880233100, -0.07859375000000001800 ) ) ;
#3659 = CARTESIAN_POINT ( 'NONE',  ( 0.08751868732062541300, -0.02813593431374289400, 0.02721704691796404000 ) ) ;
#3660 = EDGE_CURVE ( 'NONE', #1623, #282, #2503, .T. ) ;
#3661 = VERTEX_POINT ( 'NONE', #3084 ) ;
#3662 = CARTESIAN_POINT ( 'NONE',  ( 0.07470252959880233100, 0.03094280090340150600, -0.05320312500000003900 ) ) ;
#3663 = VERTEX_POINT ( 'NONE', #1661 ) ;
#3664 = CARTESIAN_POINT ( 'NONE',  ( 0.1042833190200910400, -0.08106174057883719400, 0.1171874999999999900 ) ) ;
#3665 = CARTESIAN_POINT ( 'NONE',  ( 0.0000000000000000000, 0.1311905059197604800, 0.09718749999999998200 ) ) ;
#3666 = CARTESIAN_POINT ( 'NONE',  ( -0.1438485176774487200, 0.07934561906281173400, 0.1121889164018129900 ) ) ;
#3667 = CARTESIAN_POINT ( 'NONE',  ( -0.01300509676842060400, -0.1305443078097507400, 0.1158159005952539200 ) ) ;
#3668 = VERTEX_POINT ( 'NONE', #3063 ) ;
#3669 = DIRECTION ( 'NONE',  ( 1.000000000000000000, 1.953992523340275800E-014, 0.0000000000000000000 ) ) ;
#3670 = CARTESIAN_POINT ( 'NONE',  ( 9.148421376138367800E-018, -0.07470252959880233100, 0.06593749999999998200 ) ) ;
#3671 = CARTESIAN_POINT ( 'NONE',  ( 0.1874999999999997800, -6.551194771458944000E-027, 0.06760617061317372700 ) ) ;
#3672 = ORIENTED_EDGE ( 'NONE', *, *, #784, .F. ) ;
#3673 = B_SPLINE_CURVE_WITH_KNOTS ( 'NONE', 3,
 ( #1927, #1282, #3388, #2704, #1593, #3671 ),
 .UNSPECIFIED., .F., .F.,
 ( 4, 2, 4 ),
 ( 0.01557328505028461100, 0.01691169447354146800, 0.01825010389679832300 ),
 .UNSPECIFIED. ) ;
#3674 = AXIS2_PLACEMENT_3D ( 'NONE', #1583, #515, #501 ) ;
#3675 = CARTESIAN_POINT ( 'NONE',  ( 0.09499999999999998700, 5.817072295949927900E-018, -0.03562500000000006600 ) ) ;
#3676 = CARTESIAN_POINT ( 'NONE',  ( 0.0000000000000000000, 0.0000000000000000000, 0.1171874999999999900 ) ) ;
#3677 = CARTESIAN_POINT ( 'NONE',  ( -0.05282266525110192200, 0.05282266525110190100, -0.04343750000000002500 ) ) ;
#3678 = CARTESIAN_POINT ( 'NONE',  ( 0.1085696908706535000, -0.07937839610370596400, 0.1166675590000679600 ) ) ;
#3679 = CARTESIAN_POINT ( 'NONE',  ( 0.1042833190200894300, 0.08106174057883933100, 0.1171874999999999900 ) ) ;
#3680 = CARTESIAN_POINT ( 'NONE',  ( 0.1359366847010348700, -0.09350007374505789300, 0.1158159005952551100 ) ) ;
#3681 = CARTESIAN_POINT ( 'NONE',  ( 0.07470252959880233100, 4.574210688069183900E-018, 0.1050000000000000000 ) ) ;
#3682 = CARTESIAN_POINT ( 'NONE',  ( 0.0000000000000000000, 0.1453124999999999800, 0.03515624999999998600 ) ) ;
#3683 = PERSON_AND_ORGANIZATION ( #1944, #519 ) ;
#3684 = CARTESIAN_POINT ( 'NONE',  ( 0.1028692145932430900, -0.08147000161664544300, 0.1141936207942610700 ) ) ;
#3685 = CARTESIAN_POINT ( 'NONE',  ( 0.1401322031436167400, 0.08623322263841358400, 0.1109001848861591400 ) ) ;
#3686 = EDGE_CURVE ( 'NONE', #3288, #4104, #159, .T. ) ;
#3687 = LINE ( 'NONE', #1772, #1939 ) ;
#3688 = CARTESIAN_POINT ( 'NONE',  ( -0.01887326482518199600, -0.08522081055602762100, 0.02256354252435799300 ) ) ;
#3689 = CARTESIAN_POINT ( 'NONE',  ( 0.07470252959880234500, 4.574210688069184700E-018, -0.05515625000000003200 ) ) ;
#3690 = CARTESIAN_POINT ( 'NONE',  ( 0.01805986710621250100, -0.1489088351982715000, 0.1071874999999999900 ) ) ;
#3691 = VECTOR ( 'NONE', #3170, 39.37007874015748100 ) ;
#3692 = DIRECTION ( 'NONE',  ( 0.0000000000000000000, 0.0000000000000000000, 1.000000000000000000 ) ) ;
#3693 = CARTESIAN_POINT ( 'NONE',  ( 0.1315109913578245400, 0.09155332340784785900, 0.1157989006645720000 ) ) ;
#3694 = LINE ( 'NONE', #1861, #915 ) ;
#3695 = EDGE_LOOP ( 'NONE', ( #172, #4114, #1701, #1195 ) ) ;
#3696 = DIRECTION ( 'NONE',  ( -0.0000000000000000000, -0.0000000000000000000, -1.000000000000000000 ) ) ;
#3697 = VECTOR ( 'NONE', #4147, 39.37007874015748900 ) ;
#3698 = CARTESIAN_POINT ( 'NONE',  ( 0.03094280090340150600, -0.07470252959880231700, 0.03664062499999998900 ) ) ;
#3699 = CARTESIAN_POINT ( 'NONE',  ( -0.1156921262041872000, 0.06199713551800503000, 0.1071856635327526600 ) ) ;
#3700 = CARTESIAN_POINT ( 'NONE',  ( 0.09669145586676650100, -0.04005091238561425700, -0.1635546875000000700 ) ) ;
#3701 = EDGE_LOOP ( 'NONE', ( #3991, #1845, #2308, #3832 ) ) ;
#3702 = B_SPLINE_CURVE_WITH_KNOTS ( 'NONE', 3,
 ( #3513, #4185, #3526, #1417 ),
 .UNSPECIFIED., .F., .F.,
 ( 4, 4 ),
 ( 0.0000000000000000000, 0.0001070442058933068400 ),
 .UNSPECIFIED. ) ;
#3703 = ORIENTED_EDGE ( 'NONE', *, *, #3529, .T. ) ;
#3704 = DIRECTION ( 'NONE',  ( 1.000000000000000000, 0.0000000000000000000, 0.0000000000000000000 ) ) ;
#3705 = CARTESIAN_POINT ( 'NONE',  ( -0.08263349363383845600, -0.01154760182294629000, 0.01870884778742069500 ) ) ;
#3706 = ORIENTED_EDGE ( 'NONE', *, *, #2154, .F. ) ;
#3707 = CARTESIAN_POINT ( 'NONE',  ( 0.05282266525110190800, 0.05282266525110191500, -0.05125000000000001800 ) ) ;
#3708 = CARTESIAN_POINT ( 'NONE',  ( -0.1224562857454432300, 0.08571716177926254300, 0.1158159005952539200 ) ) ;
#3709 = ORIENTED_EDGE ( 'NONE', *, *, #3410, .T. ) ;
#3710 = PLANE ( 'NONE',  #2020 ) ;
#3711 = EDGE_LOOP ( 'NONE', ( #4543, #4283, #2640, #2564 ) ) ;
#3712 = CARTESIAN_POINT ( 'NONE',  ( -0.01300508686006108200, -0.1534998636142744800, 0.1158158947906461500 ) ) ;
#3713 = CARTESIAN_POINT ( 'NONE',  ( 0.0000000000000000000, 0.0000000000000000000, -0.1171875000000000300 ) ) ;
#3714 = CARTESIAN_POINT ( 'NONE',  ( 0.09669145586676650100, -0.04005091238561425700, -0.1030078125000000700 ) ) ;
#3715 = ORIENTED_EDGE ( 'NONE', *, *, #3753, .T. ) ;
#3716 = EDGE_CURVE ( 'NONE', #3555, #1061, #1029, .T. ) ;
#3717 = CARTESIAN_POINT ( 'NONE',  ( -0.06837118412619039300, 0.06837118412619036500, -0.1498828125000000700 ) ) ;
#3718 = DESIGN_CONTEXT ( 'detailed design', #2, 'design' ) ;
#3719 = EDGE_CURVE ( 'NONE', #212, #2674, #1596, .T. ) ;
#3720 = CARTESIAN_POINT ( 'NONE',  ( 0.01683038252187865600, -0.1598594388645022100, 0.1156706310935930000 ) ) ;
#3721 = ORIENTED_EDGE ( 'NONE', *, *, #2056, .T. ) ;
#3722 = ORIENTED_EDGE ( 'NONE', *, *, #3905, .T. ) ;
#3723 = CARTESIAN_POINT ( 'NONE',  ( -0.1100611298877487700, -0.07148485839590508500, 0.1129159673621313000 ) ) ;
#3724 = EDGE_CURVE ( 'NONE', #3663, #1436, #3634, .T. ) ;
#3725 = CARTESIAN_POINT ( 'NONE',  ( 0.07470252959880233100, -0.03094280090340148900, -0.05710937500000001800 ) ) ;
#3726 = VERTEX_POINT ( 'NONE', #1248 ) ;
#3727 = CARTESIAN_POINT ( 'NONE',  ( 0.07470252959880233100, 4.574905593351215300E-015, 0.01017127959880237800 ) ) ;
#3728 = ADVANCED_FACE ( 'NONE', ( #1884, #3423 ), #4400, .T. ) ;
#3729 = CARTESIAN_POINT ( 'NONE',  ( 0.004695366734855913400, -0.1704957072768074900, 0.1099985899248522600 ) ) ;
#3730 = CARTESIAN_POINT ( 'NONE',  ( -0.1105216256696787000, 0.07882668257183557400, 0.1158159005952550900 ) ) ;
#3731 =( BOUNDED_SURFACE ( )  B_SPLINE_SURFACE ( 3, 1, ( 
 ( #2050, #3398 ),
 ( #4509, #4084 ),
 ( #2730, #1373 ),
 ( #3464, #1653 ) ),
 .UNSPECIFIED., .F., .F., .T. ) 
 B_SPLINE_SURFACE_WITH_KNOTS ( ( 4, 4 ),
 ( 2, 2 ),
 ( 0.0000000000000000000, 1.000000000000000000 ),
 ( 0.0000000000000000000, 1.000000000000000000 ),
 .UNSPECIFIED. ) 
 GEOMETRIC_REPRESENTATION_ITEM ( )  RATIONAL_B_SPLINE_SURFACE ( (
 ( 1.000000000000000000, 1.000000000000000000),
 ( 0.9395266567457559700, 0.9395266567457559700),
 ( 0.9395266567457559700, 0.9395266567457559700),
 ( 1.000000000000000000, 1.000000000000000000) ) ) 
 REPRESENTATION_ITEM ( '' )  SURFACE ( )  );
#3732 = CARTESIAN_POINT ( 'NONE',  ( 0.1030193936612694000, -0.08172044312967972900, 0.1171874999999999900 ) ) ;
#3733 = CARTESIAN_POINT ( 'NONE',  ( 0.05282266525110191500, -0.05282266525110190800, -0.08640625000000000400 ) ) ;
#3734 = CARTESIAN_POINT ( 'NONE',  ( -0.1875000000000003900, 0.1041956073748581000, 0.05201404662460754800 ) ) ;
#3735 = CARTESIAN_POINT ( 'NONE',  ( 0.06837118412619036500, 0.06837118412619037900, -0.1264453125000001000 ) ) ;
#3736 = B_SPLINE_CURVE_WITH_KNOTS ( 'NONE', 3,
 ( #3809, #3412, #2377, #2063, #1325, #3103, #2392, #3140 ),
 .UNSPECIFIED., .F., .F.,
 ( 4, 2, 2, 4 ),
 ( 0.0001064236135347711600, 0.002777285481970325600, 0.004112716416188102800, 0.005448147350405880100 ),
 .UNSPECIFIED. ) ;
#3737 = CARTESIAN_POINT ( 'NONE',  ( 0.01687981921892835200, 0.09229212754960178200, 0.02913498397765055100 ) ) ;
#3738 = CARTESIAN_POINT ( 'NONE',  ( 0.01017476541061682100, -0.1675666770145118900, 0.1119321858158834800 ) ) ;
#3739 = CARTESIAN_POINT ( 'NONE',  ( -0.1082449891903103100, -0.08198855547676740800, 0.1182599832031375300 ) ) ;
#3740 = CARTESIAN_POINT ( 'NONE',  ( -0.04005091238561431900, 0.09669145586676648800, 0.004414062499999899000 ) ) ;
#3741 = CARTESIAN_POINT ( 'NONE',  ( 0.02943844982924994100, -0.06865745116235141800, -0.09220252959880238800 ) ) ;
#3742 = CARTESIAN_POINT ( 'NONE',  ( 0.01353200819317420700, -0.1596685210966773100, 0.1157989006645739600 ) ) ;
#3743 = CARTESIAN_POINT ( 'NONE',  ( 0.0000000000000000000, 0.0000000000000000000, 0.1171874999999999900 ) ) ;
#3744 = VECTOR ( 'NONE', #635, 39.37007874015748100 ) ;
#3745 = AXIS2_PLACEMENT_3D ( 'NONE', #1174, #3609, #3963 ) ;
#3746 = CARTESIAN_POINT ( 'NONE',  ( 0.1019190353718281300, -0.08261650963894158500, 0.1171874999999999900 ) ) ;
#3747 = CARTESIAN_POINT ( 'NONE',  ( -0.05282266525110190800, -0.05282266525110192200, -0.03171875000000001800 ) ) ;
#3748 = EDGE_CURVE ( 'NONE', #1043, #1975, #3673, .T. ) ;
#3749 = CARTESIAN_POINT ( 'NONE',  ( -0.03094280090340154100, 0.07470252959880233100, -0.01023437500000000700 ) ) ;
#3750 = LINE ( 'NONE', #2459, #368 ) ;
#3751 = ADVANCED_FACE ( 'NONE', ( #3537, #1786 ), #2641, .T. ) ;
#3752 = CARTESIAN_POINT ( 'NONE',  ( 0.01805986710621259100, 0.1489088351982713600, 0.1171874999999999900 ) ) ;
#3753 = EDGE_CURVE ( 'NONE', #2956, #2763, #2656, .T. ) ;
#3754 = TOROIDAL_SURFACE ( 'NONE', #702, 0.1499999999999999900, 0.03281250000000000100 ) ;
#3755 = DIRECTION ( 'NONE',  ( 1.000000000000000000, 0.0000000000000000000, 0.0000000000000000000 ) ) ;
#3756 = FACE_OUTER_BOUND ( 'NONE', #1310, .T. ) ;
#3757 = CARTESIAN_POINT ( 'NONE',  ( 0.0000000000000000000, 0.09669145586676650100, 0.002460937499999908500 ) ) ;
#3758 = AXIS2_PLACEMENT_3D ( 'NONE', #1464, #2947, #79 ) ;
#3759 = CARTESIAN_POINT ( 'NONE',  ( -0.1366320300734447100, -0.06116405236805768500, 0.1171874999999999600 ) ) ;
#3760 = CARTESIAN_POINT ( 'NONE',  ( 0.0000000000000000000, 0.0000000000000000000, -0.09888904662460761000 ) ) ;
#3761 = ORIENTED_EDGE ( 'NONE', *, *, #2154, .T. ) ;
#3762 = EDGE_LOOP ( 'NONE', ( #2631, #2311, #3610, #2821 ) ) ;
#3763 = CIRCLE ( 'NONE', #3139, 0.009999999999999995000 ) ;
#3764 = CARTESIAN_POINT ( 'NONE',  ( 0.07470252959880231700, 0.03094280090340150200, -0.04929687500000002500 ) ) ;
#3765 = ORIENTED_EDGE ( 'NONE', *, *, #1305, .F. ) ;
#3766 = AXIS2_PLACEMENT_3D ( 'NONE', #2752, #2414, #2773 ) ;
#3767 = DIRECTION ( 'NONE',  ( -0.0000000000000000000, -0.0000000000000000000, 1.000000000000000000 ) ) ;
#3768 = CARTESIAN_POINT ( 'NONE',  ( 0.0000000000000000000, 0.09669145586676650100, -0.1225390625000000900 ) ) ;
#3769 = B_SPLINE_CURVE_WITH_KNOTS ( 'NONE', 3,
 ( #1445, #3861, #3181, #722 ),
 .UNSPECIFIED., .F., .F.,
 ( 4, 4 ),
 ( 2.168404344971008900E-019, 0.0001070391842575545700 ),
 .UNSPECIFIED. ) ;
#3770 = ORIENTED_EDGE ( 'NONE', *, *, #117, .F. ) ;
#3771 = CARTESIAN_POINT ( 'NONE',  ( 9.148421376138367800E-018, -0.07470252959880233100, -0.1528124999999999900 ) ) ;
#3772 = CARTESIAN_POINT ( 'NONE',  ( -0.09499999999999995900, -0.03935028842544409400, 0.009296874999999918100 ) ) ;
#3773 = CARTESIAN_POINT ( 'NONE',  ( 0.1153348762303175000, 0.06261465044234594500, 0.1121888934529230400 ) ) ;
#3774 = ORIENTED_EDGE ( 'NONE', *, *, #2612, .T. ) ;
#3775 = CARTESIAN_POINT ( 'NONE',  ( -0.04005091238561424300, -0.09669145586676651500, 0.01613281249999990600 ) ) ;
#3776 = CARTESIAN_POINT ( 'NONE',  ( -0.1199289005765467600, -0.09009472130208739900, 0.1171875000000001500 ) ) ;
#3777 = DIRECTION ( 'NONE',  ( -0.0000000000000000000, -0.0000000000000000000, -1.000000000000000000 ) ) ;
#3778 = ADVANCED_FACE ( 'NONE', ( #4258 ), #184, .F. ) ;
#3779 = CARTESIAN_POINT ( 'NONE',  ( 0.1874999999999997800, 0.1041956073748592100, -0.09888904662460761000 ) ) ;
#3780 = DIRECTION ( 'NONE',  ( -0.8660254037844362700, -0.5000000000000041100, -0.0000000000000000000 ) ) ;
#3781 = ORIENTED_EDGE ( 'NONE', *, *, #2940, .T. ) ;
#3782 = CARTESIAN_POINT ( 'NONE',  ( 0.07470252959880233100, 4.574210688069183900E-018, -0.05125000000000001800 ) ) ;
#3783 = CARTESIAN_POINT ( 'NONE',  ( 0.0000000000000000000, 0.0000000000000000000, 0.07031249999999995800 ) ) ;
#3784 = EDGE_CURVE ( 'NONE', #3826, #2581, #2557, .T. ) ;
#3785 = ORIENTED_EDGE ( 'NONE', *, *, #1365, .T. ) ;
#3786 = CARTESIAN_POINT ( 'NONE',  ( 0.07470252959880233100, -0.03094280090340148500, -0.02195312500000001400 ) ) ;
#3787 = CARTESIAN_POINT ( 'NONE',  ( -0.01805986710621247300, 0.1489088351982715000, 0.1071874999999999800 ) ) ;
#3788 = CARTESIAN_POINT ( 'NONE',  ( 0.07022961260800272800, 0.05058712662442368900, -0.1038813725785468500 ) ) ;
#3789 = CARTESIAN_POINT ( 'NONE',  ( 0.07470252959880231700, 0.03094280090340150200, -0.1430468749999999900 ) ) ;
#3790 = CARTESIAN_POINT ( 'NONE',  ( -0.003513957050621909700, -0.2144775668970116700, 0.05201404662460755400 ) ) ;
#3791 = EDGE_LOOP ( 'NONE', ( #4418, #650, #2241, #2481 ) ) ;
#3792 = CARTESIAN_POINT ( 'NONE',  ( -0.04005091238561431900, 0.09669145586676648800, -0.02683593750000009800 ) ) ;
#3793 = CARTESIAN_POINT ( 'NONE',  ( -0.1439059337896647100, 0.07489634911713942400, 0.1131726789883945300 ) ) ;
#3794 = DIRECTION ( 'NONE',  ( -0.0000000000000000000, -0.0000000000000000000, -1.000000000000000000 ) ) ;
#3795 = CARTESIAN_POINT ( 'NONE',  ( -0.01751176660801658300, -0.08029782770180286800, -0.09945986622967033200 ) ) ;
#3796 =( BOUNDED_CURVE ( )  B_SPLINE_CURVE ( 2, ( #4233, #401, #2857, #3829, #4539, #2445, #2802, #703, #3156 ),
 .UNSPECIFIED., .F., .T. ) 
 B_SPLINE_CURVE_WITH_KNOTS ( ( 3, 2, 2, 2, 3 ),
 ( 0.1944444444444444200, 0.2083333333333332600, 0.2222222222222222100, 0.2361111111111110500, 0.2500000000000000000 ),
 .UNSPECIFIED. ) 
 CURVE ( )  GEOMETRIC_REPRESENTATION_ITEM ( )  RATIONAL_B_SPLINE_CURVE ( ( 1.000000000000000000, 0.9238795325112867400, 1.000000000000000000, 0.9238795325112867400, 1.000000000000000000, 0.9238795325112867400, 1.000000000000000000, 0.9238795325112867400, 1.000000000000000000 ) ) 
 REPRESENTATION_ITEM ( '' )  );
#3797 = CARTESIAN_POINT ( 'NONE',  ( -0.06327094862514245900, 0.1799768517255007100, 0.06614056539214911700 ) ) ;
#3798 = AXIS2_PLACEMENT_3D ( 'NONE', #3406, #4432, #998 ) ;
#3799 = CARTESIAN_POINT ( 'NONE',  ( 0.05282266525110191500, -0.05282266525110190800, -0.02390625000000002100 ) ) ;
#3800 = DIRECTION ( 'NONE',  ( 0.0000000000000000000, 0.0000000000000000000, -1.000000000000000000 ) ) ;
#3801 = CARTESIAN_POINT ( 'NONE',  ( 0.1311905059197604800, 0.0000000000000000000, 0.09718749999999998200 ) ) ;
#3802 = CARTESIAN_POINT ( 'NONE',  ( 0.0000000000000000000, 0.0000000000000000000, 0.1171874999999999900 ) ) ;
#3803 = ADVANCED_FACE ( 'NONE', ( #1611 ), #876, .T. ) ;
#3804 = CARTESIAN_POINT ( 'NONE',  ( -0.05282266525110192200, 0.05282266525110190100, -0.1332812499999999900 ) ) ;
#3805 = CARTESIAN_POINT ( 'NONE',  ( 0.07470252959880233100, 4.574210688069183900E-018, 0.1050000000000000000 ) ) ;
#3806 = CIRCLE ( 'NONE', #2410, 0.1311905059197604800 ) ;
#3807 =( NAMED_UNIT ( * ) SI_UNIT ( $, .STERADIAN. ) SOLID_ANGLE_UNIT ( ) );
#3808 = CARTESIAN_POINT ( 'NONE',  ( 0.09669145586676650100, 0.04005091238561426400, -0.03464843750000010100 ) ) ;
#3809 = CARTESIAN_POINT ( 'NONE',  ( 0.1839860429493767000, -0.1102819595221532200, 0.05201404662460754800 ) ) ;
#3810 = VECTOR ( 'NONE', #3402, 39.37007874015748100 ) ;
#3811 = CARTESIAN_POINT ( 'NONE',  ( -0.09194013887140183000, -0.02391674861455309100, -0.1124999999999178700 ) ) ;
#3812 = CARTESIAN_POINT ( 'NONE',  ( 0.09499999999999998700, 0.03935028842544403800, -0.03757812500000009400 ) ) ;
#3813 = CARTESIAN_POINT ( 'NONE',  ( -0.07470252959880231700, 0.03094280090340150900, 0.08351562499999996800 ) ) ;
#3814 = AXIS2_PLACEMENT_3D ( 'NONE', #466, #93, #2552 ) ;
#3815 = LINE ( 'NONE', #270, #1943 ) ;
#3816 = CARTESIAN_POINT ( 'NONE',  ( 0.0000000000000000000, 0.07470252959880233100, -0.1371875000000000200 ) ) ;
#3817 = CARTESIAN_POINT ( 'NONE',  ( 0.1224562857454422200, 0.08571716177926423700, 0.1158159005952539200 ) ) ;
#3818 = CARTESIAN_POINT ( 'NONE',  ( -0.09499999999999995900, 0.03935028842544405900, -0.08835937500000005900 ) ) ;
#3819 = CARTESIAN_POINT ( 'NONE',  ( -0.03797028184695087200, 0.07275780249356719700, -0.09938652970730486900 ) ) ;
#3820 = LINE ( 'NONE', #1492, #2405 ) ;
#3821 = ORIENTED_EDGE ( 'NONE', *, *, #3444, .T. ) ;
#3822 = VECTOR ( 'NONE', #2825, 39.37007874015748100 ) ;
#3823 = CARTESIAN_POINT ( 'NONE',  ( -0.07470252959880233100, -1.372263206420755200E-017, -0.1293750000000000200 ) ) ;
#3824 = DIRECTION ( 'NONE',  ( -0.0000000000000000000, -0.0000000000000000000, 1.000000000000000000 ) ) ;
#3825 = EDGE_CURVE ( 'NONE', #4094, #2911, #2330, .T. ) ;
#3826 = VERTEX_POINT ( 'NONE', #3059 ) ;
#3827 = VERTEX_POINT ( 'NONE', #2382 ) ;
#3828 = CARTESIAN_POINT ( 'NONE',  ( 1.184128819321331600E-017, -0.09669145586676650100, -0.1069140625000001000 ) ) ;
#3829 = CARTESIAN_POINT ( 'NONE',  ( -0.03935028842544401100, -0.09500000000000001500, -0.08054687500000008700 ) ) ;
#3830 = CARTESIAN_POINT ( 'NONE',  ( -0.1010101928522754700, -0.08371313984930217600, 0.1171874999999999900 ) ) ;
#3831 = CARTESIAN_POINT ( 'NONE',  ( -0.07621634594640189200, -0.05020345426500692800, -0.1085603205877557500 ) ) ;
#3832 = ORIENTED_EDGE ( 'NONE', *, *, #1045, .T. ) ;
#3833 = CARTESIAN_POINT ( 'NONE',  ( -0.01910436694983636000, 0.1298299971082565200, 0.1205269787769580500 ) ) ;
#3834 = CARTESIAN_POINT ( 'NONE',  ( 0.07470252959880233100, 4.574210688069183900E-018, -0.1137500000000000000 ) ) ;
#3835 = AXIS2_PLACEMENT_3D ( 'NONE', #532, #1255, #1599 ) ;
#3836 = ORIENTED_EDGE ( 'NONE', *, *, #3656, .T. ) ;
#3837 = CARTESIAN_POINT ( 'NONE',  ( -0.1414717170290762100, -0.06797641815871784100, 0.1150606333163290600 ) ) ;
#3838 = CARTESIAN_POINT ( 'NONE',  ( -0.1106723078378499000, 0.07891367896218892700, 0.1158159005952539200 ) ) ;
#3839 = CARTESIAN_POINT ( 'NONE',  ( 0.07899224147928249300, 0.03683450309320142300, -0.1044839133050278100 ) ) ;
#3840 = CARTESIAN_POINT ( 'NONE',  ( -0.07470252959880231700, -0.03094280090340153000, 0.08742187499999996800 ) ) ;
#3841 = CARTESIAN_POINT ( 'NONE',  ( 0.05282266525110191500, -0.05282266525110190800, 0.03859374999999998200 ) ) ;
#3842 = EDGE_LOOP ( 'NONE', ( #3996, #4177, #3405, #1622, #4034, #2902 ) ) ;
#3843 = APPLICATION_PROTOCOL_DEFINITION ( 'international standard', 'config_control_design', 1994, #1083 ) ;
#3844 = ADVANCED_FACE ( 'NONE', ( #244 ), #313, .T. ) ;
#3845 = CARTESIAN_POINT ( 'NONE',  ( 0.04005091238561427100, -0.09669145586676650100, -0.04246093750000010100 ) ) ;
#3846 = ORIENTED_EDGE ( 'NONE', *, *, #2383, .T. ) ;
#3847 = DIRECTION ( 'NONE',  ( 1.000000000000000000, 0.0000000000000000000, 0.0000000000000000000 ) ) ;
#3848 = CARTESIAN_POINT ( 'NONE',  ( 0.007085393626915830600, 0.1620814336750469600, 0.1131699214730690400 ) ) ;
#3849 = CARTESIAN_POINT ( 'NONE',  ( 0.07470252959880233100, 4.574905593351215300E-015, 0.01017127959880237800 ) ) ;
#3850 = CARTESIAN_POINT ( 'NONE',  ( 0.07470252959880234500, 4.574210688069184700E-018, 0.1010937499999999800 ) ) ;
#3851 = ORIENTED_EDGE ( 'NONE', *, *, #1297, .F. ) ;
#3852 = CARTESIAN_POINT ( 'NONE',  ( -0.03094280090340147100, -0.07470252959880234500, -0.09226562499999999000 ) ) ;
#3853 = CARTESIAN_POINT ( 'NONE',  ( 0.03935028842544405200, -0.09499999999999998700, -0.04539062500000008000 ) ) ;
#3854 = EDGE_CURVE ( 'NONE', #3335, #397, #851, .T. ) ;
#3855 = CARTESIAN_POINT ( 'NONE',  ( 0.1176167599850491700, -0.05823664760489632300, 0.1081881657697772600 ) ) ;
#3856 = CARTESIAN_POINT ( 'NONE',  ( 0.05474856677738469700, 0.06603391655813475900, -0.1031055386569090500 ) ) ;
#3857 = CARTESIAN_POINT ( 'NONE',  ( 0.07470252959880231700, -0.03094280090340148500, -0.05710937500000001800 ) ) ;
#3858 = CARTESIAN_POINT ( 'NONE',  ( -0.03094280090340147100, -0.07470252959880234500, 0.06398437499999996800 ) ) ;
#3859 =( CONVERSION_BASED_UNIT ( 'INCH', #3918 ) LENGTH_UNIT ( ) NAMED_UNIT ( #2937 ) );
#3860 = CARTESIAN_POINT ( 'NONE',  ( -0.09669145586676648800, 0.04005091238561427800, -0.08542968750000011500 ) ) ;
#3861 = CARTESIAN_POINT ( 'NONE',  ( 0.1225072208183340300, -0.04695700889243213000, 0.1171875000000000000 ) ) ;
#3862 = CARTESIAN_POINT ( 'NONE',  ( 0.01300509676842060400, 0.1489088351982713600, 0.1158159005952539200 ) ) ;
#3863 = CARTESIAN_POINT ( 'NONE',  ( 0.09499999999999998700, -0.03935028842544402400, -0.01023437500000008000 ) ) ;
#3864 = CARTESIAN_POINT ( 'NONE',  ( 0.0000000000000000000, 0.0000000000000000000, 0.1171874999999999900 ) ) ;
#3865 = AXIS2_PLACEMENT_3D ( 'NONE', #1673, #2438, #1025 ) ;
#3866 = DIRECTION ( 'NONE',  ( -0.0000000000000000000, -1.000000000000000000, -0.0000000000000000000 ) ) ;
#3867 = CARTESIAN_POINT ( 'NONE',  ( 0.1197348400677909100, -0.06499497867607702300, 0.1121859754028542400 ) ) ;
#3868 = CIRCLE ( 'NONE', #4284, 0.1499999999999999900 ) ;
#3869 = DIRECTION ( 'NONE',  ( 1.000000000000000000, 0.0000000000000000000, 0.0000000000000000000 ) ) ;
#3870 = CARTESIAN_POINT ( 'NONE',  ( 0.07470252959880231700, -0.03094280090340148500, 0.005390624999999978800 ) ) ;
#3871 = CARTESIAN_POINT ( 'NONE',  ( -0.07470252959880233100, -1.372263206420755200E-017, 0.02687499999999998600 ) ) ;
#3872 = CARTESIAN_POINT ( 'NONE',  ( 0.0000000000000000000, 0.0000000000000000000, 0.1171874999999999900 ) ) ;
#3873 = CYLINDRICAL_SURFACE ( 'NONE', #1885, 0.1453124999999999800 ) ;
#3874 = DIRECTION ( 'NONE',  ( -0.0000000000000000000, -0.0000000000000000000, 1.000000000000000000 ) ) ;
#3875 = CYLINDRICAL_SURFACE ( 'NONE', #4279, 0.09499999999999998700 ) ;
#3876 = CARTESIAN_POINT ( 'NONE',  ( 0.03094280090340150900, -0.07470252959880233100, 0.09523437499999995400 ) ) ;
#3877 = EDGE_CURVE ( 'NONE', #1864, #2642, #132, .T. ) ;
#3878 = EDGE_LOOP ( 'NONE', ( #2643, #1150, #1973, #328 ) ) ;
#3879 = ORIENTED_EDGE ( 'NONE', *, *, #786, .T. ) ;
#3880 = CARTESIAN_POINT ( 'NONE',  ( 0.1375697439049672900, 0.09349009474157576900, 0.1129163615118865000 ) ) ;
#3881 = CARTESIAN_POINT ( 'NONE',  ( 9.148421376138367800E-018, -0.07470252959880233100, -0.09031250000000001800 ) ) ;
#3882 = EDGE_LOOP ( 'NONE', ( #3887, #3006, #1954, #3721, #2302, #1686, #1860, #3248, #3709, #4322 ) ) ;
#3883 = CARTESIAN_POINT ( 'NONE',  ( -0.05282266525110190800, -0.05282266525110192200, -0.004375000000000021200 ) ) ;
#3884 = CARTESIAN_POINT ( 'NONE',  ( 0.07470252959880231700, 0.03094280090340150200, -0.01804687500000001800 ) ) ;
#3885 = EDGE_CURVE ( 'NONE', #1308, #861, #4031, .T. ) ;
#3886 = ADVANCED_FACE ( 'NONE', ( #83 ), #1027, .T. ) ;
#3887 = ORIENTED_EDGE ( 'NONE', *, *, #1081, .F. ) ;
#3888 = AXIS2_PLACEMENT_3D ( 'NONE', #1578, #2315, #216 ) ;
#3889 = CARTESIAN_POINT ( 'NONE',  ( 0.1063513571584019500, 0.07998396965871464000, 0.1171874999999999900 ) ) ;
#3890 = CARTESIAN_POINT ( 'NONE',  ( -0.004179066124527017500, -0.1311901226632946600, 0.1071893417860289300 ) ) ;
#3891 = CARTESIAN_POINT ( 'NONE',  ( -0.01300508810726330400, 0.1535403082843590800, 0.1158158955212939700 ) ) ;
#3892 = DIRECTION ( 'NONE',  ( 0.8660254037844328200, 0.5000000000000101000, -0.0000000000000000000 ) ) ;
#3893 = CARTESIAN_POINT ( 'NONE',  ( 0.03094280090340150200, 0.07470252959880233100, 0.07570312499999999600 ) ) ;
#3894 = ORIENTED_EDGE ( 'NONE', *, *, #2711, .T. ) ;
#3895 = CARTESIAN_POINT ( 'NONE',  ( 0.0000000000000000000, 0.0000000000000000000, 0.05201404662460755400 ) ) ;
#3896 = ORIENTED_EDGE ( 'NONE', *, *, #835, .F. ) ;
#3897 = CARTESIAN_POINT ( 'NONE',  ( 0.0000000000000000000, 0.0000000000000000000, 0.03515624999999998600 ) ) ;
#3898 = CARTESIAN_POINT ( 'NONE',  ( 0.06717514421272199900, 0.06717514421272201300, -0.06296875000000007300 ) ) ;
#3899 = CARTESIAN_POINT ( 'NONE',  ( 0.0000000000000000000, 0.07470252959880233100, -0.04734375000000003900 ) ) ;
#3900 = CARTESIAN_POINT ( 'NONE',  ( 9.148421376138367800E-018, -0.07470252959880233100, -0.02781250000000001800 ) ) ;
#3901 = ORIENTED_EDGE ( 'NONE', *, *, #265, .T. ) ;
#3902 = CARTESIAN_POINT ( 'NONE',  ( -0.1131009624894382800, 0.07576933842650769600, 0.1135092525227573100 ) ) ;
#3903 = CARTESIAN_POINT ( 'NONE',  ( -0.007193836779758698900, -0.1359716490585035900, 0.1130037753972357200 ) ) ;
#3904 = CARTESIAN_POINT ( 'NONE',  ( 0.01545811941714395100, 0.1545809752541321100, 0.1172529524635159700 ) ) ;
#3905 = EDGE_CURVE ( 'NONE', #3335, #796, #4415, .T. ) ;
#3906 = VERTEX_POINT ( 'NONE', #3419 ) ;
#3907 = DIRECTION ( 'NONE',  ( 0.0000000000000000000, 0.0000000000000000000, 1.000000000000000000 ) ) ;
#3908 = CARTESIAN_POINT ( 'NONE',  ( 0.0000000000000000000, 0.07470252959880234500, 0.07765624999999998200 ) ) ;
#3909 = ADVANCED_FACE ( 'NONE', ( #1294 ), #4468, .T. ) ;
#3910 = CARTESIAN_POINT ( 'NONE',  ( 0.1839860429493761200, 0.1102819595221542100, 0.05201404662460753400 ) ) ;
#3911 = EDGE_CURVE ( 'NONE', #2684, #2763, #1084, .T. ) ;
#3912 = CARTESIAN_POINT ( 'NONE',  ( 0.1028831451477416500, -0.08146081341324513900, 0.1205281597411652800 ) ) ;
#3913 = CARTESIAN_POINT ( 'NONE',  ( 0.1490369975266959400, 0.08285529307899296100, 0.1099973300733865800 ) ) ;
#3914 = CARTESIAN_POINT ( 'NONE',  ( -0.07470252959880231700, 0.03094280090340150900, -0.04148437500000003200 ) ) ;
#3915 = CARTESIAN_POINT ( 'NONE',  ( -0.05282266525110192200, 0.05282266525110190100, -0.07078125000000001800 ) ) ;
#3916 = CARTESIAN_POINT ( 'NONE',  ( -0.06717514421272199900, -0.06717514421272202700, -0.07859375000000007300 ) ) ;
#3917 = CARTESIAN_POINT ( 'NONE',  ( 0.0000000000000000000, 0.0000000000000000000, -0.1171875000000000400 ) ) ;
#3918 = LENGTH_MEASURE_WITH_UNIT ( LENGTH_MEASURE( 0.02539999999999999900 ), #2428 );
#3919 = CARTESIAN_POINT ( 'NONE',  ( -0.09499999999999995900, -0.03935028842544409400, -0.02195312500000009400 ) ) ;
#3920 = VECTOR ( 'NONE', #3696, 39.37007874015748100 ) ;
#3921 = CARTESIAN_POINT ( 'NONE',  ( 0.1230285529727946500, 0.05433491232315752800, 0.1166675590000660500 ) ) ;
#3922 = DIRECTION ( 'NONE',  ( -0.0000000000000000000, -0.0000000000000000000, 1.000000000000000000 ) ) ;
#3923 = FACE_OUTER_BOUND ( 'NONE', #4513, .T. ) ;
#3924 = CYLINDRICAL_SURFACE ( 'NONE', #2549, 0.1311905059197604800 ) ;
#3925 = CARTESIAN_POINT ( 'NONE',  ( 0.05282266525110191500, -0.05282266525110190800, -0.1528125000000000500 ) ) ;
#3926 = CARTESIAN_POINT ( 'NONE',  ( -0.07470252959880231700, -0.03094280090340153000, -0.06492187500000001800 ) ) ;
#3927 = ORIENTED_EDGE ( 'NONE', *, *, #974, .T. ) ;
#3928 = VERTEX_POINT ( 'NONE', #3503 ) ;
#3929 = FACE_OUTER_BOUND ( 'NONE', #3188, .T. ) ;
#3930 = DIRECTION ( 'NONE',  ( -0.0000000000000000000, -0.0000000000000000000, 1.000000000000000000 ) ) ;
#3931 = CARTESIAN_POINT ( 'NONE',  ( 0.1379887676827589700, 0.05881411389618622400, 0.1071874999999999900 ) ) ;
#3932 = CARTESIAN_POINT ( 'NONE',  ( 0.0000000000000000000, 0.07470252959880233100, -0.01609375000000002800 ) ) ;
#3933 = ORIENTED_EDGE ( 'NONE', *, *, #2235, .F. ) ;
#3934 = ORIENTED_EDGE ( 'NONE', *, *, #1107, .T. ) ;
#3935 = CARTESIAN_POINT ( 'NONE',  ( 0.09499999999999998700, -0.03935028842544402400, -0.1039843750000001000 ) ) ;
#3936 = EDGE_CURVE ( 'NONE', #531, #2667, #1567, .T. ) ;
#3937 =( BOUNDED_CURVE ( )  B_SPLINE_CURVE ( 2, ( #2923, #1167, #2880, #2936, #826, #1512, #3916, #428, #3970 ),
 .UNSPECIFIED., .F., .F. ) 
 B_SPLINE_CURVE_WITH_KNOTS ( ( 3, 2, 2, 2, 3 ),
 ( 0.5833333333333333700, 0.5972222222222222100, 0.6111111111111111600, 0.6250000000000000000, 0.6388888888888888400 ),
 .UNSPECIFIED. ) 
 CURVE ( )  GEOMETRIC_REPRESENTATION_ITEM ( )  RATIONAL_B_SPLINE_CURVE ( ( 1.000000000000000000, 0.9238795325112867400, 1.000000000000000000, 0.9238795325112867400, 1.000000000000000000, 0.9238795325112867400, 1.000000000000000000, 0.9238795325112867400, 1.000000000000000000 ) ) 
 REPRESENTATION_ITEM ( '' )  );
#3938 = VERTEX_POINT ( 'NONE', #2449 ) ;
#3939 = CARTESIAN_POINT ( 'NONE',  ( -0.1453124999999999800, 1.779564880010997500E-017, 0.03515624999999998600 ) ) ;
#3940 = CARTESIAN_POINT ( 'NONE',  ( 0.1236774046062696400, 0.05638819060193633900, 0.1158159005952539200 ) ) ;
#3941 = CARTESIAN_POINT ( 'NONE',  ( -0.09669145586676648800, 0.04005091238561427800, 0.06886718749999994100 ) ) ;
#3942 = CARTESIAN_POINT ( 'NONE',  ( -0.05282266525110190800, -0.05282266525110192200, -0.09812500000000001800 ) ) ;
#3943 = CARTESIAN_POINT ( 'NONE',  ( -0.04005091238561431900, 0.09669145586676648800, -0.09128906250000008700 ) ) ;
#3944 = EDGE_LOOP ( 'NONE', ( #2920, #160, #937, #376, #4048, #3145 ) ) ;
#3945 = AXIS2_PLACEMENT_3D ( 'NONE', #327, #4136, #4187 ) ;
#3946 = ORIENTED_EDGE ( 'NONE', *, *, #1236, .T. ) ;
#3947 = CARTESIAN_POINT ( 'NONE',  ( -0.003600880789488931600, -0.1361901081359710200, 0.1121890290118051500 ) ) ;
#3948 = CARTESIAN_POINT ( 'NONE',  ( -0.01534639188758335000, 0.1489088351982714400, 0.1171875000000001700 ) ) ;
#3949 = CARTESIAN_POINT ( 'NONE',  ( 0.03935028842544405200, -0.09499999999999998700, -0.1078906250000000500 ) ) ;
#3950 = ORIENTED_EDGE ( 'NONE', *, *, #2450, .F. ) ;
#3951 = DIRECTION ( 'NONE',  ( 1.000000000000000000, 0.0000000000000000000, 0.0000000000000000000 ) ) ;
#3952 = CARTESIAN_POINT ( 'NONE',  ( -0.09499999999999998700, -1.745121688784978200E-017, -0.02000000000000008000 ) ) ;
#3953 = CARTESIAN_POINT ( 'NONE',  ( -0.1400345798056393300, 0.09259083186754125900, 0.1119306710288929000 ) ) ;
#3954 = ORIENTED_EDGE ( 'NONE', *, *, #753, .F. ) ;
#3955 = CARTESIAN_POINT ( 'NONE',  ( 0.1224562857454438200, -0.08571716177926166900, 0.1158159005952539200 ) ) ;
#3956 = CARTESIAN_POINT ( 'NONE',  ( 0.09669145586676650100, 5.920644096606658200E-018, -0.007304687500000057700 ) ) ;
#3957 = DIRECTION ( 'NONE',  ( 1.000000000000000000, 0.0000000000000000000, 0.0000000000000000000 ) ) ;
#3958 = DIRECTION ( 'NONE',  ( 0.0000000000000000000, 0.0000000000000000000, 1.000000000000000000 ) ) ;
#3959 = DIRECTION ( 'NONE',  ( -0.4999999999999977200, -0.8660254037844399300, 0.0000000000000000000 ) ) ;
#3960 = EDGE_CURVE ( 'NONE', #2614, #1805, #3687, .T. ) ;
#3961 = CARTESIAN_POINT ( 'NONE',  ( -0.09499999999999998700, -1.745121688784978200E-017, 0.007343749999999912800 ) ) ;
#3962 = CARTESIAN_POINT ( 'NONE',  ( 0.01300509676842051900, -0.1489088351982715000, 0.1158159005952539200 ) ) ;
#3963 = DIRECTION ( 'NONE',  ( 0.5000000000000050000, -0.8660254037844357100, 0.0000000000000000000 ) ) ;
#3964 = EDGE_CURVE ( 'NONE', #1061, #4327, #3318, .T. ) ;
#3965 = DIRECTION ( 'NONE',  ( -1.000000000000000000, 0.0000000000000000000, 0.0000000000000000000 ) ) ;
#3966 = CARTESIAN_POINT ( 'NONE',  ( 0.09669145586676650100, 0.04005091238561426400, 0.1196484374999999300 ) ) ;
#3967 = CARTESIAN_POINT ( 'NONE',  ( 0.07470252959880231700, -0.03094280090340148500, -0.1196093750000000600 ) ) ;
#3968 = CARTESIAN_POINT ( 'NONE',  ( -0.09669145586676650100, -1.776193228981997500E-017, -0.05417968750000005200 ) ) ;
#3969 = LINE ( 'NONE', #1886, #704 ) ;
#3970 = CARTESIAN_POINT ( 'NONE',  ( -0.09499999999999998700, -1.745121688784978200E-017, -0.08250000000000005900 ) ) ;
#3971 = CARTESIAN_POINT ( 'NONE',  ( 0.09499999999999998700, -0.03935028842544402400, -0.03757812500000007300 ) ) ;
#3972 = CARTESIAN_POINT ( 'NONE',  ( 0.1839860429493761200, 0.1102819595221542100, -0.1171875000000000300 ) ) ;
#3973 = DIRECTION ( 'NONE',  ( -0.0000000000000000000, -0.0000000000000000000, 1.000000000000000000 ) ) ;
#3974 = FACE_OUTER_BOUND ( 'NONE', #2201, .T. ) ;
#3975 = CARTESIAN_POINT ( 'NONE',  ( 0.05282266525110191500, -0.05282266525110190800, 0.003437499999999971800 ) ) ;
#3976 = LINE ( 'NONE', #3514, #3326 ) ;
#3977 = FACE_BOUND ( 'NONE', #737, .T. ) ;
#3978 = CARTESIAN_POINT ( 'NONE',  ( -0.1028692145932424600, 0.08147000161664617900, 0.1141936207942611100 ) ) ;
#3979 = CARTESIAN_POINT ( 'NONE',  ( -0.06837118412619036500, -0.06837118412619039300, 0.04347656249999993400 ) ) ;
#3980 = ORIENTED_EDGE ( 'NONE', *, *, #3716, .T. ) ;
#3981 = EDGE_LOOP ( 'NONE', ( #2364, #487, #3089, #3196 ) ) ;
#3982 = CARTESIAN_POINT ( 'NONE',  ( 0.05282266525110190800, 0.05282266525110191500, -0.1137500000000000300 ) ) ;
#3983 = CARTESIAN_POINT ( 'NONE',  ( 0.04005091238561425700, 0.09669145586676650100, -0.06394531250000007300 ) ) ;
#3984 = CARTESIAN_POINT ( 'NONE',  ( 0.06815152239425041600, -0.03749380810795336500, 0.008712093680378363600 ) ) ;
#3985 = AXIS2_PLACEMENT_3D ( 'NONE', #3492, #705, #2786 ) ;
#3986 = ORIENTED_EDGE ( 'NONE', *, *, #2119, .F. ) ;
#3987 = DIRECTION ( 'NONE',  ( -0.0000000000000000000, -0.0000000000000000000, 1.000000000000000000 ) ) ;
#3988 = EDGE_CURVE ( 'NONE', #605, #715, #2452, .T. ) ;
#3989 = CARTESIAN_POINT ( 'NONE',  ( 0.1235267224381005800, 0.05630119421157946100, 0.1158159005952551200 ) ) ;
#3990 = CARTESIAN_POINT ( 'NONE',  ( 0.06717514421272201300, -0.06717514421272199900, -0.1059375000000000700 ) ) ;
#3991 = ORIENTED_EDGE ( 'NONE', *, *, #1803, .F. ) ;
#3992 = EDGE_CURVE ( 'NONE', #1256, #542, #322, .T. ) ;
#3993 = CARTESIAN_POINT ( 'NONE',  ( 0.03094280090340150900, -0.07470252959880233100, -0.02976562500000002500 ) ) ;
#3994 = CARTESIAN_POINT ( 'NONE',  ( 0.09499999999999998700, 5.817072295949927900E-018, -0.09812500000000008700 ) ) ;
#3995 = DIRECTION ( 'NONE',  ( -1.000000000000000000, 0.0000000000000000000, -0.0000000000000000000 ) ) ;
#3996 = ORIENTED_EDGE ( 'NONE', *, *, #1850, .F. ) ;
#3997 = CARTESIAN_POINT ( 'NONE',  ( 0.1874999999999997800, -2.296212749086256300E-017, -0.1144811706131738000 ) ) ;
#3998 = CARTESIAN_POINT ( 'NONE',  ( 0.09669145586676650100, 5.920644096606658200E-018, 0.08644531249999992700 ) ) ;
#3999 = AXIS2_PLACEMENT_3D ( 'NONE', #1089, #2498, #2875 ) ;
#4000 = DIRECTION ( 'NONE',  ( -0.0000000000000000000, -0.0000000000000000000, -1.000000000000000000 ) ) ;
#4001 = CARTESIAN_POINT ( 'NONE',  ( 0.04005091238561425700, 0.09669145586676650100, -0.03269531250000005900 ) ) ;
#4002 = ORIENTED_EDGE ( 'NONE', *, *, #4298, .T. ) ;
#4003 = B_SPLINE_CURVE_WITH_KNOTS ( 'NONE', 3,
 ( #2628, #4392, #853, #2262, #2971, #867 ),
 .UNSPECIFIED., .F., .F.,
 ( 4, 2, 4 ),
 ( 4.670885906470169200E-018, 0.0003468749959746237900, 0.0006937499919492429200 ),
 .UNSPECIFIED. ) ;
#4004 = ORIENTED_EDGE ( 'NONE', *, *, #829, .F. ) ;
#4005 = AXIS2_PLACEMENT_3D ( 'NONE', #3895, #1438, #2823 ) ;
#4006 = CARTESIAN_POINT ( 'NONE',  ( 1.163414459189985600E-017, -0.09499999999999998700, -0.04343750000000008000 ) ) ;
#4007 = CARTESIAN_POINT ( 'NONE',  ( -0.05282266525110192200, 0.05282266525110190100, -0.04343750000000002500 ) ) ;
#4008 = EDGE_LOOP ( 'NONE', ( #4317, #4002, #3927, #3073, #3980, #1274, #4282, #2290, #2368, #3000, #218, #8, #4547, #2357, #3440, #3086 ) ) ;
#4009 = B_SPLINE_CURVE_WITH_KNOTS ( 'NONE', 3,
 ( #3595, #2565, #1851, #1866, #1548, #1184 ),
 .UNSPECIFIED., .F., .F.,
 ( 4, 2, 4 ),
 ( 0.01825010389679832300, 0.01958797300467633400, 0.02092584211255434400 ),
 .UNSPECIFIED. ) ;
#4010 = CARTESIAN_POINT ( 'NONE',  ( 0.01544382476600258100, -0.08713653467437780500, 0.02377718934132338700 ) ) ;
#4011 = CARTESIAN_POINT ( 'NONE',  ( -0.07470252959880234500, -1.372263206420755300E-017, -0.03953125000000002500 ) ) ;
#4012 = ORIENTED_EDGE ( 'NONE', *, *, #918, .F. ) ;
#4013 = CARTESIAN_POINT ( 'NONE',  ( 0.1453124999999999800, 1.779564880010997200E-017, 0.03515624999999998600 ) ) ;
#4014 = CARTESIAN_POINT ( 'NONE',  ( -0.1406554113751020700, 0.08488787248514891000, 0.1121860883707626900 ) ) ;
#4015 = CARTESIAN_POINT ( 'NONE',  ( 0.1453286795930760500, -0.08929081903916825900, 0.1099928581077389000 ) ) ;
#4016 = CARTESIAN_POINT ( 'NONE',  ( 0.07470252959880233100, 4.574210688069183900E-018, 0.07374999999999998200 ) ) ;
#4017 = DIRECTION ( 'NONE',  ( -0.4999999999999996100, -0.8660254037844389300, 0.0000000000000000000 ) ) ;
#4018 = EDGE_CURVE ( 'NONE', #2031, #3061, #4530, .T. ) ;
#4019 = CARTESIAN_POINT ( 'NONE',  ( 0.09179659799384622100, -0.01153218374980144600, 0.02781018619599934600 ) ) ;
#4020 = CARTESIAN_POINT ( 'NONE',  ( -0.07470252959880234500, -1.372263206420755300E-017, -0.1332812500000000500 ) ) ;
#4021 = LOCAL_TIME ( 9, 53, 13.00000000000000000, #2169 ) ;
#4022 = CARTESIAN_POINT ( 'NONE',  ( 0.005836105625108273600, -0.07463497918378009200, -0.09220252959880248500 ) ) ;
#4023 = DIRECTION ( 'NONE',  ( 1.000000000000000000, 0.0000000000000000000, -0.0000000000000000000 ) ) ;
#4024 = LINE ( 'NONE', #50, #578 ) ;
#4025 = DIRECTION ( 'NONE',  ( -0.8660254037844397100, 0.4999999999999979500, -0.0000000000000000000 ) ) ;
#4026 = CARTESIAN_POINT ( 'NONE',  ( 0.1105216256696792800, -0.07882668257183483900, 0.1158159005952551100 ) ) ;
#4027 = CARTESIAN_POINT ( 'NONE',  ( 0.05282266525110190800, 0.05282266525110191500, 0.04640624999999998900 ) ) ;
#4028 = CARTESIAN_POINT ( 'NONE',  ( -0.1092603743161044000, 0.07271484897839507200, 0.1081770489704287600 ) ) ;
#4029 = CYLINDRICAL_SURFACE ( 'NONE', #1488, 0.1453124999999999800 ) ;
#4030 = VECTOR ( 'NONE', #2505, 39.37007874015748100 ) ;
#4031 = B_SPLINE_CURVE_WITH_KNOTS ( 'NONE', 3,
 ( #4110, #1692, #4515, #2075, #1657, #4528, #295, #2776, #656, #4126, #3097, #4462, #3471, #3455, #3080, #2367, #995, #1709, #676, #264, #4142, #957 ),
 .UNSPECIFIED., .F., .F.,
 ( 4, 2, 2, 2, 2, 2, 2, 2, 2, 2, 4 ),
 ( 0.01002655882298073400, 0.01067013170581331500, 0.01131370458864589700, 0.01195727747147847800, 0.01227906391289477000, 0.01260085035431106000, 0.01292263679572735200, 0.01324442323714364100, 0.01388799611997622500, 0.01453156900280880600, 0.01517514188564138800 ),
 .UNSPECIFIED. ) ;
#4032 = CARTESIAN_POINT ( 'NONE',  ( 0.01417491679958198000, -0.09211917467702206200, -0.1103507269999146500 ) ) ;
#4033 = CARTESIAN_POINT ( 'NONE',  ( 0.1193312039955179100, 0.06356804531822471400, 0.1109001848861595200 ) ) ;
#4034 = ORIENTED_EDGE ( 'NONE', *, *, #89, .F. ) ;
#4035 = ORIENTED_EDGE ( 'NONE', *, *, #1776, .T. ) ;
#4036 = CARTESIAN_POINT ( 'NONE',  ( -0.1490369975266964700, -0.08285529307899189300, 0.1099973300733865500 ) ) ;
#4037 = VECTOR ( 'NONE', #375, 39.37007874015748900 ) ;
#4038 = CARTESIAN_POINT ( 'NONE',  ( 0.07470252959880233100, -0.03094280090340148900, -0.1508593749999999900 ) ) ;
#4039 = DIRECTION ( 'NONE',  ( 0.0000000000000000000, 0.0000000000000000000, 1.000000000000000000 ) ) ;
#4040 = ORIENTED_EDGE ( 'NONE', *, *, #4378, .T. ) ;
#4041 = CARTESIAN_POINT ( 'NONE',  ( -0.1453286795930715200, 0.08929081903916945300, 0.1099928581077416100 ) ) ;
#4042 = CARTESIAN_POINT ( 'NONE',  ( 0.1147171441122618000, -0.07155983146518950200, 0.1109001848861595200 ) ) ;
#4043 = CARTESIAN_POINT ( 'NONE',  ( -0.07470252959880233100, -1.372263206420755200E-017, 0.05812499999999998900 ) ) ;
#4044 = VERTEX_POINT ( 'NONE', #692 ) ;
#4045 = CARTESIAN_POINT ( 'NONE',  ( -0.1875000000000003900, -2.296212749056363400E-017, 0.06760617061317338000 ) ) ;
#4046 = AXIS2_PLACEMENT_3D ( 'NONE', #4072, #564, #3323 ) ;
#4047 =( BOUNDED_CURVE ( )  B_SPLINE_CURVE ( 2, ( #2388, #3772, #4068, #3046, #1662, #4098, #2746, #642, #948 ),
 .UNSPECIFIED., .F., .T. ) 
 B_SPLINE_CURVE_WITH_KNOTS ( ( 3, 2, 2, 2, 3 ),
 ( 0.5277777777777776800, 0.5416666666666666300, 0.5555555555555555800, 0.5694444444444444200, 0.5833333333333332600 ),
 .UNSPECIFIED. ) 
 CURVE ( )  GEOMETRIC_REPRESENTATION_ITEM ( )  RATIONAL_B_SPLINE_CURVE ( ( 1.000000000000000000, 0.9238795325112867400, 1.000000000000000000, 0.9238795325112867400, 1.000000000000000000, 0.9238795325112867400, 1.000000000000000000, 0.9238795325112867400, 1.000000000000000000 ) ) 
 REPRESENTATION_ITEM ( '' )  );
#4048 = ORIENTED_EDGE ( 'NONE', *, *, #3719, .F. ) ;
#4049 = CARTESIAN_POINT ( 'NONE',  ( -0.03094280090340154100, 0.07470252959880233100, -0.04539062500000001100 ) ) ;
#4050 = CARTESIAN_POINT ( 'NONE',  ( 0.07409359096071335700, -0.05362438354266210700, 0.02619820234102522600 ) ) ;
#4051 = EDGE_CURVE ( 'NONE', #2463, #1623, #608, .T. ) ;
#4052 = ORIENTED_EDGE ( 'NONE', *, *, #4270, .F. ) ;
#4053 = CARTESIAN_POINT ( 'NONE',  ( -0.03094280090340147800, -0.07470252959880234500, -0.06492187500000001800 ) ) ;
#4054 = DIRECTION ( 'NONE',  ( 1.000000000000000000, 0.0000000000000000000, 0.0000000000000000000 ) ) ;
#4055 = CARTESIAN_POINT ( 'NONE',  ( -0.1311905059197604800, 1.606620331531565600E-017, 0.1171874999999999900 ) ) ;
#4056 = CARTESIAN_POINT ( 'NONE',  ( -0.1508024080558530700, 0.07627180276151177000, 0.1114421064077444900 ) ) ;
#4057 = CARTESIAN_POINT ( 'NONE',  ( 0.1438427597329063900, 0.07936722318802041900, 0.1121860883707626900 ) ) ;
#4058 = AXIS2_PLACEMENT_3D ( 'NONE', #970, #4384, #891 ) ;
#4059 = ORIENTED_EDGE ( 'NONE', *, *, #3877, .T. ) ;
#4060 = CARTESIAN_POINT ( 'NONE',  ( 0.1354613825138643000, -0.06319167341900729100, 0.1158159005952540700 ) ) ;
#4061 = CARTESIAN_POINT ( 'NONE',  ( 0.04005091238561427100, -0.09669145586676650100, -0.1381640625000000700 ) ) ;
#4062 = CARTESIAN_POINT ( 'NONE',  ( 0.1230028021661930500, -0.04562082312658418500, 0.1171874999999999900 ) ) ;
#4063 = ORIENTED_EDGE ( 'NONE', *, *, #4403, .F. ) ;
#4064 = PLANE ( 'NONE',  #3798 ) ;
#4065 = B_SPLINE_CURVE_WITH_KNOTS ( 'NONE', 3,
 ( #660, #2423, #3218, #2544, #3562, #395, #1090, #3575, #3533, #2499, #1441, #1465, #2187, #745 ),
 .UNSPECIFIED., .F., .F.,
 ( 4, 2, 2, 2, 2, 2, 4 ),
 ( 9.697399036122160600E-019, 0.0002879901036252537400, 0.0004319851554378793300, 0.0005759802072505049800, 0.0007199752590631305200, 0.0008639703108757568200, 0.001151960414501009300 ),
 .UNSPECIFIED. ) ;
#4066 = CC_DESIGN_APPROVAL ( #2874, ( #682 ) ) ;
#4067 = CARTESIAN_POINT ( 'NONE',  ( -0.06717514421272202700, 0.06717514421272199900, -0.05906250000000008700 ) ) ;
#4068 = CARTESIAN_POINT ( 'NONE',  ( -0.06717514421272199900, -0.06717514421272202700, 0.01124999999999992700 ) ) ;
#4069 = CARTESIAN_POINT ( 'NONE',  ( 0.08061462512203769500, -0.04405203719733268700, 0.02660433028596077500 ) ) ;
#4070 = CARTESIAN_POINT ( 'NONE',  ( -0.03094280090340154700, 0.07470252959880231700, -0.1078906250000000300 ) ) ;
#4071 = CARTESIAN_POINT ( 'NONE',  ( -0.1489417814694563600, -0.07097458538480196100, 0.1158159005952551500 ) ) ;
#4072 = CARTESIAN_POINT ( 'NONE',  ( -0.1875000000000003900, -0.1082531754730539500, 0.07031249999999995800 ) ) ;
#4073 = CARTESIAN_POINT ( 'NONE',  ( 0.003881825481311464800, -0.1677568360438793900, 0.1121895097622229600 ) ) ;
#4074 = CARTESIAN_POINT ( 'NONE',  ( -0.1225075138052394800, -0.04695621894173650900, 0.1171874999999999900 ) ) ;
#4075 = CARTESIAN_POINT ( 'NONE',  ( 0.04005091238561425700, 0.09669145586676650100, -0.09519531250000008700 ) ) ;
#4076 = CARTESIAN_POINT ( 'NONE',  ( -0.1219882591439286500, 0.04837013145234984200, 0.1205269787769580500 ) ) ;
#4077 = ADVANCED_FACE ( 'NONE', ( #2660 ), #1451, .F. ) ;
#4078 = CARTESIAN_POINT ( 'NONE',  ( -0.01826052929210835900, 0.1543932397035112600, 0.1171874999999999900 ) ) ;
#4079 = EDGE_CURVE ( 'NONE', #1591, #4044, #2836, .T. ) ;
#4080 = CARTESIAN_POINT ( 'NONE',  ( 0.1839860429493761200, 0.1102819595221542100, 0.05201404662460753400 ) ) ;
#4081 = CARTESIAN_POINT ( 'NONE',  ( 0.05282266525110191500, -0.05282266525110190800, -0.08640625000000000400 ) ) ;
#4082 = CARTESIAN_POINT ( 'NONE',  ( -0.07470252959880231700, -0.03094280090340153700, -0.06882812500000003200 ) ) ;
#4083 = FACE_OUTER_BOUND ( 'NONE', #4209, .T. ) ;
#4084 = CARTESIAN_POINT ( 'NONE',  ( 0.004614059883257492500, 0.1644746591298604000, 0.1109001848861595500 ) ) ;
#4085 = B_SPLINE_CURVE_WITH_KNOTS ( 'NONE', 3,
 ( #4145, #2778, #2403, #4164, #4502, #1026, #678, #314 ),
 .UNSPECIFIED., .F., .F.,
 ( 4, 2, 2, 4 ),
 ( 0.01287074324025959600, 0.01344886390484333900, 0.01402698456942708500, 0.01518322589859457200 ),
 .UNSPECIFIED. ) ;
#4086 = CARTESIAN_POINT ( 'NONE',  ( -0.1447462630268730200, 0.07824143649144826900, 0.1109001848861591700 ) ) ;
#4087 = LINE ( 'NONE', #2917, #478 ) ;
#4088 = CARTESIAN_POINT ( 'NONE',  ( -0.1839860429493775400, -0.1102819595221518900, -0.09888904662460761000 ) ) ;
#4089 = CIRCLE ( 'NONE', #1831, 0.1311905059197604800 ) ;
#4090 = CARTESIAN_POINT ( 'NONE',  ( 0.07470252959880231700, -0.03094280090340148500, -0.02195312500000001400 ) ) ;
#4091 = AXIS2_PLACEMENT_3D ( 'NONE', #3349, #232, #3332 ) ;
#4092 = DIRECTION ( 'NONE',  ( 1.000000000000000000, 0.0000000000000000000, 0.0000000000000000000 ) ) ;
#4093 = CARTESIAN_POINT ( 'NONE',  ( -0.05282266525110192200, 0.05282266525110190100, -0.008281250000000017800 ) ) ;
#4094 = VERTEX_POINT ( 'NONE', #1496 ) ;
#4095 = B_SPLINE_CURVE_WITH_KNOTS ( 'NONE', 3,
 ( #2993, #3732, #3746, #4460 ),
 .UNSPECIFIED., .F., .F.,
 ( 4, 4 ),
 ( 0.0000000000000000000, 0.0001070442058933049700 ),
 .UNSPECIFIED. ) ;
#4096 = ORIENTED_EDGE ( 'NONE', *, *, #12, .T. ) ;
#4097 = CARTESIAN_POINT ( 'NONE',  ( -0.1839860429493769000, 0.1102819595221528100, -0.1171875000000000300 ) ) ;
#4098 = CARTESIAN_POINT ( 'NONE',  ( 0.03935028842544405200, -0.09499999999999998700, 0.01710937499999991600 ) ) ;
#4099 = CARTESIAN_POINT ( 'NONE',  ( 0.0000000000000000000, 0.0000000000000000000, 0.0000000000000000000 ) ) ;
#4100 = EDGE_LOOP ( 'NONE', ( #2090, #2673, #208, #3986, #4486, #3327 ) ) ;
#4101 = CARTESIAN_POINT ( 'NONE',  ( 0.06837118412619036500, 0.06837118412619037900, -0.001445312500000105200 ) ) ;
#4102 = CARTESIAN_POINT ( 'NONE',  ( -0.1255501181466720200, -0.09362026211049326300, 0.1171875000000001400 ) ) ;
#4103 = ADVANCED_FACE ( 'NONE', ( #363 ), #3245, .F. ) ;
#4104 = VERTEX_POINT ( 'NONE', #797 ) ;
#4105 = CARTESIAN_POINT ( 'NONE',  ( 0.01617190229632553500, -0.1613188940585084900, 0.1151286817615875400 ) ) ;
#4106 = CARTESIAN_POINT ( 'NONE',  ( -0.09968749999999998400, 0.0000000000000000000, -0.1171875000000000300 ) ) ;
#4107 = CARTESIAN_POINT ( 'NONE',  ( 0.1224562857454438900, -0.08571716177926171100, 0.1158159005952539200 ) ) ;
#4108 = CARTESIAN_POINT ( 'NONE',  ( 0.0000000000000000000, 0.07470252959880233100, -0.04343750000000002500 ) ) ;
#4109 = ORIENTED_EDGE ( 'NONE', *, *, #3784, .T. ) ;
#4110 = CARTESIAN_POINT ( 'NONE',  ( -0.08281580072898187000, 8.598184865700696600E-015, 0.01828455072898186500 ) ) ;
#4111 = EDGE_CURVE ( 'NONE', #3228, #4499, #4391, .T. ) ;
#4112 = CARTESIAN_POINT ( 'NONE',  ( -0.09669145586676648800, -0.04005091238561431200, -0.1440234375000001300 ) ) ;
#4113 = CARTESIAN_POINT ( 'NONE',  ( -0.005436300745810438400, 0.1698824011214372900, 0.1104559133921427000 ) ) ;
#4114 = ORIENTED_EDGE ( 'NONE', *, *, #3686, .F. ) ;
#4115 = CARTESIAN_POINT ( 'NONE',  ( -0.1028838921940919800, -0.08145986565590679400, 0.1205269787769579100 ) ) ;
#4116 = EDGE_CURVE ( 'NONE', #4216, #429, #1671, .T. ) ;
#4117 = CARTESIAN_POINT ( 'NONE',  ( 0.09669145586676650100, 0.04005091238561426400, -0.003398437500000095000 ) ) ;
#4118 = VERTEX_POINT ( 'NONE', #3939 ) ;
#4119 = CARTESIAN_POINT ( 'NONE',  ( -0.1379887676827593300, -0.05881411389618522400, 0.1171874999999999900 ) ) ;
#4120 = CARTESIAN_POINT ( 'NONE',  ( 0.07142381475078823900, 0.06263895502357205700, 0.03046874999999996100 ) ) ;
#4121 = CARTESIAN_POINT ( 'NONE',  ( -0.06279507153078298100, -0.06296406192163976600, -0.1062180411170461200 ) ) ;
#4122 = CARTESIAN_POINT ( 'NONE',  ( 0.1874999999999997800, 0.08733054496715170200, -0.1036187791447369700 ) ) ;
#4123 = AXIS2_PLACEMENT_3D ( 'NONE', #116, #3973, #1874 ) ;
#4124 = ORIENTED_EDGE ( 'NONE', *, *, #1988, .F. ) ;
#4125 = CARTESIAN_POINT ( 'NONE',  ( -0.05282266525110190800, -0.05282266525110192200, 0.03078124999999998200 ) ) ;
#4126 = CARTESIAN_POINT ( 'NONE',  ( -0.03258846891472384800, 0.07230907702112357400, 0.01466976018666537100 ) ) ;
#4127 = CARTESIAN_POINT ( 'NONE',  ( -0.01805986710621248000, 0.1492351103596018800, 0.1171874999999999900 ) ) ;
#4128 = CARTESIAN_POINT ( 'NONE',  ( -0.04005091238561431900, 0.09669145586676648800, -0.1518359375000001000 ) ) ;
#4129 = B_SPLINE_CURVE_WITH_KNOTS ( 'NONE', 3,
 ( #2852, #440, #4228, #3880, #759, #798, #4259, #3913, #2530, #3520, #2120, #1427, #29, #422 ),
 .UNSPECIFIED., .F., .F.,
 ( 4, 2, 2, 2, 2, 2, 4 ),
 ( 2.909219710836648200E-018, 0.0004148818386480315300, 0.0006223227579720456100, 0.0008297636772960598000, 0.001037204596620073800, 0.001244645515944087800, 0.001659527354592116100 ),
 .UNSPECIFIED. ) ;
#4130 = ADVANCED_FACE ( 'NONE', ( #1732 ), #805, .T. ) ;
#4131 = CARTESIAN_POINT ( 'NONE',  ( 0.05282266525110191500, -0.05282266525110190800, 0.09718749999999998200 ) ) ;
#4132 = CARTESIAN_POINT ( 'NONE',  ( 0.1218862592758479200, 0.04951732633282768900, 0.1171874999999999900 ) ) ;
#4133 = CARTESIAN_POINT ( 'NONE',  ( 0.06837118412619037900, -0.06837118412619036500, -0.009257812500000099300 ) ) ;
#4134 = CARTESIAN_POINT ( 'NONE',  ( -0.1437379548970086400, 0.07858248496282987900, 0.1124295486467742500 ) ) ;
#4135 = CARTESIAN_POINT ( 'NONE',  ( -0.1199289005765473000, 0.09009472130208645600, 0.1171874999999999900 ) ) ;
#4136 = DIRECTION ( 'NONE',  ( -0.0000000000000000000, -0.0000000000000000000, 1.000000000000000000 ) ) ;
#4137 = CARTESIAN_POINT ( 'NONE',  ( -0.01805986710621260100, -0.1489088351982713300, 0.1171875000000000000 ) ) ;
#4138 = CARTESIAN_POINT ( 'NONE',  ( -0.1401322031436167400, 0.08623322263841357000, 0.1109001848861595300 ) ) ;
#4139 = CALENDAR_DATE ( 2024, 13, 3 ) ;
#4140 = EDGE_CURVE ( 'NONE', #1542, #2763, #907, .T. ) ;
#4141 = CARTESIAN_POINT ( 'NONE',  ( -0.07470252959880233100, -1.372263206420755200E-017, 0.02687499999999998600 ) ) ;
#4142 = CARTESIAN_POINT ( 'NONE',  ( 0.05883542093747991900, 0.04739532667144501900, 0.01053560823039093400 ) ) ;
#4143 = EDGE_CURVE ( 'NONE', #2893, #2534, #4198, .T. ) ;
#4144 = CARTESIAN_POINT ( 'NONE',  ( 9.148421376138367800E-018, -0.07470252959880233100, -0.02781250000000001800 ) ) ;
#4145 = CARTESIAN_POINT ( 'NONE',  ( -0.07845722538004092100, 1.070395669399725200E-012, -0.09595722538004107500 ) ) ;
#4146 = FACE_OUTER_BOUND ( 'NONE', #144, .T. ) ;
#4147 = DIRECTION ( 'NONE',  ( 0.7071067811865486800, 0.0000000000000000000, 0.7071067811865462400 ) ) ;
#4148 = CARTESIAN_POINT ( 'NONE',  ( 0.03094280090340150600, -0.07470252959880231700, -0.1196093750000000000 ) ) ;
#4149 = EDGE_CURVE ( 'NONE', #542, #2129, #463, .T. ) ;
#4150 = CARTESIAN_POINT ( 'NONE',  ( 0.1240268658734574900, 0.05567122656507456800, 0.1160197881099999900 ) ) ;
#4151 = VECTOR ( 'NONE', #4252, 39.37007874015748100 ) ;
#4152 = CARTESIAN_POINT ( 'NONE',  ( -0.06837118412619039300, 0.06837118412619036500, -0.02488281250000010100 ) ) ;
#4153 = AXIS2_PLACEMENT_3D ( 'NONE', #952, #967, #1311 ) ;
#4154 = CARTESIAN_POINT ( 'NONE',  ( -0.1224562857454427100, -0.08571716177926341800, 0.1158159005952540700 ) ) ;
#4155 = ORIENTED_EDGE ( 'NONE', *, *, #3960, .T. ) ;
#4156 = CARTESIAN_POINT ( 'NONE',  ( -0.05260275759495115800, -0.06973359494930421500, -0.1046379428754459600 ) ) ;
#4157 = ADVANCED_FACE ( 'NONE', ( #2222, #3047 ), #405, .F. ) ;
#4158 = EDGE_LOOP ( 'NONE', ( #3387, #2584, #2072, #2198 ) ) ;
#4159 = CIRCLE ( 'NONE', #3069, 0.1499999999999999900 ) ;
#4160 = CARTESIAN_POINT ( 'NONE',  ( 0.09499999999999998700, 5.817072295949927900E-018, -0.03953125000000008700 ) ) ;
#4161 = CARTESIAN_POINT ( 'NONE',  ( -0.1202114631548811500, -0.09025785888275146600, 0.1171874999999999900 ) ) ;
#4162 = CARTESIAN_POINT ( 'NONE',  ( 0.0000000000000000000, 0.07470252959880233100, -0.07468750000000000400 ) ) ;
#4163 = ORIENTED_EDGE ( 'NONE', *, *, #1506, .F. ) ;
#4164 = CARTESIAN_POINT ( 'NONE',  ( -0.07177541221270573900, -0.02951302065978880100, -0.09472871037698532600 ) ) ;
#4165 = DIRECTION ( 'NONE',  ( 1.000000000000000000, 0.0000000000000000000, 0.0000000000000000000 ) ) ;
#4166 = ORIENTED_EDGE ( 'NONE', *, *, #300, .F. ) ;
#4167 = CARTESIAN_POINT ( 'NONE',  ( 0.05282266525110190800, 0.05282266525110191500, 0.07374999999999996800 ) ) ;
#4168 = CARTESIAN_POINT ( 'NONE',  ( -0.05282266525110192200, 0.05282266525110190100, 0.05421874999999998200 ) ) ;
#4169 = APPROVAL_ROLE ( '' ) ;
#4170 = VERTEX_POINT ( 'NONE', #65 ) ;
#4171 = CARTESIAN_POINT ( 'NONE',  ( 0.06837118412619037900, -0.06837118412619036500, 0.02199218749999990200 ) ) ;
#4172 = CARTESIAN_POINT ( 'NONE',  ( -0.09499999999999998700, -1.745121688784978200E-017, 0.01124999999999992800 ) ) ;
#4173 = CARTESIAN_POINT ( 'NONE',  ( 0.03094280090340150200, 0.07470252959880233100, 0.1069531249999999700 ) ) ;
#4174 = VERTEX_POINT ( 'NONE', #740 ) ;
#4175 = CARTESIAN_POINT ( 'NONE',  ( -0.03094280090340147100, -0.07470252959880234500, -0.1235156250000000200 ) ) ;
#4176 = EDGE_CURVE ( 'NONE', #3827, #1113, #1183, .T. ) ;
#4177 = ORIENTED_EDGE ( 'NONE', *, *, #69, .F. ) ;
#4178 = CARTESIAN_POINT ( 'NONE',  ( 0.1219882591439289300, -0.04837013145234900200, 0.1205269787769581200 ) ) ;
#4179 = CARTESIAN_POINT ( 'NONE',  ( -0.05901578179254239600, 0.05551577157217510400, -0.09834045569160869400 ) ) ;
#4180 = CARTESIAN_POINT ( 'NONE',  ( 0.03094280090340148900, 0.07470252959880231700, -0.1078906250000000300 ) ) ;
#4181 = CARTESIAN_POINT ( 'NONE',  ( 0.0000000000000000000, 0.07470252959880233100, 0.05031249999999998200 ) ) ;
#4182 = EDGE_LOOP ( 'NONE', ( #1749, #2412, #4417, #3459 ) ) ;
#4183 = DATE_TIME_ROLE ( 'classification_date' ) ;
#4184 = CARTESIAN_POINT ( 'NONE',  ( -0.04005091238561424300, -0.09669145586676651500, -0.04636718750000008700 ) ) ;
#4185 = CARTESIAN_POINT ( 'NONE',  ( -0.1030193936612688300, 0.08172044312968047800, 0.1171874999999999900 ) ) ;
#4186 = CARTESIAN_POINT ( 'NONE',  ( 6.488138984952624900E-016, 0.2165063509461100700, 0.07031249999999995800 ) ) ;
#4187 = DIRECTION ( 'NONE',  ( 1.000000000000000000, 0.0000000000000000000, 0.0000000000000000000 ) ) ;
#4188 = CARTESIAN_POINT ( 'NONE',  ( 0.01641896977173810300, 0.1302191864788518900, 0.1178714458917603400 ) ) ;
#4189 = AXIS2_PLACEMENT_3D ( 'NONE', #1685, #688, #277 ) ;
#4190 = CARTESIAN_POINT ( 'NONE',  ( 0.03094280090340150600, -0.07470252959880231700, -0.1508593749999999900 ) ) ;
#4191 = CARTESIAN_POINT ( 'NONE',  ( -0.07845722538004092100, 1.070395669399725200E-012, -0.09595722538004107500 ) ) ;
#4192 = CARTESIAN_POINT ( 'NONE',  ( -0.03094280090340154100, 0.07470252959880231700, -0.1352343750000000500 ) ) ;
#4193 = CARTESIAN_POINT ( 'NONE',  ( 0.07470252959880231700, 0.03094280090340150200, 0.1069531249999999800 ) ) ;
#4194 = LINE ( 'NONE', #1546, #3261 ) ;
#4195 = APPROVAL_STATUS ( 'not_yet_approved' ) ;
#4196 = UNCERTAINTY_MEASURE_WITH_UNIT (LENGTH_MEASURE( 1.000000000000000100E-005 ), #3859, 'distance_accuracy_value', 'NONE');
#4197 = CARTESIAN_POINT ( 'NONE',  ( 0.06837118412619037900, -0.06837118412619036500, -0.07175781250000011500 ) ) ;
#4198 = CIRCLE ( 'NONE', #344, 0.1828125000000000200 ) ;
#4199 = DIRECTION ( 'NONE',  ( 1.000000000000000000, -6.306066779870890400E-014, 0.0000000000000000000 ) ) ;
#4200 = CARTESIAN_POINT ( 'NONE',  ( -0.003580117381983611700, 0.1361909025548137500, 0.1121859754028542300 ) ) ;
#4201 = EDGE_CURVE ( 'NONE', #3550, #1497, #758, .T. ) ;
#4202 = LINE ( 'NONE', #370, #3639 ) ;
#4203 = CARTESIAN_POINT ( 'NONE',  ( -0.05282266525110190800, -0.05282266525110192200, -0.1254687500000000200 ) ) ;
#4204 = CARTESIAN_POINT ( 'NONE',  ( -0.03935028842544401100, -0.09500000000000001500, -0.04929687500000005200 ) ) ;
#4205 = EDGE_CURVE ( 'NONE', #3288, #814, #3868, .T. ) ;
#4206 = CARTESIAN_POINT ( 'NONE',  ( 0.1082533566848940800, -0.08197901945464336500, 0.1182470309446336000 ) ) ;
#4207 = CARTESIAN_POINT ( 'NONE',  ( 0.009355088473821335600, 0.08340294865047649700, -0.1012496666415889600 ) ) ;
#4208 = VECTOR ( 'NONE', #3280, 39.37007874015748100 ) ;
#4209 = EDGE_LOOP ( 'NONE', ( #1523, #2536, #1812, #3846 ) ) ;
#4210 = CIRCLE ( 'NONE', #540, 0.09499999999999998700 ) ;
#4211 = CARTESIAN_POINT ( 'NONE',  ( 0.07470252959880231700, 0.03094280090340150200, -0.08445312500000001800 ) ) ;
#4212 = CARTESIAN_POINT ( 'NONE',  ( -0.07470252959880233100, -0.03094280090340153400, -0.06492187500000001800 ) ) ;
#4213 = CARTESIAN_POINT ( 'NONE',  ( 0.0000000000000000000, 0.07470252959880233100, 0.1128124999999999800 ) ) ;
#4214 = EDGE_CURVE ( 'NONE', #2237, #2078, #3524, .T. ) ;
#4215 = CARTESIAN_POINT ( 'NONE',  ( -0.1251225917675353200, -0.05276064720674729400, 0.1182470309446361600 ) ) ;
#4216 = VERTEX_POINT ( 'NONE', #3226 ) ;
#4217 = ORIENTED_EDGE ( 'NONE', *, *, #1825, .T. ) ;
#4218 = ADVANCED_FACE ( 'NONE', ( #3217 ), #4406, .T. ) ;
#4219 = CARTESIAN_POINT ( 'NONE',  ( -0.09669145586676648800, -0.04005091238561431200, -0.05027343750000010800 ) ) ;
#4220 = CARTESIAN_POINT ( 'NONE',  ( -0.1085841674802355500, -0.07937519650603500100, 0.1166616952948456300 ) ) ;
#4221 = CARTESIAN_POINT ( 'NONE',  ( -0.01185778880236981200, 0.1565116248619404200, 0.1150579133271412400 ) ) ;
#4222 = CARTESIAN_POINT ( 'NONE',  ( 0.01618679139118719300, 0.1613022521591026500, 0.1151368525690743000 ) ) ;
#4223 = VERTEX_POINT ( 'NONE', #4268 ) ;
#4224 = CARTESIAN_POINT ( 'NONE',  ( 0.07470252959880233100, 0.03094280090340150600, 0.1030468749999999700 ) ) ;
#4225 = ORIENTED_EDGE ( 'NONE', *, *, #2806, .T. ) ;
#4226 = CARTESIAN_POINT ( 'NONE',  ( -0.1412832152925445300, -0.08378790672250537000, 0.1121891459719697000 ) ) ;
#4227 = DIRECTION ( 'NONE',  ( -0.0000000000000000000, -0.0000000000000000000, 1.000000000000000000 ) ) ;
#4228 = CARTESIAN_POINT ( 'NONE',  ( 0.1300271438304438900, 0.09450525825160918700, 0.1156706310935929600 ) ) ;
#4229 = CARTESIAN_POINT ( 'NONE',  ( -0.07470252959880233100, -1.372263206420755200E-017, 0.02296874999999997200 ) ) ;
#4230 = CARTESIAN_POINT ( 'NONE',  ( 0.03094280090340148900, 0.07470252959880231700, 0.01710937499999998600 ) ) ;
#4231 = ORIENTED_EDGE ( 'NONE', *, *, #2677, .T. ) ;
#4232 = EDGE_LOOP ( 'NONE', ( #3438, #1207, #975, #1524 ) ) ;
#4233 = CARTESIAN_POINT ( 'NONE',  ( -0.09499999999999998700, -1.745121688784978200E-017, -0.08640625000000007300 ) ) ;
#4234 = CARTESIAN_POINT ( 'NONE',  ( 0.01381221130986348700, -0.1352441238295540000, 0.1160281598128907300 ) ) ;
#4235 = ORIENTED_EDGE ( 'NONE', *, *, #698, .T. ) ;
#4236 = CARTESIAN_POINT ( 'NONE',  ( -0.01353200819317231300, 0.1596685210966830900, 0.1157989006645730300 ) ) ;
#4237 = AXIS2_PLACEMENT_3D ( 'NONE', #2504, #402, #3553 ) ;
#4238 = CARTESIAN_POINT ( 'NONE',  ( 0.06717514421272201300, -0.06717514421272199900, 0.02296874999999993000 ) ) ;
#4239 = CARTESIAN_POINT ( 'NONE',  ( 9.148421376138369400E-018, -0.07470252959880234500, 0.09328124999999996800 ) ) ;
#4240 = ORIENTED_EDGE ( 'NONE', *, *, #64, .F. ) ;
#4241 = ADVANCED_FACE ( 'NONE', ( #2111 ), #2987, .T. ) ;
#4242 = DIRECTION ( 'NONE',  ( 0.0000000000000000000, 0.0000000000000000000, -1.000000000000000000 ) ) ;
#4243 = EDGE_CURVE ( 'NONE', #1204, #1323, #1133, .T. ) ;
#4244 = CARTESIAN_POINT ( 'NONE',  ( 0.1115244458897469000, -0.06921423875958195000, 0.1071893417860289400 ) ) ;
#4245 = CARTESIAN_POINT ( 'NONE',  ( -0.1692258472944458100, 0.1188037624568188800, -0.1036688508726837500 ) ) ;
#4246 = EDGE_LOOP ( 'NONE', ( #1920, #3469, #2155, #2135, #1637, #1743, #3653, #1580 ) ) ;
#4247 = CARTESIAN_POINT ( 'NONE',  ( -0.02773202179400097900, -0.06936427679776523100, -0.09220252959880241600 ) ) ;
#4248 = CARTESIAN_POINT ( 'NONE',  ( 0.03094280090340150600, -0.07470252959880231700, -0.06101562500000003200 ) ) ;
#4249 = CARTESIAN_POINT ( 'NONE',  ( -0.05282266525110190800, -0.05282266525110192200, -0.0004687500000000077900 ) ) ;
#4250 = CARTESIAN_POINT ( 'NONE',  ( 0.1115311099365003800, -0.06920192084140128200, 0.1071912057870715600 ) ) ;
#4251 = CARTESIAN_POINT ( 'NONE',  ( -0.01588133214813676800, -0.1302807044302669600, 0.1117495405448355700 ) ) ;
#4252 = DIRECTION ( 'NONE',  ( -0.0000000000000000000, -0.0000000000000000000, 1.000000000000000000 ) ) ;
#4253 = CARTESIAN_POINT ( 'NONE',  ( 0.09499999999999998700, 5.817072295949927900E-018, 0.02687499999999992700 ) ) ;
#4254 = CARTESIAN_POINT ( 'NONE',  ( -0.05282266525110192200, 0.05282266525110190100, 0.08156249999999996800 ) ) ;
#4255 = AXIS2_PLACEMENT_3D ( 'NONE', #4373, #3987, #1929 ) ;
#4256 = CARTESIAN_POINT ( 'NONE',  ( 8.195543980992789700E-016, -0.2165063509461094800, 0.07031249999999995800 ) ) ;
#4257 = CARTESIAN_POINT ( 'NONE',  ( 0.1027426144821918400, -0.08162982890925345200, 0.1143580571376688900 ) ) ;
#4258 = FACE_OUTER_BOUND ( 'NONE', #828, .T. ) ;
#4259 = CARTESIAN_POINT ( 'NONE',  ( 0.1462922537409279700, 0.08761833164597715400, 0.1099941170895162900 ) ) ;
#4260 = CARTESIAN_POINT ( 'NONE',  ( -0.03094280090340154100, 0.07470252959880231700, -0.07664062500000001800 ) ) ;
#4261 = CARTESIAN_POINT ( 'NONE',  ( -0.07470252959880233100, -1.372263206420755200E-017, -0.06687500000000000400 ) ) ;
#4262 = FACE_OUTER_BOUND ( 'NONE', #3445, .T. ) ;
#4263 = ADVANCED_FACE ( 'NONE', ( #4357 ), #3481, .T. ) ;
#4264 = CARTESIAN_POINT ( 'NONE',  ( -0.1202088366696884600, 0.06417556203520129200, 0.1121829597595911000 ) ) ;
#4265 = VECTOR ( 'NONE', #4441, 39.37007874015748100 ) ;
#4266 = CARTESIAN_POINT ( 'NONE',  ( 0.01354457162681170700, 0.1596540180960444900, 0.1158046186448428000 ) ) ;
#4267 = FACE_OUTER_BOUND ( 'NONE', #3095, .T. ) ;
#4268 = CARTESIAN_POINT ( 'NONE',  ( -0.02199260931391687100, -0.1293339629758870600, 0.1171874999999999900 ) ) ;
#4269 = CARTESIAN_POINT ( 'NONE',  ( -0.07470252959880234500, -1.372263206420755300E-017, -0.008281250000000035100 ) ) ;
#4270 = EDGE_CURVE ( 'NONE', #3668, #2471, #961, .T. ) ;
#4271 = TOROIDAL_SURFACE ( 'NONE', #2585, 0.1499999999999999900, 0.03281250000000000100 ) ;
#4272 = ORIENTED_EDGE ( 'NONE', *, *, #3660, .F. ) ;
#4273 = CIRCLE ( 'NONE', #3249, 0.09499999999999998700 ) ;
#4274 = CARTESIAN_POINT ( 'NONE',  ( 0.0000000000000000000, 0.0000000000000000000, -0.1125000000000000400 ) ) ;
#4275 = ORIENTED_EDGE ( 'NONE', *, *, #1130, .F. ) ;
#4276 = CARTESIAN_POINT ( 'NONE',  ( 0.05282266525110191500, -0.05282266525110190800, 0.03468749999999996800 ) ) ;
#4277 = CARTESIAN_POINT ( 'NONE',  ( -0.07470252959880231700, -0.03094280090340153000, -0.09617187500000003200 ) ) ;
#4278 = ORIENTED_EDGE ( 'NONE', *, *, #560, .T. ) ;
#4279 = AXIS2_PLACEMENT_3D ( 'NONE', #286, #2694, #3374 ) ;
#4280 = CARTESIAN_POINT ( 'NONE',  ( -0.01686923508261442200, -0.1347396666613867600, 0.1182470309446339700 ) ) ;
#4281 = CARTESIAN_POINT ( 'NONE',  ( -0.1199289005765472600, 0.09009472130208645600, 0.1071874999999999900 ) ) ;
#4282 = ORIENTED_EDGE ( 'NONE', *, *, #835, .T. ) ;
#4283 = ORIENTED_EDGE ( 'NONE', *, *, #1850, .T. ) ;
#4285 = CARTESIAN_POINT ( 'NONE',  ( 0.01912048374975393000, 0.1298223539134238900, 0.1141936207942610800 ) ) ;
#4284 = AXIS2_PLACEMENT_3D ( 'NONE', #2884, #1434, #2136 ) ;
#4286 = DIRECTION ( 'NONE',  ( -0.0000000000000000000, -0.0000000000000000000, 1.000000000000000000 ) ) ;
#4287 = CARTESIAN_POINT ( 'NONE',  ( 0.07470252959880233100, -0.03094280090340148500, -0.05320312499999999700 ) ) ;
#4288 = CARTESIAN_POINT ( 'NONE',  ( 0.07470252959880233100, 4.574210688069183900E-018, 0.01124999999999998200 ) ) ;
#4289 = ORIENTED_EDGE ( 'NONE', *, *, #509, .T. ) ;
#4290 = EDGE_LOOP ( 'NONE', ( #4367, #3124, #4289 ) ) ;
#4291 = CARTESIAN_POINT ( 'NONE',  ( 0.1296141487168344900, 0.08852495876653458700, 0.1150579133271412600 ) ) ;
#4292 = DIRECTION ( 'NONE',  ( -0.5000000000000101000, 0.8660254037844329300, 0.0000000000000000000 ) ) ;
#4293 = DIRECTION ( 'NONE',  ( -0.0000000000000000000, -0.0000000000000000000, 1.000000000000000000 ) ) ;
#4294 = AXIS2_PLACEMENT_3D ( 'NONE', #3665, #1575, #3995 ) ;
#4295 = ORIENTED_EDGE ( 'NONE', *, *, #147, .T. ) ;
#4296 = DIRECTION ( 'NONE',  ( -0.0000000000000000000, -0.0000000000000000000, 1.000000000000000000 ) ) ;
#4297 = DIRECTION ( 'NONE',  ( 1.000000000000000000, 0.0000000000000000000, 0.0000000000000000000 ) ) ;
#4298 = EDGE_CURVE ( 'NONE', #1591, #1909, #4537, .T. ) ;
#4299 = CARTESIAN_POINT ( 'NONE',  ( 0.1543431584539256800, -0.1273962868651589100, -0.1075947541660993600 ) ) ;
#4300 = CARTESIAN_POINT ( 'NONE',  ( 0.06837118412619036500, 0.06837118412619037900, 0.05910156249999994100 ) ) ;
#4301 = CARTESIAN_POINT ( 'NONE',  ( -0.03094280090340154100, 0.07470252959880233100, -0.04148437499999999700 ) ) ;
#4302 = CARTESIAN_POINT ( 'NONE',  ( 0.06837118412619036500, 0.06837118412619037900, -0.03464843750000005200 ) ) ;
#4303 = CARTESIAN_POINT ( 'NONE',  ( -0.004165066471083166700, -0.1311897349379849700, 0.1071912057870716000 ) ) ;
#4304 = CARTESIAN_POINT ( 'NONE',  ( 0.1156731524181894800, -0.06203076769995365800, 0.1071838159462592700 ) ) ;
#4305 = CIRCLE ( 'NONE', #2168, 0.09499999999999998700 ) ;
#4306 = CARTESIAN_POINT ( 'NONE',  ( 0.09499999999999998700, 5.817072295949927900E-018, -0.004375000000000075900 ) ) ;
#4307 = DIRECTION ( 'NONE',  ( 1.000000000000000000, 0.0000000000000000000, 0.0000000000000000000 ) ) ;
#4308 = CARTESIAN_POINT ( 'NONE',  ( -0.04809980053051159800, -0.08192319078823161200, -0.1124999999999994500 ) ) ;
#4309 = VECTOR ( 'NONE', #4453, 39.37007874015748100 ) ;
#4310 = CARTESIAN_POINT ( 'NONE',  ( 0.01300509676842055200, -0.1527244537627699700, 0.1158159005952540100 ) ) ;
#4311 = CARTESIAN_POINT ( 'NONE',  ( 0.0000000000000000000, 0.09499999999999998700, -0.02781250000000007000 ) ) ;
#4312 = CARTESIAN_POINT ( 'NONE',  ( -0.1498406253999682000, 0.08023322601223409300, 0.1104559133921426700 ) ) ;
#4313 = CYLINDRICAL_SURFACE ( 'NONE', #992, 0.01000000000000000700 ) ;
#4314 = CARTESIAN_POINT ( 'NONE',  ( -0.07470252959880231700, -0.03094280090340153000, -0.1000781250000000600 ) ) ;
#4315 = CARTESIAN_POINT ( 'NONE',  ( 0.04005091238561427100, -0.09669145586676650100, -0.04441406250000006600 ) ) ;
#4316 = VERTEX_POINT ( 'NONE', #1875 ) ;
#4317 = ORIENTED_EDGE ( 'NONE', *, *, #3529, .F. ) ;
#4318 = LINE ( 'NONE', #4458, #3441 ) ;
#4319 = CARTESIAN_POINT ( 'NONE',  ( 0.1311905059197604800, 0.0000000000000000000, 0.1171875000000000000 ) ) ;
#4320 = CARTESIAN_POINT ( 'NONE',  ( 0.1498406253999687000, -0.08023322601223299700, 0.1104559133921427100 ) ) ;
#4321 = CARTESIAN_POINT ( 'NONE',  ( -0.03094280090340147500, -0.07470252959880234500, -0.002421875000000031600 ) ) ;
#4322 = ORIENTED_EDGE ( 'NONE', *, *, #3432, .F. ) ;
#4323 = ORIENTED_EDGE ( 'NONE', *, *, #1932, .T. ) ;
#4324 = CARTESIAN_POINT ( 'NONE',  ( -0.02582748496694481400, -0.09499999999999998700, -0.1111256797797941900 ) ) ;
#4325 = EDGE_CURVE ( 'NONE', #1043, #4394, #4194, .T. ) ;
#4326 = CARTESIAN_POINT ( 'NONE',  ( -0.1223431861263027100, -0.04978113317293664200, 0.1171874999999999900 ) ) ;
#4327 = VERTEX_POINT ( 'NONE', #1533 ) ;
#4328 = CARTESIAN_POINT ( 'NONE',  ( 0.09499999999999998700, 0.03935028842544403800, -0.03367187500000008000 ) ) ;
#4329 = CARTESIAN_POINT ( 'NONE',  ( -0.1443925686066666900, 0.08965785980143106700, 0.1104597206534426700 ) ) ;
#4330 = CARTESIAN_POINT ( 'NONE',  ( 0.1230028021661921400, 0.04562082312658669000, 0.1171874999999999900 ) ) ;
#4331 = CARTESIAN_POINT ( 'NONE',  ( 0.04005091238561427100, -0.09669145586676650100, 0.01808593749999993000 ) ) ;
#4332 = VERTEX_POINT ( 'NONE', #3265 ) ;
#4333 = AXIS2_PLACEMENT_3D ( 'NONE', #794, #3570, #3957 ) ;
#4334 = EDGE_LOOP ( 'NONE', ( #2004, #2814, #3189, #2949 ) ) ;
#4335 = CARTESIAN_POINT ( 'NONE',  ( 0.08783155634374527300, -0.01603120050351534600, -0.1064181122004772800 ) ) ;
#4336 = CARTESIAN_POINT ( 'NONE',  ( 0.1490258279130900200, -0.08288364229353449600, 0.1099941170895162900 ) ) ;
#4337 = CARTESIAN_POINT ( 'NONE',  ( 0.09968750000000004000, 0.0000000000000000000, 0.03515624999999998600 ) ) ;
#4338 = ORIENTED_EDGE ( 'NONE', *, *, #1329, .F. ) ;
#4339 = CARTESIAN_POINT ( 'NONE',  ( -0.03094280090340154700, 0.07470252959880231700, 0.07960937499999996800 ) ) ;
#4340 = DIRECTION ( 'NONE',  ( -0.0000000000000000000, -0.0000000000000000000, -1.000000000000000000 ) ) ;
#4341 = CARTESIAN_POINT ( 'NONE',  ( 0.01609268733021039200, 0.1320948242047897400, 0.1171874999999999900 ) ) ;
#4342 = CARTESIAN_POINT ( 'NONE',  ( 1.184128819321331600E-017, -0.09669145586676650100, 0.1098828124999999300 ) ) ;
#4343 = VERTEX_POINT ( 'NONE', #2942 ) ;
#4344 = CARTESIAN_POINT ( 'NONE',  ( 0.1545072907301428800, 0.1273015250513027700, -0.1084351711055795300 ) ) ;
#4345 = CARTESIAN_POINT ( 'NONE',  ( -0.04005091238561424300, -0.09669145586676651500, 0.01417968749999993400 ) ) ;
#4346 = CARTESIAN_POINT ( 'NONE',  ( -0.03343019791026805700, -0.08869661670274570100, -0.1119502887568936100 ) ) ;
#4347 = CARTESIAN_POINT ( 'NONE',  ( -0.05282266525110190800, -0.05282266525110192200, -0.03562500000000003200 ) ) ;
#4348 = EDGE_CURVE ( 'NONE', #2078, #53, #754, .T. ) ;
#4349 = DIRECTION ( 'NONE',  ( -1.000000000000000000, 0.0000000000000000000, 0.0000000000000000000 ) ) ;
#4350 = CARTESIAN_POINT ( 'NONE',  ( -0.03094280090340147800, -0.07470252959880234500, -0.03367187500000002500 ) ) ;
#4351 = EDGE_CURVE ( 'NONE', #47, #212, #1728, .T. ) ;
#4352 = CARTESIAN_POINT ( 'NONE',  ( 0.1874999999999998100, 0.03545281221600079400, -0.1129880836452648000 ) ) ;
#4353 = CARTESIAN_POINT ( 'NONE',  ( -0.05282266525110192200, 0.05282266525110190100, -0.1020312500000000300 ) ) ;
#4354 = CARTESIAN_POINT ( 'NONE',  ( 0.1447462630268736000, -0.07824143649144720000, 0.1109001848861591600 ) ) ;
#4355 = CARTESIAN_POINT ( 'NONE',  ( 0.09669145586676650100, 0.04005091238561426400, -0.03660156250000008000 ) ) ;
#4356 = AXIS2_PLACEMENT_3D ( 'NONE', #947, #2003, #4483 ) ;
#4357 = FACE_OUTER_BOUND ( 'NONE', #3791, .T. ) ;
#4358 = B_SPLINE_CURVE_WITH_KNOTS ( 'NONE', 3,
 ( #1220, #529, #1320, #3032, #1299, #1990, #2353, #558, #234, #2723, #3015, #1962, #2336, #2693, #592, #3737, #1645, #205 ),
 .UNSPECIFIED., .F., .F.,
 ( 4, 2, 2, 2, 2, 2, 2, 2, 4 ),
 ( 0.0004338924961480505000, 0.0008514817045752331900, 0.001269070913002415800, 0.001686660121429598100, 0.002104249329856780200, 0.002521838538283962700, 0.002939427746711144400, 0.003357016955138326500, 0.003774606163565508200 ),
 .UNSPECIFIED. ) ;
#4359 = CARTESIAN_POINT ( 'NONE',  ( -0.07470252959880233100, -0.03094280090340153400, -0.06882812500000003200 ) ) ;
#4360 = B_SPLINE_CURVE_WITH_KNOTS ( 'NONE', 3,
 ( #599, #2361, #3052, #4473, #951, #647 ),
 .UNSPECIFIED., .F., .F.,
 ( 4, 2, 4 ),
 ( 4.670885906470169200E-018, 0.0003468749959748182400, 0.0006937499919496318200 ),
 .UNSPECIFIED. ) ;
#4361 = LINE ( 'NONE', #446, #2508 ) ;
#4362 = CARTESIAN_POINT ( 'NONE',  ( 0.07470252959880233100, 0.03094280090340150600, 0.009296874999999975300 ) ) ;
#4363 = CIRCLE ( 'NONE', #1795, 0.1828125000000000200 ) ;
#4364 = FACE_OUTER_BOUND ( 'NONE', #4551, .T. ) ;
#4365 = CARTESIAN_POINT ( 'NONE',  ( -0.1315984523618388100, 0.09466929863007855800, 0.1151368525690716100 ) ) ;
#4366 = CARTESIAN_POINT ( 'NONE',  ( 0.09499999999999998700, 5.817072295949927900E-018, -0.09812500000000008700 ) ) ;
#4367 = ORIENTED_EDGE ( 'NONE', *, *, #1876, .F. ) ;
#4368 = ORIENTED_EDGE ( 'NONE', *, *, #2089, .T. ) ;
#4369 = CARTESIAN_POINT ( 'NONE',  ( 0.04005091238561427100, -0.09669145586676650100, -0.1069140625000000300 ) ) ;
#4370 = EDGE_CURVE ( 'NONE', #2893, #796, #802, .T. ) ;
#4371 = B_SPLINE_CURVE_WITH_KNOTS ( 'NONE', 3,
 ( #4386, #3978, #2192, #1390, #1446, #1733, #2131, #687, #723, #1432 ),
 .UNSPECIFIED., .F., .F.,
 ( 4, 2, 2, 2, 4 ),
 ( 0.0000000000000000000, 0.0003163801760555755000, 0.0006327603521111510100, 0.0009491405281667265100, 0.001265520704222302000 ),
 .UNSPECIFIED. ) ;
#4372 = ORIENTED_EDGE ( 'NONE', *, *, #273, .F. ) ;
#4373 = CARTESIAN_POINT ( 'NONE',  ( 0.0000000000000000000, 0.0000000000000000000, -0.1171875000000000400 ) ) ;
#4374 = CARTESIAN_POINT ( 'NONE',  ( 0.05282266525110191500, -0.05282266525110190800, -0.02781250000000003500 ) ) ;
#4375 = CARTESIAN_POINT ( 'NONE',  ( 0.06181105927530145000, -0.06587508798704160000, 0.02561714967306621300 ) ) ;
#4376 = ORIENTED_EDGE ( 'NONE', *, *, #1450, .T. ) ;
#4377 = CARTESIAN_POINT ( 'NONE',  ( -0.05282266525110192200, 0.05282266525110190100, -0.07078125000000001800 ) ) ;
#4378 = EDGE_CURVE ( 'NONE', #2420, #531, #571, .T. ) ;
#4379 = CARTESIAN_POINT ( 'NONE',  ( -0.03094280090340154700, 0.07470252959880231700, -0.1391406250000000700 ) ) ;
#4380 = CARTESIAN_POINT ( 'NONE',  ( -0.003513957050621909700, -0.2144775668970116700, -0.1171875000000000300 ) ) ;
#4381 = CARTESIAN_POINT ( 'NONE',  ( -0.09499999999999998700, 1.163414459189985400E-017, -0.1171875000000000400 ) ) ;
#4382 = ORIENTED_EDGE ( 'NONE', *, *, #293, .T. ) ;
#4383 = CARTESIAN_POINT ( 'NONE',  ( -0.1400805653859826200, 0.08978399746083703900, 0.1131901953754532300 ) ) ;
#4384 = DIRECTION ( 'NONE',  ( 0.0000000000000000000, 0.0000000000000000000, 1.000000000000000000 ) ) ;
#4385 = AXIS2_PLACEMENT_3D ( 'NONE', #3713, #2299, #522 ) ;
#4386 = CARTESIAN_POINT ( 'NONE',  ( -0.1010101928522759400, 0.08371313984930162100, 0.1171874999999999900 ) ) ;
#4387 = CARTESIAN_POINT ( 'NONE',  ( 0.1443351081144712600, -0.07593925415585207900, 0.1128990818932794200 ) ) ;
#4388 = CARTESIAN_POINT ( 'NONE',  ( 0.0000000000000000000, 0.07470252959880233100, 0.05031249999999998200 ) ) ;
#4389 = ORIENTED_EDGE ( 'NONE', *, *, #2093, .T. ) ;
#4390 = CARTESIAN_POINT ( 'NONE',  ( -0.1100757195937716000, 0.07146262544198966900, 0.1129073321747944300 ) ) ;
#4391 = B_SPLINE_CURVE_WITH_KNOTS ( 'NONE', 3,
 ( #3243, #2873, #1482, #3560, #2200, #2184, #68, #3910 ),
 .UNSPECIFIED., .F., .F.,
 ( 4, 2, 2, 4 ),
 ( 0.0001064236135347936800, 0.002777285481970323900, 0.004112716416188089000, 0.005448147350405854900 ),
 .UNSPECIFIED. ) ;
#4392 = CARTESIAN_POINT ( 'NONE',  ( 0.1131016683631033800, 0.07576842454310449300, 0.1135085821095598000 ) ) ;
#4393 = CARTESIAN_POINT ( 'NONE',  ( 0.07470252959880233100, 4.574210688069183900E-018, -0.02390625000000002100 ) ) ;
#4394 = VERTEX_POINT ( 'NONE', #2646 ) ;
#4395 = CARTESIAN_POINT ( 'NONE',  ( 0.09499999999999998700, 0.0000000000000000000, -0.1171875000000000400 ) ) ;
#4396 = CARTESIAN_POINT ( 'NONE',  ( -0.03094280090340154700, 0.07470252959880231700, -0.04539062500000001100 ) ) ;
#4397 = ORIENTED_EDGE ( 'NONE', *, *, #3885, .T. ) ;
#4398 = DIRECTION ( 'NONE',  ( 0.0000000000000000000, 0.0000000000000000000, -1.000000000000000000 ) ) ;
#4399 = CARTESIAN_POINT ( 'NONE',  ( -0.05282266525110190800, -0.05282266525110192200, 0.06203124999999998200 ) ) ;
#4400 = PLANE ( 'NONE',  #3171 ) ;
#4401 = CARTESIAN_POINT ( 'NONE',  ( -0.01805986710621249000, 0.1489088351982713600, 0.1171874999999999900 ) ) ;
#4402 = CARTESIAN_POINT ( 'NONE',  ( -0.1875000000000003600, 0.07024971302659416300, -0.1075376351297394800 ) ) ;
#4403 = EDGE_CURVE ( 'NONE', #4216, #2545, #186, .T. ) ;
#4404 = CARTESIAN_POINT ( 'NONE',  ( -0.04032601891154315900, -0.07708516805739577800, 0.02171031686401678200 ) ) ;
#4405 = CARTESIAN_POINT ( 'NONE',  ( 0.05282266525110191500, -0.05282266525110190800, -0.1215625000000000300 ) ) ;
#4406 = CYLINDRICAL_SURFACE ( 'NONE', #465, 0.01000000000000000000 ) ;
#4407 = CARTESIAN_POINT ( 'NONE',  ( -0.1447462630268737400, -0.07824143649144722800, 0.1109001848861595600 ) ) ;
#4408 = CARTESIAN_POINT ( 'NONE',  ( 0.09499999999999998700, 5.817072295949927900E-018, 0.02687499999999992700 ) ) ;
#4409 = DIRECTION ( 'NONE',  ( 1.000000000000000000, 0.0000000000000000000, 0.0000000000000000000 ) ) ;
#4410 = CARTESIAN_POINT ( 'NONE',  ( 0.1839860429493767000, -0.1102819595221532200, -0.1171875000000000300 ) ) ;
#4411 = CARTESIAN_POINT ( 'NONE',  ( 0.07470252959880231700, 0.03094280090340150200, 0.07570312499999999600 ) ) ;
#4412 = AXIS2_PLACEMENT_3D ( 'NONE', #128, #1155, #2220 ) ;
#4413 = CIRCLE ( 'NONE', #3331, 0.03281250000000000100 ) ;
#4414 = CARTESIAN_POINT ( 'NONE',  ( 0.04005091238561425700, 0.09669145586676650100, -0.1244921875000001100 ) ) ;
#4415 = B_SPLINE_CURVE_WITH_KNOTS ( 'NONE', 3,
 ( #1316, #2719, #973, #2023, #4482, #2741 ),
 .UNSPECIFIED., .F., .F.,
 ( 4, 2, 4 ),
 ( 0.005106785759686758800, 0.006444745996771789200, 0.007782706233856819700 ),
 .UNSPECIFIED. ) ;
#4416 = CARTESIAN_POINT ( 'NONE',  ( 0.1106723078378488400, 0.07891367896219041200, 0.1158159005952539200 ) ) ;
#4417 = ORIENTED_EDGE ( 'NONE', *, *, #4434, .T. ) ;
#4418 = ORIENTED_EDGE ( 'NONE', *, *, #3636, .T. ) ;
#4419 = CARTESIAN_POINT ( 'NONE',  ( -0.06599499234775789400, -0.05385575101082377300, 0.02045612682559655100 ) ) ;
#4420 = CYLINDRICAL_SURFACE ( 'NONE', #304, 0.009999999999999995000 ) ;
#4421 = CARTESIAN_POINT ( 'NONE',  ( 0.05282266525110190800, 0.05282266525110191500, -0.07859375000000001800 ) ) ;
#4422 = CARTESIAN_POINT ( 'NONE',  ( -0.05282266525110192200, 0.05282266525110190100, -0.07468750000000003200 ) ) ;
#4423 = CARTESIAN_POINT ( 'NONE',  ( -0.1368239422309355000, 0.08717684771424467900, 0.1131699214730690500 ) ) ;
#4424 = ORIENTED_EDGE ( 'NONE', *, *, #3531, .F. ) ;
#4425 = ORIENTED_EDGE ( 'NONE', *, *, #2940, .F. ) ;
#4426 = CARTESIAN_POINT ( 'NONE',  ( 0.1255501181466690000, 0.09362026211050297800, 0.1171875000000001400 ) ) ;
#4427 = CARTESIAN_POINT ( 'NONE',  ( -0.07859483591664542800, -0.1711296012727192800, -0.1144922265460977800 ) ) ;
#4428 = CARTESIAN_POINT ( 'NONE',  ( 0.05282266525110191500, -0.05282266525110190800, 0.06984374999999998200 ) ) ;
#4429 = ORIENTED_EDGE ( 'NONE', *, *, #236, .F. ) ;
#4430 = CARTESIAN_POINT ( 'NONE',  ( -0.1220696242894407500, 0.04814967872072231600, 0.1143729358293793500 ) ) ;
#4431 = EDGE_CURVE ( 'NONE', #3668, #1308, #1250, .T. ) ;
#4432 = DIRECTION ( 'NONE',  ( -1.000000000000000000, 0.0000000000000000000, 0.0000000000000000000 ) ) ;
#4433 = VERTEX_POINT ( 'NONE', #886 ) ;
#4434 = EDGE_CURVE ( 'NONE', #1113, #3827, #3107, .T. ) ;
#4435 = CARTESIAN_POINT ( 'NONE',  ( 0.1828125000000000200, 2.238807429691255400E-017, 0.08437499999999999200 ) ) ;
#4436 = CARTESIAN_POINT ( 'NONE',  ( -0.1115371574225565200, -0.06919375255165206900, 0.1071856635327526900 ) ) ;
#4437 = EDGE_CURVE ( 'NONE', #2420, #677, #2782, .T. ) ;
#4438 = ORIENTED_EDGE ( 'NONE', *, *, #4501, .F. ) ;
#4439 = CARTESIAN_POINT ( 'NONE',  ( -0.07470252959880234500, -1.372263206420755300E-017, -0.1020312500000000300 ) ) ;
#4440 = CARTESIAN_POINT ( 'NONE',  ( -0.008799967615895704800, -0.07434243567830253800, -0.09220252959880243000 ) ) ;
#4441 = DIRECTION ( 'NONE',  ( -0.0000000000000000000, -0.0000000000000000000, 1.000000000000000000 ) ) ;
#4442 = CARTESIAN_POINT ( 'NONE',  ( 0.0000000000000000000, 0.0000000000000000000, 0.1171874999999999900 ) ) ;
#4443 = CARTESIAN_POINT ( 'NONE',  ( -0.01827415270555417600, 0.2059557639623456600, 0.05679385087268366800 ) ) ;
#4444 = AXIS2_PLACEMENT_3D ( 'NONE', #567, #2668, #877 ) ;
#4445 = VERTEX_POINT ( 'NONE', #1903 ) ;
#4446 = CARTESIAN_POINT ( 'NONE',  ( -0.009066546277499650000, 0.1358331302844025300, 0.1135085821095599000 ) ) ;
#4447 = CARTESIAN_POINT ( 'NONE',  ( -0.07470252959880231700, -0.03094280090340153000, -0.03367187500000002500 ) ) ;
#4448 = ORIENTED_EDGE ( 'NONE', *, *, #1105, .T. ) ;
#4449 = CARTESIAN_POINT ( 'NONE',  ( 0.05282266525110191500, -0.05282266525110190800, -0.02390625000000002100 ) ) ;
#4450 = CARTESIAN_POINT ( 'NONE',  ( -0.09669145586676648800, 0.04005091238561427800, 0.03761718749999992700 ) ) ;
#4451 = B_SPLINE_CURVE_WITH_KNOTS ( 'NONE', 3,
 ( #3274, #3579, #460, #1821, #2521, #1169, #412, #1491, #2869, #1846, #1832, #4291, #779, #1126 ),
 .UNSPECIFIED., .F., .F.,
 ( 4, 2, 2, 2, 2, 2, 4 ),
 ( 0.0000000000000000000, 0.0002879901036252523300, 0.0004319851554378786200, 0.0005759802072505048700, 0.0007199752590631311700, 0.0008639703108757574700, 0.001151960414501010800 ),
 .UNSPECIFIED. ) ;
#4452 = ADVANCED_FACE ( 'NONE', ( #2325 ), #1477, .T. ) ;
#4453 = DIRECTION ( 'NONE',  ( 0.0000000000000000000, 0.0000000000000000000, -1.000000000000000000 ) ) ;
#4454 = CARTESIAN_POINT ( 'NONE',  ( 0.1049646118932725400, 0.07878655888562081900, 0.1116734235772787200 ) ) ;
#4455 = CARTESIAN_POINT ( 'NONE',  ( -0.04005091238561431900, 0.09669145586676648800, 0.03566406249999989900 ) ) ;
#4456 = CARTESIAN_POINT ( 'NONE',  ( -0.1261846440529454700, -0.09070337195742150800, 0.1172535284276546300 ) ) ;
#4457 = CARTESIAN_POINT ( 'NONE',  ( 0.006211833885542181200, 0.09479669361205815500, 0.03046874999999996100 ) ) ;
#4458 = CARTESIAN_POINT ( 'NONE',  ( -0.1195572352669095300, -0.05400940972474875500, 0.1158159005952539600 ) ) ;
#4459 = EDGE_CURVE ( 'NONE', #1518, #3938, #1407, .T. ) ;
#4460 = CARTESIAN_POINT ( 'NONE',  ( 0.1010101928522765800, -0.08371313984930084400, 0.1171874999999999900 ) ) ;
#4461 = CARTESIAN_POINT ( 'NONE',  ( 0.07470252959880233100, 4.574210688069183900E-018, 0.01124999999999998200 ) ) ;
#4462 = CARTESIAN_POINT ( 'NONE',  ( -0.02052185705313735000, 0.07607759187166680800, 0.01415268324661158100 ) ) ;
#4463 = EDGE_CURVE ( 'NONE', #20, #2471, #1934, .T. ) ;
#4464 = CARTESIAN_POINT ( 'NONE',  ( -0.07470252959880233100, -1.372263206420755200E-017, -0.004375000000000021200 ) ) ;
#4465 = CARTESIAN_POINT ( 'NONE',  ( 0.06717514421272199900, 0.06717514421272201300, -0.06687500000000007300 ) ) ;
#4466 = CARTESIAN_POINT ( 'NONE',  ( 0.1453124999999999800, 0.0000000000000000000, 0.03515624999999998600 ) ) ;
#4467 = EDGE_CURVE ( 'NONE', #1160, #542, #699, .T. ) ;
#4468 = CYLINDRICAL_SURFACE ( 'NONE', #1252, 0.009999999999999995000 ) ;
#4469 = CARTESIAN_POINT ( 'NONE',  ( 0.1213518206690033500, 0.06175577912730411500, 0.1130037753972350900 ) ) ;
#4470 = CARTESIAN_POINT ( 'NONE',  ( -0.04005091238561424300, -0.09669145586676651500, -0.01511718750000010300 ) ) ;
#4471 = CARTESIAN_POINT ( 'NONE',  ( -0.1433407689318383900, -0.08724017750181135800, 0.1121895097622219700 ) ) ;
#4472 = VECTOR ( 'NONE', #862, 39.37007874015748100 ) ;
#4473 = CARTESIAN_POINT ( 'NONE',  ( -0.1202312058298143100, -0.06413207914798953200, 0.1121920646682177700 ) ) ;
#4474 = CARTESIAN_POINT ( 'NONE',  ( -0.06756647635074458600, -0.05897983394533593700, -0.1069791222278120700 ) ) ;
#4475 = ADVANCED_BREP_SHAPE_REPRESENTATION ( '91831A411_18-8 Stainless Steel Nylon-Insert Locknut', ( #695, #1168, #1385 ), #4548 ) ;
#4476 = ADVANCED_FACE ( 'NONE', ( #1179 ), #2054, .F. ) ;
#4477 = CARTESIAN_POINT ( 'NONE',  ( -0.009334427269279750600, -0.1687497042991670800, 0.1114347087687740000 ) ) ;
#4478 = LINE ( 'NONE', #806, #1097 ) ;
#4479 = CYLINDRICAL_SURFACE ( 'NONE', #2398, 0.2145063509461100400 ) ;
#4480 = CARTESIAN_POINT ( 'NONE',  ( 0.03094280090340150600, -0.07470252959880231700, -0.02585937500000001400 ) ) ;
#4481 = AXIS2_PLACEMENT_3D ( 'NONE', #3393, #1946, #625 ) ;
#4482 = CARTESIAN_POINT ( 'NONE',  ( 0.1874999999999997800, -0.01760220836734681000, -0.1144811706131738000 ) ) ;
#4483 = DIRECTION ( 'NONE',  ( 1.000000000000000000, 0.0000000000000000000, 0.0000000000000000000 ) ) ;
#4484 = EDGE_LOOP ( 'NONE', ( #2518, #4397, #818, #3518, #3277, #3148, #719, #1948, #2627 ) ) ;
#4485 = B_SPLINE_CURVE_WITH_KNOTS ( 'NONE', 3,
 ( #3997, #179, #4352, #229, #4122, #3779 ),
 .UNSPECIFIED., .F., .F.,
 ( 4, 2, 4 ),
 ( 0.007782706233856819700, 0.009121204436841366000, 0.01045970263982591200 ),
 .UNSPECIFIED. ) ;
#4486 = ORIENTED_EDGE ( 'NONE', *, *, #2509, .F. ) ;
#4487 = CIRCLE ( 'NONE', #2097, 0.1453124999999999800 ) ;
#4488 = CARTESIAN_POINT ( 'NONE',  ( -0.05282266525110192200, 0.05282266525110190100, 0.05031249999999996800 ) ) ;
#4489 = DIRECTION ( 'NONE',  ( 0.0000000000000000000, 0.0000000000000000000, 1.000000000000000000 ) ) ;
#4490 = CARTESIAN_POINT ( 'NONE',  ( 0.0000000000000000000, 0.0000000000000000000, 0.09718749999999998200 ) ) ;
#4491 = ORIENTED_EDGE ( 'NONE', *, *, #3885, .F. ) ;
#4492 = CARTESIAN_POINT ( 'NONE',  ( -0.09669145586676648800, 0.04005091238561427800, -0.02292968750000009800 ) ) ;
#4493 = CARTESIAN_POINT ( 'NONE',  ( -0.1212856381858613400, -0.08774478283021487600, 0.1171875000000001200 ) ) ;
#4494 = CARTESIAN_POINT ( 'NONE',  ( 0.1010101928522748500, 0.08371313984930292600, 0.1171874999999999900 ) ) ;
#4495 = ORIENTED_EDGE ( 'NONE', *, *, #1853, .F. ) ;
#4496 = CARTESIAN_POINT ( 'NONE',  ( 0.01131183279460267400, -0.1576547697051001700, 0.1147563661030283500 ) ) ;
#4497 = DIRECTION ( 'NONE',  ( -0.0000000000000000000, 1.000000000000000000, -0.0000000000000000000 ) ) ;
#4498 = CARTESIAN_POINT ( 'NONE',  ( 0.05282266525110190800, 0.05282266525110191500, -0.01609375000000001100 ) ) ;
#4499 = VERTEX_POINT ( 'NONE', #4080 ) ;
#4500 = CARTESIAN_POINT ( 'NONE',  ( -0.1064123408970345100, 0.07683600546579173700, 0.1157486130713295000 ) ) ;
#4501 = EDGE_CURVE ( 'NONE', #2977, #4433, #4305, .T. ) ;
#4502 = CARTESIAN_POINT ( 'NONE',  ( -0.06825456590562036000, -0.03625279737429128900, -0.09441008434697294200 ) ) ;
#4503 = ADVANCED_FACE ( 'NONE', ( #1352 ), #2437, .T. ) ;
#4504 = CARTESIAN_POINT ( 'NONE',  ( 0.07470252959880231700, 0.03094280090340150200, 0.04054687499999996100 ) ) ;
#4505 = EDGE_LOOP ( 'NONE', ( #860, #2181, #3879, #1742 ) ) ;
#4506 = CARTESIAN_POINT ( 'NONE',  ( 0.09669145586676650100, 0.04005091238561426400, 0.05910156249999991300 ) ) ;
#4507 = EDGE_LOOP ( 'NONE', ( #4382, #2348, #2007, #1213 ) ) ;
#4508 = CARTESIAN_POINT ( 'NONE',  ( -0.1499924574091801900, -0.08121291890647001900, 0.1099928581077361500 ) ) ;
#4509 = CARTESIAN_POINT ( 'NONE',  ( 0.004614059883257492500, 0.1351278767834137300, 0.1109001848861595500 ) ) ;
#4510 = CARTESIAN_POINT ( 'NONE',  ( 0.1230028021661921400, 0.04562082312658669000, 0.1171874999999999900 ) ) ;
#4511 = CARTESIAN_POINT ( 'NONE',  ( -0.06290969660986316100, -0.1801854206737668300, 0.06758386655475787100 ) ) ;
#4512 = AXIS2_PLACEMENT_3D ( 'NONE', #3252, #2210, #1531 ) ;
#4513 = EDGE_LOOP ( 'NONE', ( #1544, #2861, #2960, #2848 ) ) ;
#4514 = CARTESIAN_POINT ( 'NONE',  ( -0.03094280090340147100, -0.07470252959880234500, -0.06101562500000001100 ) ) ;
#4515 = CARTESIAN_POINT ( 'NONE',  ( -0.08090868449893033600, 0.01676367939001167200, 0.01765690969376167500 ) ) ;
#4516 = DIRECTION ( 'NONE',  ( 1.000000000000000000, 0.0000000000000000000, -0.0000000000000000000 ) ) ;
#4517 = CARTESIAN_POINT ( 'NONE',  ( 0.09968750000000004000, 0.0000000000000000000, 0.03515624999999998600 ) ) ;
#4518 = CARTESIAN_POINT ( 'NONE',  ( 9.148421376138367800E-018, -0.07470252959880233100, -0.1215625000000000300 ) ) ;
#4519 = CARTESIAN_POINT ( 'NONE',  ( 0.05282266525110190800, 0.05282266525110191500, 0.04640624999999998900 ) ) ;
#4520 = DIRECTION ( 'NONE',  ( -0.0000000000000000000, -0.0000000000000000000, 1.000000000000000000 ) ) ;
#4521 = CARTESIAN_POINT ( 'NONE',  ( 0.09669145586676650100, 5.920644096606658200E-018, -0.03660156250000009400 ) ) ;
#4522 = CARTESIAN_POINT ( 'NONE',  ( -0.1414545228118356500, -0.09246281494747964100, 0.1114421064077429400 ) ) ;
#4523 = CARTESIAN_POINT ( 'NONE',  ( -0.1010101928522754700, -0.08371313984930217600, 0.1171874999999999900 ) ) ;
#4524 = CARTESIAN_POINT ( 'NONE',  ( -0.008373963735442512300, 0.1309774258603178000, 0.1081881657697774700 ) ) ;
#4525 = LOCAL_TIME ( 9, 53, 13.00000000000000000, #902 ) ;
#4526 = EDGE_CURVE ( 'NONE', #2139, #4343, #2554, .T. ) ;
#4527 = CARTESIAN_POINT ( 'NONE',  ( 0.05282266525110191500, -0.05282266525110190800, -0.1489062500000000200 ) ) ;
#4528 = CARTESIAN_POINT ( 'NONE',  ( -0.06066807863057510600, 0.05361796516546337600, 0.01599004211110537100 ) ) ;
#4529 = CARTESIAN_POINT ( 'NONE',  ( 0.0000000000000000000, 0.0000000000000000000, -0.09888904662460761000 ) ) ;
#4530 = LINE ( 'NONE', #408, #2602 ) ;
#4531 = DIRECTION ( 'NONE',  ( -0.0000000000000000000, -1.000000000000000000, 0.0000000000000000000 ) ) ;
#4532 = CARTESIAN_POINT ( 'NONE',  ( 0.05282266525110190800, 0.05282266525110191500, -0.1098437500000000200 ) ) ;
#4533 = CARTESIAN_POINT ( 'NONE',  ( 0.03094280090340148900, 0.07470252959880231700, 0.04835937499999998900 ) ) ;
#4534 = EDGE_CURVE ( 'NONE', #677, #3198, #3806, .T. ) ;
#4535 = CARTESIAN_POINT ( 'NONE',  ( -0.1157035120142698200, -0.06197588390371800600, 0.1071893417860289300 ) ) ;
#4536 = LINE ( 'NONE', #3554, #767 ) ;
#4537 =( BOUNDED_CURVE ( )  B_SPLINE_CURVE ( 2, ( #4308, #4324, #130, #3949, #3990, #3935, #491 ),
 .UNSPECIFIED., .F., .T. ) 
 B_SPLINE_CURVE_WITH_KNOTS ( ( 3, 2, 2, 3 ),
 ( 0.1017502969664926000, 0.1111111111111110500, 0.1250000000000000000, 0.1388888888888888400 ),
 .UNSPECIFIED. ) 
 CURVE ( )  GEOMETRIC_REPRESENTATION_ITEM ( )  RATIONAL_B_SPLINE_CURVE ( ( 0.9665478800794224900, 0.9486964324890410100, 1.000000000000000000, 0.9238795325112867400, 1.000000000000000000, 0.9238795325112867400, 1.000000000000000000 ) ) 
 REPRESENTATION_ITEM ( '' )  );
#4538 = CARTESIAN_POINT ( 'NONE',  ( 0.09669145586676650100, -0.04005091238561425700, -0.1010546875000001000 ) ) ;
#4539 = CARTESIAN_POINT ( 'NONE',  ( 1.163414459189985600E-017, -0.09499999999999998700, -0.07859375000000007300 ) ) ;
#4540 = CARTESIAN_POINT ( 'NONE',  ( -0.1106723078378494100, -0.07891367896218957900, 0.1158159005952538900 ) ) ;
#4541 = CIRCLE ( 'NONE', #3745, 0.009999999999999998500 ) ;
#4542 = CARTESIAN_POINT ( 'NONE',  ( 0.007056999812922304600, -0.07839166439418966700, -0.09597551897876473200 ) ) ;
#4543 = ORIENTED_EDGE ( 'NONE', *, *, #1425, .F. ) ;
#4544 = CARTESIAN_POINT ( 'NONE',  ( 0.01588133214813710100, 0.1302807044302669600, 0.1117495405448366100 ) ) ;
#4545 = ORIENTED_EDGE ( 'NONE', *, *, #2506, .T. ) ;
#4546 = CARTESIAN_POINT ( 'NONE',  ( -0.1230028021661924700, -0.04562082312658577400, 0.1171874999999999900 ) ) ;
#4547 = ORIENTED_EDGE ( 'NONE', *, *, #509, .F. ) ;
#4548 =( GEOMETRIC_REPRESENTATION_CONTEXT ( 3 ) GLOBAL_UNCERTAINTY_ASSIGNED_CONTEXT ( ( #4196 ) ) GLOBAL_UNIT_ASSIGNED_CONTEXT ( ( #3859, #718, #3807 ) ) REPRESENTATION_CONTEXT ( 'NONE', 'WORKASPACE' ) );
#4549 = CARTESIAN_POINT ( 'NONE',  ( 0.1220696242894415600, -0.04814967872072000600, 0.1143729358293774500 ) ) ;
#4550 = CARTESIAN_POINT ( 'NONE',  ( 0.01805986710621250100, -0.1492351103596162600, 0.1171874999999999900 ) ) ;
#4551 = EDGE_LOOP ( 'NONE', ( #2208, #3896, #1848, #3602 ) ) ;
#4552 = CARTESIAN_POINT ( 'NONE',  ( -0.07470252959880233100, -1.372263206420755200E-017, 0.08546874999999996800 ) ) ;
ENDSEC;
END-ISO-10303-21;
