ISO-10303-21;
HEADER;
FILE_DESCRIPTION (( 'STEP AP203' ),
    '1' );
FILE_NAME ('92210A024_18-8 Stainless Steel Hex Drive Flat Head Screw.STEP',
    '2024-08-21T16:44:35',
    ( 'Administrator' ),
    ( 'Managed by Terraform' ),
    'SwSTEP 2.0',
    'SolidWorks 2017',
    '' );
FILE_SCHEMA (( 'CONFIG_CONTROL_DESIGN' ));
ENDSEC;

DATA;
#1 = CARTESIAN_POINT ( 'NONE',  ( 0.05750868055555189600, 0.02856381862225550900, 0.04947398511192853400 ) ) ;
#2 = AXIS2_PLACEMENT_3D ( 'NONE', #3508, #3866, #3914 ) ;
#3 = CARTESIAN_POINT ( 'NONE',  ( -0.1683404541929477700, -0.01500515477614296700, 0.05600000000000019500 ) ) ;
#4 = CARTESIAN_POINT ( 'NONE',  ( 0.03645833333332924900, -3.002725579405754300E-018, -0.04903823014923761700 ) ) ;
#5 =( BOUNDED_CURVE ( )  B_SPLINE_CURVE ( 2, ( #4361, #3280, #144, #2599, #460, #3968, #809, #2913, #1517 ),
 .UNSPECIFIED., .F., .F. ) 
 B_SPLINE_CURVE_WITH_KNOTS ( ( 3, 2, 2, 2, 3 ),
 ( 0.6527777777777777900, 0.6574074074074074400, 0.6666666666666667400, 0.6759259259259259300, 0.6805555555555555800 ),
 .UNSPECIFIED. ) 
 CURVE ( )  GEOMETRIC_REPRESENTATION_ITEM ( )  RATIONAL_B_SPLINE_CURVE ( ( 0.9330127018922194100, 0.9330127018922194100, 1.000000000000000000, 0.8660254037844387100, 1.000000000000000000, 0.8660254037844387100, 1.000000000000000000, 0.9330127018922185200, 0.9330127018922193000 ) ) 
 REPRESENTATION_ITEM ( '' )  );
#6 = CARTESIAN_POINT ( 'NONE',  ( -0.001519097222224934700, -0.02856381862225543900, 0.04947398511192856900 ) ) ;
#7 = CARTESIAN_POINT ( 'NONE',  ( -0.04166666666666948800, 0.04246835306586774200, -5.200873264717461400E-018 ) ) ;
#8 = DIRECTION ( 'NONE',  ( 1.000000000000000000, -0.0000000000000000000, -0.0000000000000000000 ) ) ;
#9 = CARTESIAN_POINT ( 'NONE',  ( -0.1139322916666690700, 0.05712763724451096200, -6.996117809434148300E-018 ) ) ;
#10 = CARTESIAN_POINT ( 'NONE',  ( -0.05121527777778043400, -0.04246835306586770700, 0.02451911507461881600 ) ) ;
#11 =( BOUNDED_CURVE ( )  B_SPLINE_CURVE ( 2, ( #157, #835, #2597, #1555, #1837, #4303, #3662, #501, #3253 ),
 .UNSPECIFIED., .F., .F. ) 
 B_SPLINE_CURVE_WITH_KNOTS ( ( 3, 2, 2, 2, 3 ),
 ( 0.2083333333333333400, 0.2129629629629629700, 0.2222222222222222100, 0.2314814814814814800, 0.2361111111111111000 ),
 .UNSPECIFIED. ) 
 CURVE ( )  GEOMETRIC_REPRESENTATION_ITEM ( )  RATIONAL_B_SPLINE_CURVE ( ( 0.9330127018922194100, 0.9330127018922195200, 1.000000000000000000, 0.8660254037844387100, 1.000000000000000000, 0.8660254037844387100, 1.000000000000000000, 0.9330127018922194100, 0.9330127018922194100 ) ) 
 REPRESENTATION_ITEM ( '' )  );
#12 = EDGE_CURVE ( 'NONE', #177, #461, #4448, .T. ) ;
#13 = CARTESIAN_POINT ( 'NONE',  ( 0.1044999999999999400, -8.537024980200822600E-017, -0.06471235217400282700 ) ) ;
#14 = CARTESIAN_POINT ( 'NONE',  ( 0.1432291666666608800, -3.002725579405752700E-018, -0.04903823014923759700 ) ) ;
#15 = CARTESIAN_POINT ( 'NONE',  ( -0.1718750000000013000, -6.976841295087851600E-017, 0.05600000000000021600 ) ) ;
#16 = CARTESIAN_POINT ( 'NONE',  ( 0.1043836805555511000, -0.05712763724451094800, 0.03298265674128572600 ) ) ;
#17 = ORIENTED_EDGE ( 'NONE', *, *, #840, .T. ) ;
#18 = CARTESIAN_POINT ( 'NONE',  ( -0.1597845458070529000, -0.01500515477614295500, -0.05600000000000020900 ) ) ;
#19 = CARTESIAN_POINT ( 'NONE',  ( -0.001736111111114596500, 0.04246835306586772800, -0.02451911507461882300 ) ) ;
#20 = CARTESIAN_POINT ( 'NONE',  ( 0.01453993055555109800, 0.02856381862225550900, 0.04947398511192853400 ) ) ;
#21 = CARTESIAN_POINT ( 'NONE',  ( -0.1032986111111129500, 0.04246835306586771400, -0.02451911507461881200 ) ) ;
#22 = ADVANCED_FACE ( 'NONE', ( #1949 ), #3731, .T. ) ;
#23 = CARTESIAN_POINT ( 'NONE',  ( -0.1208767361111134100, -0.02856381862225548800, -0.04947398511192854100 ) ) ;
#24 = EDGE_LOOP ( 'NONE', ( #3745, #4024, #2279, #298, #3889, #2950, #2894 ) ) ;
#25 = CARTESIAN_POINT ( 'NONE',  ( -0.04318576388889094200, -0.02856381862225543900, 0.04947398511192856900 ) ) ;
#26 = CARTESIAN_POINT ( 'NONE',  ( 0.03819444444444033300, 0.02123417653293386400, -0.03677867261192821500 ) ) ;
#27 = CARTESIAN_POINT ( 'NONE',  ( 0.01915954580704923700, -0.01500515477614290300, 0.05600000000000023000 ) ) ;
#28 = CARTESIAN_POINT ( 'NONE',  ( -0.006293402777781922200, 0.02856381862225550900, 0.04947398511192853400 ) ) ;
#29 = CARTESIAN_POINT ( 'NONE',  ( 0.04600694444444022200, 0.04246835306586772800, 0.02451911507461879100 ) ) ;
#30 = EDGE_LOOP ( 'NONE', ( #3447, #3948, #1495, #2002, #999, #1979, #4089, #3609, #3928, #4441, #4420, #1791, #1078, #881, #63, #2876, #3984, #4297, #3919, #2805, #3520, #1168, #4076, #1905, #1774, #1624, #1847, #1819, #3775, #4350, #2808, #158, #1654, #1301 ) ) ;
#31 = CARTESIAN_POINT ( 'NONE',  ( 0.003472222222218147200, -0.02800000000000011500, -0.04849742261192874900 ) ) ;
#32 = CARTESIAN_POINT ( 'NONE',  ( -0.1979166666666669900, -0.04246835306586774200, 0.0000000000000000000 ) ) ;
#33 = ORIENTED_EDGE ( 'NONE', *, *, #899, .F. ) ;
#34 = CARTESIAN_POINT ( 'NONE',  ( 0.01236979166666373400, 0.05712763724451096200, -6.996117809434148300E-018 ) ) ;
#35 = DIRECTION ( 'NONE',  ( 1.000000000000000000, -0.0000000000000000000, -0.0000000000000000000 ) ) ;
#36 = CARTESIAN_POINT ( 'NONE',  ( 0.003472222222218675400, 0.02123417653293388800, 0.03677867261192820800 ) ) ;
#37 = CARTESIAN_POINT ( 'NONE',  ( 0.02343749999999615600, 0.04246835306586772800, -5.200873264717459100E-018 ) ) ;
#38 = LINE ( 'NONE', #77, #2767 ) ;
#39 = EDGE_CURVE ( 'NONE', #3744, #4460, #4414, .T. ) ;
#40 = CARTESIAN_POINT ( 'NONE',  ( -0.05707465277777960800, -0.02856381862225548800, -0.04947398511192854100 ) ) ;
#41 = CARTESIAN_POINT ( 'NONE',  ( 0.09895833333332824900, -3.002725579405754300E-018, -0.04903823014923761700 ) ) ;
#42 = CARTESIAN_POINT ( 'NONE',  ( -0.1853382108882240800, 6.042402059335919700E-015, 0.04774512244510946400 ) ) ;
#43 = CARTESIAN_POINT ( 'NONE',  ( 0.01974826388888433600, -0.05712763724451094800, 0.03298265674128572600 ) ) ;
#44 = CARTESIAN_POINT ( 'NONE',  ( 0.05121527777777349500, -0.02123417653293383300, 0.03677867261192821500 ) ) ;
#45 = FACE_OUTER_BOUND ( 'NONE', #4031, .T. ) ;
#46 = CIRCLE ( 'NONE', #3171, 0.06471235217400282700 ) ;
#47 = CARTESIAN_POINT ( 'NONE',  ( 0.1030683421716176600, 0.03482356968106167100, -0.04543931624841417200 ) ) ;
#48 = CARTESIAN_POINT ( 'NONE',  ( 0.1484374999999941700, 0.04246835306586772800, -5.200873264717459100E-018 ) ) ;
#49 = VECTOR ( 'NONE', #702, 39.37007874015748100 ) ;
#50 = ORIENTED_EDGE ( 'NONE', *, *, #1844, .T. ) ;
#51 = CARTESIAN_POINT ( 'NONE',  ( 0.1443142361111060800, -0.02856381862225543900, 0.04947398511192856900 ) ) ;
#52 = CIRCLE ( 'NONE', #449, 0.03124999999999996500 ) ;
#53 = CARTESIAN_POINT ( 'NONE',  ( 0.1874999999999999700, -8.537024980200822600E-017, 0.0000000000000000000 ) ) ;
#54 = CARTESIAN_POINT ( 'NONE',  ( 0.05729166666666223700, -3.002725579405754300E-018, -0.04903823014923761700 ) ) ;
#55 = CARTESIAN_POINT ( 'NONE',  ( -0.002821180555559763900, -0.02856381862225543900, 0.04947398511192856900 ) ) ;
#56 = CARTESIAN_POINT ( 'NONE',  ( 0.03732638888888482200, -0.02123417653293386800, -0.03677867261192819400 ) ) ;
#57 = ORIENTED_EDGE ( 'NONE', *, *, #173, .T. ) ;
#58 = CARTESIAN_POINT ( 'NONE',  ( 0.1165364583333287400, 0.05712763724451096200, -6.996117809434148300E-018 ) ) ;
#59 = CARTESIAN_POINT ( 'NONE',  ( 0.09201388888888392700, -0.04246835306586772800, 0.02451911507461883300 ) ) ;
#60 = DIRECTION ( 'NONE',  ( 1.000000000000000000, -0.0000000000000000000, -0.0000000000000000000 ) ) ;
#61 = CARTESIAN_POINT ( 'NONE',  ( 0.02842881944443976700, 0.02856381862225547100, -0.04947398511192854800 ) ) ;
#62 = CARTESIAN_POINT ( 'NONE',  ( -0.06532118055555875800, -0.02856381862225543900, 0.04947398511192856900 ) ) ;
#63 = ORIENTED_EDGE ( 'NONE', *, *, #495, .T. ) ;
#64 = CARTESIAN_POINT ( 'NONE',  ( 0.1692708333333271300, 0.04246835306586772800, -5.200873264717459100E-018 ) ) ;
#65 = CARTESIAN_POINT ( 'NONE',  ( -0.1833767361111124100, -0.02856381862225548800, -0.04947398511192854100 ) ) ;
#66 =( BOUNDED_CURVE ( )  B_SPLINE_CURVE ( 2, ( #3848, #4547, #696 ),
 .UNSPECIFIED., .F., .F. ) 
 B_SPLINE_CURVE_WITH_KNOTS ( ( 3, 3 ),
 ( 0.2330702069936110300, 0.2361111111111110500 ),
 .UNSPECIFIED. ) 
 CURVE ( )  GEOMETRIC_REPRESENTATION_ITEM ( )  RATIONAL_B_SPLINE_CURVE ( ( 0.9619132059059882800, 0.9330127018922199600, 0.9330127018922194100 ) ) 
 REPRESENTATION_ITEM ( '' )  );
#67 = AXIS2_PLACEMENT_3D ( 'NONE', #537, #550, #839 ) ;
#68 = CARTESIAN_POINT ( 'NONE',  ( -0.1692708333333340900, -3.002725579405752700E-018, -0.04903823014923759700 ) ) ;
#69 = EDGE_CURVE ( 'NONE', #3274, #3272, #2837, .T. ) ;
#70 = DIRECTION ( 'NONE',  ( 0.0000000000000000000, 0.0000000000000000000, -1.000000000000000000 ) ) ;
#71 = CARTESIAN_POINT ( 'NONE',  ( 0.02322048611110649800, -0.05712763724451096200, -0.03298265674128569200 ) ) ;
#72 = CARTESIAN_POINT ( 'NONE',  ( 0.09635416666666166100, -0.04246835306586772800, 0.0000000000000000000 ) ) ;
#73 = CARTESIAN_POINT ( 'NONE',  ( 0.02799479166666348300, -4.039210500559140100E-018, -0.06596531348257138300 ) ) ;
#74 = CARTESIAN_POINT ( 'NONE',  ( 0.05208333333332899900, -0.04246835306586774200, 0.0000000000000000000 ) ) ;
#75 = CARTESIAN_POINT ( 'NONE',  ( -0.1873051049490501700, 0.03714724648481913100, 0.02705588743459723700 ) ) ;
#76 = CARTESIAN_POINT ( 'NONE',  ( -0.03233506944444818100, 0.05712763724451095500, -0.03298265674128571200 ) ) ;
#77 = CARTESIAN_POINT ( 'NONE',  ( -0.1770833333333335600, -7.851222772678303800E-017, 0.05600000000000013300 ) ) ;
#78 = DIRECTION ( 'NONE',  ( 0.0000000000000000000, 0.5000000000000001100, 0.8660254037844386000 ) ) ;
#79 = CARTESIAN_POINT ( 'NONE',  ( -0.1215277777777793400, 0.02123417653293388800, 0.03677867261192820800 ) ) ;
#80 = EDGE_LOOP ( 'NONE', ( #3807, #2459, #2700, #4438 ) ) ;
#81 = CARTESIAN_POINT ( 'NONE',  ( 0.1044999999999999400, 0.04924859762825357900, -0.02978273287443547500 ) ) ;
#82 = CARTESIAN_POINT ( 'NONE',  ( 0.1651475694444390900, -0.02856381862225543900, 0.04947398511192856900 ) ) ;
#83 = CARTESIAN_POINT ( 'NONE',  ( -0.1293402777777791800, -0.02123417653293386800, -0.03677867261192819400 ) ) ;
#84 = ORIENTED_EDGE ( 'NONE', *, *, #1844, .F. ) ;
#85 = CARTESIAN_POINT ( 'NONE',  ( 0.1119791666666614000, 9.008176738217257400E-018, 0.04903823014923759700 ) ) ;
#86 = ORIENTED_EDGE ( 'NONE', *, *, #1872, .F. ) ;
#87 = CARTESIAN_POINT ( 'NONE',  ( 0.09743923611110683100, 0.05712763724451097600, 0.03298265674128567100 ) ) ;
#88 = CARTESIAN_POINT ( 'NONE',  ( 0.1044999999999999700, -0.03568724118284815500, 0.04204843205135622200 ) ) ;
#89 = CARTESIAN_POINT ( 'NONE',  ( 0.1874999999999999700, -8.537024980200822600E-017, 0.0000000000000000000 ) ) ;
#90 = CARTESIAN_POINT ( 'NONE',  ( -0.01150173611111516200, 0.05712763724451095500, -0.03298265674128571200 ) ) ;
#91 = CARTESIAN_POINT ( 'NONE',  ( 0.1015624999999948900, -3.002725579405752700E-018, -0.04903823014923759700 ) ) ;
#92 = CARTESIAN_POINT ( 'NONE',  ( 0.1030683421713606400, 0.02535017023412400700, -0.05133372382596856200 ) ) ;
#93 = PERSON_AND_ORGANIZATION ( #3372, #2706 ) ;
#94 = CARTESIAN_POINT ( 'NONE',  ( -0.1302083333333347600, -3.002725579405754300E-018, -0.04903823014923761700 ) ) ;
#95 = CARTESIAN_POINT ( 'NONE',  ( 0.1044999999999999800, -0.004483177412525637400, -0.05737872251354080700 ) ) ;
#96 = CARTESIAN_POINT ( 'NONE',  ( 0.1321614583333284300, -4.039210500559140100E-018, -0.06596531348257138300 ) ) ;
#97 = FACE_OUTER_BOUND ( 'NONE', #2340, .T. ) ;
#98 = CARTESIAN_POINT ( 'NONE',  ( -0.1119791666666683500, -0.04246835306586772800, 0.0000000000000000000 ) ) ;
#99 = CARTESIAN_POINT ( 'NONE',  ( 0.04427083333332914500, 0.04246835306586772800, -5.200873264717459100E-018 ) ) ;
#100 = EDGE_CURVE ( 'NONE', #3143, #1111, #1822, .T. ) ;
#101 = CONICAL_SURFACE ( 'NONE', #1724, 0.1243125000000000200, 0.2394773611068421700 ) ;
#102 = CARTESIAN_POINT ( 'NONE',  ( 0.04014756944444106800, -0.02856381862225543900, 0.04947398511192856900 ) ) ;
#103 = FACE_OUTER_BOUND ( 'NONE', #4412, .T. ) ;
#104 = CARTESIAN_POINT ( 'NONE',  ( 0.1412760416666601600, 1.211763150167741700E-017, 0.06596531348257138300 ) ) ;
#105 = CARTESIAN_POINT ( 'NONE',  ( 0.1169704861111050000, 0.05712763724451097600, 0.03298265674128567100 ) ) ;
#106 = DIRECTION ( 'NONE',  ( 1.000000000000000000, -0.0000000000000000000, -0.0000000000000000000 ) ) ;
#107 = CARTESIAN_POINT ( 'NONE',  ( -0.05837673611111442200, -0.02856381862225548800, -0.04947398511192854100 ) ) ;
#108 = DIRECTION ( 'NONE',  ( 0.0000000000000000000, 0.0000000000000000000, -1.000000000000000000 ) ) ;
#109 = CARTESIAN_POINT ( 'NONE',  ( -0.01041666666667052100, 0.05600000000000021600, -6.858022075225205100E-018 ) ) ;
#110 = TOROIDAL_SURFACE ( 'NONE', #3897, 0.06471235217400275700, 0.004356176087001474400 ) ;
#111 = CARTESIAN_POINT ( 'NONE',  ( -0.05034722222222492300, -0.04246835306586774200, -0.02451911507461880500 ) ) ;
#112 = CARTESIAN_POINT ( 'NONE',  ( 0.1044999999999997600, -0.01591452247274096500, 0.05497767908107902700 ) ) ;
#113 =( GEOMETRIC_REPRESENTATION_CONTEXT ( 3 ) GLOBAL_UNCERTAINTY_ASSIGNED_CONTEXT ( ( #2101 ) ) GLOBAL_UNIT_ASSIGNED_CONTEXT ( ( #2400, #619, #653 ) ) REPRESENTATION_CONTEXT ( 'NONE', 'WORKASPACE' ) );
#114 = ORIENTED_EDGE ( 'NONE', *, *, #2879, .F. ) ;
#115 = CARTESIAN_POINT ( 'NONE',  ( -0.1310763888888902600, -0.04246835306586772100, -0.02451911507461879100 ) ) ;
#116 = CARTESIAN_POINT ( 'NONE',  ( 0.02669270833332865200, -4.039210500559140100E-018, -0.06596531348257138300 ) ) ;
#117 = CARTESIAN_POINT ( 'NONE',  ( 0.1241319444444389900, 0.02123417653293385400, -0.03677867261192820100 ) ) ;
#118 = CARTESIAN_POINT ( 'NONE',  ( 0.07139756944444056200, 0.02856381862225547100, -0.04947398511192854800 ) ) ;
#119 = CARTESIAN_POINT ( 'NONE',  ( 0.1152343749999939100, 0.05712763724451096200, -6.996117809434148300E-018 ) ) ;
#120 = CARTESIAN_POINT ( 'NONE',  ( 0.07703993055555008500, 0.02856381862225550900, 0.04947398511192853400 ) ) ;
#121 = DIRECTION ( 'NONE',  ( 0.0000000000000000000, 0.0000000000000000000, -1.000000000000000000 ) ) ;
#122 = CARTESIAN_POINT ( 'NONE',  ( -0.05729166666666926000, 9.008176738217260500E-018, 0.04903823014923761700 ) ) ;
#123 = CARTESIAN_POINT ( 'NONE',  ( 0.06863871247371404500, 0.01500515477614292000, -0.05600000000000023000 ) ) ;
#124 = CARTESIAN_POINT ( 'NONE',  ( -0.1831597222222227400, 0.04246835306586772800, 0.02451911507461878800 ) ) ;
#125 = EDGE_CURVE ( 'NONE', #3236, #3615, #2335, .T. ) ;
#126 = CARTESIAN_POINT ( 'NONE',  ( 0.05099826388888383000, 0.05712763724451095500, -0.03298265674128571200 ) ) ;
#127 = CARTESIAN_POINT ( 'NONE',  ( 0.1449652777777719300, 0.02123417653293385400, -0.03677867261192820100 ) ) ;
#128 = VERTEX_POINT ( 'NONE', #3127 ) ;
#129 = CARTESIAN_POINT ( 'NONE',  ( 0.1482204861111044700, -0.05712763724451096200, -0.03298265674128569200 ) ) ;
#130 = CARTESIAN_POINT ( 'NONE',  ( 0.1638454861111042500, -0.02856381862225543900, 0.04947398511192856900 ) ) ;
#131 = VERTEX_POINT ( 'NONE', #2732 ) ;
#132 = CARTESIAN_POINT ( 'NONE',  ( 0.1874999999999999700, -8.537024980200822600E-017, -0.05600000000000013300 ) ) ;
#133 = CARTESIAN_POINT ( 'NONE',  ( -0.09722222222222416700, -0.02123417653293384000, 0.03677867261192822900 ) ) ;
#134 = EDGE_LOOP ( 'NONE', ( #231, #1139, #1305, #4494, #3950, #4463 ) ) ;
#135 = CARTESIAN_POINT ( 'NONE',  ( -0.06684027777778019100, -0.02123417653293386800, -0.03677867261192819400 ) ) ;
#136 = ORIENTED_EDGE ( 'NONE', *, *, #1641, .T. ) ;
#137 = CARTESIAN_POINT ( 'NONE',  ( 0.1779513888888825900, -0.04246835306586770700, 0.02451911507461881900 ) ) ;
#138 = COORDINATED_UNIVERSAL_TIME_OFFSET ( 6, 0, .BEHIND. ) ;
#139 = CARTESIAN_POINT ( 'NONE',  ( 0.1044999999999990500, -0.03368497374438594900, -0.04627253238571538100 ) ) ;
#140 = CARTESIAN_POINT ( 'NONE',  ( 0.1008865670440513400, -0.03102634347620085800, 0.04711406699720222700 ) ) ;
#141 = CARTESIAN_POINT ( 'NONE',  ( 0.1447482638888823200, -0.05712763724451094800, 0.03298265674128572600 ) ) ;
#142 = CARTESIAN_POINT ( 'NONE',  ( 0.1239149305555492900, -0.05712763724451094800, 0.03298265674128572600 ) ) ;
#143 = CYLINDRICAL_SURFACE ( 'NONE', #3574, 0.05600000000000013300 ) ;
#144 = CARTESIAN_POINT ( 'NONE',  ( -0.05902777777778085700, -0.02800000000000011500, -0.04849742261192874900 ) ) ;
#145 = CARTESIAN_POINT ( 'NONE',  ( 0.06249999999999551100, 0.04246835306586774200, -5.200873264717461400E-018 ) ) ;
#146 = VECTOR ( 'NONE', #3515, 39.37007874015748100 ) ;
#147 = CARTESIAN_POINT ( 'NONE',  ( 0.07552083333332916500, 0.05600000000000021600, -6.858022075225205100E-018 ) ) ;
#148 = EDGE_CURVE ( 'NONE', #4304, #586, #250, .T. ) ;
#149 = LINE ( 'NONE', #1528, #4156 ) ;
#150 = CARTESIAN_POINT ( 'NONE',  ( -0.07899305555555775900, 0.04246835306586772800, 0.02451911507461878800 ) ) ;
#151 = ORIENTED_EDGE ( 'NONE', *, *, #4269, .T. ) ;
#152 = ORIENTED_EDGE ( 'NONE', *, *, #840, .F. ) ;
#153 = CARTESIAN_POINT ( 'NONE',  ( 0.07986111111110580400, -0.02800000000000006700, 0.04849742261192877700 ) ) ;
#154 = CARTESIAN_POINT ( 'NONE',  ( 0.1373697916666617400, 0.05712763724451096200, -6.996117809434148300E-018 ) ) ;
#155 = CARTESIAN_POINT ( 'NONE',  ( 0.08051215277777225300, -0.02856381862225543900, 0.04947398511192856900 ) ) ;
#156 = CARTESIAN_POINT ( 'NONE',  ( 0.09266493055554982100, 0.05712763724451095500, -0.03298265674128571200 ) ) ;
#157 = CARTESIAN_POINT ( 'NONE',  ( -0.1276041666666675500, -6.862466847627395900E-017, 0.05600000000000021600 ) ) ;
#158 = ORIENTED_EDGE ( 'NONE', *, *, #2822, .F. ) ;
#159 = ORIENTED_EDGE ( 'NONE', *, *, #4185, .F. ) ;
#160 = CARTESIAN_POINT ( 'NONE',  ( 0.05555555555555116000, -0.02123417653293387500, -0.03677867261192821500 ) ) ;
#161 = CARTESIAN_POINT ( 'NONE',  ( 0.05989583333332945000, -3.408358534321605800E-016, 0.05600000000000023000 ) ) ;
#162 = CARTESIAN_POINT ( 'NONE',  ( -0.02517361111111420300, -0.02123417653293386800, -0.03677867261192819400 ) ) ;
#163 = CARTESIAN_POINT ( 'NONE',  ( 0.1171874999999946700, -0.04246835306586772800, 0.0000000000000000000 ) ) ;
#164 = CARTESIAN_POINT ( 'NONE',  ( 0.09802795419294189900, 0.01500515477614277600, 0.05600000000000030600 ) ) ;
#165 = CARTESIAN_POINT ( 'NONE',  ( 0.1015630182690968500, -0.03860769059893585900, 0.04101087487901920000 ) ) ;
#166 = CARTESIAN_POINT ( 'NONE',  ( -0.1223958333333348400, 0.04246835306586772800, -5.200873264717459100E-018 ) ) ;
#167 = CARTESIAN_POINT ( 'NONE',  ( -0.1788194444444451100, -0.04246835306586772100, 0.02451911507461883300 ) ) ;
#168 = CARTESIAN_POINT ( 'NONE',  ( 0.08680555555555065400, 0.02123417653293388800, 0.03677867261192820800 ) ) ;
#169 = CARTESIAN_POINT ( 'NONE',  ( -0.001736111111114596500, 0.04246835306586772800, -0.02451911507461882300 ) ) ;
#170 = B_SPLINE_CURVE_WITH_KNOTS ( 'NONE', 3,
 ( #1993, #3786, #2010, #1677, #2364, #3095 ),
 .UNSPECIFIED., .F., .F.,
 ( 4, 2, 4 ),
 ( 2.380785658735435200E-007, 0.0004630711446423982800, 0.0009259042107189232800 ),
 .UNSPECIFIED. ) ;
#171 = AXIS2_PLACEMENT_3D ( 'NONE', #1436, #2871, #768 ) ;
#172 = CARTESIAN_POINT ( 'NONE',  ( -0.07378472222222452700, -0.02123417653293383300, 0.03677867261192821500 ) ) ;
#173 = EDGE_CURVE ( 'NONE', #3744, #2331, #523, .T. ) ;
#174 = VERTEX_POINT ( 'NONE', #1241 ) ;
#175 = CARTESIAN_POINT ( 'NONE',  ( -0.1588541666666671300, -5.261224583181003300E-017, -0.05600000000000021600 ) ) ;
#176 = CARTESIAN_POINT ( 'NONE',  ( -0.1542968750000002500, 0.05712763724451096200, -6.996117809434148300E-018 ) ) ;
#177 = VERTEX_POINT ( 'NONE', #2975 ) ;
#178 = CARTESIAN_POINT ( 'NONE',  ( 0.1023641915554691900, -0.04540415845135333700, 0.03394364123876596900 ) ) ;
#179 = CARTESIAN_POINT ( 'NONE',  ( -0.1848958333333338400, 0.04246835306586772800, -5.200873264717459100E-018 ) ) ;
#180 = CARTESIAN_POINT ( 'NONE',  ( 0.1742621527777707400, 0.02856381862225547100, -0.04947398511192854800 ) ) ;
#181 = DIRECTION ( 'NONE',  ( -0.0000000000000000000, -1.000000000000000000, -0.0000000000000000000 ) ) ;
#182 = DIRECTION ( 'NONE',  ( 0.0000000000000000000, -0.4999999999999998900, -0.8660254037844386000 ) ) ;
#183 = CARTESIAN_POINT ( 'NONE',  ( -0.02256944444444811100, -0.05600000000000019500, 0.03233161507461918700 ) ) ;
#184 = ORIENTED_EDGE ( 'NONE', *, *, #2113, .F. ) ;
#185 = CARTESIAN_POINT ( 'NONE',  ( 0.1631944444444383100, 0.02123417653293386400, -0.03677867261192821500 ) ) ;
#186 = CARTESIAN_POINT ( 'NONE',  ( -3.517254291842739000E-015, 0.04246835306586774200, -5.200873264717461400E-018 ) ) ;
#187 = DIRECTION ( 'NONE',  ( 0.0000000000000000000, -0.4999999999999998900, -0.8660254037844386000 ) ) ;
#188 = CARTESIAN_POINT ( 'NONE',  ( -0.1797883816831097600, -0.02554931953154418100, -0.04724268279218451400 ) ) ;
#189 = DATE_AND_TIME ( #1881, #1061 ) ;
#190 = CARTESIAN_POINT ( 'NONE',  ( -0.05295138888889152500, -0.02123417653293383300, 0.03677867261192821500 ) ) ;
#191 = DIRECTION ( 'NONE',  ( 0.0000000000000000000, 0.4999999999999998900, -0.8660254037844386000 ) ) ;
#192 =( BOUNDED_CURVE ( )  B_SPLINE_CURVE ( 2, ( #3681, #2282, #2637, #1243, #1627 ),
 .UNSPECIFIED., .F., .F. ) 
 B_SPLINE_CURVE_WITH_KNOTS ( ( 3, 2, 3 ),
 ( 0.9583333333333333700, 0.9629629629629630200, 0.9722222222222222100 ),
 .UNSPECIFIED. ) 
 CURVE ( )  GEOMETRIC_REPRESENTATION_ITEM ( )  RATIONAL_B_SPLINE_CURVE ( ( 0.9330127018922194100, 0.9330127018922194100, 1.000000000000000000, 0.8660254037844387100, 1.000000000000000000 ) ) 
 REPRESENTATION_ITEM ( '' )  );
#193 = CARTESIAN_POINT ( 'NONE',  ( -0.1629774305555556900, -0.05712763724451096200, -0.03298265674128569200 ) ) ;
#194 = CARTESIAN_POINT ( 'NONE',  ( -0.1258680555555570000, 0.02123417653293385400, -0.03677867261192820100 ) ) ;
#195 = CARTESIAN_POINT ( 'NONE',  ( 0.05989583333332945000, -3.408358534321605800E-016, 0.05600000000000023000 ) ) ;
#196 = CARTESIAN_POINT ( 'NONE',  ( 0.1045000000000010500, 0.04244920774622813100, 0.01531575476402764900 ) ) ;
#197 = CARTESIAN_POINT ( 'NONE',  ( 0.1666666666666604700, 0.04246835306586774200, -5.200873264717461400E-018 ) ) ;
#198 = CARTESIAN_POINT ( 'NONE',  ( 0.08680555555555065400, 0.02123417653293388800, 0.03677867261192820800 ) ) ;
#199 = CARTESIAN_POINT ( 'NONE',  ( -0.1848958333333338400, 0.04246835306586772800, -5.200873264717459100E-018 ) ) ;
#200 = EDGE_CURVE ( 'NONE', #2693, #2202, #1299, .T. ) ;
#201 = ORIENTED_EDGE ( 'NONE', *, *, #668, .T. ) ;
#202 = B_SPLINE_CURVE_WITH_KNOTS ( 'NONE', 3,
 ( #4386, #1593, #4446, #2265, #4413, #2622, #2326, #3010, #903, #859 ),
 .UNSPECIFIED., .F., .F.,
 ( 4, 2, 2, 2, 4 ),
 ( 1.852431674561958500E-017, 0.0007657137892592941000, 0.001531427578518569600, 0.002297141367777845400, 0.003062855157037120900 ),
 .UNSPECIFIED. ) ;
#203 = ORIENTED_EDGE ( 'NONE', *, *, #4509, .T. ) ;
#204 = CARTESIAN_POINT ( 'NONE',  ( 0.04774305555555129900, 0.02123417653293388100, 0.03677867261192818700 ) ) ;
#205 = CARTESIAN_POINT ( 'NONE',  ( -0.1178385416666675200, -4.039210500559140100E-018, -0.06596531348257138300 ) ) ;
#206 = ORIENTED_EDGE ( 'NONE', *, *, #3614, .T. ) ;
#207 = CARTESIAN_POINT ( 'NONE',  ( -0.1710069444444446700, 0.02800000000000013200, 0.04849742261192874200 ) ) ;
#208 = AXIS2_PLACEMENT_3D ( 'NONE', #2806, #3846, #346 ) ;
#209 = CARTESIAN_POINT ( 'NONE',  ( -0.1102430555555572900, -0.04246835306586772100, -0.02451911507461879100 ) ) ;
#210 = CARTESIAN_POINT ( 'NONE',  ( -0.1892361111111115800, 0.04246835306586772800, -0.02451911507461882300 ) ) ;
#211 = CARTESIAN_POINT ( 'NONE',  ( 0.1014472724935169800, 1.070377841536581300E-012, 0.05619957989553579800 ) ) ;
#212 = DIRECTION ( 'NONE',  ( -0.9714620748227834600, 2.904800178994059300E-017, -0.2371949349817836500 ) ) ;
#213 = CARTESIAN_POINT ( 'NONE',  ( 0.1302083333333277400, 9.008176738217260500E-018, 0.04903823014923761700 ) ) ;
#214 = CARTESIAN_POINT ( 'NONE',  ( -0.1006944444444463300, 0.02123417653293388800, 0.03677867261192820800 ) ) ;
#215 = CARTESIAN_POINT ( 'NONE',  ( 0.1163194444444391000, -0.04246835306586774200, -0.02451911507461880500 ) ) ;
#216 = CARTESIAN_POINT ( 'NONE',  ( -0.1710069444444451700, -0.02123417653293386800, -0.03677867261192819400 ) ) ;
#217 = AXIS2_PLACEMENT_3D ( 'NONE', #3687, #3721, #532 ) ;
#218 = PLANE ( 'NONE',  #1293 ) ;
#219 = CARTESIAN_POINT ( 'NONE',  ( -0.1351996527777783700, 0.05712763724451095500, -0.03298265674128571200 ) ) ;
#220 = CARTESIAN_POINT ( 'NONE',  ( -0.1727430555555558000, 0.05600000000000023000, 0.03233161507461914500 ) ) ;
#221 = DIRECTION ( 'NONE',  ( 1.000000000000000000, -0.0000000000000000000, -0.0000000000000000000 ) ) ;
#222 = CARTESIAN_POINT ( 'NONE',  ( -0.1866319444444449200, 0.04246835306586771400, -0.02451911507461881200 ) ) ;
#223 = CARTESIAN_POINT ( 'NONE',  ( 0.1874999999999999700, -8.537024980200822600E-017, 0.0000000000000000000 ) ) ;
#224 = CARTESIAN_POINT ( 'NONE',  ( -0.06510416666666857300, 2.058740054288218200E-017, 0.05600000000000020900 ) ) ;
#225 = ORIENTED_EDGE ( 'NONE', *, *, #960, .T. ) ;
#226 = EDGE_CURVE ( 'NONE', #2331, #2591, #2665, .T. ) ;
#227 = CARTESIAN_POINT ( 'NONE',  ( 0.1163194444444391000, -0.04246835306586774200, -0.02451911507461880500 ) ) ;
#228 = CARTESIAN_POINT ( 'NONE',  ( -0.07812500000000226200, 9.008176738217262000E-018, 0.04903823014923761700 ) ) ;
#229 = CARTESIAN_POINT ( 'NONE',  ( 0.1059027777777726000, 0.04246835306586775600, 0.02451911507461879100 ) ) ;
#230 = CARTESIAN_POINT ( 'NONE',  ( -0.1796875000000006100, 9.008176738217257400E-018, 0.04903823014923759700 ) ) ;
#231 = ORIENTED_EDGE ( 'NONE', *, *, #1196, .T. ) ;
#232 = EDGE_CURVE ( 'NONE', #3615, #128, #2278, .T. ) ;
#233 = ORIENTED_EDGE ( 'NONE', *, *, #2021, .F. ) ;
#234 = DIRECTION ( 'NONE',  ( 0.0000000000000000000, 0.0000000000000000000, -1.000000000000000000 ) ) ;
#235 = CARTESIAN_POINT ( 'NONE',  ( -0.06922743055555717600, 0.05712763724451097600, 0.03298265674128567100 ) ) ;
#236 = CARTESIAN_POINT ( 'NONE',  ( -0.1484375000000005800, -6.862466847627395900E-017, 0.05600000000000021600 ) ) ;
#237 = CARTESIAN_POINT ( 'NONE',  ( -0.09809027777777969100, 0.02123417653293388100, 0.03677867261192818700 ) ) ;
#238 = CARTESIAN_POINT ( 'NONE',  ( -0.08680555555555767600, 0.02123417653293386400, -0.03677867261192821500 ) ) ;
#239 = ORIENTED_EDGE ( 'NONE', *, *, #2574, .F. ) ;
#240 = APPROVAL_ROLE ( '' ) ;
#241 = AXIS2_PLACEMENT_3D ( 'NONE', #948, #4480, #1390 ) ;
#242 = DATE_AND_TIME ( #2764, #3038 ) ;
#243 = CARTESIAN_POINT ( 'NONE',  ( -0.01209045419295027100, 0.01500515477614275200, -0.05600000000000031300 ) ) ;
#244 = CARTESIAN_POINT ( 'NONE',  ( -0.1056857638888899400, -0.02856381862225543900, 0.04947398511192856900 ) ) ;
#245 = CARTESIAN_POINT ( 'NONE',  ( -0.1597222222222231500, -0.02123417653293384000, 0.03677867261192822900 ) ) ;
#246 = CARTESIAN_POINT ( 'NONE',  ( 0.1336805555555498900, -0.04246835306586772100, 0.02451911507461883300 ) ) ;
#247 = FACE_OUTER_BOUND ( 'NONE', #3751, .T. ) ;
#248 = ADVANCED_FACE ( 'NONE', ( #962 ), #110, .T. ) ;
#249 = CARTESIAN_POINT ( 'NONE',  ( -0.09114583333333535500, -0.04246835306586772800, 0.0000000000000000000 ) ) ;
#250 =( BOUNDED_CURVE ( )  B_SPLINE_CURVE ( 2, ( #2023, #301, #630, #3474, #1362, #2746, #3443, #3091, #2039 ),
 .UNSPECIFIED., .F., .F. ) 
 B_SPLINE_CURVE_WITH_KNOTS ( ( 3, 2, 2, 2, 3 ),
 ( 0.2638888888888889000, 0.2685185185185185500, 0.2777777777777777900, 0.2870370370370370300, 0.2916666666666666300 ),
 .UNSPECIFIED. ) 
 CURVE ( )  GEOMETRIC_REPRESENTATION_ITEM ( )  RATIONAL_B_SPLINE_CURVE ( ( 0.9330127018922194100, 0.9330127018922194100, 1.000000000000000000, 0.8660254037844387100, 1.000000000000000000, 0.8660254037844387100, 1.000000000000000000, 0.9330127018922197400, 0.9330127018922194100 ) ) 
 REPRESENTATION_ITEM ( '' )  );
#251 = LINE ( 'NONE', #898, #1464 ) ;
#252 = VERTEX_POINT ( 'NONE', #1911 ) ;
#253 = CARTESIAN_POINT ( 'NONE',  ( 0.1844036004556355900, 0.03313846640546912900, 0.005102492500813030100 ) ) ;
#254 = CARTESIAN_POINT ( 'NONE',  ( -0.09526909722222344500, 0.02856381862225547100, -0.04947398511192854800 ) ) ;
#255 = CARTESIAN_POINT ( 'NONE',  ( 0.006944444444440305900, 0.02800000000000009800, -0.04849742261192875600 ) ) ;
#256 = VERTEX_POINT ( 'NONE', #611 ) ;
#257 = CARTESIAN_POINT ( 'NONE',  ( -0.07725694444444668200, 0.02123417653293388100, 0.03677867261192818700 ) ) ;
#258 = CARTESIAN_POINT ( 'NONE',  ( -0.08159722222222441600, 0.04246835306586775600, 0.02451911507461879100 ) ) ;
#259 = CARTESIAN_POINT ( 'NONE',  ( 0.01736111111110681700, -0.02800000000000006700, 0.04849742261192877700 ) ) ;
#260 = VERTEX_POINT ( 'NONE', #2003 ) ;
#261 = CARTESIAN_POINT ( 'NONE',  ( -0.009548611111113925600, 0.05600000000000020900, -0.03233161507461918700 ) ) ;
#262 = CARTESIAN_POINT ( 'NONE',  ( -0.1942274305555551600, 0.05712763724451097600, 0.03298265674128567100 ) ) ;
#263 = ORIENTED_EDGE ( 'NONE', *, *, #1547, .T. ) ;
#264 = CARTESIAN_POINT ( 'NONE',  ( -0.1371527777777790900, -0.04246835306586772800, 0.02451911507461883300 ) ) ;
#265 = CARTESIAN_POINT ( 'NONE',  ( -0.1085069444444461800, -0.02123417653293386800, -0.03677867261192819400 ) ) ;
#266 = EDGE_CURVE ( 'NONE', #131, #3957, #1739, .T. ) ;
#267 = B_SPLINE_CURVE_WITH_KNOTS ( 'NONE', 3,
 ( #1990, #1273, #1630, #2641, #1231, #4099 ),
 .UNSPECIFIED., .F., .F.,
 ( 4, 2, 4 ),
 ( 2.380785663537123100E-007, 0.0004630711446426388100, 0.0009259042107189240400 ),
 .UNSPECIFIED. ) ;
#268 = CARTESIAN_POINT ( 'NONE',  ( -0.01822916666666932200, -0.05600000000000021600, 0.0000000000000000000 ) ) ;
#269 = ORIENTED_EDGE ( 'NONE', *, *, #148, .F. ) ;
#270 = DIRECTION ( 'NONE',  ( 1.000000000000000000, 0.0000000000000000000, 0.0000000000000000000 ) ) ;
#271 = CARTESIAN_POINT ( 'NONE',  ( -0.1022135416666677700, -0.05712763724451096200, 0.0000000000000000000 ) ) ;
#272 = CARTESIAN_POINT ( 'NONE',  ( -0.1778130412580369300, 0.05527029207529874500, -0.005743538578894712000 ) ) ;
#273 = AXIS2_PLACEMENT_3D ( 'NONE', #3805, #3063, #954 ) ;
#274 = CARTESIAN_POINT ( 'NONE',  ( -0.04427083333333611100, -3.002725579405752700E-018, -0.04903823014923759700 ) ) ;
#275 = CARTESIAN_POINT ( 'NONE',  ( -0.1180555555555571600, -0.02123417653293384000, 0.03677867261192822900 ) ) ;
#276 = DIRECTION ( 'NONE',  ( 1.000000000000000000, -0.0000000000000000000, -0.0000000000000000000 ) ) ;
#277 = CARTESIAN_POINT ( 'NONE',  ( -0.1712239583333348100, 1.211763150167741700E-017, 0.06596531348257138300 ) ) ;
#278 = CARTESIAN_POINT ( 'NONE',  ( -0.1247829861111118700, -0.05712763724451094800, 0.03298265674128572600 ) ) ;
#279 = CARTESIAN_POINT ( 'NONE',  ( -0.1250000000000015000, 0.04246835306586774200, -5.200873264717461400E-018 ) ) ;
#280 = CARTESIAN_POINT ( 'NONE',  ( 0.1284722222222166600, 0.02123417653293388800, 0.03677867261192820800 ) ) ;
#281 = CARTESIAN_POINT ( 'NONE',  ( -0.1171875000000016000, 9.008176738217257400E-018, 0.04903823014923759700 ) ) ;
#282 = CARTESIAN_POINT ( 'NONE',  ( -0.1805524326940339500, -0.04061556776343085200, -0.03397116653802551700 ) ) ;
#283 = CARTESIAN_POINT ( 'NONE',  ( 0.07378472222221757500, -0.04246835306586770700, 0.02451911507461881900 ) ) ;
#284 = CARTESIAN_POINT ( 'NONE',  ( -0.02756076388889119200, 0.05712763724451097600, 0.03298265674128567100 ) ) ;
#285 = ORIENTED_EDGE ( 'NONE', *, *, #3178, .F. ) ;
#286 = CARTESIAN_POINT ( 'NONE',  ( -0.07291666666666951600, 0.05600000000000021600, -6.858022075225205100E-018 ) ) ;
#287 = CARTESIAN_POINT ( 'NONE',  ( -0.006076388888892260400, -0.04246835306586772100, -0.02451911507461879100 ) ) ;
#288 = CARTESIAN_POINT ( 'NONE',  ( -0.07291666666666900300, -0.04246835306586774200, 0.0000000000000000000 ) ) ;
#289 = AXIS2_PLACEMENT_3D ( 'NONE', #2232, #1190, #4344 ) ;
#290 = CARTESIAN_POINT ( 'NONE',  ( -0.1432291666666673500, -0.05600000000000021600, 0.0000000000000000000 ) ) ;
#291 = EDGE_CURVE ( 'NONE', #3413, #4006, #2437, .T. ) ;
#292 = VERTEX_POINT ( 'NONE', #3797 ) ;
#293 = CARTESIAN_POINT ( 'NONE',  ( -0.1820746527777776000, -0.02856381862225548800, -0.04947398511192854100 ) ) ;
#294 = CARTESIAN_POINT ( 'NONE',  ( -0.05729166666666925300, 9.008176738217262000E-018, 0.04903823014923761700 ) ) ;
#295 = CARTESIAN_POINT ( 'NONE',  ( -0.09635416666666807300, -1.852866048859396600E-016, -0.05600000000000020900 ) ) ;
#296 = CARTESIAN_POINT ( 'NONE',  ( -0.1486545138888907500, -0.02856381862225543900, 0.04947398511192856900 ) ) ;
#297 = CARTESIAN_POINT ( 'NONE',  ( -0.01128472222222553400, -0.02123417653293383300, 0.03677867261192821500 ) ) ;
#298 = ORIENTED_EDGE ( 'NONE', *, *, #1697, .F. ) ;
#299 = CARTESIAN_POINT ( 'NONE',  ( 0.1050347222222170500, 0.04246835306586771400, -0.02451911507461881200 ) ) ;
#300 = CARTESIAN_POINT ( 'NONE',  ( -0.07964409722222369500, -0.05712763724451096200, -0.03298265674128569200 ) ) ;
#301 = CARTESIAN_POINT ( 'NONE',  ( -0.1058404541929487500, -0.01500515477614290300, 0.05600000000000023000 ) ) ;
#302 = CARTESIAN_POINT ( 'NONE',  ( -0.08854166666666873900, -3.002725579405754300E-018, -0.04903823014923761700 ) ) ;
#303 = CARTESIAN_POINT ( 'NONE',  ( -0.1875000000000000600, 0.04226273847211920600, 0.01613759628310376000 ) ) ;
#304 = APPROVAL_STATUS ( 'not_yet_approved' ) ;
#305 = ORIENTED_EDGE ( 'NONE', *, *, #2993, .T. ) ;
#306 = CYLINDRICAL_SURFACE ( 'NONE', #983, 0.05600000000000013300 ) ;
#307 = AXIS2_PLACEMENT_3D ( 'NONE', #939, #1365, #1696 ) ;
#308 = CARTESIAN_POINT ( 'NONE',  ( -0.1590711805555572500, 0.02856381862225547100, -0.04947398511192854800 ) ) ;
#309 = CARTESIAN_POINT ( 'NONE',  ( -0.1508246527777781000, 0.02856381862225550900, 0.04947398511192853400 ) ) ;
#310 = CARTESIAN_POINT ( 'NONE',  ( 0.02777777777777382100, -0.02123417653293384000, 0.03677867261192822900 ) ) ;
#311 = CARTESIAN_POINT ( 'NONE',  ( -0.07573784722222524900, 0.02856381862225547100, -0.04947398511192854800 ) ) ;
#312 = CARTESIAN_POINT ( 'NONE',  ( 0.02170138888888507500, 0.04246835306586771400, -0.02451911507461881200 ) ) ;
#313 = LINE ( 'NONE', #3478, #49 ) ;
#314 = ADVANCED_FACE ( 'NONE', ( #1022 ), #2779, .T. ) ;
#315 = CARTESIAN_POINT ( 'NONE',  ( 0.1171874999999946700, -0.04246835306586772800, 0.0000000000000000000 ) ) ;
#316 = CARTESIAN_POINT ( 'NONE',  ( -0.1857638888888893700, 0.04246835306586767300, 0.02451911507461883300 ) ) ;
#317 = CARTESIAN_POINT ( 'NONE',  ( 0.01063368055555265400, 0.05712763724451095500, -0.03298265674128571200 ) ) ;
#318 = ORIENTED_EDGE ( 'NONE', *, *, #2933, .F. ) ;
#319 = CARTESIAN_POINT ( 'NONE',  ( 0.08940972222221783800, -0.02800000000000011500, -0.04849742261192874900 ) ) ;
#320 = AXIS2_PLACEMENT_3D ( 'NONE', #1878, #476, #1529 ) ;
#321 = CARTESIAN_POINT ( 'NONE',  ( 0.04594462085960939600, -0.01500515477614293400, -0.05600000000000021600 ) ) ;
#322 = CARTESIAN_POINT ( 'NONE',  ( -0.03645833333333625000, 9.008176738217260500E-018, 0.04903823014923761700 ) ) ;
#323 = CARTESIAN_POINT ( 'NONE',  ( -0.09802795419294992000, 0.01500515477614308900, -0.05600000000000012600 ) ) ;
#324 = ORIENTED_EDGE ( 'NONE', *, *, #3338, .T. ) ;
#325 = CARTESIAN_POINT ( 'NONE',  ( -0.1278211805555577500, -0.02856381862225543900, 0.04947398511192856900 ) ) ;
#326 = CARTESIAN_POINT ( 'NONE',  ( -0.01367187500000252400, -4.039210500559140100E-018, -0.06596531348257138300 ) ) ;
#327 = CARTESIAN_POINT ( 'NONE',  ( 0.02256944444444058600, 0.04246835306586774900, 0.02451911507461879500 ) ) ;
#328 = CARTESIAN_POINT ( 'NONE',  ( 0.1844014850748747500, 0.03313480245836145100, -0.005108838643359765700 ) ) ;
#329 = CARTESIAN_POINT ( 'NONE',  ( -0.06184895833333658300, -0.05712763724451096200, 0.0000000000000000000 ) ) ;
#330 = CARTESIAN_POINT ( 'NONE',  ( -0.03038194444444743800, -0.04246835306586770700, 0.02451911507461881600 ) ) ;
#331 = EDGE_CURVE ( 'NONE', #1660, #568, #52, .T. ) ;
#332 = CARTESIAN_POINT ( 'NONE',  ( 0.1293402777777722400, 0.04246835306586772800, 0.02451911507461878800 ) ) ;
#333 = CARTESIAN_POINT ( 'NONE',  ( 0.05794270833332818000, 1.211763150167741700E-017, 0.06596531348257138300 ) ) ;
#334 = CARTESIAN_POINT ( 'NONE',  ( 0.07139756944444056200, 0.02856381862225547100, -0.04947398511192854800 ) ) ;
#335 = AXIS2_PLACEMENT_3D ( 'NONE', #2055, #1322, #234 ) ;
#336 = CARTESIAN_POINT ( 'NONE',  ( 0.02256944444444058600, 0.04246835306586775600, 0.02451911507461879100 ) ) ;
#337 =( BOUNDED_CURVE ( )  B_SPLINE_CURVE ( 2, ( #1376, #3153, #3472, #1013, #3125, #3832, #2070, #2097, #3506 ),
 .UNSPECIFIED., .F., .F. ) 
 B_SPLINE_CURVE_WITH_KNOTS ( ( 3, 2, 2, 2, 3 ),
 ( 0.7916666666666666300, 0.7962962962962962800, 0.8055555555555555800, 0.8148148148148147700, 0.8157536706155370500 ),
 .UNSPECIFIED. ) 
 CURVE ( )  GEOMETRIC_REPRESENTATION_ITEM ( )  RATIONAL_B_SPLINE_CURVE ( ( 0.9330127018922193000, 0.9330127018922185200, 1.000000000000000000, 0.8660254037844387100, 1.000000000000000000, 0.8660254037844387100, 1.000000000000000000, 0.9864154547049083200, 0.9755857581063184200 ) ) 
 REPRESENTATION_ITEM ( '' )  );
#338 = ADVANCED_FACE ( 'NONE', ( #3713 ), #2178, .T. ) ;
#339 = CARTESIAN_POINT ( 'NONE',  ( -0.008463541666669285500, 0.05712763724451096200, -6.996117809434148300E-018 ) ) ;
#340 = CARTESIAN_POINT ( 'NONE',  ( 0.01215277777777407300, -0.04246835306586774200, -0.02451911507461879800 ) ) ;
#341 = CARTESIAN_POINT ( 'NONE',  ( -0.08940972222222373600, 0.05600000000000023000, 0.03233161507461914500 ) ) ;
#342 = CARTESIAN_POINT ( 'NONE',  ( -0.1243489583333355900, -0.05712763724451096200, 0.0000000000000000000 ) ) ;
#343 = CARTESIAN_POINT ( 'NONE',  ( -0.01302083333333661300, 9.008176738217257400E-018, 0.04903823014923759700 ) ) ;
#344 =( BOUNDED_CURVE ( )  B_SPLINE_CURVE ( 2, ( #3337, #3692, #199, #3778, #976, #230, #2324, #2356, #2677, #4491, #216, #3389, #2370, #581, #1686, #4427, #4092, #3435, #1336, #567, #1666, #4153, #1969, #1304, #4444, #3036, #2307, #4106, #2662, #3020, #3743, #3053, #4135, #3794, #596, #2000, #929, #2019, #2690, #1268, #917, #281, #2725, #609, #3371, #1285, #265, #625, #3726, #1623, #1640, #1983, #1652, #3417, #4459, #2343, #249, #945, #3402, #3758, #4121, #4474, #3083, #2707, #3069, #959, #1319, #4561, #360, #1763, #2032, #4508, #3877, #1748, #1419, #3166, #2756, #3484, #2790, #10, #1702, #1386, #1732, #3812, #2773, #4184, #3845, #1054, #1027, #4168, #3517, #330, #4543, #3454, #2390, #2080, #2067, #2435, #2419, #990, #2050, #343, #297, #4200, #674, #2741, #3119, #643, #2457, #690, #3134, #3148, #3102, #1040, #3503, #1402, #4524, #3858, #4214, #1354, #2408, #312, #2091, #1372, #659, #2804, #709, #1010, #3466, #3828, #1718, #2130, #2162, #2486, #4288, #29, #3196, #2175, #44, #1492, #4234, #3939, #737, #1091, #1120, #2146, #3956, #1778, #1105, #3894, #394, #2112, #3909, #2473, #378, #3547, #2856, #1479, #3593, #409, #1811, #1795, #1463, #3214, #2821, #4261, #1824, #91, #424, #3184, #2840 ),
 .UNSPECIFIED., .F., .F. ) 
 B_SPLINE_CURVE_WITH_KNOTS ( ( 3, 2, 2, 2, 2, 2, 2, 2, 2, 2, 2, 2, 2, 2, 2, 2, 2, 2, 2, 2, 2, 2, 2, 2, 2, 2, 2, 2, 2, 2, 2, 2, 2, 2, 2, 2, 2, 2, 2, 2, 2, 2, 2, 2, 2, 2, 2, 2, 2, 2, 2, 2, 2, 2, 2, 2, 2, 2, 2, 2, 2, 2, 2, 2, 2, 2, 2, 2, 2, 2, 2, 2, 2, 2, 2, 2, 2, 2, 2, 2, 2, 2, 2, 2, 2, 3 ),
 ( 0.02095355275295826200, 0.02777777777777777600, 0.03703703703703703500, 0.04629629629629629400, 0.05555555555555555200, 0.06481481481481481100, 0.07407407407407407000, 0.08333333333333332900, 0.09259259259259258700, 0.1018518518518518500, 0.1111111111111111200, 0.1203703703703703600, 0.1296296296296296200, 0.1388888888888889000, 0.1481481481481481400, 0.1574074074074074100, 0.1666666666666666600, 0.1759259259259259300, 0.1851851851851851700, 0.1944444444444444500, 0.2037037037037036900, 0.2129629629629629700, 0.2222222222222222100, 0.2314814814814814800, 0.2407407407407407300, 0.2499999999999999700, 0.2592592592592592400, 0.2685185185185185500, 0.2777777777777777900, 0.2870370370370370300, 0.2962962962962962800, 0.3055555555555555800, 0.3148148148148148300, 0.3240740740740740700, 0.3333333333333333100, 0.3425925925925926200, 0.3518518518518518600, 0.3611111111111111000, 0.3703703703703703500, 0.3796296296296295900, 0.3888888888888889000, 0.3981481481481481400, 0.4074074074074073800, 0.4166666666666666900, 0.4259259259259258700, 0.4351851851851851700, 0.4444444444444444200, 0.4537037037037037800, 0.4629629629629629700, 0.4722222222222221500, 0.4814814814814814500, 0.4907407407407407600, 0.5000000000000001100, 0.5092592592592593000, 0.5185185185185184900, 0.5277777777777777900, 0.5370370370370370900, 0.5462962962962962800, 0.5555555555555555800, 0.5648148148148147700, 0.5740740740740740700, 0.5833333333333333700, 0.5925925925925925600, 0.6018518518518518600, 0.6111111111111111600, 0.6203703703703703500, 0.6296296296296296500, 0.6388888888888888400, 0.6481481481481481400, 0.6574074074074074400, 0.6666666666666665200, 0.6759259259259259300, 0.6851851851851852300, 0.6944444444444445300, 0.7037037037037037200, 0.7129629629629629100, 0.7222222222222223200, 0.7314814814814815100, 0.7407407407407407000, 0.7500000000000000000, 0.7592592592592593000, 0.7685185185185184900, 0.7777777777777777900, 0.7870370370370370900, 0.7962962962962962800, 0.7995875359964144100 ),
 .UNSPECIFIED. ) 
 CURVE ( )  GEOMETRIC_REPRESENTATION_ITEM ( )  RATIONAL_B_SPLINE_CURVE ( ( 0.9480652107225942000, 0.9012585384440930900, 1.000000000000000000, 0.8660254037844387100, 1.000000000000000000, 0.8660254037844387100, 1.000000000000000000, 0.8660254037844387100, 1.000000000000000000, 0.8660254037844387100, 1.000000000000000000, 0.8660254037844387100, 1.000000000000000000, 0.8660254037844387100, 1.000000000000000000, 0.8660254037844387100, 1.000000000000000000, 0.8660254037844387100, 1.000000000000000000, 0.8660254037844387100, 1.000000000000000000, 0.8660254037844387100, 1.000000000000000000, 0.8660254037844387100, 1.000000000000000000, 0.8660254037844387100, 1.000000000000000000, 0.8660254037844387100, 1.000000000000000000, 0.8660254037844387100, 1.000000000000000000, 0.8660254037844387100, 1.000000000000000000, 0.8660254037844387100, 1.000000000000000000, 0.8660254037844387100, 1.000000000000000000, 0.8660254037844387100, 1.000000000000000000, 0.8660254037844387100, 1.000000000000000000, 0.8660254037844387100, 1.000000000000000000, 0.8660254037844387100, 1.000000000000000000, 0.8660254037844387100, 1.000000000000000000, 0.8660254037844387100, 1.000000000000000000, 0.8660254037844387100, 1.000000000000000000, 0.8660254037844387100, 1.000000000000000000, 0.8660254037844387100, 1.000000000000000000, 0.8660254037844387100, 1.000000000000000000, 0.8660254037844387100, 1.000000000000000000, 0.8660254037844387100, 1.000000000000000000, 0.8660254037844387100, 1.000000000000000000, 0.8660254037844387100, 1.000000000000000000, 0.8660254037844387100, 1.000000000000000000, 0.8660254037844387100, 1.000000000000000000, 0.8660254037844387100, 1.000000000000000000, 0.8660254037844387100, 1.000000000000000000, 0.8660254037844387100, 1.000000000000000000, 0.8660254037844387100, 1.000000000000000000, 0.8660254037844387100, 1.000000000000000000, 0.8660254037844387100, 1.000000000000000000, 0.8660254037844387100, 1.000000000000000000, 0.8660254037844387100, 1.000000000000000000, 0.8660254037844387100, 1.000000000000000000, 0.8660254037844387100, 1.000000000000000000, 0.8660254037844387100, 1.000000000000000000, 0.8660254037844387100, 1.000000000000000000, 0.8660254037844387100, 1.000000000000000000, 0.8660254037844387100, 1.000000000000000000, 0.8660254037844387100, 1.000000000000000000, 0.8660254037844387100, 1.000000000000000000, 0.8660254037844387100, 1.000000000000000000, 0.8660254037844387100, 1.000000000000000000, 0.8660254037844387100, 1.000000000000000000, 0.8660254037844387100, 1.000000000000000000, 0.8660254037844387100, 1.000000000000000000, 0.8660254037844387100, 1.000000000000000000, 0.8660254037844387100, 1.000000000000000000, 0.8660254037844387100, 1.000000000000000000, 0.8660254037844387100, 1.000000000000000000, 0.8660254037844387100, 1.000000000000000000, 0.8660254037844387100, 1.000000000000000000, 0.8660254037844387100, 1.000000000000000000, 0.8660254037844387100, 1.000000000000000000, 0.8660254037844387100, 1.000000000000000000, 0.8660254037844387100, 1.000000000000000000, 0.8660254037844387100, 1.000000000000000000, 0.8660254037844387100, 1.000000000000000000, 0.8660254037844387100, 1.000000000000000000, 0.8660254037844387100, 1.000000000000000000, 0.8660254037844387100, 1.000000000000000000, 0.8660254037844387100, 1.000000000000000000, 0.8660254037844387100, 1.000000000000000000, 0.8660254037844387100, 1.000000000000000000, 0.8660254037844387100, 1.000000000000000000, 0.8660254037844387100, 1.000000000000000000, 0.8660254037844387100, 1.000000000000000000, 0.8660254037844387100, 1.000000000000000000, 0.8660254037844387100, 1.000000000000000000, 0.8660254037844387100, 1.000000000000000000, 0.8660254037844387100, 1.000000000000000000, 0.8660254037844387100, 1.000000000000000000, 0.8660254037844387100, 1.000000000000000000, 0.8660254037844387100, 1.000000000000000000, 0.8660254037844387100, 1.000000000000000000, 0.9523782089338310700, 0.9386111194067654500 ) ) 
 REPRESENTATION_ITEM ( '' )  );
#345 = VERTEX_POINT ( 'NONE', #677 ) ;
#346 = DIRECTION ( 'NONE',  ( -0.0000000000000000000, 0.0000000000000000000, -1.000000000000000000 ) ) ;
#347 = CARTESIAN_POINT ( 'NONE',  ( -0.1684027777777785700, 0.04246835306586772800, -0.02451911507461882300 ) ) ;
#348 = ORIENTED_EDGE ( 'NONE', *, *, #4320, .T. ) ;
#349 = CARTESIAN_POINT ( 'NONE',  ( 0.07834201388888488400, 0.02856381862225550900, 0.04947398511192853400 ) ) ;
#350 = CARTESIAN_POINT ( 'NONE',  ( -0.06423611111111358900, 0.04246835306586772800, -0.02451911507461882300 ) ) ;
#351 = VERTEX_POINT ( 'NONE', #1720 ) ;
#352 = CARTESIAN_POINT ( 'NONE',  ( 0.1044999999999999300, 0.04222222853460239800, 0.004565570030018686900 ) ) ;
#353 = EDGE_CURVE ( 'NONE', #3535, #4304, #1952, .T. ) ;
#354 = ORIENTED_EDGE ( 'NONE', *, *, #2404, .F. ) ;
#355 = CARTESIAN_POINT ( 'NONE',  ( -0.08485243055555694000, -0.02856381862225543900, 0.04947398511192856900 ) ) ;
#356 = CARTESIAN_POINT ( 'NONE',  ( -0.02951388888889193400, -0.04246835306586774200, -0.02451911507461879800 ) ) ;
#357 = CARTESIAN_POINT ( 'NONE',  ( -0.1285345458070534000, 0.01500515477614290500, 0.05600000000000023700 ) ) ;
#358 = COORDINATED_UNIVERSAL_TIME_OFFSET ( 6, 0, .BEHIND. ) ;
#359 = CARTESIAN_POINT ( 'NONE',  ( -0.1035156250000025800, -0.05712763724451096200, 0.0000000000000000000 ) ) ;
#360 = CARTESIAN_POINT ( 'NONE',  ( -0.07031250000000234500, -0.04246835306586772800, 0.0000000000000000000 ) ) ;
#361 = CARTESIAN_POINT ( 'NONE',  ( -0.003472222222226203700, -0.02800000000000006700, 0.04849742261192877700 ) ) ;
#362 = VECTOR ( 'NONE', #212, 39.37007874015748100 ) ;
#363 = ADVANCED_FACE ( 'NONE', ( #698, #3116 ), #3135, .T. ) ;
#364 = CARTESIAN_POINT ( 'NONE',  ( -0.1649305555555564400, 0.04246835306586775600, 0.02451911507461879100 ) ) ;
#365 = CARTESIAN_POINT ( 'NONE',  ( 0.008897569444441574800, 0.02856381862225547100, -0.04947398511192854800 ) ) ;
#366 = FACE_OUTER_BOUND ( 'NONE', #1506, .T. ) ;
#367 = CARTESIAN_POINT ( 'NONE',  ( -0.1588541666666671300, -5.261224583181003900E-017, -0.05600000000000020900 ) ) ;
#368 = CARTESIAN_POINT ( 'NONE',  ( 0.005208333333329755200, 9.008176738217260500E-018, 0.04903823014923761700 ) ) ;
#369 = CARTESIAN_POINT ( 'NONE',  ( -0.1354166666666685200, 0.05600000000000021600, -6.858022075225205100E-018 ) ) ;
#370 = CYLINDRICAL_SURFACE ( 'NONE', #3594, 0.05600000000000013300 ) ;
#371 = CARTESIAN_POINT ( 'NONE',  ( -0.1050347222222240100, 0.02123417653293385400, -0.03677867261192820100 ) ) ;
#372 = VERTEX_POINT ( 'NONE', #1766 ) ;
#373 = CARTESIAN_POINT ( 'NONE',  ( 0.0002170138888861445200, -0.05712763724451094800, 0.03298265674128572600 ) ) ;
#374 = VECTOR ( 'NONE', #4495, 39.37007874015748100 ) ;
#375 = CARTESIAN_POINT ( 'NONE',  ( 0.07118055555555090300, -0.04246835306586772800, 0.02451911507461883300 ) ) ;
#376 = CARTESIAN_POINT ( 'NONE',  ( 0.02690972222221884500, -0.02800000000000011500, -0.04849742261192874900 ) ) ;
#377 = CARTESIAN_POINT ( 'NONE',  ( -0.02191840277778167200, -0.05712763724451094800, 0.03298265674128572600 ) ) ;
#378 = CARTESIAN_POINT ( 'NONE',  ( 0.07899305555555083400, -0.02123417653293386800, -0.03677867261192819400 ) ) ;
#379 = DIRECTION ( 'NONE',  ( 1.000000000000000000, 0.0000000000000000000, 0.0000000000000000000 ) ) ;
#380 = VERTEX_POINT ( 'NONE', #13 ) ;
#381 = CARTESIAN_POINT ( 'NONE',  ( -0.1458333333333345100, 0.04246835306586774200, -5.200873264717461400E-018 ) ) ;
#382 = CARTESIAN_POINT ( 'NONE',  ( 0.05056423611110754500, 0.02856381862225547100, -0.04947398511192854800 ) ) ;
#383 = ORIENTED_EDGE ( 'NONE', *, *, #925, .T. ) ;
#384 = AXIS2_PLACEMENT_3D ( 'NONE', #2048, #2388, #3146 ) ;
#385 = DIRECTION ( 'NONE',  ( 1.000000000000000000, 0.0000000000000000000, -0.0000000000000000000 ) ) ;
#386 = EDGE_CURVE ( 'NONE', #3272, #1086, #2011, .T. ) ;
#387 = CARTESIAN_POINT ( 'NONE',  ( 0.02777777777777382100, -0.02123417653293384000, 0.03677867261192822900 ) ) ;
#388 = CARTESIAN_POINT ( 'NONE',  ( 0.09722222222221663100, 0.02800000000000013200, 0.04849742261192873500 ) ) ;
#389 = CARTESIAN_POINT ( 'NONE',  ( 0.04774305555555129900, 0.02123417653293388100, 0.03677867261192818700 ) ) ;
#390 = CARTESIAN_POINT ( 'NONE',  ( -0.04492187500000201900, 1.211763150167741700E-017, 0.06596531348257138300 ) ) ;
#391 = CARTESIAN_POINT ( 'NONE',  ( 0.05381944444444007600, -0.04246835306586774200, -0.02451911507461879800 ) ) ;
#392 = CARTESIAN_POINT ( 'NONE',  ( -0.03559027777778018400, -0.02800000000000011500, -0.04849742261192874900 ) ) ;
#393 = CARTESIAN_POINT ( 'NONE',  ( 0.009331597222217826200, 0.05712763724451095500, -0.03298265674128571200 ) ) ;
#394 = CARTESIAN_POINT ( 'NONE',  ( 0.07204861111110648400, -0.02123417653293383300, 0.03677867261192821500 ) ) ;
#395 = EDGE_CURVE ( 'NONE', #1719, #725, #3997, .T. ) ;
#396 = DIRECTION ( 'NONE',  ( 0.7547095802227669100, 8.034405899049525300E-017, 0.6560590289905131600 ) ) ;
#397 = CARTESIAN_POINT ( 'NONE',  ( -0.1892361111111115800, 0.04246835306586772800, -0.02451911507461882300 ) ) ;
#398 = CARTESIAN_POINT ( 'NONE',  ( 0.1529947916666614700, -4.039210500559140100E-018, -0.06596531348257138300 ) ) ;
#399 =( BOUNDED_CURVE ( )  B_SPLINE_CURVE ( 2, ( #2969, #477, #822, #4316, #1177, #3636, #867, #3318, #1216 ),
 .UNSPECIFIED., .F., .F. ) 
 B_SPLINE_CURVE_WITH_KNOTS ( ( 3, 2, 2, 2, 3 ),
 ( 0.3750000000000000000, 0.3796296296296296500, 0.3888888888888889000, 0.3981481481481481400, 0.4027777777777777300 ),
 .UNSPECIFIED. ) 
 CURVE ( )  GEOMETRIC_REPRESENTATION_ITEM ( )  RATIONAL_B_SPLINE_CURVE ( ( 0.9330127018922194100, 0.9330127018922194100, 1.000000000000000000, 0.8660254037844387100, 1.000000000000000000, 0.8660254037844387100, 1.000000000000000000, 0.9330127018922197400, 0.9330127018922194100 ) ) 
 REPRESENTATION_ITEM ( '' )  );
#400 = DIRECTION ( 'NONE',  ( 0.0000000000000000000, 0.0000000000000000000, -1.000000000000000000 ) ) ;
#401 = CARTESIAN_POINT ( 'NONE',  ( 0.06076388888888440600, 0.04246835306586772800, -0.02451911507461882300 ) ) ;
#402 = CARTESIAN_POINT ( 'NONE',  ( 0.08854166666666121700, -3.682857208226702500E-016, -0.05600000000000023000 ) ) ;
#403 = CARTESIAN_POINT ( 'NONE',  ( 0.01649305555555180500, -0.02123417653293386800, -0.03677867261192819400 ) ) ;
#404 = ORIENTED_EDGE ( 'NONE', *, *, #2962, .T. ) ;
#405 = CARTESIAN_POINT ( 'NONE',  ( 0.09917534722221790800, 0.02856381862225550900, 0.04947398511192853400 ) ) ;
#406 = CARTESIAN_POINT ( 'NONE',  ( 0.06141493055555034800, -0.05712763724451094800, 0.03298265674128572600 ) ) ;
#407 = CARTESIAN_POINT ( 'NONE',  ( -0.1860696221146294300, 0.01563570570000472400, 0.04451704213874973400 ) ) ;
#408 = CARTESIAN_POINT ( 'NONE',  ( -0.05143229166667008500, 0.05712763724451096200, -6.996117809434148300E-018 ) ) ;
#409 = CARTESIAN_POINT ( 'NONE',  ( 0.08767361111110623400, 0.04246835306586772800, 0.02451911507461879100 ) ) ;
#410 = ORIENTED_EDGE ( 'NONE', *, *, #3824, .F. ) ;
#411 = ADVANCED_FACE ( 'NONE', ( #3055 ), #2064, .T. ) ;
#412 = CARTESIAN_POINT ( 'NONE',  ( 0.1501736111111052500, 0.04246835306586772800, 0.02451911507461878800 ) ) ;
#413 = AXIS2_PLACEMENT_3D ( 'NONE', #3396, #3077, #1297 ) ;
#414 = EDGE_LOOP ( 'NONE', ( #1337, #4346, #233, #1880, #1445, #2125, #4204, #2614, #897, #383, #533, #151, #1050, #1864, #1550, #136, #2196, #201, #2233, #1294, #1873, #2234, #1974, #1108, #3925, #914, #2149, #2316, #2589, #3037, #2640, #3279, #1422, #2439, #84, #3839 ) ) ;
#415 = CARTESIAN_POINT ( 'NONE',  ( -0.1764322916666680700, 0.05712763724451096200, -6.996117809434148300E-018 ) ) ;
#416 = CARTESIAN_POINT ( 'NONE',  ( -0.1744791666666673500, -0.04246835306586772800, 0.0000000000000000000 ) ) ;
#417 = CARTESIAN_POINT ( 'NONE',  ( 0.1044999999999999700, 0.03028844041051312700, -0.03129341686471481800 ) ) ;
#418 = CARTESIAN_POINT ( 'NONE',  ( 0.1050347222222170500, 0.04246835306586771400, -0.02451911507461881200 ) ) ;
#419 = EDGE_CURVE ( 'NONE', #3249, #256, #3383, .T. ) ;
#420 = CARTESIAN_POINT ( 'NONE',  ( 0.03146701388888564100, 0.05712763724451095500, -0.03298265674128571200 ) ) ;
#421 = CARTESIAN_POINT ( 'NONE',  ( 0.04340277777777357100, 0.04246835306586774900, 0.02451911507461879500 ) ) ;
#422 = CARTESIAN_POINT ( 'NONE',  ( -0.1874999999999999700, 0.03906087301972640400, 0.02349656308302553600 ) ) ;
#423 = CARTESIAN_POINT ( 'NONE',  ( 0.02148437499999541300, -0.05712763724451096200, 0.0000000000000000000 ) ) ;
#424 = CARTESIAN_POINT ( 'NONE',  ( 0.1032986111111059700, 0.02123417653293385400, -0.03677867261192820100 ) ) ;
#425 = FACE_OUTER_BOUND ( 'NONE', #2664, .T. ) ;
#426 = CARTESIAN_POINT ( 'NONE',  ( 0.1030683421713643300, 0.02864193354931940000, 0.04956903459669924400 ) ) ;
#427 = CARTESIAN_POINT ( 'NONE',  ( -0.1059027777777795900, 0.04246835306586772800, -0.02451911507461882300 ) ) ;
#428 = FACE_OUTER_BOUND ( 'NONE', #4334, .T. ) ;
#429 = CARTESIAN_POINT ( 'NONE',  ( 0.07638888888888364900, 0.02800000000000013200, 0.04849742261192873500 ) ) ;
#430 = CARTESIAN_POINT ( 'NONE',  ( -0.1816406250000013300, -4.039210500559140100E-018, -0.06596531348257138300 ) ) ;
#431 = CARTESIAN_POINT ( 'NONE',  ( -0.1241319444444459200, 0.04246835306586771400, -0.02451911507461881200 ) ) ;
#432 = CARTESIAN_POINT ( 'NONE',  ( 0.01822916666666288600, -3.002725579405752700E-018, -0.04903823014923759700 ) ) ;
#433 = VERTEX_POINT ( 'NONE', #3469 ) ;
#434 = CARTESIAN_POINT ( 'NONE',  ( 0.1321614583333284300, -4.039210500559140100E-018, -0.06596531348257138300 ) ) ;
#435 = CARTESIAN_POINT ( 'NONE',  ( 0.1044999999999995900, -0.01617981446038432500, 0.05049406103378404500 ) ) ;
#436 = CARTESIAN_POINT ( 'NONE',  ( -0.04427083333333556300, -1.578367374954300700E-016, 0.05600000000000021600 ) ) ;
#437 = CARTESIAN_POINT ( 'NONE',  ( -0.004557291666670843300, 1.211763150167741700E-017, 0.06596531348257138300 ) ) ;
#438 = CARTESIAN_POINT ( 'NONE',  ( 0.1874999999999999700, -8.537024980200822600E-017, -0.05600000000000013300 ) ) ;
#439 = ORIENTED_EDGE ( 'NONE', *, *, #3048, .F. ) ;
#440 = CARTESIAN_POINT ( 'NONE',  ( 0.1030683421713606300, 0.03771704566528885600, 0.04307064345956777800 ) ) ;
#441 = CARTESIAN_POINT ( 'NONE',  ( -0.1163194444444461000, -0.04246835306586772100, 0.02451911507461883300 ) ) ;
#442 = CARTESIAN_POINT ( 'NONE',  ( 0.02951388888888440900, 0.05600000000000020900, -0.03233161507461918700 ) ) ;
#443 = CARTESIAN_POINT ( 'NONE',  ( 0.1833132938681205100, 1.416633130274416200E-014, 0.03125000000000002800 ) ) ;
#444 = EDGE_CURVE ( 'NONE', #877, #3615, #900, .T. ) ;
#445 = CARTESIAN_POINT ( 'NONE',  ( 0.1310763888888833200, 0.02123417653293388100, 0.03677867261192818700 ) ) ;
#446 = CARTESIAN_POINT ( 'NONE',  ( 0.04535590277777430700, -0.05712763724451096200, -0.03298265674128569200 ) ) ;
#447 = CARTESIAN_POINT ( 'NONE',  ( 0.1134982638888828200, 0.05712763724451095500, -0.03298265674128571200 ) ) ;
#448 = CARTESIAN_POINT ( 'NONE',  ( 0.06662326388888358000, -0.02856381862225548800, -0.04947398511192854100 ) ) ;
#449 = AXIS2_PLACEMENT_3D ( 'NONE', #2458, #379, #4562 ) ;
#450 = CARTESIAN_POINT ( 'NONE',  ( 0.1030683421713677500, 0.01494511429072457900, 0.05564078409688729500 ) ) ;
#451 = CARTESIAN_POINT ( 'NONE',  ( -0.08854166666666873900, -3.002725579405754300E-018, -0.04903823014923761700 ) ) ;
#452 = EDGE_LOOP ( 'NONE', ( #4256, #2401 ) ) ;
#453 = CARTESIAN_POINT ( 'NONE',  ( 0.03552795419294289100, 0.01500515477614294700, 0.05600000000000020900 ) ) ;
#454 = CARTESIAN_POINT ( 'NONE',  ( -0.09982638888889076900, 0.04246835306586772800, 0.02451911507461878800 ) ) ;
#455 = ORIENTED_EDGE ( 'NONE', *, *, #266, .T. ) ;
#456 = VERTEX_POINT ( 'NONE', #1465 ) ;
#457 = CARTESIAN_POINT ( 'NONE',  ( 0.1030683421713604300, -0.04936458353729121500, 0.02875247518615107000 ) ) ;
#458 = CARTESIAN_POINT ( 'NONE',  ( 0.1204427083333271700, 1.211763150167741700E-017, 0.06596531348257138300 ) ) ;
#459 = CARTESIAN_POINT ( 'NONE',  ( 0.1586371527777710500, 0.05712763724451097600, 0.03298265674128567100 ) ) ;
#460 = CARTESIAN_POINT ( 'NONE',  ( -0.06250000000000301100, -0.05600000000000021600, 0.0000000000000000000 ) ) ;
#461 = VERTEX_POINT ( 'NONE', #2505 ) ;
#462 = CARTESIAN_POINT ( 'NONE',  ( -0.03472222222222517300, -0.02123417653293384000, 0.03677867261192822900 ) ) ;
#463 = CARTESIAN_POINT ( 'NONE',  ( 0.1044999999999998000, 0.002700492219832699400, -0.05748945101682459400 ) ) ;
#464 = EDGE_CURVE ( 'NONE', #4281, #2152, #3003, .T. ) ;
#465 = VECTOR ( 'NONE', #3608, 39.37007874015748100 ) ;
#466 = CARTESIAN_POINT ( 'NONE',  ( -0.09635416666666861400, 9.008176738217257400E-018, 0.04903823014923759700 ) ) ;
#467 = CARTESIAN_POINT ( 'NONE',  ( -0.1180555555555576600, 0.02800000000000009800, -0.04849742261192875600 ) ) ;
#468 = EDGE_CURVE ( 'NONE', #4165, #3859, #1518, .T. ) ;
#469 = CYLINDRICAL_SURFACE ( 'NONE', #3282, 0.05600000000000013300 ) ;
#470 = CARTESIAN_POINT ( 'NONE',  ( 0.1599392361111058000, 0.05712763724451097600, 0.03298265674128567100 ) ) ;
#471 = CIRCLE ( 'NONE', #241, 0.1243125000000000200 ) ;
#473 = CARTESIAN_POINT ( 'NONE',  ( 0.1586371527777710500, 0.05712763724451097600, 0.03298265674128567100 ) ) ;
#472 =( BOUNDED_CURVE ( )  B_SPLINE_CURVE ( 2, ( #981, #2085, #2465, #3524, #369, #3838, #3175, #3820, #1429 ),
 .UNSPECIFIED., .F., .F. ) 
 B_SPLINE_CURVE_WITH_KNOTS ( ( 3, 2, 2, 2, 3 ),
 ( 0.8472222222222222100, 0.8518518518518518600, 0.8611111111111111600, 0.8703703703703703500, 0.8750000000000000000 ),
 .UNSPECIFIED. ) 
 CURVE ( )  GEOMETRIC_REPRESENTATION_ITEM ( )  RATIONAL_B_SPLINE_CURVE ( ( 0.9330127018922194100, 0.9330127018922194100, 1.000000000000000000, 0.8660254037844387100, 1.000000000000000000, 0.8660254037844387100, 1.000000000000000000, 0.9330127018922194100, 0.9330127018922194100 ) ) 
 REPRESENTATION_ITEM ( '' )  );
#474 = CARTESIAN_POINT ( 'NONE',  ( 0.1655815972222153500, -0.05712763724451094800, 0.03298265674128572600 ) ) ;
#475 = DIRECTION ( 'NONE',  ( 0.0000000000000000000, 0.0000000000000000000, -1.000000000000000000 ) ) ;
#476 = DIRECTION ( 'NONE',  ( 1.000000000000000000, -0.0000000000000000000, -0.0000000000000000000 ) ) ;
#477 = CARTESIAN_POINT ( 'NONE',  ( -0.06417378752628275000, -0.01500515477614290300, 0.05600000000000023000 ) ) ;
#478 = ORIENTED_EDGE ( 'NONE', *, *, #2075, .F. ) ;
#479 = CARTESIAN_POINT ( 'NONE',  ( -0.09375000000000199800, -0.04246835306586774200, 0.0000000000000000000 ) ) ;
#480 = CARTESIAN_POINT ( 'NONE',  ( 0.1874999999999999700, -8.537024980200822600E-017, 0.1243125000000000200 ) ) ;
#481 = ORIENTED_EDGE ( 'NONE', *, *, #232, .F. ) ;
#482 = CARTESIAN_POINT ( 'NONE',  ( -0.03385416666666960000, 9.008176738217257400E-018, 0.04903823014923759700 ) ) ;
#483 = CARTESIAN_POINT ( 'NONE',  ( 0.1744791666666603800, 9.008176738217257400E-018, 0.04903823014923759700 ) ) ;
#484 = CARTESIAN_POINT ( 'NONE',  ( -0.03819444444444785500, -0.02800000000000011500, -0.04849742261192874900 ) ) ;
#485 = ORIENTED_EDGE ( 'NONE', *, *, #1444, .F. ) ;
#486 = CARTESIAN_POINT ( 'NONE',  ( 0.1512586805555503900, -0.02856381862225548800, -0.04947398511192854100 ) ) ;
#487 = CARTESIAN_POINT ( 'NONE',  ( 0.08572048611110548400, -0.05712763724451096200, -0.03298265674128569200 ) ) ;
#488 = CARTESIAN_POINT ( 'NONE',  ( 0.06835937499999465700, -4.039210500559140100E-018, -0.06596531348257138300 ) ) ;
#489 = CARTESIAN_POINT ( 'NONE',  ( -0.08246527777777938600, -0.05600000000000020200, 0.03233161507461920100 ) ) ;
#490 = CARTESIAN_POINT ( 'NONE',  ( 0.1744451876629005100, -8.537024980200822600E-017, 0.1275000000000000900 ) ) ;
#491 = CARTESIAN_POINT ( 'NONE',  ( 0.1324999999999999800, 7.393280505596267100E-018, 0.03125000000000002800 ) ) ;
#492 = CARTESIAN_POINT ( 'NONE',  ( -0.003472222222225675900, 0.02123417653293386400, -0.03677867261192821500 ) ) ;
#493 = CARTESIAN_POINT ( 'NONE',  ( 0.07124287914038174300, 0.01500515477614275200, -0.05600000000000031300 ) ) ;
#494 = CARTESIAN_POINT ( 'NONE',  ( -0.02343750000000308800, -3.002725579405752700E-018, -0.04903823014923759700 ) ) ;
#495 = EDGE_CURVE ( 'NONE', #1086, #2430, #3120, .T. ) ;
#496 = CARTESIAN_POINT ( 'NONE',  ( 0.07812499999999476800, -3.396921089575560800E-016, 0.05600000000000023000 ) ) ;
#497 = DIRECTION ( 'NONE',  ( 0.4999999999999979500, 1.060575238724908000E-016, 0.8660254037844397100 ) ) ;
#498 = CARTESIAN_POINT ( 'NONE',  ( 0.06662326388888358000, -0.02856381862225548800, -0.04947398511192854100 ) ) ;
#499 = CARTESIAN_POINT ( 'NONE',  ( 0.1065538194444385200, -0.05712763724451096200, -0.03298265674128569200 ) ) ;
#500 = CARTESIAN_POINT ( 'NONE',  ( 0.1874999999999999700, -8.537024980200822600E-017, -0.05600000000000013300 ) ) ;
#501 = CARTESIAN_POINT ( 'NONE',  ( -0.1181178791403868800, -0.01500515477614293400, -0.05600000000000021600 ) ) ;
#502 = ORIENTED_EDGE ( 'NONE', *, *, #1499, .F. ) ;
#503 = CARTESIAN_POINT ( 'NONE',  ( -0.1458333333333350100, -0.05600000000000021600, 0.0000000000000000000 ) ) ;
#504 = CARTESIAN_POINT ( 'NONE',  ( 0.06076388888888440600, 0.04246835306586772800, -0.02451911507461882300 ) ) ;
#505 = DIRECTION ( 'NONE',  ( 1.000000000000000000, -0.0000000000000000000, -0.0000000000000000000 ) ) ;
#506 = ORIENTED_EDGE ( 'NONE', *, *, #1315, .F. ) ;
#507 = CARTESIAN_POINT ( 'NONE',  ( -0.01475694444444769100, 0.02123417653293388100, 0.03677867261192818700 ) ) ;
#508 = ORIENTED_EDGE ( 'NONE', *, *, #200, .T. ) ;
#509 = CARTESIAN_POINT ( 'NONE',  ( -0.1838107638888886500, -0.05712763724451096200, -0.03298265674128569200 ) ) ;
#510 = CARTESIAN_POINT ( 'NONE',  ( 0.1874999999999999700, -7.851222772678303800E-017, 0.05600000000000013300 ) ) ;
#511 = CARTESIAN_POINT ( 'NONE',  ( -0.1710069444444451700, -0.02123417653293386800, -0.03677867261192819400 ) ) ;
#512 = CARTESIAN_POINT ( 'NONE',  ( -0.03298611111111462300, 0.05600000000000020900, -0.03233161507461918700 ) ) ;
#513 = CARTESIAN_POINT ( 'NONE',  ( 0.1833132938682602000, -0.006093239277281449800, 0.03125000000000002800 ) ) ;
#514 = CARTESIAN_POINT ( 'NONE',  ( -0.02343750000000259200, 2.058740054288218200E-017, 0.05600000000000020900 ) ) ;
#515 = DATE_AND_TIME ( #569, #1224 ) ;
#516 = DIRECTION ( 'NONE',  ( 0.4999999999999979500, 1.060575238724908000E-016, 0.8660254037844397100 ) ) ;
#517 = CARTESIAN_POINT ( 'NONE',  ( 0.1458333333333275100, 0.04246835306586774200, -5.200873264717461400E-018 ) ) ;
#518 = CARTESIAN_POINT ( 'NONE',  ( 0.02256944444444058600, 0.04246835306586775600, 0.02451911507461879100 ) ) ;
#519 = AXIS2_PLACEMENT_3D ( 'NONE', #4014, #3306, #2648 ) ;
#520 = EDGE_CURVE ( 'NONE', #2490, #4221, #911, .T. ) ;
#521 = CARTESIAN_POINT ( 'NONE',  ( -0.1781505325506454500, 0.01455861169667314200, -0.05309371937753341900 ) ) ;
#522 = VECTOR ( 'NONE', #1157, 39.37007874015748100 ) ;
#523 = B_SPLINE_CURVE_WITH_KNOTS ( 'NONE', 3,
 ( #649, #3422, #1324, #4175, #4530, #4510, #521, #1357, #3693, #992 ),
 .UNSPECIFIED., .F., .F.,
 ( 4, 2, 2, 2, 4 ),
 ( 3.618637432849546200E-017, 0.0002774247884867656400, 0.0005548495769734950800, 0.0008322743654602245100, 0.001109699153946953900 ),
 .UNSPECIFIED. ) ;
#524 = CARTESIAN_POINT ( 'NONE',  ( -0.01302083333333661300, 9.008176738217257400E-018, 0.04903823014923759700 ) ) ;
#525 = FACE_OUTER_BOUND ( 'NONE', #1571, .T. ) ;
#526 = LINE ( 'NONE', #2905, #3496 ) ;
#527 = CARTESIAN_POINT ( 'NONE',  ( -0.1490885416666670200, 1.211763150167741700E-017, 0.06596531348257138300 ) ) ;
#528 = CARTESIAN_POINT ( 'NONE',  ( 0.1324999999999999800, -0.03608439182435165000, 1.682235272644884300E-017 ) ) ;
#529 = CARTESIAN_POINT ( 'NONE',  ( -0.1553819444444454200, -0.04246835306586770700, 0.02451911507461881900 ) ) ;
#530 = CARTESIAN_POINT ( 'NONE',  ( -0.1857638888888893900, 0.04246835306586775600, 0.02451911507461879100 ) ) ;
#531 = DIRECTION ( 'NONE',  ( 0.0000000000000000000, 0.0000000000000000000, -1.000000000000000000 ) ) ;
#532 = DIRECTION ( 'NONE',  ( 0.0000000000000000000, 0.0000000000000000000, -1.000000000000000000 ) ) ;
#533 = ORIENTED_EDGE ( 'NONE', *, *, #3284, .T. ) ;
#534 = CARTESIAN_POINT ( 'NONE',  ( 0.1649305555555493900, 0.04246835306586772800, -0.02451911507461882300 ) ) ;
#535 = ORIENTED_EDGE ( 'NONE', *, *, #232, .T. ) ;
#536 = CARTESIAN_POINT ( 'NONE',  ( 0.04861111111110683800, -0.02123417653293384000, 0.03677867261192822900 ) ) ;
#537 = CARTESIAN_POINT ( 'NONE',  ( 0.1874999999999999700, -8.537024980200822600E-017, 0.0000000000000000000 ) ) ;
#538 = PRODUCT_DEFINITION ( 'UNKNOWN', '', #2649, #2711 ) ;
#539 = CARTESIAN_POINT ( 'NONE',  ( 0.1030683421713611100, -0.006235033417262560500, 0.05712763724451083700 ) ) ;
#540 = CARTESIAN_POINT ( 'NONE',  ( -0.07204861111111343600, -0.04246835306586770700, 0.02451911507461881900 ) ) ;
#541 = CARTESIAN_POINT ( 'NONE',  ( -0.08615451388889174000, -0.02856381862225543900, 0.04947398511192856900 ) ) ;
#542 = CARTESIAN_POINT ( 'NONE',  ( -0.1874999999999999700, 0.04558333333333345500, 0.0000000000000000000 ) ) ;
#543 = CARTESIAN_POINT ( 'NONE',  ( -0.1421440972222227100, -0.05712763724451096200, -0.03298265674128569200 ) ) ;
#544 = CARTESIAN_POINT ( 'NONE',  ( -0.1519097222222232400, -0.04246835306586772100, -0.02451911507461879100 ) ) ;
#545 = CARTESIAN_POINT ( 'NONE',  ( -0.01562500000000377800, -1.852866048859396600E-016, -0.05600000000000020900 ) ) ;
#546 = CARTESIAN_POINT ( 'NONE',  ( -0.1874999999999999700, 0.03906087301972640400, 0.02349656308302553600 ) ) ;
#547 = DIRECTION ( 'NONE',  ( 1.000000000000000000, -0.0000000000000000000, -0.0000000000000000000 ) ) ;
#548 = CARTESIAN_POINT ( 'NONE',  ( 0.08854166666666171700, 9.008176738217260500E-018, 0.04903823014923761700 ) ) ;
#549 = CARTESIAN_POINT ( 'NONE',  ( -0.02083333333333650300, 0.04246835306586774200, -5.200873264717461400E-018 ) ) ;
#550 = DIRECTION ( 'NONE',  ( 1.000000000000000000, -0.0000000000000000000, -0.0000000000000000000 ) ) ;
#551 = B_SPLINE_CURVE_WITH_KNOTS ( 'NONE', 3,
 ( #42, #2484, #753, #407, #3212, #1461, #4272, #2159, #75, #422 ),
 .UNSPECIFIED., .F., .F.,
 ( 4, 2, 2, 2, 4 ),
 ( 0.005169001077178175600, 0.005472589638724827300, 0.005776178200271479000, 0.006079766761818130600, 0.006383355323364782300 ),
 .UNSPECIFIED. ) ;
#552 = CARTESIAN_POINT ( 'NONE',  ( 0.06684027777777323800, 0.04246835306586772800, 0.02451911507461878800 ) ) ;
#553 = EDGE_CURVE ( 'NONE', #372, #4498, #1679, .T. ) ;
#554 = ORIENTED_EDGE ( 'NONE', *, *, #4122, .F. ) ;
#555 = CARTESIAN_POINT ( 'NONE',  ( -0.1000434027777804100, -0.02856381862225548800, -0.04947398511192854100 ) ) ;
#556 = CARTESIAN_POINT ( 'NONE',  ( 0.1874999999999999700, -7.851222772678303800E-017, 0.05600000000000013300 ) ) ;
#557 = CARTESIAN_POINT ( 'NONE',  ( -0.1907552083333330400, 1.211763150167741700E-017, 0.06596531348257138300 ) ) ;
#558 = CARTESIAN_POINT ( 'NONE',  ( -0.1692708333333335900, -1.143744474604566100E-016, 0.05600000000000021600 ) ) ;
#559 = EDGE_LOOP ( 'NONE', ( #1867, #3737, #3863, #4223 ) ) ;
#560 = CARTESIAN_POINT ( 'NONE',  ( -0.1918402777777781800, -0.02123417653293386800, -0.03677867261192819400 ) ) ;
#561 = CARTESIAN_POINT ( 'NONE',  ( 0.1881510416666594400, -0.05712763724451096200, 0.0000000000000000000 ) ) ;
#562 = CARTESIAN_POINT ( 'NONE',  ( -0.07204861111111292300, 0.05600000000000020900, -0.03233161507461918700 ) ) ;
#563 = VERTEX_POINT ( 'NONE', #1093 ) ;
#564 = CARTESIAN_POINT ( 'NONE',  ( 0.1736111111111048600, -0.02123417653293384000, 0.03677867261192822900 ) ) ;
#565 = CARTESIAN_POINT ( 'NONE',  ( -0.08854166666666875300, -3.002725579405754300E-018, -0.04903823014923761700 ) ) ;
#566 = CARTESIAN_POINT ( 'NONE',  ( 0.1267361111111055800, 0.04246835306586775600, 0.02451911507461879100 ) ) ;
#567 = CARTESIAN_POINT ( 'NONE',  ( -0.1553819444444454200, -0.04246835306586770700, 0.02451911507461881600 ) ) ;
#568 = VERTEX_POINT ( 'NONE', #1879 ) ;
#569 = CALENDAR_DATE ( 2024, 21, 8 ) ;
#570 = EDGE_LOOP ( 'NONE', ( #1183, #3386, #2033, #2131 ) ) ;
#571 = CARTESIAN_POINT ( 'NONE',  ( -0.1875000000000000600, 0.03806151004649038800, -0.02185249185683651300 ) ) ;
#572 = CARTESIAN_POINT ( 'NONE',  ( -0.1699218750000000300, 1.211763150167741700E-017, 0.06596531348257138300 ) ) ;
#573 = CARTESIAN_POINT ( 'NONE',  ( -0.1501736111111116600, 0.02800000000000013200, 0.04849742261192874200 ) ) ;
#574 = CARTESIAN_POINT ( 'NONE',  ( -0.09114583333333535500, -0.04246835306586772800, 0.0000000000000000000 ) ) ;
#575 = CARTESIAN_POINT ( 'NONE',  ( 0.1044999999999999000, -0.05326878220192912000, -0.02181032075592554200 ) ) ;
#576 = FACE_OUTER_BOUND ( 'NONE', #1136, .T. ) ;
#577 = CARTESIAN_POINT ( 'NONE',  ( 0.1324999999999999800, 0.01804219591217575900, -0.03125000000000000000 ) ) ;
#578 = CARTESIAN_POINT ( 'NONE',  ( 0.08159722222221740800, 0.04246835306586772800, -0.02451911507461882300 ) ) ;
#579 = CARTESIAN_POINT ( 'NONE',  ( -0.07638888888889117100, -0.02123417653293384000, 0.03677867261192822900 ) ) ;
#580 = CARTESIAN_POINT ( 'NONE',  ( 0.1232638888888834100, 0.04246835306586772800, -0.02451911507461882300 ) ) ;
#581 = CARTESIAN_POINT ( 'NONE',  ( -0.1657986111111119400, 0.04246835306586771400, -0.02451911507461881200 ) ) ;
#582 = EDGE_CURVE ( 'NONE', #3957, #1660, #4321, .T. ) ;
#583 = PRODUCT ( '92210A024_18-8 Stainless Steel Hex Drive Flat Head Screw', '92210A024_18-8 Stainless Steel Hex Drive Flat Head Screw', '', ( #2382 ) ) ;
#584 = CARTESIAN_POINT ( 'NONE',  ( 0.1874999999999999700, 8.537024980200819500E-018, 0.0000000000000000000 ) ) ;
#585 = CARTESIAN_POINT ( 'NONE',  ( -0.07096354166666828100, 0.05712763724451096200, -6.996117809434148300E-018 ) ) ;
#586 = VERTEX_POINT ( 'NONE', #3983 ) ;
#587 = AXIS2_PLACEMENT_3D ( 'NONE', #843, #3294, #191 ) ;
#588 = ADVANCED_FACE ( 'NONE', ( #1415 ), #2942, .T. ) ;
#589 = CARTESIAN_POINT ( 'NONE',  ( -0.04079861111111395000, 0.04246835306586771400, -0.02451911507461881200 ) ) ;
#590 = CARTESIAN_POINT ( 'NONE',  ( -0.1354166666666680200, -0.04246835306586774200, 0.0000000000000000000 ) ) ;
#591 = CARTESIAN_POINT ( 'NONE',  ( -0.1215277777777798600, -0.02800000000000011500, -0.04849742261192874900 ) ) ;
#592 = CARTESIAN_POINT ( 'NONE',  ( 0.1874999999999999700, -8.537024980200822600E-017, -0.05600000000000013300 ) ) ;
#593 = CARTESIAN_POINT ( 'NONE',  ( -0.1230468750000007800, -0.05712763724451096200, 0.0000000000000000000 ) ) ;
#594 = CARTESIAN_POINT ( 'NONE',  ( -0.1805555555555561600, -0.02123417653293384000, 0.03677867261192822900 ) ) ;
#595 = CARTESIAN_POINT ( 'NONE',  ( 0.1753472222222159400, -0.04246835306586772100, 0.02451911507461883300 ) ) ;
#596 = CARTESIAN_POINT ( 'NONE',  ( -0.1293402777777791800, -0.02123417653293386800, -0.03677867261192819400 ) ) ;
#597 = DIRECTION ( 'NONE',  ( 1.000000000000000000, -0.0000000000000000000, -0.0000000000000000000 ) ) ;
#598 = CARTESIAN_POINT ( 'NONE',  ( -0.03797743055555770400, -0.05712763724451096200, -0.03298265674128569200 ) ) ;
#599 = CARTESIAN_POINT ( 'NONE',  ( -0.1786083988582133600, 0.05359508201609217800, -0.01126948393672011300 ) ) ;
#600 = CARTESIAN_POINT ( 'NONE',  ( -0.03559027777778067700, 0.02123417653293388100, 0.03677867261192818700 ) ) ;
#601 = CARTESIAN_POINT ( 'NONE',  ( -0.07638888888889117100, -0.02123417653293384000, 0.03677867261192822900 ) ) ;
#602 = CARTESIAN_POINT ( 'NONE',  ( 0.01562499999999576000, -3.396921089575560800E-016, 0.05600000000000023000 ) ) ;
#603 = AXIS2_PLACEMENT_3D ( 'NONE', #2120, #385, #2827 ) ;
#604 = CARTESIAN_POINT ( 'NONE',  ( -0.01128472222222500600, 0.02800000000000009800, -0.04849742261192875600 ) ) ;
#605 = EDGE_CURVE ( 'NONE', #3329, #1592, #5, .T. ) ;
#606 = CARTESIAN_POINT ( 'NONE',  ( -0.1907552083333330400, 1.211763150167741700E-017, 0.06596531348257138300 ) ) ;
#607 = CARTESIAN_POINT ( 'NONE',  ( -0.1510416666666677700, -3.002725579405754300E-018, -0.04903823014923761700 ) ) ;
#608 = CARTESIAN_POINT ( 'NONE',  ( 0.1014472724935169800, 1.070377841536581300E-012, 0.05619957989553579800 ) ) ;
#609 = CARTESIAN_POINT ( 'NONE',  ( -0.1137152777777794300, -0.04246835306586770700, 0.02451911507461881600 ) ) ;
#610 = VERTEX_POINT ( 'NONE', #491 ) ;
#611 = CARTESIAN_POINT ( 'NONE',  ( 0.1001438239129985300, -7.824548887170961500E-017, 0.05600000000000012600 ) ) ;
#612 = EDGE_CURVE ( 'NONE', #3199, #4281, #4046, .T. ) ;
#613 = EDGE_LOOP ( 'NONE', ( #1900, #2977, #4493, #1772 ) ) ;
#614 = CARTESIAN_POINT ( 'NONE',  ( -0.05360243055555743300, 0.02856381862225547100, -0.04947398511192854800 ) ) ;
#615 = CARTESIAN_POINT ( 'NONE',  ( -0.04774305555555826600, -0.04246835306586772100, -0.02451911507461879100 ) ) ;
#616 = CARTESIAN_POINT ( 'NONE',  ( -0.09027777777777983000, -0.02123417653293387500, -0.03677867261192821500 ) ) ;
#617 = ORIENTED_EDGE ( 'NONE', *, *, #395, .T. ) ;
#618 = CARTESIAN_POINT ( 'NONE',  ( -0.1302083333333352600, -6.748092400166939000E-017, 0.05600000000000020900 ) ) ;
#619 =( NAMED_UNIT ( * ) PLANE_ANGLE_UNIT ( ) SI_UNIT ( $, .RADIAN. ) );
#620 = CARTESIAN_POINT ( 'NONE',  ( -0.1389512124737199200, -0.01500515477614293400, -0.05600000000000021600 ) ) ;
#621 = CARTESIAN_POINT ( 'NONE',  ( -0.09006076388889018600, 0.05712763724451097600, 0.03298265674128567100 ) ) ;
#622 = CARTESIAN_POINT ( 'NONE',  ( -0.1093750000000017500, -3.002725579405754300E-018, -0.04903823014923761700 ) ) ;
#623 = CARTESIAN_POINT ( 'NONE',  ( 0.09027777777777280800, -0.02123417653293384000, 0.03677867261192822900 ) ) ;
#624 = LINE ( 'NONE', #438, #841 ) ;
#625 = CARTESIAN_POINT ( 'NONE',  ( -0.1067708333333350900, -3.002725579405752700E-018, -0.04903823014923759700 ) ) ;
#626 = CARTESIAN_POINT ( 'NONE',  ( -0.1816816099151546400, -0.05099436974849417400, -0.009292836841359000300 ) ) ;
#627 = FACE_OUTER_BOUND ( 'NONE', #1208, .T. ) ;
#628 = CARTESIAN_POINT ( 'NONE',  ( 0.09982638888888381600, -0.02123417653293386800, -0.03677867261192819400 ) ) ;
#629 = CARTESIAN_POINT ( 'NONE',  ( -0.01714409722222468000, -0.05712763724451096200, -0.03298265674128569200 ) ) ;
#630 = CARTESIAN_POINT ( 'NONE',  ( -0.1050347222222234900, -0.02800000000000007000, 0.04849742261192877700 ) ) ;
#631 = CIRCLE ( 'NONE', #2844, 0.03124999999999996500 ) ;
#632 = AXIS2_PLACEMENT_3D ( 'NONE', #3206, #3644, #2240 ) ;
#633 = CARTESIAN_POINT ( 'NONE',  ( -0.002604166666670102100, -3.002725579405752700E-018, -0.04903823014923759700 ) ) ;
#634 = CARTESIAN_POINT ( 'NONE',  ( -0.1250000000000015000, 0.04246835306586774200, -5.200873264717461400E-018 ) ) ;
#635 = CARTESIAN_POINT ( 'NONE',  ( 0.006076388888885822000, -0.02800000000000011500, -0.04849742261192874900 ) ) ;
#636 = CYLINDRICAL_SURFACE ( 'NONE', #2885, 0.05600000000000013300 ) ;
#637 = CARTESIAN_POINT ( 'NONE',  ( -0.1608072916666683200, -4.039210500559140100E-018, -0.06596531348257138300 ) ) ;
#638 = CARTESIAN_POINT ( 'NONE',  ( -0.1768663194444443600, 0.05712763724451095500, -0.03298265674128571200 ) ) ;
#639 = VERTEX_POINT ( 'NONE', #836 ) ;
#640 = CARTESIAN_POINT ( 'NONE',  ( -3.517254291842739000E-015, 0.04246835306586774200, -5.200873264717461400E-018 ) ) ;
#641 = CARTESIAN_POINT ( 'NONE',  ( 0.005208333333329205300, -3.682857208226702500E-016, -0.05600000000000023000 ) ) ;
#642 = CARTESIAN_POINT ( 'NONE',  ( -0.09483506944444718100, 0.05712763724451095500, -0.03298265674128571200 ) ) ;
#643 = CARTESIAN_POINT ( 'NONE',  ( -0.002604166666670102100, -3.002725579405752700E-018, -0.04903823014923759700 ) ) ;
#644 = EDGE_CURVE ( 'NONE', #2430, #4006, #2889, .T. ) ;
#645 = CARTESIAN_POINT ( 'NONE',  ( -0.01395121247372192000, -0.01500515477614310100, -0.05600000000000012600 ) ) ;
#646 = ORIENTED_EDGE ( 'NONE', *, *, #2574, .T. ) ;
#647 = CARTESIAN_POINT ( 'NONE',  ( 0.08940972222221731100, 0.02123417653293388100, 0.03677867261192818700 ) ) ;
#648 = CARTESIAN_POINT ( 'NONE',  ( 0.007161458333330462100, -4.039210500559140100E-018, -0.06596531348257138300 ) ) ;
#649 = CARTESIAN_POINT ( 'NONE',  ( -0.1770833333333335400, 0.03995742752749444800, -0.03923523907643552300 ) ) ;
#650 = CARTESIAN_POINT ( 'NONE',  ( -0.1770833333333345400, 0.05600000000000021600, -6.858022075225205100E-018 ) ) ;
#651 = CARTESIAN_POINT ( 'NONE',  ( -0.1059027777777795900, 0.04246835306586772800, -0.02451911507461882300 ) ) ;
#652 = CARTESIAN_POINT ( 'NONE',  ( -0.08593750000000158200, -1.578367374954300700E-016, 0.05600000000000021600 ) ) ;
#653 =( NAMED_UNIT ( * ) SI_UNIT ( $, .STERADIAN. ) SOLID_ANGLE_UNIT ( ) );
#654 = CARTESIAN_POINT ( 'NONE',  ( -0.1226128472222245100, -0.05712763724451096200, -0.03298265674128569200 ) ) ;
#655 = CARTESIAN_POINT ( 'NONE',  ( -0.03624131944444662600, -0.02856381862225548800, -0.04947398511192854100 ) ) ;
#656 = CARTESIAN_POINT ( 'NONE',  ( 0.03645833333332924900, -3.002725579405754300E-018, -0.04903823014923761700 ) ) ;
#657 = CARTESIAN_POINT ( 'NONE',  ( -0.1328125000000008300, 0.05600000000000021600, -6.858022075225205100E-018 ) ) ;
#658 = CARTESIAN_POINT ( 'NONE',  ( -0.07400173611111415800, 0.05712763724451095500, -0.03298265674128571200 ) ) ;
#659 = CARTESIAN_POINT ( 'NONE',  ( 0.02690972222221831400, 0.02123417653293388100, 0.03677867261192818700 ) ) ;
#660 = CARTESIAN_POINT ( 'NONE',  ( 0.1223958333333279200, -3.002725579405752700E-018, -0.04903823014923759700 ) ) ;
#661 = CARTESIAN_POINT ( 'NONE',  ( 0.03667534722221887900, 0.02856381862225550900, 0.04947398511192853400 ) ) ;
#662 = CARTESIAN_POINT ( 'NONE',  ( 0.1874999999999999700, -7.851222772678303800E-017, 0.05600000000000013300 ) ) ;
#663 = ORIENTED_EDGE ( 'NONE', *, *, #2371, .T. ) ;
#664 = DIRECTION ( 'NONE',  ( 1.000000000000000000, -0.0000000000000000000, -0.0000000000000000000 ) ) ;
#665 = CARTESIAN_POINT ( 'NONE',  ( 0.006944444444440834100, -0.02123417653293384000, 0.03677867261192822900 ) ) ;
#666 =( BOUNDED_CURVE ( )  B_SPLINE_CURVE ( 2, ( #1585, #1918, #2670, #1597, #4050, #4066, #1932, #2611, #4390 ),
 .UNSPECIFIED., .F., .F. ) 
 B_SPLINE_CURVE_WITH_KNOTS ( ( 3, 2, 2, 2, 3 ),
 ( 0.7083333333333333700, 0.7129629629629630200, 0.7222222222222222100, 0.7314814814814814000, 0.7361111111111111600 ),
 .UNSPECIFIED. ) 
 CURVE ( )  GEOMETRIC_REPRESENTATION_ITEM ( )  RATIONAL_B_SPLINE_CURVE ( ( 0.9330127018922194100, 0.9330127018922194100, 1.000000000000000000, 0.8660254037844387100, 1.000000000000000000, 0.8660254037844387100, 1.000000000000000000, 0.9330127018922177400, 0.9330127018922194100 ) ) 
 REPRESENTATION_ITEM ( '' )  );
#667 = CARTESIAN_POINT ( 'NONE',  ( -0.1434461805555575000, -0.05712763724451096200, -0.03298265674128569200 ) ) ;
#668 = EDGE_CURVE ( 'NONE', #1474, #177, #399, .T. ) ;
#669 = ORIENTED_EDGE ( 'NONE', *, *, #4411, .T. ) ;
#670 = CARTESIAN_POINT ( 'NONE',  ( -0.06228298611111286700, -0.05712763724451094800, 0.03298265674128572600 ) ) ;
#671 = CARTESIAN_POINT ( 'NONE',  ( -0.05555555555555817500, -0.02123417653293384000, 0.03677867261192822900 ) ) ;
#672 = CARTESIAN_POINT ( 'NONE',  ( 0.1324999999999999800, 0.01804219591217576900, 0.03125000000000002800 ) ) ;
#673 = CARTESIAN_POINT ( 'NONE',  ( -0.06011284722222550600, -0.05712763724451096200, -0.03298265674128569200 ) ) ;
#674 = CARTESIAN_POINT ( 'NONE',  ( -0.007812500000003339300, -0.04246835306586772800, 0.0000000000000000000 ) ) ;
#675 =( BOUNDED_CURVE ( )  B_SPLINE_CURVE ( 2, ( #295, #2078, #4559, #3164, #3856, #341, #2739, #2788, #688 ),
 .UNSPECIFIED., .F., .F. ) 
 B_SPLINE_CURVE_WITH_KNOTS ( ( 3, 2, 2, 2, 3 ),
 ( 0.2916666666666666300, 0.2962962962962962800, 0.3055555555555555800, 0.3148148148148148300, 0.3194444444444444800 ),
 .UNSPECIFIED. ) 
 CURVE ( )  GEOMETRIC_REPRESENTATION_ITEM ( )  RATIONAL_B_SPLINE_CURVE ( ( 0.9330127018922194100, 0.9330127018922189700, 1.000000000000000000, 0.8660254037844387100, 1.000000000000000000, 0.8660254037844387100, 1.000000000000000000, 0.9330127018922189700, 0.9330127018922194100 ) ) 
 REPRESENTATION_ITEM ( '' )  );
#676 = ORIENTED_EDGE ( 'NONE', *, *, #4327, .F. ) ;
#677 = CARTESIAN_POINT ( 'NONE',  ( -0.1510416666666682700, -1.132307029858520300E-016, 0.05600000000000021600 ) ) ;
#678 = ADVANCED_FACE ( 'NONE', ( #3319 ), #370, .T. ) ;
#679 = CARTESIAN_POINT ( 'NONE',  ( 0.1085069444444392600, 0.04246835306586772800, 0.02451911507461878800 ) ) ;
#680 = CARTESIAN_POINT ( 'NONE',  ( -0.1614583333333347900, -5.261224583181002700E-017, -0.05600000000000021600 ) ) ;
#681 = ORIENTED_EDGE ( 'NONE', *, *, #1164, .T. ) ;
#682 = CARTESIAN_POINT ( 'NONE',  ( 0.08181423611110703900, -0.02856381862225543900, 0.04947398511192856900 ) ) ;
#683 = CARTESIAN_POINT ( 'NONE',  ( -0.02083333333333650300, 0.04246835306586774200, -5.200873264717461400E-018 ) ) ;
#684 = CARTESIAN_POINT ( 'NONE',  ( 0.04774305555555182600, -0.02800000000000011500, -0.04849742261192874900 ) ) ;
#685 = VECTOR ( 'NONE', #276, 39.37007874015748100 ) ;
#686 = CARTESIAN_POINT ( 'NONE',  ( -0.07096354166666828100, 0.05712763724451096200, -6.996117809434148300E-018 ) ) ;
#687 = CARTESIAN_POINT ( 'NONE',  ( 0.02951388888888489500, -0.04246835306586772800, 0.02451911507461883300 ) ) ;
#688 = CARTESIAN_POINT ( 'NONE',  ( -0.08593750000000156800, -1.578367374954300700E-016, 0.05600000000000021600 ) ) ;
#689 = CARTESIAN_POINT ( 'NONE',  ( -0.1382378472222242600, 0.02856381862225547100, -0.04947398511192854800 ) ) ;
#690 = CARTESIAN_POINT ( 'NONE',  ( 0.0008680555555520564600, 0.04246835306586771400, -0.02451911507461881200 ) ) ;
#691 = TOROIDAL_SURFACE ( 'NONE', #413, 0.06035617608700145900, 0.004356176087001332200 ) ;
#692 = EDGE_LOOP ( 'NONE', ( #1076, #851, #3630, #2487 ) ) ;
#693 = FACE_OUTER_BOUND ( 'NONE', #3477, .T. ) ;
#694 = CARTESIAN_POINT ( 'NONE',  ( -0.1137152777777789300, 0.05600000000000020900, -0.03233161507461918700 ) ) ;
#695 = CARTESIAN_POINT ( 'NONE',  ( -0.1597222222222231500, -0.02123417653293384000, 0.03677867261192822900 ) ) ;
#696 = CARTESIAN_POINT ( 'NONE',  ( 0.09895833333332775000, -3.396921089575559800E-016, 0.05600000000000023000 ) ) ;
#697 = CARTESIAN_POINT ( 'NONE',  ( 0.08875868055555138900, -0.02856381862225548800, -0.04947398511192854100 ) ) ;
#698 = FACE_BOUND ( 'NONE', #3813, .T. ) ;
#699 = CARTESIAN_POINT ( 'NONE',  ( 0.1001438239129985300, 0.02288040793108737900, 0.05111249292401071100 ) ) ;
#700 = EDGE_CURVE ( 'NONE', #4470, #345, #2291, .T. ) ;
#701 = CARTESIAN_POINT ( 'NONE',  ( 0.03993055555555141000, 0.04246835306586772800, -0.02451911507461882300 ) ) ;
#702 = DIRECTION ( 'NONE',  ( 0.0000000000000000000, -1.000000000000000000, 2.365849761790803000E-016 ) ) ;
#703 = ORIENTED_EDGE ( 'NONE', *, *, #4445, .F. ) ;
#704 = ADVANCED_FACE ( 'NONE', ( #103 ), #2224, .T. ) ;
#705 = CARTESIAN_POINT ( 'NONE',  ( -0.05186631944444637000, 0.05712763724451095500, -0.03298265674128571200 ) ) ;
#706 = CARTESIAN_POINT ( 'NONE',  ( -0.06250000000000251200, 0.04246835306586774200, -5.200873264717461400E-018 ) ) ;
#707 = DIRECTION ( 'NONE',  ( 1.000000000000000000, -0.0000000000000000000, -0.0000000000000000000 ) ) ;
#708 = CARTESIAN_POINT ( 'NONE',  ( -0.1121961805555579900, 0.05712763724451097600, 0.03298265674128567100 ) ) ;
#709 = CARTESIAN_POINT ( 'NONE',  ( 0.03038194444444047200, -0.02123417653293383300, 0.03677867261192821500 ) ) ;
#710 = CARTESIAN_POINT ( 'NONE',  ( -0.1162571208596152500, 0.01500515477614292000, -0.05600000000000023000 ) ) ;
#711 = CARTESIAN_POINT ( 'NONE',  ( -0.1614583333333342600, 9.008176738217260500E-018, 0.04903823014923761700 ) ) ;
#712 = CARTESIAN_POINT ( 'NONE',  ( 0.02973090277777456000, 0.02856381862225547100, -0.04947398511192854800 ) ) ;
#713 = CC_DESIGN_APPROVAL ( #2828, ( #2649 ) ) ;
#714 = CARTESIAN_POINT ( 'NONE',  ( -0.04861111111111383900, -0.02123417653293387500, -0.03677867261192821500 ) ) ;
#715 = CARTESIAN_POINT ( 'NONE',  ( 0.07552083333332863800, -0.04246835306586772800, 0.0000000000000000000 ) ) ;
#716 = CARTESIAN_POINT ( 'NONE',  ( -0.04665798611111309600, 0.02856381862225550900, 0.04947398511192853400 ) ) ;
#717 = CARTESIAN_POINT ( 'NONE',  ( 0.06423611111110659500, 0.04246835306586774900, 0.02451911507461879500 ) ) ;
#718 = CARTESIAN_POINT ( 'NONE',  ( 0.02170138888888557100, -0.05600000000000020200, 0.03233161507461920100 ) ) ;
#719 = CARTESIAN_POINT ( 'NONE',  ( -0.02886284722222598500, 0.05712763724451097600, 0.03298265674128567100 ) ) ;
#720 = CARTESIAN_POINT ( 'NONE',  ( 0.1324999999999999800, 0.01804219591217575900, -0.03125000000000000000 ) ) ;
#721 = ORIENTED_EDGE ( 'NONE', *, *, #1960, .F. ) ;
#722 = CARTESIAN_POINT ( 'NONE',  ( -0.1171875000000010500, -6.862466847627394900E-018, -0.05600000000000021600 ) ) ;
#723 = ADVANCED_FACE ( 'NONE', ( #2996 ), #636, .T. ) ;
#724 = CARTESIAN_POINT ( 'NONE',  ( -0.1423611111111123300, 0.02123417653293388800, 0.03677867261192820800 ) ) ;
#725 = VERTEX_POINT ( 'NONE', #940 ) ;
#726 = AXIS2_PLACEMENT_3D ( 'NONE', #1098, #4266, #70 ) ;
#727 = CARTESIAN_POINT ( 'NONE',  ( 0.03146701388888564100, 0.05712763724451095500, -0.03298265674128571200 ) ) ;
#728 = CARTESIAN_POINT ( 'NONE',  ( -0.02777777777778085400, -0.02123417653293387500, -0.03677867261192821500 ) ) ;
#729 = EDGE_LOOP ( 'NONE', ( #1134, #1897, #941 ) ) ;
#730 = CARTESIAN_POINT ( 'NONE',  ( 0.09374999999999447700, 0.05600000000000021600, -6.858022075225205100E-018 ) ) ;
#731 = CARTESIAN_POINT ( 'NONE',  ( 0.006076388888885328500, 0.02123417653293388100, 0.03677867261192818700 ) ) ;
#732 = EDGE_CURVE ( 'NONE', #1653, #4304, #3707, .T. ) ;
#733 = ORIENTED_EDGE ( 'NONE', *, *, #985, .F. ) ;
#734 = CARTESIAN_POINT ( 'NONE',  ( 0.04361979166666323000, -0.05712763724451096200, 0.0000000000000000000 ) ) ;
#735 = CARTESIAN_POINT ( 'NONE',  ( 0.06944444444443982600, -0.02123417653293384000, 0.03677867261192822900 ) ) ;
#736 = CARTESIAN_POINT ( 'NONE',  ( -0.03407118055555924400, 0.02856381862225547100, -0.04947398511192854800 ) ) ;
#737 = CARTESIAN_POINT ( 'NONE',  ( 0.05815972222221781100, -0.02123417653293386800, -0.03677867261192819400 ) ) ;
#738 = CARTESIAN_POINT ( 'NONE',  ( -0.008680555555559441700, 0.05600000000000023000, 0.03233161507461914500 ) ) ;
#739 = CIRCLE ( 'NONE', #217, 0.03124999999999996500 ) ;
#740 = CARTESIAN_POINT ( 'NONE',  ( 0.1727430555555492800, 0.02123417653293388100, 0.03677867261192818700 ) ) ;
#741 = CARTESIAN_POINT ( 'NONE',  ( 0.1512586805555503900, -0.02856381862225548800, -0.04947398511192854100 ) ) ;
#742 = CIRCLE ( 'NONE', #2573, 0.06800000000000010200 ) ;
#743 = DIRECTION ( 'NONE',  ( 0.0000000000000000000, -0.4999999999999996100, 0.8660254037844388200 ) ) ;
#744 = CARTESIAN_POINT ( 'NONE',  ( 0.06249999999999551100, 0.04246835306586774200, -5.200873264717461400E-018 ) ) ;
#745 = CYLINDRICAL_SURFACE ( 'NONE', #4404, 0.05600000000000013300 ) ;
#746 = CARTESIAN_POINT ( 'NONE',  ( 0.09461805555555055600, -0.04246835306586770700, 0.02451911507461881900 ) ) ;
#747 = ADVANCED_FACE ( 'NONE', ( #1130 ), #4217, .T. ) ;
#748 = VECTOR ( 'NONE', #1171, 39.37007874015748100 ) ;
#749 = ORIENTED_EDGE ( 'NONE', *, *, #2252, .F. ) ;
#750 = CARTESIAN_POINT ( 'NONE',  ( 0.1043836805555511000, -0.05712763724451094800, 0.03298265674128572600 ) ) ;
#751 = FACE_OUTER_BOUND ( 'NONE', #729, .T. ) ;
#752 = CARTESIAN_POINT ( 'NONE',  ( 0.1045000000000015800, 0.01514047363470296500, 0.04696465317521510100 ) ) ;
#753 = CARTESIAN_POINT ( 'NONE',  ( -0.1857088815999367300, 0.007992027313752510600, 0.04686597345005071700 ) ) ;
#754 = CARTESIAN_POINT ( 'NONE',  ( -0.03754340277778141900, -0.02856381862225548800, -0.04947398511192854100 ) ) ;
#755 = CARTESIAN_POINT ( 'NONE',  ( 0.1030683421713607400, 0.05565197016647138700, 0.01491615937286504100 ) ) ;
#756 = ORIENTED_EDGE ( 'NONE', *, *, #1667, .F. ) ;
#757 = CARTESIAN_POINT ( 'NONE',  ( 0.1362847222222165500, -0.04246835306586770700, 0.02451911507461881900 ) ) ;
#758 = CARTESIAN_POINT ( 'NONE',  ( 0.1286892361111062800, -0.05712763724451096200, -0.03298265674128569200 ) ) ;
#759 = ORIENTED_EDGE ( 'NONE', *, *, #3851, .F. ) ;
#760 = CARTESIAN_POINT ( 'NONE',  ( -0.1553819444444454200, -0.04246835306586770700, 0.02451911507461881900 ) ) ;
#761 = EDGE_CURVE ( 'NONE', #2617, #1946, #860, .T. ) ;
#762 = CARTESIAN_POINT ( 'NONE',  ( 0.1044999999999998300, 0.01316958798435552800, -0.04422567356861341300 ) ) ;
#763 = CARTESIAN_POINT ( 'NONE',  ( 0.007812499999996408300, 9.008176738217257400E-018, 0.04903823014923759700 ) ) ;
#764 = CARTESIAN_POINT ( 'NONE',  ( 0.1078559027777733400, -0.05712763724451096200, -0.03298265674128569200 ) ) ;
#765 = CARTESIAN_POINT ( 'NONE',  ( 0.08854166666666171700, 9.008176738217262000E-018, 0.04903823014923761700 ) ) ;
#766 = CARTESIAN_POINT ( 'NONE',  ( 0.04926215277777275200, 0.02856381862225547100, -0.04947398511192854800 ) ) ;
#767 = CARTESIAN_POINT ( 'NONE',  ( -0.04796006944444791000, 0.02856381862225550900, 0.04947398511192853400 ) ) ;
#768 = DIRECTION ( 'NONE',  ( 0.0000000000000000000, 0.0000000000000000000, -1.000000000000000000 ) ) ;
#769 = ADVANCED_FACE ( 'NONE', ( #1290 ), #2303, .F. ) ;
#770 = CARTESIAN_POINT ( 'NONE',  ( -0.09548611111111308900, -0.04246835306586772100, 0.02451911507461883300 ) ) ;
#771 = CARTESIAN_POINT ( 'NONE',  ( 0.1582031249999947000, 0.05712763724451096200, -6.996117809434148300E-018 ) ) ;
#772 = CARTESIAN_POINT ( 'NONE',  ( -0.1206597222222237600, 0.04246835306586772800, 0.02451911507461878800 ) ) ;
#773 = CC_DESIGN_PERSON_AND_ORGANIZATION_ASSIGNMENT ( #3482, #4130, ( #3130 ) ) ;
#774 = CARTESIAN_POINT ( 'NONE',  ( 0.02690972222221831400, 0.02123417653293388100, 0.03677867261192818700 ) ) ;
#775 = ORIENTED_EDGE ( 'NONE', *, *, #3696, .F. ) ;
#776 = CARTESIAN_POINT ( 'NONE',  ( 0.04188368055555215200, -0.05712763724451094800, 0.03298265674128572600 ) ) ;
#777 = CARTESIAN_POINT ( 'NONE',  ( 0.07183159722221682500, 0.05712763724451095500, -0.03298265674128571200 ) ) ;
#778 = DIRECTION ( 'NONE',  ( 0.0000000000000000000, -0.4999999999999995600, 0.8660254037844388200 ) ) ;
#779 = CARTESIAN_POINT ( 'NONE',  ( 0.05902777777777282200, -0.02800000000000006700, 0.04849742261192877700 ) ) ;
#780 = ORIENTED_EDGE ( 'NONE', *, *, #1984, .F. ) ;
#781 = DIRECTION ( 'NONE',  ( 1.000000000000000000, 0.0000000000000000000, 0.0000000000000000000 ) ) ;
#782 = CARTESIAN_POINT ( 'NONE',  ( -0.09895833333333525800, 9.008176738217260500E-018, 0.04903823014923761700 ) ) ;
#783 = AXIS2_PLACEMENT_3D ( 'NONE', #922, #1261, #3028 ) ;
#784 = VERTEX_POINT ( 'NONE', #1951 ) ;
#785 = CARTESIAN_POINT ( 'NONE',  ( -0.1328125000000013600, -0.04246835306586772800, 0.0000000000000000000 ) ) ;
#786 = CARTESIAN_POINT ( 'NONE',  ( 0.1692708333333271300, 0.04246835306586772800, -5.200873264717459100E-018 ) ) ;
#787 = PERSON_AND_ORGANIZATION ( #3372, #2706 ) ;
#788 = EDGE_CURVE ( 'NONE', #563, #3868, #1490, .T. ) ;
#789 = CARTESIAN_POINT ( 'NONE',  ( 0.08355034722221815800, -0.05712763724451094800, 0.03298265674128572600 ) ) ;
#790 = CARTESIAN_POINT ( 'NONE',  ( 0.1464843749999933900, -0.05712763724451096200, 0.0000000000000000000 ) ) ;
#791 = CARTESIAN_POINT ( 'NONE',  ( 0.1378038194444380100, 0.05712763724451097600, 0.03298265674128567100 ) ) ;
#792 = CARTESIAN_POINT ( 'NONE',  ( -0.08500712085961575900, -0.01500515477614298800, 0.05600000000000018200 ) ) ;
#793 = CARTESIAN_POINT ( 'NONE',  ( 0.1744451876629005100, -8.537024980200822600E-017, -0.1275000000000000900 ) ) ;
#794 = VECTOR ( 'NONE', #2628, 39.37007874015748100 ) ;
#795 = DIRECTION ( 'NONE',  ( 0.0000000000000000000, 0.0000000000000000000, -1.000000000000000000 ) ) ;
#796 = CARTESIAN_POINT ( 'NONE',  ( -0.04687500000000276200, -3.002725579405754300E-018, -0.04903823014923761700 ) ) ;
#797 = LINE ( 'NONE', #3803, #4215 ) ;
#798 = CARTESIAN_POINT ( 'NONE',  ( 0.1044999999999998800, -0.01245772726303260300, 0.05586270481019885200 ) ) ;
#799 = FACE_OUTER_BOUND ( 'NONE', #3779, .T. ) ;
#800 = DIRECTION ( 'NONE',  ( -0.0000000000000000000, -1.000000000000000000, -0.0000000000000000000 ) ) ;
#801 = CARTESIAN_POINT ( 'NONE',  ( 0.02842881944443976700, 0.02856381862225547100, -0.04947398511192854800 ) ) ;
#802 = DIRECTION ( 'NONE',  ( 1.000000000000000000, -0.0000000000000000000, -0.0000000000000000000 ) ) ;
#803 = ORIENTED_EDGE ( 'NONE', *, *, #3239, .F. ) ;
#804 = CARTESIAN_POINT ( 'NONE',  ( 0.1425781249999950000, 1.211763150167741700E-017, 0.06596531348257138300 ) ) ;
#805 = CARTESIAN_POINT ( 'NONE',  ( 0.09440104166666091200, 0.05712763724451096200, -6.996117809434148300E-018 ) ) ;
#806 = CARTESIAN_POINT ( 'NONE',  ( 0.1603732638888820900, 0.02856381862225550900, 0.04947398511192853400 ) ) ;
#807 = DIRECTION ( 'NONE',  ( 1.000000000000000000, -0.0000000000000000000, -0.0000000000000000000 ) ) ;
#808 = VERTEX_POINT ( 'NONE', #3706 ) ;
#809 = CARTESIAN_POINT ( 'NONE',  ( -0.06597222222222519400, -0.02800000000000006700, 0.04849742261192877700 ) ) ;
#810 =( BOUNDED_CURVE ( )  B_SPLINE_CURVE ( 2, ( #1151, #4001, #429, #1856, #2206, #1138, #2875, #123, #1483 ),
 .UNSPECIFIED., .F., .F. ) 
 B_SPLINE_CURVE_WITH_KNOTS ( ( 3, 2, 2, 2, 3 ),
 ( 0.2916666666666666300, 0.2962962962962962800, 0.3055555555555555800, 0.3148148148148147700, 0.3194444444444444200 ),
 .UNSPECIFIED. ) 
 CURVE ( )  GEOMETRIC_REPRESENTATION_ITEM ( )  RATIONAL_B_SPLINE_CURVE ( ( 0.9330127018922193000, 0.9330127018922185200, 1.000000000000000000, 0.8660254037844387100, 1.000000000000000000, 0.8660254037844387100, 1.000000000000000000, 0.9330127018922194100, 0.9330127018922194100 ) ) 
 REPRESENTATION_ITEM ( '' )  );
#811 = CARTESIAN_POINT ( 'NONE',  ( -0.02951388888889193400, -0.04246835306586774200, -0.02451911507461880500 ) ) ;
#812 = DIRECTION ( 'NONE',  ( 0.0000000000000000000, 0.0000000000000000000, -1.000000000000000000 ) ) ;
#813 = CARTESIAN_POINT ( 'NONE',  ( -0.1137152777777794300, -0.04246835306586770700, 0.02451911507461881900 ) ) ;
#814 = EDGE_CURVE ( 'NONE', #2430, #174, #2970, .T. ) ;
#815 = CARTESIAN_POINT ( 'NONE',  ( 0.03016493055555084800, 0.05712763724451095500, -0.03298265674128571200 ) ) ;
#816 = CARTESIAN_POINT ( 'NONE',  ( -0.1191406250000023200, -4.039210500559140100E-018, -0.06596531348257138300 ) ) ;
#817 = CARTESIAN_POINT ( 'NONE',  ( 0.1874999999999999700, -8.537024980200822600E-017, 0.0000000000000000000 ) ) ;
#818 = CARTESIAN_POINT ( 'NONE',  ( 0.1065538194444385200, -0.05712763724451096200, -0.03298265674128569200 ) ) ;
#819 = CARTESIAN_POINT ( 'NONE',  ( 0.1673177083333264300, -0.05712763724451096200, 0.0000000000000000000 ) ) ;
#820 = CARTESIAN_POINT ( 'NONE',  ( -0.07899305555555724600, -0.05600000000000021600, -0.03233161507461916600 ) ) ;
#821 = AXIS2_PLACEMENT_3D ( 'NONE', #3356, #1257, #4397 ) ;
#822 = CARTESIAN_POINT ( 'NONE',  ( -0.06336805555555750900, -0.02800000000000007000, 0.04849742261192877700 ) ) ;
#823 = CARTESIAN_POINT ( 'NONE',  ( -0.1319444444444458400, -0.02123417653293387500, -0.03677867261192821500 ) ) ;
#824 = ORIENTED_EDGE ( 'NONE', *, *, #4349, .T. ) ;
#825 = CARTESIAN_POINT ( 'NONE',  ( 0.1044999999999999500, 0.01542071428093923100, 0.05545627191920445000 ) ) ;
#826 = CARTESIAN_POINT ( 'NONE',  ( -0.01128472222222553400, -0.02123417653293383300, 0.03677867261192821500 ) ) ;
#827 = ORIENTED_EDGE ( 'NONE', *, *, #872, .T. ) ;
#828 = CARTESIAN_POINT ( 'NONE',  ( 0.1762152777777715200, -0.02123417653293383300, 0.03677867261192821500 ) ) ;
#829 = CARTESIAN_POINT ( 'NONE',  ( 0.08761128752627539400, -0.01500515477614310100, -0.05600000000000012600 ) ) ;
#830 = ORIENTED_EDGE ( 'NONE', *, *, #2728, .F. ) ;
#831 = CARTESIAN_POINT ( 'NONE',  ( 0.1616753472222168500, 0.02856381862225550900, 0.04947398511192853400 ) ) ;
#832 = CARTESIAN_POINT ( 'NONE',  ( 0.05620659722221706800, 0.02856381862225550900, 0.04947398511192853400 ) ) ;
#833 = CARTESIAN_POINT ( 'NONE',  ( 0.1030815972222163400, -0.05712763724451094800, 0.03298265674128572600 ) ) ;
#834 = DIRECTION ( 'NONE',  ( 0.0000000000000000000, 0.0000000000000000000, -1.000000000000000000 ) ) ;
#835 = CARTESIAN_POINT ( 'NONE',  ( -0.1266737875262817200, -0.01500515477614294700, 0.05600000000000020200 ) ) ;
#836 = CARTESIAN_POINT ( 'NONE',  ( 0.1144578040878242900, 0.0000000000000000000, 0.0000000000000000000 ) ) ;
#837 = EDGE_LOOP ( 'NONE', ( #2182, #1595, #3138, #3610, #404 ) ) ;
#838 = CARTESIAN_POINT ( 'NONE',  ( 0.03645833333332924900, -3.002725579405754300E-018, -0.04903823014923761700 ) ) ;
#839 = DIRECTION ( 'NONE',  ( 0.0000000000000000000, 0.0000000000000000000, -1.000000000000000000 ) ) ;
#840 = EDGE_CURVE ( 'NONE', #1647, #3199, #3404, .T. ) ;
#841 = VECTOR ( 'NONE', #3230, 39.37007874015748100 ) ;
#842 = CARTESIAN_POINT ( 'NONE',  ( -0.02170138888889200700, 0.02123417653293385400, -0.03677867261192820100 ) ) ;
#843 = CARTESIAN_POINT ( 'NONE',  ( 0.1324999999999999800, -0.03608439182435165000, 1.682235272644884300E-017 ) ) ;
#844 = CARTESIAN_POINT ( 'NONE',  ( -0.03645833333333677700, -1.852866048859396600E-016, -0.05600000000000020900 ) ) ;
#845 = FACE_OUTER_BOUND ( 'NONE', #2747, .T. ) ;
#846 = CARTESIAN_POINT ( 'NONE',  ( -0.1380208333333345900, 9.008176738217257400E-018, 0.04903823014923759700 ) ) ;
#847 = CARTESIAN_POINT ( 'NONE',  ( 0.06315104166666142500, -0.05712763724451096200, 0.0000000000000000000 ) ) ;
#848 = CARTESIAN_POINT ( 'NONE',  ( -0.1084446208596164400, -0.01500515477614290300, 0.05600000000000023000 ) ) ;
#849 = CARTESIAN_POINT ( 'NONE',  ( -0.1874999999999999700, -8.537024980200822600E-017, -0.04558333333333353800 ) ) ;
#850 = CIRCLE ( 'NONE', #1950, 0.05600000000000012600 ) ;
#851 = ORIENTED_EDGE ( 'NONE', *, *, #1381, .T. ) ;
#852 = CARTESIAN_POINT ( 'NONE',  ( -0.1510416666666682700, -1.132307029858520300E-016, 0.05600000000000021600 ) ) ;
#853 = EDGE_LOOP ( 'NONE', ( #324, #3408, #2396, #184, #3896 ) ) ;
#854 = CARTESIAN_POINT ( 'NONE',  ( 0.1284722222222166600, 0.02123417653293388800, 0.03677867261192820800 ) ) ;
#855 = CARTESIAN_POINT ( 'NONE',  ( 0.07465277777777307200, -0.04246835306586774200, -0.02451911507461880500 ) ) ;
#856 = PLANE ( 'NONE',  #1469 ) ;
#857 = ORIENTED_EDGE ( 'NONE', *, *, #2494, .T. ) ;
#858 = CARTESIAN_POINT ( 'NONE',  ( 0.007812499999996408300, 9.008176738217257400E-018, 0.04903823014923759700 ) ) ;
#859 = CARTESIAN_POINT ( 'NONE',  ( 0.1030683421713605900, -1.200428450765968000E-013, -0.05712763724451094800 ) ) ;
#860 =( BOUNDED_CURVE ( )  B_SPLINE_CURVE ( 2, ( #4439, #3384, #4392, #1279, #1965, #3722, #924, #893, #4069 ),
 .UNSPECIFIED., .F., .F. ) 
 B_SPLINE_CURVE_WITH_KNOTS ( ( 3, 2, 2, 2, 3 ),
 ( 0.6805555555555555800, 0.6851851851851852300, 0.6944444444444444200, 0.7037037037037037200, 0.7083333333333333700 ),
 .UNSPECIFIED. ) 
 CURVE ( )  GEOMETRIC_REPRESENTATION_ITEM ( )  RATIONAL_B_SPLINE_CURVE ( ( 0.9330127018922194100, 0.9330127018922194100, 1.000000000000000000, 0.8660254037844387100, 1.000000000000000000, 0.8660254037844387100, 1.000000000000000000, 0.9330127018922185200, 0.9330127018922193000 ) ) 
 REPRESENTATION_ITEM ( '' )  );
#861 = CARTESIAN_POINT ( 'NONE',  ( -0.1508246527777781000, 0.02856381862225550900, 0.04947398511192853400 ) ) ;
#862 = EDGE_LOOP ( 'NONE', ( #1574, #1116, #676, #3374 ) ) ;
#863 = DIRECTION ( 'NONE',  ( 0.0000000000000000000, 0.0000000000000000000, -1.000000000000000000 ) ) ;
#864 = CARTESIAN_POINT ( 'NONE',  ( -0.1310763888888902600, -0.04246835306586772100, -0.02451911507461879100 ) ) ;
#865 = CARTESIAN_POINT ( 'NONE',  ( -0.04861111111111434500, 0.02800000000000013200, 0.04849742261192873500 ) ) ;
#866 = CARTESIAN_POINT ( 'NONE',  ( 0.1874999999999999700, -7.014635928010769300E-017, -0.1243125000000000200 ) ) ;
#867 = CARTESIAN_POINT ( 'NONE',  ( -0.05642361111111316600, -0.02800000000000011500, -0.04849742261192874900 ) ) ;
#868 = CARTESIAN_POINT ( 'NONE',  ( 0.1111111111111058000, -0.02123417653293384000, 0.03677867261192822900 ) ) ;
#869 = CARTESIAN_POINT ( 'NONE',  ( 0.01736111111110734400, 0.02123417653293386400, -0.03677867261192821500 ) ) ;
#870 = CARTESIAN_POINT ( 'NONE',  ( 0.06857638888888485700, -0.02800000000000011500, -0.04849742261192874900 ) ) ;
#871 = CARTESIAN_POINT ( 'NONE',  ( -0.04947916666666934300, -0.04246835306586772800, 0.0000000000000000000 ) ) ;
#872 = EDGE_CURVE ( 'NONE', #639, #131, #2775, .T. ) ;
#873 = CARTESIAN_POINT ( 'NONE',  ( -0.1386718750000005300, -4.039210500559140100E-018, -0.06596531348257138300 ) ) ;
#874 = CARTESIAN_POINT ( 'NONE',  ( -0.1276041666666681000, -3.002725579405752700E-018, -0.04903823014923759700 ) ) ;
#875 = CARTESIAN_POINT ( 'NONE',  ( -0.1059027777777800900, -0.05600000000000019500, 0.03233161507461918700 ) ) ;
#876 = DIRECTION ( 'NONE',  ( 0.0000000000000000000, 0.0000000000000000000, -1.000000000000000000 ) ) ;
#877 = VERTEX_POINT ( 'NONE', #2629 ) ;
#878 = CARTESIAN_POINT ( 'NONE',  ( 0.1024305555555504000, 0.04246835306586772800, -0.02451911507461882300 ) ) ;
#879 = CARTESIAN_POINT ( 'NONE',  ( -0.01909722222222542600, 0.04246835306586775600, 0.02451911507461879100 ) ) ;
#880 = DIRECTION ( 'NONE',  ( 0.0000000000000000000, -2.365849761790803000E-016, -1.000000000000000000 ) ) ;
#881 = ORIENTED_EDGE ( 'NONE', *, *, #386, .T. ) ;
#882 = CARTESIAN_POINT ( 'NONE',  ( -0.1787343088442801000, 7.760157573410282400E-013, -0.05434902448905359200 ) ) ;
#883 = CARTESIAN_POINT ( 'NONE',  ( -0.08593750000000210900, -3.002725579405752700E-018, -0.04903823014923759700 ) ) ;
#884 = ORIENTED_EDGE ( 'NONE', *, *, #2075, .T. ) ;
#885 = DIRECTION ( 'NONE',  ( 1.000000000000000000, -0.0000000000000000000, -0.0000000000000000000 ) ) ;
#886 = CARTESIAN_POINT ( 'NONE',  ( 0.1044999999999998700, -0.03650313740697074700, -0.04408343879176845200 ) ) ;
#887 = DIRECTION ( 'NONE',  ( 1.000000000000000000, -0.0000000000000000000, -0.0000000000000000000 ) ) ;
#888 = CARTESIAN_POINT ( 'NONE',  ( 0.1881510416666594400, -0.05712763724451096200, 0.0000000000000000000 ) ) ;
#889 = CARTESIAN_POINT ( 'NONE',  ( -0.1909722222222226800, 0.02123417653293386400, -0.03677867261192821500 ) ) ;
#890 = CARTESIAN_POINT ( 'NONE',  ( 0.02604166666666222000, -6.862466847627394900E-018, -0.05600000000000021600 ) ) ;
#891 = CARTESIAN_POINT ( 'NONE',  ( 0.1874999999999999700, -8.537024980200822600E-017, -0.05600000000000013300 ) ) ;
#892 = DATE_AND_TIME ( #1170, #2819 ) ;
#893 = CARTESIAN_POINT ( 'NONE',  ( 0.05896545419294359900, 0.01500515477614277600, 0.05600000000000030600 ) ) ;
#894 = CARTESIAN_POINT ( 'NONE',  ( 0.1215277777777723400, 0.02123417653293386400, -0.03677867261192821500 ) ) ;
#895 = CARTESIAN_POINT ( 'NONE',  ( 0.01562499999999623000, -3.002725579405754300E-018, -0.04903823014923761700 ) ) ;
#896 = CYLINDRICAL_SURFACE ( 'NONE', #3569, 0.05600000000000013300 ) ;
#897 = ORIENTED_EDGE ( 'NONE', *, *, #2728, .T. ) ;
#898 = CARTESIAN_POINT ( 'NONE',  ( -0.1770833333333335600, -8.537024980200822600E-017, -0.05600000000000013300 ) ) ;
#899 = EDGE_CURVE ( 'NONE', #4006, #2068, #3651, .T. ) ;
#900 = B_SPLINE_CURVE_WITH_KNOTS ( 'NONE', 3,
 ( #3940, #1135, #4289, #92, #3595, #47, #1493, #2177, #1826, #3958, #2857, #4275, #2533, #2520, #755, #2132, #3231, #440, #1839, #426, #2841, #450, #1505, #1149 ),
 .UNSPECIFIED., .F., .F.,
 ( 4, 2, 2, 2, 2, 2, 2, 2, 2, 2, 2, 4 ),
 ( 0.003062855157037120900, 0.003636131551918405900, 0.003922769749359048300, 0.004209407946799690800, 0.004496046144240333300, 0.004782684341680975800, 0.005355960736562259900, 0.005929237131443543900, 0.006502513526324828900, 0.006789151723765471400, 0.007075789921206113900, 0.007649066316087397100 ),
 .UNSPECIFIED. ) ;
#901 = CARTESIAN_POINT ( 'NONE',  ( 0.07899305555555083400, -0.02123417653293386800, -0.03677867261192819400 ) ) ;
#902 = CYLINDRICAL_SURFACE ( 'NONE', #3521, 0.05600000000000013300 ) ;
#903 = CARTESIAN_POINT ( 'NONE',  ( 0.1030683421713605400, -0.01000359306582058500, -0.05712763724448993700 ) ) ;
#904 = CARTESIAN_POINT ( 'NONE',  ( -0.1056857638888899400, -0.02856381862225543900, 0.04947398511192856900 ) ) ;
#905 = CARTESIAN_POINT ( 'NONE',  ( -0.1757086873828115900, 0.05600000000000020900, -0.02289737693990225700 ) ) ;
#906 = CARTESIAN_POINT ( 'NONE',  ( -0.1579861111111125800, 0.05600000000000020900, -0.03233161507461918700 ) ) ;
#907 = ORIENTED_EDGE ( 'NONE', *, *, #2906, .T. ) ;
#908 = CARTESIAN_POINT ( 'NONE',  ( -0.1953125000000003600, -0.04246835306586772800, 0.0000000000000000000 ) ) ;
#909 = CARTESIAN_POINT ( 'NONE',  ( -0.1805555555555561600, -0.02123417653293384000, 0.03677867261192822900 ) ) ;
#910 = CARTESIAN_POINT ( 'NONE',  ( -0.05381944444444759800, 0.05600000000000020900, -0.03233161507461918700 ) ) ;
#911 = LINE ( 'NONE', #2488, #1625 ) ;
#912 = CARTESIAN_POINT ( 'NONE',  ( -0.1770833333333335600, -8.537024980200822600E-017, 0.0000000000000000000 ) ) ;
#913 = CARTESIAN_POINT ( 'NONE',  ( 0.1267361111111055800, 0.04246835306586775600, 0.02451911507461879100 ) ) ;
#914 = ORIENTED_EDGE ( 'NONE', *, *, #3560, .T. ) ;
#915 = CARTESIAN_POINT ( 'NONE',  ( -0.1215277777777793400, 0.02123417653293388800, 0.03677867261192820800 ) ) ;
#916 = CARTESIAN_POINT ( 'NONE',  ( 0.1354166666666609700, -0.04246835306586774200, 0.0000000000000000000 ) ) ;
#917 = CARTESIAN_POINT ( 'NONE',  ( -0.1189236111111126900, 0.02123417653293388100, 0.03677867261192818700 ) ) ;
#918 = CARTESIAN_POINT ( 'NONE',  ( 0.1874999999999999700, -7.851222772678303800E-017, 0.05600000000000013300 ) ) ;
#919 = CARTESIAN_POINT ( 'NONE',  ( -0.1890190972222219300, -0.02856381862225543900, 0.04947398511192856900 ) ) ;
#920 = CARTESIAN_POINT ( 'NONE',  ( -0.1536458333333338100, 0.05600000000000021600, -6.858022075225205100E-018 ) ) ;
#921 = CARTESIAN_POINT ( 'NONE',  ( -0.05295138888889152500, -0.02123417653293383300, 0.03677867261192821500 ) ) ;
#922 = CARTESIAN_POINT ( 'NONE',  ( 0.1001438239129986000, -8.537024980200822600E-017, 0.0000000000000000000 ) ) ;
#923 = CARTESIAN_POINT ( 'NONE',  ( 0.02256944444444005200, -0.05600000000000021600, -0.03233161507461916600 ) ) ;
#924 = CARTESIAN_POINT ( 'NONE',  ( 0.05815972222221833800, 0.02800000000000013200, 0.04849742261192874200 ) ) ;
#925 = EDGE_CURVE ( 'NONE', #970, #2155, #1765, .T. ) ;
#926 = CARTESIAN_POINT ( 'NONE',  ( -0.1786024305555554400, 0.02856381862225547100, -0.04947398511192854800 ) ) ;
#927 = CARTESIAN_POINT ( 'NONE',  ( -0.08159722222222441600, 0.04246835306586774900, 0.02451911507461879500 ) ) ;
#928 = CARTESIAN_POINT ( 'NONE',  ( 0.1614583333333272600, -3.002725579405754300E-018, -0.04903823014923761700 ) ) ;
#929 = CARTESIAN_POINT ( 'NONE',  ( -0.1258680555555570000, 0.02123417653293385400, -0.03677867261192820100 ) ) ;
#930 = B_SPLINE_CURVE_WITH_KNOTS ( 'NONE', 3,
 ( #2853, #3874, #1792, #88, #2530, #3892, #435, #4231, #2143, #2500, #752, #3211, #2948, #3449, #196, #4010 ),
 .UNSPECIFIED., .F., .F.,
 ( 4, 2, 2, 2, 2, 2, 2, 4 ),
 ( 0.0000000000000000000, 0.0004024469628792829100, 0.0008048939257585660400, 0.001207340888637849200, 0.001609787851517132500, 0.002012234814396415700, 0.002414681777275699200, 0.003219575703034266300 ),
 .UNSPECIFIED. ) ;
#931 = EDGE_LOOP ( 'NONE', ( #4253, #508, #4110, #554 ) ) ;
#932 = DIRECTION ( 'NONE',  ( 1.000000000000000000, -0.0000000000000000000, -0.0000000000000000000 ) ) ;
#933 = CARTESIAN_POINT ( 'NONE',  ( -0.06054687500000176900, -0.05712763724451096200, 0.0000000000000000000 ) ) ;
#934 = CARTESIAN_POINT ( 'NONE',  ( 0.01388888888888465500, 0.02800000000000013200, 0.04849742261192873500 ) ) ;
#935 = ORIENTED_EDGE ( 'NONE', *, *, #2468, .F. ) ;
#936 = CARTESIAN_POINT ( 'NONE',  ( -0.1579237875262812800, 0.01500515477614290100, -0.05600000000000023700 ) ) ;
#937 = CARTESIAN_POINT ( 'NONE',  ( -0.02517361111111420300, -0.02123417653293386800, -0.03677867261192819400 ) ) ;
#938 = CARTESIAN_POINT ( 'NONE',  ( -0.1718750000000007500, -3.002725579405754300E-018, -0.04903823014923761700 ) ) ;
#939 = CARTESIAN_POINT ( 'NONE',  ( 0.0000000000000000000, 0.0000000000000000000, 0.0000000000000000000 ) ) ;
#940 = CARTESIAN_POINT ( 'NONE',  ( -0.1874999999999999700, -7.924793723240165000E-017, 0.04558333333333353800 ) ) ;
#941 = ORIENTED_EDGE ( 'NONE', *, *, #4445, .T. ) ;
#942 = CARTESIAN_POINT ( 'NONE',  ( -0.1178385416666675200, -4.039210500559140100E-018, -0.06596531348257138300 ) ) ;
#943 = CARTESIAN_POINT ( 'NONE',  ( -0.09201388888889090700, -0.04246835306586774200, -0.02451911507461879800 ) ) ;
#944 = CARTESIAN_POINT ( 'NONE',  ( 0.1510416666666607700, 9.008176738217260500E-018, 0.04903823014923761700 ) ) ;
#945 = CARTESIAN_POINT ( 'NONE',  ( -0.08940972222222427800, -0.04246835306586772800, -0.02451911507461879500 ) ) ;
#946 = VERTEX_POINT ( 'NONE', #2365 ) ;
#947 = DATE_AND_TIME ( #3596, #1723 ) ;
#948 = CARTESIAN_POINT ( 'NONE',  ( 0.1874999999999999700, -8.537024980200822600E-017, 0.0000000000000000000 ) ) ;
#949 = CARTESIAN_POINT ( 'NONE',  ( -0.02582465277778011500, 0.02856381862225550900, 0.04947398511192853400 ) ) ;
#950 = ADVANCED_FACE ( 'NONE', ( #1942 ), #1145, .T. ) ;
#951 = CARTESIAN_POINT ( 'NONE',  ( -0.1839150149822516800, 0.03224635296350460800, -0.03754825196233223900 ) ) ;
#952 = CARTESIAN_POINT ( 'NONE',  ( -0.01649305555555877200, 0.04246835306586772800, 0.02451911507461878800 ) ) ;
#953 = CARTESIAN_POINT ( 'NONE',  ( -0.1631944444444453400, 0.02123417653293388800, 0.03677867261192820800 ) ) ;
#954 = DIRECTION ( 'NONE',  ( 0.0000000000000000000, 0.0000000000000000000, -1.000000000000000000 ) ) ;
#955 = CYLINDRICAL_SURFACE ( 'NONE', #4318, 0.05600000000000013300 ) ;
#956 = CARTESIAN_POINT ( 'NONE',  ( -0.1143663194444453600, 0.05712763724451095500, -0.03298265674128571200 ) ) ;
#957 = CARTESIAN_POINT ( 'NONE',  ( -0.1458333333333345100, 0.04246835306586774200, -5.200873264717461400E-018 ) ) ;
#958 = CARTESIAN_POINT ( 'NONE',  ( 0.1770833333333270100, -0.04246835306586774200, 0.0000000000000000000 ) ) ;
#959 = CARTESIAN_POINT ( 'NONE',  ( -0.07552083333333561900, 9.008176738217257400E-018, 0.04903823014923759700 ) ) ;
#960 = EDGE_CURVE ( 'NONE', #2921, #3143, #526, .T. ) ;
#961 = FACE_OUTER_BOUND ( 'NONE', #1714, .T. ) ;
#962 = FACE_OUTER_BOUND ( 'NONE', #3586, .T. ) ;
#963 = CARTESIAN_POINT ( 'NONE',  ( -0.01649305555555824100, -0.05600000000000021600, -0.03233161507461916600 ) ) ;
#964 = CARTESIAN_POINT ( 'NONE',  ( -0.02929687500000227200, 0.05712763724451096200, -6.996117809434148300E-018 ) ) ;
#965 = ORIENTED_EDGE ( 'NONE', *, *, #125, .T. ) ;
#966 = CARTESIAN_POINT ( 'NONE',  ( 0.03559027777777423700, 0.05600000000000023000, 0.03233161507461914500 ) ) ;
#967 = CARTESIAN_POINT ( 'NONE',  ( -0.04600694444444718800, -0.02123417653293386800, -0.03677867261192819400 ) ) ;
#968 = CARTESIAN_POINT ( 'NONE',  ( -0.1440972222222234000, 0.04246835306586775600, 0.02451911507461879100 ) ) ;
#969 = CARTESIAN_POINT ( 'NONE',  ( 0.1324999999999999800, 0.0000000000000000000, 0.0000000000000000000 ) ) ;
#970 = VERTEX_POINT ( 'NONE', #1513 ) ;
#971 = CARTESIAN_POINT ( 'NONE',  ( -0.1503906250000018300, 1.211763150167741700E-017, 0.06596531348257138300 ) ) ;
#972 = CARTESIAN_POINT ( 'NONE',  ( -0.1803385416666665500, -4.039210500559140100E-018, -0.06596531348257138300 ) ) ;
#973 = CARTESIAN_POINT ( 'NONE',  ( -0.01736111111111434500, 0.02123417653293388800, 0.03677867261192820800 ) ) ;
#974 = CARTESIAN_POINT ( 'NONE',  ( 0.1371527777777720400, -0.04246835306586774200, -0.02451911507461880500 ) ) ;
#975 = CARTESIAN_POINT ( 'NONE',  ( -0.1104600694444469200, 0.02856381862225550900, 0.04947398511192853400 ) ) ;
#976 = CARTESIAN_POINT ( 'NONE',  ( -0.1814236111111116900, 0.02123417653293388100, 0.03677867261192818700 ) ) ;
#977 = CARTESIAN_POINT ( 'NONE',  ( 0.05989583333332888800, -3.002725579405752700E-018, -0.04903823014923759700 ) ) ;
#978 = CARTESIAN_POINT ( 'NONE',  ( 0.001953124999997223800, -0.05712763724451096200, 0.0000000000000000000 ) ) ;
#979 = CARTESIAN_POINT ( 'NONE',  ( 0.1324999999999999800, 0.0000000000000000000, 0.0000000000000000000 ) ) ;
#980 = CARTESIAN_POINT ( 'NONE',  ( -0.09201388888889093500, -0.04246835306586774200, -0.02451911507461880500 ) ) ;
#981 = CARTESIAN_POINT ( 'NONE',  ( -0.1302083333333352600, -6.748092400166939000E-017, 0.05600000000000020900 ) ) ;
#982 = CARTESIAN_POINT ( 'NONE',  ( -0.02191840277778167200, -0.05712763724451094800, 0.03298265674128572600 ) ) ;
#983 = AXIS2_PLACEMENT_3D ( 'NONE', #2601, #505, #2957 ) ;
#984 = CARTESIAN_POINT ( 'NONE',  ( -0.1365017361111131600, 0.05712763724451095500, -0.03298265674128571200 ) ) ;
#985 = EDGE_CURVE ( 'NONE', #1653, #2692, #3796, .T. ) ;
#986 = CARTESIAN_POINT ( 'NONE',  ( -0.1386718750000005300, -4.039210500559140100E-018, -0.06596531348257138300 ) ) ;
#987 = CARTESIAN_POINT ( 'NONE',  ( -0.03472222222222517300, -0.02123417653293384000, 0.03677867261192822900 ) ) ;
#988 = CARTESIAN_POINT ( 'NONE',  ( -0.1380208333333340900, -6.862466847627394900E-018, -0.05600000000000021600 ) ) ;
#989 = CARTESIAN_POINT ( 'NONE',  ( -0.1208767361111134100, -0.02856381862225548800, -0.04947398511192854100 ) ) ;
#990 = CARTESIAN_POINT ( 'NONE',  ( -0.01649305555555877200, 0.04246835306586772800, 0.02451911507461879100 ) ) ;
#991 = EDGE_LOOP ( 'NONE', ( #4324, #17, #3683, #2259, #2752, #3262 ) ) ;
#992 = CARTESIAN_POINT ( 'NONE',  ( -0.1787343088442801000, 7.760157573410282400E-013, -0.05434902448905359200 ) ) ;
#993 = CARTESIAN_POINT ( 'NONE',  ( 0.08420138888888406600, 0.04246835306586771400, -0.02451911507461881200 ) ) ;
#994 = ORIENTED_EDGE ( 'NONE', *, *, #3795, .F. ) ;
#995 = CARTESIAN_POINT ( 'NONE',  ( 0.1833171980456396200, 0.03014837359268079200, 0.01028148517190896100 ) ) ;
#996 = CARTESIAN_POINT ( 'NONE',  ( -0.01019965277778036600, 0.05712763724451095500, -0.03298265674128571200 ) ) ;
#997 = CARTESIAN_POINT ( 'NONE',  ( -0.1302083333333352600, -6.748092400166939000E-017, 0.05600000000000020900 ) ) ;
#998 = CARTESIAN_POINT ( 'NONE',  ( -0.1406250000000012500, 9.008176738217260500E-018, 0.04903823014923761700 ) ) ;
#999 = ORIENTED_EDGE ( 'NONE', *, *, #2344, .T. ) ;
#1000 = CARTESIAN_POINT ( 'NONE',  ( 0.04854878752627708000, -0.01500515477614293400, -0.05600000000000021600 ) ) ;
#1001 = CARTESIAN_POINT ( 'NONE',  ( -0.02018229166667059200, -0.05712763724451096200, 0.0000000000000000000 ) ) ;
#1002 =( LENGTH_UNIT ( ) NAMED_UNIT ( * ) SI_UNIT ( $, .METRE. ) );
#1003 =( BOUNDED_CURVE ( )  B_SPLINE_CURVE ( 2, ( #4313, #4301, #2910, #1877, #4343, #3621, #779, #2545, #2200 ),
 .UNSPECIFIED., .F., .F. ) 
 B_SPLINE_CURVE_WITH_KNOTS ( ( 3, 2, 2, 2, 3 ),
 ( 0.3194444444444444200, 0.3240740740740740700, 0.3333333333333333700, 0.3425925925925925600, 0.3472222222222222100 ),
 .UNSPECIFIED. ) 
 CURVE ( )  GEOMETRIC_REPRESENTATION_ITEM ( )  RATIONAL_B_SPLINE_CURVE ( ( 0.9330127018922194100, 0.9330127018922194100, 1.000000000000000000, 0.8660254037844387100, 1.000000000000000000, 0.8660254037844387100, 1.000000000000000000, 0.9330127018922194100, 0.9330127018922194100 ) ) 
 REPRESENTATION_ITEM ( '' )  );
#1004 = CC_DESIGN_PERSON_AND_ORGANIZATION_ASSIGNMENT ( #3818, #3078, ( #538 ) ) ;
#1005 = CARTESIAN_POINT ( 'NONE',  ( -0.07964409722222369500, -0.05712763724451096200, -0.03298265674128569200 ) ) ;
#1006 = CARTESIAN_POINT ( 'NONE',  ( -0.02430555555555866100, 0.02123417653293386400, -0.03677867261192821500 ) ) ;
#1007 = CARTESIAN_POINT ( 'NONE',  ( 0.1833094114829376400, 0.03011402931141837100, -0.01034097121200489200 ) ) ;
#1008 = PERSON_AND_ORGANIZATION ( #3372, #2706 ) ;
#1009 = CARTESIAN_POINT ( 'NONE',  ( -0.08789062500000283100, 1.211763150167741700E-017, 0.06596531348257138300 ) ) ;
#1010 = CARTESIAN_POINT ( 'NONE',  ( 0.03211805555555155600, -0.04246835306586770700, 0.02451911507461881600 ) ) ;
#1011 = CARTESIAN_POINT ( 'NONE',  ( 0.004277954192943390000, -0.01500515477614310100, -0.05600000000000012600 ) ) ;
#1012 = CARTESIAN_POINT ( 'NONE',  ( 0.1276041666666611600, 0.04246835306586772800, -5.200873264717459100E-018 ) ) ;
#1013 = CARTESIAN_POINT ( 'NONE',  ( 0.09461805555555105600, 0.05600000000000020900, -0.03233161507461918700 ) ) ;
#1014 = CARTESIAN_POINT ( 'NONE',  ( 0.06966145833332948500, -4.039210500559140100E-018, -0.06596531348257138300 ) ) ;
#1015 = DIRECTION ( 'NONE',  ( 1.000000000000000000, 0.0000000000000000000, 0.0000000000000000000 ) ) ;
#1016 = CARTESIAN_POINT ( 'NONE',  ( -0.06597222222222466600, 0.02123417653293386400, -0.03677867261192821500 ) ) ;
#1017 = CARTESIAN_POINT ( 'NONE',  ( 0.1044999999999998800, -0.05040310415281742300, 0.02689040774887345800 ) ) ;
#1018 = LINE ( 'NONE', #1271, #4162 ) ;
#1019 = ADVANCED_FACE ( 'NONE', ( #3554 ), #2228, .F. ) ;
#1020 = CARTESIAN_POINT ( 'NONE',  ( -0.1382378472222242600, 0.02856381862225547100, -0.04947398511192854800 ) ) ;
#1021 = CARTESIAN_POINT ( 'NONE',  ( -0.01193576388889144500, 0.02856381862225547100, -0.04947398511192854800 ) ) ;
#1022 = FACE_OUTER_BOUND ( 'NONE', #80, .T. ) ;
#1023 = CARTESIAN_POINT ( 'NONE',  ( -0.02083333333333650300, 0.04246835306586774200, -5.200873264717461400E-018 ) ) ;
#1024 = CARTESIAN_POINT ( 'NONE',  ( 0.1044999999999998800, -0.04161387515041802700, -0.03929521613663940200 ) ) ;
#1025 = ADVANCED_FACE ( 'NONE', ( #1678 ), #3945, .T. ) ;
#1026 = CARTESIAN_POINT ( 'NONE',  ( -0.05664062500000332400, -4.039210500559140100E-018, -0.06596531348257138300 ) ) ;
#1027 = CARTESIAN_POINT ( 'NONE',  ( -0.03559027777778067700, 0.02123417653293388100, 0.03677867261192818700 ) ) ;
#1028 = EDGE_CURVE ( 'NONE', #568, #2092, #1018, .T. ) ;
#1029 = ORIENTED_EDGE ( 'NONE', *, *, #1049, .F. ) ;
#1030 = CARTESIAN_POINT ( 'NONE',  ( 0.04600694444444022200, 0.04246835306586772800, 0.02451911507461878800 ) ) ;
#1031 = CARTESIAN_POINT ( 'NONE',  ( -0.1709446208596155100, -0.01500515477614290300, 0.05600000000000023000 ) ) ;
#1032 = CARTESIAN_POINT ( 'NONE',  ( 0.1061197916666622600, -0.05712763724451096200, 0.0000000000000000000 ) ) ;
#1033 = CARTESIAN_POINT ( 'NONE',  ( 0.1059982674332515400, -8.537024980200822600E-017, -0.06800000000000010200 ) ) ;
#1034 = AXIS2_PLACEMENT_3D ( 'NONE', #4146, #1313, #2027 ) ;
#1035 = CARTESIAN_POINT ( 'NONE',  ( -0.02951388888889193400, -0.04246835306586774200, -0.02451911507461880500 ) ) ;
#1036 = CARTESIAN_POINT ( 'NONE',  ( -0.06054687500000176900, -0.05712763724451096200, 0.0000000000000000000 ) ) ;
#1037 = CARTESIAN_POINT ( 'NONE',  ( -0.07291666666666900300, -0.04246835306586774200, 0.0000000000000000000 ) ) ;
#1038 = CARTESIAN_POINT ( 'NONE',  ( -0.1293402777777786800, 0.02800000000000013200, 0.04849742261192874200 ) ) ;
#1039 = CARTESIAN_POINT ( 'NONE',  ( -0.1174045138888912400, 0.02856381862225547100, -0.04947398511192854800 ) ) ;
#1040 = CARTESIAN_POINT ( 'NONE',  ( 0.007812499999996408300, 9.008176738217257400E-018, 0.04903823014923759700 ) ) ;
#1041 = CARTESIAN_POINT ( 'NONE',  ( -0.1154513888888900100, 0.02800000000000009800, -0.04849742261192875600 ) ) ;
#1042 = ADVANCED_FACE ( 'NONE', ( #799 ), #3617, .T. ) ;
#1043 = CARTESIAN_POINT ( 'NONE',  ( -0.1857638888888893900, 0.04246835306586775600, 0.02451911507461879100 ) ) ;
#1044 = CARTESIAN_POINT ( 'NONE',  ( 0.1113281249999954900, -4.039210500559140100E-018, -0.06596531348257138300 ) ) ;
#1045 = ORIENTED_EDGE ( 'NONE', *, *, #1552, .T. ) ;
#1046 = CARTESIAN_POINT ( 'NONE',  ( 0.1005919597901057500, 0.01565287250510216000, 0.05434788508398184800 ) ) ;
#1047 = CARTESIAN_POINT ( 'NONE',  ( -0.04340277777778060000, 0.04246835306586772800, -0.02451911507461882300 ) ) ;
#1048 = CARTESIAN_POINT ( 'NONE',  ( 0.0008680555555520566800, 0.04246835306586771400, -0.02451911507461881200 ) ) ;
#1049 = EDGE_CURVE ( 'NONE', #3088, #456, #4093, .T. ) ;
#1050 = ORIENTED_EDGE ( 'NONE', *, *, #353, .T. ) ;
#1051 = CARTESIAN_POINT ( 'NONE',  ( 0.005425347222219382300, -0.02856381862225548800, -0.04947398511192854100 ) ) ;
#1052 = CARTESIAN_POINT ( 'NONE',  ( 0.03993055555555141000, 0.04246835306586772800, -0.02451911507461883000 ) ) ;
#1053 = CARTESIAN_POINT ( 'NONE',  ( 0.007595486111106746500, 0.02856381862225547100, -0.04947398511192854800 ) ) ;
#1054 = CARTESIAN_POINT ( 'NONE',  ( -0.03732638888889175400, 0.04246835306586772800, 0.02451911507461879100 ) ) ;
#1055 = ORIENTED_EDGE ( 'NONE', *, *, #1960, .T. ) ;
#1056 = AXIS2_PLACEMENT_3D ( 'NONE', #3390, #270, #3420 ) ;
#1057 = CARTESIAN_POINT ( 'NONE',  ( -0.1545138888888899200, -0.04246835306586774200, -0.02451911507461880500 ) ) ;
#1058 = ORIENTED_EDGE ( 'NONE', *, *, #1818, .T. ) ;
#1059 = CARTESIAN_POINT ( 'NONE',  ( 0.05403645833332974100, 0.05712763724451096200, -6.996117809434148300E-018 ) ) ;
#1060 =( BOUNDED_CURVE ( )  B_SPLINE_CURVE ( 2, ( #2072, #321, #4192, #4177, #3444, #1725, #3060, #4550, #2024 ),
 .UNSPECIFIED., .F., .F. ) 
 B_SPLINE_CURVE_WITH_KNOTS ( ( 3, 2, 2, 2, 3 ),
 ( 0.3750000000000000000, 0.3796296296296296500, 0.3888888888888888400, 0.3981481481481481400, 0.4027777777777777900 ),
 .UNSPECIFIED. ) 
 CURVE ( )  GEOMETRIC_REPRESENTATION_ITEM ( )  RATIONAL_B_SPLINE_CURVE ( ( 0.9330127018922194100, 0.9330127018922194100, 1.000000000000000000, 0.8660254037844387100, 1.000000000000000000, 0.8660254037844387100, 1.000000000000000000, 0.9330127018922194100, 0.9330127018922194100 ) ) 
 REPRESENTATION_ITEM ( '' )  );
#1061 = LOCAL_TIME ( 11, 44, 35.00000000000000000, #2164 ) ;
#1062 = PLANE ( 'NONE',  #603 ) ;
#1063 = CARTESIAN_POINT ( 'NONE',  ( -0.003472222222225675900, 0.02123417653293386400, -0.03677867261192821500 ) ) ;
#1064 = CARTESIAN_POINT ( 'NONE',  ( 0.1861044312894212500, -0.01804219591217584200, -0.03124999999999998600 ) ) ;
#1065 = CARTESIAN_POINT ( 'NONE',  ( 0.08420138888888406600, 0.04246835306586771400, -0.02451911507461881200 ) ) ;
#1066 = SHAPE_DEFINITION_REPRESENTATION ( #3241, #4171 ) ;
#1067 = ADVANCED_FACE ( 'NONE', ( #3168 ), #2509, .T. ) ;
#1068 = CARTESIAN_POINT ( 'NONE',  ( 0.01931423611110805200, -0.02856381862225543900, 0.04947398511192856900 ) ) ;
#1069 = CARTESIAN_POINT ( 'NONE',  ( 0.1006944444444393300, 0.02123417653293386400, -0.03677867261192821500 ) ) ;
#1070 = CARTESIAN_POINT ( 'NONE',  ( 0.02495659722221757500, -0.02856381862225548800, -0.04947398511192854100 ) ) ;
#1071 = FACE_OUTER_BOUND ( 'NONE', #862, .T. ) ;
#1072 = FACE_OUTER_BOUND ( 'NONE', #2943, .T. ) ;
#1073 = CARTESIAN_POINT ( 'NONE',  ( -4.011067830541229900E-015, -0.05600000000000021600, 0.0000000000000000000 ) ) ;
#1074 = CARTESIAN_POINT ( 'NONE',  ( -0.1527777777777788400, -0.02123417653293387500, -0.03677867261192821500 ) ) ;
#1075 = FACE_BOUND ( 'NONE', #452, .T. ) ;
#1076 = ORIENTED_EDGE ( 'NONE', *, *, #3951, .F. ) ;
#1077 = CARTESIAN_POINT ( 'NONE',  ( 0.01757812499999697100, 1.211763150167741700E-017, 0.06596531348257138300 ) ) ;
#1078 = ORIENTED_EDGE ( 'NONE', *, *, #69, .T. ) ;
#1079 = AXIS2_PLACEMENT_3D ( 'NONE', #4072, #1956, #3464 ) ;
#1080 = CARTESIAN_POINT ( 'NONE',  ( 0.08072916666666243900, -3.408358534321605800E-016, 0.05600000000000023000 ) ) ;
#1081 = EDGE_CURVE ( 'NONE', #808, #3772, #192, .T. ) ;
#1082 = CARTESIAN_POINT ( 'NONE',  ( 0.05381944444444007600, -0.04246835306586774200, -0.02451911507461880500 ) ) ;
#1083 = CARTESIAN_POINT ( 'NONE',  ( 0.08947204580704705400, 0.01500515477614275200, -0.05600000000000031300 ) ) ;
#1084 = CARTESIAN_POINT ( 'NONE',  ( -0.001085069444448650500, -0.05712763724451094800, 0.03298265674128572600 ) ) ;
#1085 = CARTESIAN_POINT ( 'NONE',  ( 0.009548611111107488000, -0.02123417653293383300, 0.03677867261192821500 ) ) ;
#1086 = VERTEX_POINT ( 'NONE', #1227 ) ;
#1087 = CARTESIAN_POINT ( 'NONE',  ( 0.06966145833332948500, -4.039210500559140100E-018, -0.06596531348257138300 ) ) ;
#1088 = CARTESIAN_POINT ( 'NONE',  ( 0.1044999999999999300, 0.04282505645149034500, -0.001009361009595013200 ) ) ;
#1089 = CARTESIAN_POINT ( 'NONE',  ( 0.1324999999999999800, 0.03608439182435157300, 0.0000000000000000000 ) ) ;
#1090 = CARTESIAN_POINT ( 'NONE',  ( -0.04969618055555899400, 0.05712763724451097600, 0.03298265674128567100 ) ) ;
#1091 = CARTESIAN_POINT ( 'NONE',  ( 0.05989583333332888800, -3.002725579405752700E-018, -0.04903823014923759700 ) ) ;
#1092 = ORIENTED_EDGE ( 'NONE', *, *, #3203, .T. ) ;
#1093 = CARTESIAN_POINT ( 'NONE',  ( 0.1030683421713604300, -0.04936458353729121500, 0.02875247518615107000 ) ) ;
#1094 = CARTESIAN_POINT ( 'NONE',  ( -0.1736111111111118300, -0.02123417653293387500, -0.03677867261192821500 ) ) ;
#1095 = CARTESIAN_POINT ( 'NONE',  ( 0.1391059027777728200, 0.05712763724451097600, 0.03298265674128567100 ) ) ;
#1096 = CARTESIAN_POINT ( 'NONE',  ( -0.1953125000000003600, -0.04246835306586772800, 0.0000000000000000000 ) ) ;
#1097 = CARTESIAN_POINT ( 'NONE',  ( 0.04513888888888464800, 0.02123417653293388800, 0.03677867261192820800 ) ) ;
#1098 = CARTESIAN_POINT ( 'NONE',  ( 0.1874999999999999700, 8.537024980200819500E-018, 0.0000000000000000000 ) ) ;
#1099 = CARTESIAN_POINT ( 'NONE',  ( 0.005859374999995666700, -4.039210500559140100E-018, -0.06596531348257138300 ) ) ;
#1100 = CARTESIAN_POINT ( 'NONE',  ( 0.1032986111111059700, 0.02123417653293385400, -0.03677867261192820100 ) ) ;
#1101 = CARTESIAN_POINT ( 'NONE',  ( 0.1148003472222176400, 0.05712763724451095500, -0.03298265674128571200 ) ) ;
#1102 = CARTESIAN_POINT ( 'NONE',  ( 0.04687499999999576000, 9.008176738217262000E-018, 0.04903823014923761700 ) ) ;
#1103 = CARTESIAN_POINT ( 'NONE',  ( -0.04079861111111342900, -0.05600000000000020200, 0.03233161507461920100 ) ) ;
#1104 = CARTESIAN_POINT ( 'NONE',  ( -0.01497395833333731900, -4.039210500559140100E-018, -0.06596531348257138300 ) ) ;
#1105 = CARTESIAN_POINT ( 'NONE',  ( 0.06857638888888431500, 0.02123417653293388100, 0.03677867261192818700 ) ) ;
#1106 = CARTESIAN_POINT ( 'NONE',  ( 0.1874999999999999700, 8.537024980200819500E-018, 0.0000000000000000000 ) ) ;
#1107 = CARTESIAN_POINT ( 'NONE',  ( 0.1623263888888828200, -0.02123417653293386800, -0.03677867261192819400 ) ) ;
#1108 = ORIENTED_EDGE ( 'NONE', *, *, #2015, .T. ) ;
#1109 = CARTESIAN_POINT ( 'NONE',  ( -0.1729600694444459200, 0.02856381862225550900, 0.04947398511192853400 ) ) ;
#1110 = CARTESIAN_POINT ( 'NONE',  ( 0.1088561760870014200, -8.537024980200822600E-017, -0.06471235217400275700 ) ) ;
#1111 = VERTEX_POINT ( 'NONE', #1209 ) ;
#1112 = CARTESIAN_POINT ( 'NONE',  ( 0.09027777777777232200, 0.02800000000000009800, -0.04849742261192875600 ) ) ;
#1113 = CARTESIAN_POINT ( 'NONE',  ( 0.06163194444443997200, 0.02123417653293385400, -0.03677867261192820100 ) ) ;
#1114 = ADVANCED_FACE ( 'NONE', ( #4431 ), #218, .F. ) ;
#1115 = EDGE_CURVE ( 'NONE', #433, #2490, #3225, .T. ) ;
#1116 = ORIENTED_EDGE ( 'NONE', *, *, #4088, .T. ) ;
#1117 = CARTESIAN_POINT ( 'NONE',  ( 0.1113281249999954900, -4.039210500559140100E-018, -0.06596531348257138300 ) ) ;
#1118 = CARTESIAN_POINT ( 'NONE',  ( 0.1044999999999999500, 0.03306987103752833500, -0.02664478638849335600 ) ) ;
#1119 = CARTESIAN_POINT ( 'NONE',  ( 0.05099826388888383000, 0.05712763724451095500, -0.03298265674128571200 ) ) ;
#1120 = CARTESIAN_POINT ( 'NONE',  ( 0.06163194444443997200, 0.02123417653293385400, -0.03677867261192820100 ) ) ;
#1121 = CARTESIAN_POINT ( 'NONE',  ( 0.008742879140382745600, 0.01500515477614292000, -0.05600000000000023000 ) ) ;
#1122 = CARTESIAN_POINT ( 'NONE',  ( -0.08680555555555767600, 0.02123417653293386400, -0.03677867261192821500 ) ) ;
#1123 = CARTESIAN_POINT ( 'NONE',  ( 0.1874999999999999700, -8.537024980200822600E-017, 0.0000000000000000000 ) ) ;
#1124 = CARTESIAN_POINT ( 'NONE',  ( -0.1712239583333348100, 1.211763150167741700E-017, 0.06596531348257138300 ) ) ;
#1125 = CYLINDRICAL_SURFACE ( 'NONE', #3754, 0.05600000000000013300 ) ;
#1126 = CARTESIAN_POINT ( 'NONE',  ( -0.1623263888888897600, 0.04246835306586772800, 0.02451911507461878800 ) ) ;
#1127 = CARTESIAN_POINT ( 'NONE',  ( 0.03211805555555155600, -0.04246835306586770700, 0.02451911507461881900 ) ) ;
#1128 = VECTOR ( 'NONE', #1945, 39.37007874015748100 ) ;
#1129 = CARTESIAN_POINT ( 'NONE',  ( 0.03841145833332999800, 1.211763150167741700E-017, 0.06596531348257138300 ) ) ;
#1130 = FACE_OUTER_BOUND ( 'NONE', #692, .T. ) ;
#1131 = CARTESIAN_POINT ( 'NONE',  ( 0.1256510416666604400, -0.05712763724451096200, 0.0000000000000000000 ) ) ;
#1132 = CARTESIAN_POINT ( 'NONE',  ( -0.08593750000000156800, -1.578367374954300700E-016, 0.05600000000000021600 ) ) ;
#1133 = DIRECTION ( 'NONE',  ( 1.000000000000000000, -0.0000000000000000000, -0.0000000000000000000 ) ) ;
#1134 = ORIENTED_EDGE ( 'NONE', *, *, #1286, .F. ) ;
#1135 = CARTESIAN_POINT ( 'NONE',  ( 0.1030683421713605900, 0.007489513508722326100, -0.05712763724452673400 ) ) ;
#1136 = EDGE_LOOP ( 'NONE', ( #1045, #1954, #1029, #263 ) ) ;
#1137 = CARTESIAN_POINT ( 'NONE',  ( -0.06076388888889140700, 0.04246835306586775600, 0.02451911507461879100 ) ) ;
#1138 = CARTESIAN_POINT ( 'NONE',  ( 0.07118055555555037600, 0.05600000000000020900, -0.03233161507461918700 ) ) ;
#1139 = ORIENTED_EDGE ( 'NONE', *, *, #2195, .T. ) ;
#1140 = CARTESIAN_POINT ( 'NONE',  ( -0.1380208333333345900, 9.008176738217257400E-018, 0.04903823014923759700 ) ) ;
#1141 = EDGE_CURVE ( 'NONE', #351, #256, #4554, .T. ) ;
#1142 = CARTESIAN_POINT ( 'NONE',  ( 0.1727430555555492800, 0.02123417653293388100, 0.03677867261192818700 ) ) ;
#1143 = CARTESIAN_POINT ( 'NONE',  ( 0.03320312499999671800, 0.05712763724451096200, -6.996117809434148300E-018 ) ) ;
#1145 =( BOUNDED_SURFACE ( )  B_SPLINE_SURFACE ( 1, 2, ( 
 ( #3773, #4163, #2045, #3461, #4469, #1367, #4520, #1349, #3114, #277, #1680, #3806, #2384, #3079, #4117, #637, #308, #3823, #3096, #1662, #1649, #971, #4180, #4131, #4537, #667, #2014, #1713, #1020, #984, #2751, #2061, #3429, #2414, #325, #3788, #4147, #654, #23, #816, #3935, #1817, #2624, #3330, #1583, #4482, #1600, #1564, #4030, #1913, #555, #3326, #1581, #3354, #2296, #4077, #1940, #4385, #541, #4365, #1609, #1961, #4429, #2311, #3742, #3007, #2661, #1639, #3711, #4458, #62, #2161, #1836, #4302, #107, #4332, #2911, #1148, #2870, #2217, #767, #3607, #3966, #4314, #1158, #3229, #3267, #2201, #2571, #3316, #2954, #4022, #3299, #1964, #4161, #982, #1001, #3931, #3525, #2139, #2123, #1785, #2862, #4283, #3159, #2526, #55, #1084, #3870, #2106, #1430, #1099, #3917, #3540, #3903, #1805, #20, #2466, #2813, #3207, #2153, #71, #2512, #116, #801, #815, #1512, #4323, #1167, #3628, #1886, #1486, #4351, #1524, #3990, #2238, #2209, #126, #1868, #2392, #832, #4008, #1849, #3287, #3978, #1834, #498, #4311, #1187, #777, #1539, #2242, #2186, #3646, #155, #4329, #2925, #487, #2198, #1891, #2582, #2908, #805, #4356, #1489, #1502, #3619, #2595, #1515, #818, #2543, #2558, #2938, #447, #119, #2896, #3242, #458, #3264, #1155, #1131, #1859, #1875, #2230, #3963, #2214, #3590, #3275, #3953, #104, #4299, #141, #790, #129, #1172, #3251, #1144, #3605, #2569, #473, #3632, #1526, #3995, #4341, #2964, #4019, #3719, #1553, #2981, #1584, #2999, #3013, #2315, #4417, #4049, #2642, #888 ),
 ( #908, #4083, #560, #3360, #1907, #222, #179, #1963, #1213, #1931, #2669, #1917, #2610, #3344, #511, #4400, #4370, #3331, #4389, #2269, #1247, #2625, #2286, #529, #3701, #544, #4434, #1615, #2952, #1260, #3673, #3685, #2255, #846, #1596, #3297, #1199, #864, #1947, #874, #194, #3660, #166, #4065, #3313, #1568, #4034, #1232, #2300, #209, #2654, #3871, #371, #21, #2698, #2379, #237, #1975, #2107, #3379, #574, #4228, #1295, #1658, #3027, #4127, #4113, #3784, #257, #1310, #4142, #4451, #4484, #3734, #1327, #1675, #1991, #1631, #4465, #3075, #2467, #2008, #921, #2681, #1274, #615, #967, #274, #2332, #589, #1413, #3044, #600, #1756, #3749, #2025, #4100, #2362, #937, #3394, #1644, #2348, #3061, #952, #3409, #3768, #2715, #3425, #4501, #287, #2734, #633, #3160, #1048, #3511, #4296, #731, #763, #1085, #2880, #1806, #1487, #403, #432, #2480, #1473, #37, #2814, #774, #3949, #3238, #1127, #1431, #2184, #56, #1832, #3541, #4268, #99, #1787, #389, #3222, #2832, #1457, #4243, #3208, #4255, #2140, #1113, #2497, #2154, #2850, #3572, #2513, #2540, #3587, #715, #3176, #1442, #3557, #1773, #1065, #3932, #3526, #3886, #3191, #1816, #746, #72, #2124, #3904, #3918, #1100, #418, #2863, #4284, #2169, #85, #2527, #3657, #163, #4366, #2567, #2239, #117, #1846, #1903, #3248, #445, #4016, #1153, #1525, #2893, #3991, #3975, #3643, #127, #1169, #4004, #4309, #4339, #3601, #1184, #1535, #1858, #1498, #4325, #2934, #2250, #1869, #786, #2554, #1142, #483, #828, #137, #2194 ) ),
 .UNSPECIFIED., .F., .F., .F. ) 
 B_SPLINE_SURFACE_WITH_KNOTS ( ( 2, 2 ),
 ( 3, 2, 2, 2, 2, 2, 2, 2, 2, 2, 2, 2, 2, 2, 2, 2, 2, 2, 2, 2, 2, 2, 2, 2, 2, 2, 2, 2, 2, 2, 2, 2, 2, 2, 2, 2, 2, 2, 2, 2, 2, 2, 2, 2, 2, 2, 2, 2, 2, 2, 2, 2, 2, 2, 2, 2, 2, 2, 2, 2, 2, 2, 2, 2, 2, 2, 2, 2, 2, 2, 2, 2, 2, 2, 2, 2, 2, 2, 2, 2, 2, 2, 2, 2, 2, 2, 2, 2, 2, 2, 2, 2, 2, 2, 2, 2, 2, 2, 2, 2, 2, 2, 2, 2, 2, 2, 2, 2, 3 ),
 ( 0.0000000000000000000, 1.000000000000000000 ),
 ( 0.0000000000000000000, 0.009259259259259258700, 0.01851851851851851700, 0.02777777777777777600, 0.03703703703703703500, 0.04629629629629629400, 0.05555555555555555200, 0.06481481481481481100, 0.07407407407407407000, 0.08333333333333332900, 0.09259259259259258700, 0.1018518518518518500, 0.1111111111111111000, 0.1203703703703703600, 0.1296296296296296200, 0.1388888888888889000, 0.1481481481481481400, 0.1574074074074074100, 0.1666666666666666600, 0.1759259259259259300, 0.1851851851851851700, 0.1944444444444444500, 0.2037037037037036900, 0.2129629629629629700, 0.2222222222222222100, 0.2314814814814814800, 0.2407407407407407300, 0.2500000000000000000, 0.2592592592592592400, 0.2685185185185185500, 0.2777777777777777900, 0.2870370370370370300, 0.2962962962962962800, 0.3055555555555555800, 0.3148148148148148300, 0.3240740740740740700, 0.3333333333333333100, 0.3425925925925926200, 0.3518518518518518600, 0.3611111111111111000, 0.3703703703703703500, 0.3796296296296296500, 0.3888888888888889000, 0.3981481481481481400, 0.4074074074074073800, 0.4166666666666666900, 0.4259259259259259300, 0.4351851851851851700, 0.4444444444444444200, 0.4537037037037037200, 0.4629629629629629700, 0.4722222222222222100, 0.4814814814814814500, 0.4907407407407407600, 0.5000000000000000000, 0.5092592592592593000, 0.5185185185185184900, 0.5277777777777777900, 0.5370370370370370900, 0.5462962962962962800, 0.5555555555555555800, 0.5648148148148147700, 0.5740740740740740700, 0.5833333333333333700, 0.5925925925925925600, 0.6018518518518518600, 0.6111111111111111600, 0.6203703703703703500, 0.6296296296296296500, 0.6388888888888888400, 0.6481481481481481400, 0.6574074074074074400, 0.6666666666666666300, 0.6759259259259259300, 0.6851851851851852300, 0.6944444444444444200, 0.7037037037037037200, 0.7129629629629629100, 0.7222222222222222100, 0.7314814814814815100, 0.7407407407407407000, 0.7500000000000000000, 0.7592592592592593000, 0.7685185185185184900, 0.7777777777777777900, 0.7870370370370370900, 0.7962962962962962800, 0.8055555555555555800, 0.8148148148148147700, 0.8240740740740740700, 0.8333333333333333700, 0.8425925925925925600, 0.8518518518518518600, 0.8611111111111111600, 0.8703703703703703500, 0.8796296296296296500, 0.8888888888888888400, 0.8981481481481481400, 0.9074074074074074400, 0.9166666666666666300, 0.9259259259259259300, 0.9351851851851852300, 0.9444444444444444200, 0.9537037037037037200, 0.9629629629629629100, 0.9722222222222222100, 0.9814814814814815100, 0.9907407407407407000, 1.000000000000000000 ),
 .UNSPECIFIED. ) 
 GEOMETRIC_REPRESENTATION_ITEM ( )  RATIONAL_B_SPLINE_SURFACE ( (
 ( 1.000000000000000000, 0.8660254037844387100, 1.000000000000000000, 0.8660254037844387100, 1.000000000000000000, 0.8660254037844387100, 1.000000000000000000, 0.8660254037844387100, 1.000000000000000000, 0.8660254037844387100, 1.000000000000000000, 0.8660254037844387100, 1.000000000000000000, 0.8660254037844387100, 1.000000000000000000, 0.8660254037844387100, 1.000000000000000000, 0.8660254037844387100, 1.000000000000000000, 0.8660254037844387100, 1.000000000000000000, 0.8660254037844387100, 1.000000000000000000, 0.8660254037844387100, 1.000000000000000000, 0.8660254037844387100, 1.000000000000000000, 0.8660254037844387100, 1.000000000000000000, 0.8660254037844387100, 1.000000000000000000, 0.8660254037844387100, 1.000000000000000000, 0.8660254037844387100, 1.000000000000000000, 0.8660254037844387100, 1.000000000000000000, 0.8660254037844387100, 1.000000000000000000, 0.8660254037844387100, 1.000000000000000000, 0.8660254037844387100, 1.000000000000000000, 0.8660254037844387100, 1.000000000000000000, 0.8660254037844387100, 1.000000000000000000, 0.8660254037844387100, 1.000000000000000000, 0.8660254037844387100, 1.000000000000000000, 0.8660254037844387100, 1.000000000000000000, 0.8660254037844387100, 1.000000000000000000, 0.8660254037844387100, 1.000000000000000000, 0.8660254037844387100, 1.000000000000000000, 0.8660254037844387100, 1.000000000000000000, 0.8660254037844387100, 1.000000000000000000, 0.8660254037844387100, 1.000000000000000000, 0.8660254037844387100, 1.000000000000000000, 0.8660254037844387100, 1.000000000000000000, 0.8660254037844387100, 1.000000000000000000, 0.8660254037844387100, 1.000000000000000000, 0.8660254037844387100, 1.000000000000000000, 0.8660254037844387100, 1.000000000000000000, 0.8660254037844387100, 1.000000000000000000, 0.8660254037844387100, 1.000000000000000000, 0.8660254037844387100, 1.000000000000000000, 0.8660254037844387100, 1.000000000000000000, 0.8660254037844387100, 1.000000000000000000, 0.8660254037844387100, 1.000000000000000000, 0.8660254037844387100, 1.000000000000000000, 0.8660254037844387100, 1.000000000000000000, 0.8660254037844387100, 1.000000000000000000, 0.8660254037844387100, 1.000000000000000000, 0.8660254037844387100, 1.000000000000000000, 0.8660254037844387100, 1.000000000000000000, 0.8660254037844387100, 1.000000000000000000, 0.8660254037844387100, 1.000000000000000000, 0.8660254037844387100, 1.000000000000000000, 0.8660254037844387100, 1.000000000000000000, 0.8660254037844387100, 1.000000000000000000, 0.8660254037844387100, 1.000000000000000000, 0.8660254037844387100, 1.000000000000000000, 0.8660254037844387100, 1.000000000000000000, 0.8660254037844387100, 1.000000000000000000, 0.8660254037844387100, 1.000000000000000000, 0.8660254037844387100, 1.000000000000000000, 0.8660254037844387100, 1.000000000000000000, 0.8660254037844387100, 1.000000000000000000, 0.8660254037844387100, 1.000000000000000000, 0.8660254037844387100, 1.000000000000000000, 0.8660254037844387100, 1.000000000000000000, 0.8660254037844387100, 1.000000000000000000, 0.8660254037844387100, 1.000000000000000000, 0.8660254037844387100, 1.000000000000000000, 0.8660254037844387100, 1.000000000000000000, 0.8660254037844387100, 1.000000000000000000, 0.8660254037844387100, 1.000000000000000000, 0.8660254037844387100, 1.000000000000000000, 0.8660254037844387100, 1.000000000000000000, 0.8660254037844387100, 1.000000000000000000, 0.8660254037844387100, 1.000000000000000000, 0.8660254037844387100, 1.000000000000000000, 0.8660254037844387100, 1.000000000000000000, 0.8660254037844387100, 1.000000000000000000, 0.8660254037844387100, 1.000000000000000000, 0.8660254037844387100, 1.000000000000000000, 0.8660254037844387100, 1.000000000000000000, 0.8660254037844387100, 1.000000000000000000, 0.8660254037844387100, 1.000000000000000000, 0.8660254037844387100, 1.000000000000000000, 0.8660254037844387100, 1.000000000000000000, 0.8660254037844387100, 1.000000000000000000, 0.8660254037844387100, 1.000000000000000000, 0.8660254037844387100, 1.000000000000000000, 0.8660254037844387100, 1.000000000000000000, 0.8660254037844387100, 1.000000000000000000, 0.8660254037844387100, 1.000000000000000000, 0.8660254037844387100, 1.000000000000000000, 0.8660254037844387100, 1.000000000000000000, 0.8660254037844387100, 1.000000000000000000, 0.8660254037844387100, 1.000000000000000000, 0.8660254037844387100, 1.000000000000000000, 0.8660254037844387100, 1.000000000000000000, 0.8660254037844387100, 1.000000000000000000, 0.8660254037844387100, 1.000000000000000000, 0.8660254037844387100, 1.000000000000000000, 0.8660254037844387100, 1.000000000000000000, 0.8660254037844387100, 1.000000000000000000, 0.8660254037844387100, 1.000000000000000000, 0.8660254037844387100, 1.000000000000000000, 0.8660254037844387100, 1.000000000000000000, 0.8660254037844387100, 1.000000000000000000, 0.8660254037844387100, 1.000000000000000000),
 ( 1.000000000000000000, 0.8660254037844387100, 1.000000000000000000, 0.8660254037844387100, 1.000000000000000000, 0.8660254037844387100, 1.000000000000000000, 0.8660254037844387100, 1.000000000000000000, 0.8660254037844387100, 1.000000000000000000, 0.8660254037844387100, 1.000000000000000000, 0.8660254037844387100, 1.000000000000000000, 0.8660254037844387100, 1.000000000000000000, 0.8660254037844387100, 1.000000000000000000, 0.8660254037844387100, 1.000000000000000000, 0.8660254037844387100, 1.000000000000000000, 0.8660254037844387100, 1.000000000000000000, 0.8660254037844387100, 1.000000000000000000, 0.8660254037844387100, 1.000000000000000000, 0.8660254037844387100, 1.000000000000000000, 0.8660254037844387100, 1.000000000000000000, 0.8660254037844387100, 1.000000000000000000, 0.8660254037844387100, 1.000000000000000000, 0.8660254037844387100, 1.000000000000000000, 0.8660254037844387100, 1.000000000000000000, 0.8660254037844387100, 1.000000000000000000, 0.8660254037844387100, 1.000000000000000000, 0.8660254037844387100, 1.000000000000000000, 0.8660254037844387100, 1.000000000000000000, 0.8660254037844387100, 1.000000000000000000, 0.8660254037844387100, 1.000000000000000000, 0.8660254037844387100, 1.000000000000000000, 0.8660254037844387100, 1.000000000000000000, 0.8660254037844387100, 1.000000000000000000, 0.8660254037844387100, 1.000000000000000000, 0.8660254037844387100, 1.000000000000000000, 0.8660254037844387100, 1.000000000000000000, 0.8660254037844387100, 1.000000000000000000, 0.8660254037844387100, 1.000000000000000000, 0.8660254037844387100, 1.000000000000000000, 0.8660254037844387100, 1.000000000000000000, 0.8660254037844387100, 1.000000000000000000, 0.8660254037844387100, 1.000000000000000000, 0.8660254037844387100, 1.000000000000000000, 0.8660254037844387100, 1.000000000000000000, 0.8660254037844387100, 1.000000000000000000, 0.8660254037844387100, 1.000000000000000000, 0.8660254037844387100, 1.000000000000000000, 0.8660254037844387100, 1.000000000000000000, 0.8660254037844387100, 1.000000000000000000, 0.8660254037844387100, 1.000000000000000000, 0.8660254037844387100, 1.000000000000000000, 0.8660254037844387100, 1.000000000000000000, 0.8660254037844387100, 1.000000000000000000, 0.8660254037844387100, 1.000000000000000000, 0.8660254037844387100, 1.000000000000000000, 0.8660254037844387100, 1.000000000000000000, 0.8660254037844387100, 1.000000000000000000, 0.8660254037844387100, 1.000000000000000000, 0.8660254037844387100, 1.000000000000000000, 0.8660254037844387100, 1.000000000000000000, 0.8660254037844387100, 1.000000000000000000, 0.8660254037844387100, 1.000000000000000000, 0.8660254037844387100, 1.000000000000000000, 0.8660254037844387100, 1.000000000000000000, 0.8660254037844387100, 1.000000000000000000, 0.8660254037844387100, 1.000000000000000000, 0.8660254037844387100, 1.000000000000000000, 0.8660254037844387100, 1.000000000000000000, 0.8660254037844387100, 1.000000000000000000, 0.8660254037844387100, 1.000000000000000000, 0.8660254037844387100, 1.000000000000000000, 0.8660254037844387100, 1.000000000000000000, 0.8660254037844387100, 1.000000000000000000, 0.8660254037844387100, 1.000000000000000000, 0.8660254037844387100, 1.000000000000000000, 0.8660254037844387100, 1.000000000000000000, 0.8660254037844387100, 1.000000000000000000, 0.8660254037844387100, 1.000000000000000000, 0.8660254037844387100, 1.000000000000000000, 0.8660254037844387100, 1.000000000000000000, 0.8660254037844387100, 1.000000000000000000, 0.8660254037844387100, 1.000000000000000000, 0.8660254037844387100, 1.000000000000000000, 0.8660254037844387100, 1.000000000000000000, 0.8660254037844387100, 1.000000000000000000, 0.8660254037844387100, 1.000000000000000000, 0.8660254037844387100, 1.000000000000000000, 0.8660254037844387100, 1.000000000000000000, 0.8660254037844387100, 1.000000000000000000, 0.8660254037844387100, 1.000000000000000000, 0.8660254037844387100, 1.000000000000000000, 0.8660254037844387100, 1.000000000000000000, 0.8660254037844387100, 1.000000000000000000, 0.8660254037844387100, 1.000000000000000000, 0.8660254037844387100, 1.000000000000000000, 0.8660254037844387100, 1.000000000000000000, 0.8660254037844387100, 1.000000000000000000, 0.8660254037844387100, 1.000000000000000000, 0.8660254037844387100, 1.000000000000000000, 0.8660254037844387100, 1.000000000000000000, 0.8660254037844387100, 1.000000000000000000, 0.8660254037844387100, 1.000000000000000000, 0.8660254037844387100, 1.000000000000000000, 0.8660254037844387100, 1.000000000000000000, 0.8660254037844387100, 1.000000000000000000, 0.8660254037844387100, 1.000000000000000000, 0.8660254037844387100, 1.000000000000000000, 0.8660254037844387100, 1.000000000000000000, 0.8660254037844387100, 1.000000000000000000, 0.8660254037844387100, 1.000000000000000000, 0.8660254037844387100, 1.000000000000000000, 0.8660254037844387100, 1.000000000000000000) ) ) 
 REPRESENTATION_ITEM ( '' )  SURFACE ( )  );
#1144 = CARTESIAN_POINT ( 'NONE',  ( 0.1534288194444377000, 0.02856381862225547100, -0.04947398511192854800 ) ) ;
#1146 = CARTESIAN_POINT ( 'NONE',  ( 0.1273871527777715200, -0.05712763724451096200, -0.03298265674128569200 ) ) ;
#1147 = CARTESIAN_POINT ( 'NONE',  ( 0.1874999999999999700, -8.537024980200822600E-017, 0.0000000000000000000 ) ) ;
#1148 = CARTESIAN_POINT ( 'NONE',  ( -0.05316840277778116900, 0.05712763724451095500, -0.03298265674128571200 ) ) ;
#1149 = CARTESIAN_POINT ( 'NONE',  ( 0.1030683421713604900, 2.516237844130046200E-017, 0.05712763724451097600 ) ) ;
#1150 = CARTESIAN_POINT ( 'NONE',  ( -0.07118055555555792600, -0.04246835306586774200, -0.02451911507461880500 ) ) ;
#1151 = CARTESIAN_POINT ( 'NONE',  ( 0.07812499999999476800, -3.396921089575560800E-016, 0.05600000000000023000 ) ) ;
#1152 = CARTESIAN_POINT ( 'NONE',  ( -0.09288194444444643200, -0.04246835306586770700, 0.02451911507461881900 ) ) ;
#1153 = CARTESIAN_POINT ( 'NONE',  ( 0.1345486111111054700, -0.02123417653293383300, 0.03677867261192821500 ) ) ;
#1154 = VERTEX_POINT ( 'NONE', #1941 ) ;
#1155 = CARTESIAN_POINT ( 'NONE',  ( 0.1239149305555492900, -0.05712763724451094800, 0.03298265674128572600 ) ) ;
#1156 = CARTESIAN_POINT ( 'NONE',  ( 0.1482204861111044700, -0.05712763724451096200, -0.03298265674128569200 ) ) ;
#1157 = DIRECTION ( 'NONE',  ( 1.000000000000000000, -0.0000000000000000000, -0.0000000000000000000 ) ) ;
#1158 = CARTESIAN_POINT ( 'NONE',  ( -0.04101562500000358000, -0.05712763724451096200, 0.0000000000000000000 ) ) ;
#1159 = DIRECTION ( 'NONE',  ( 1.000000000000000000, -0.0000000000000000000, -0.0000000000000000000 ) ) ;
#1160 = EDGE_LOOP ( 'NONE', ( #1289, #3566 ) ) ;
#1161 = CARTESIAN_POINT ( 'NONE',  ( 0.1874999999999999700, 1.325210959856374200E-017, 0.03850158773652737100 ) ) ;
#1162 = CARTESIAN_POINT ( 'NONE',  ( -0.04513888888889166400, 0.02123417653293386400, -0.03677867261192821500 ) ) ;
#1163 = CARTESIAN_POINT ( 'NONE',  ( 0.04687499999999522600, -6.862466847627394900E-018, -0.05600000000000021600 ) ) ;
#1164 = EDGE_CURVE ( 'NONE', #563, #877, #202, .T. ) ;
#1165 = ORIENTED_EDGE ( 'NONE', *, *, #2371, .F. ) ;
#1166 = CARTESIAN_POINT ( 'NONE',  ( -0.1762152777777784300, -0.04246835306586770700, 0.02451911507461881900 ) ) ;
#1167 = CARTESIAN_POINT ( 'NONE',  ( 0.03537326388888408600, 0.02856381862225550900, 0.04947398511192853400 ) ) ;
#1168 = ORIENTED_EDGE ( 'NONE', *, *, #2468, .T. ) ;
#1169 = CARTESIAN_POINT ( 'NONE',  ( 0.1467013888888831200, 0.04246835306586771400, -0.02451911507461881200 ) ) ;
#1170 = CALENDAR_DATE ( 2024, 21, 8 ) ;
#1171 = DIRECTION ( 'NONE',  ( 1.000000000000000000, -0.0000000000000000000, -0.0000000000000000000 ) ) ;
#1172 = CARTESIAN_POINT ( 'NONE',  ( 0.1499565972222155500, -0.02856381862225548800, -0.04947398511192854100 ) ) ;
#1173 = CARTESIAN_POINT ( 'NONE',  ( 0.1690538194444374800, -0.05712763724451096200, -0.03298265674128569200 ) ) ;
#1174 = CARTESIAN_POINT ( 'NONE',  ( -0.08420138888889050500, -0.02800000000000007000, 0.04849742261192877700 ) ) ;
#1175 = DIRECTION ( 'NONE',  ( 1.000000000000000000, -0.0000000000000000000, -0.0000000000000000000 ) ) ;
#1176 = LINE ( 'NONE', #3268, #465 ) ;
#1177 = CARTESIAN_POINT ( 'NONE',  ( -0.05989583333333532700, -0.05600000000000021600, 0.0000000000000000000 ) ) ;
#1178 = CARTESIAN_POINT ( 'NONE',  ( -0.08506944444444658500, 0.04246835306586772800, -0.02451911507461882300 ) ) ;
#1179 = FACE_OUTER_BOUND ( 'NONE', #2636, .T. ) ;
#1180 = CARTESIAN_POINT ( 'NONE',  ( 0.1044999999999998800, -0.05040310415281742300, 0.02689040774887345800 ) ) ;
#1181 = CC_DESIGN_APPROVAL ( #3626, ( #538 ) ) ;
#1182 = CARTESIAN_POINT ( 'NONE',  ( 0.006076388888885328500, 0.02123417653293388100, 0.03677867261192818700 ) ) ;
#1183 = ORIENTED_EDGE ( 'NONE', *, *, #4381, .F. ) ;
#1184 = CARTESIAN_POINT ( 'NONE',  ( 0.1553819444444384800, -0.02123417653293383300, 0.03677867261192821500 ) ) ;
#1185 = VERTEX_POINT ( 'NONE', #3310 ) ;
#1186 = CARTESIAN_POINT ( 'NONE',  ( 0.09201388888888338600, 0.05600000000000020900, -0.03233161507461918700 ) ) ;
#1187 = CARTESIAN_POINT ( 'NONE',  ( 0.07009548611110573400, 0.02856381862225547100, -0.04947398511192854800 ) ) ;
#1188 = CARTESIAN_POINT ( 'NONE',  ( 0.1152343749999939100, 0.05712763724451096200, -6.996117809434148300E-018 ) ) ;
#1189 = DIRECTION ( 'NONE',  ( 1.000000000000000000, -0.0000000000000000000, -0.0000000000000000000 ) ) ;
#1190 = DIRECTION ( 'NONE',  ( 1.000000000000000000, -0.0000000000000000000, -0.0000000000000000000 ) ) ;
#1191 = VERTEX_POINT ( 'NONE', #3670 ) ;
#1192 = ORIENTED_EDGE ( 'NONE', *, *, #4095, .F. ) ;
#1193 = CARTESIAN_POINT ( 'NONE',  ( 0.05208333333332899900, -0.04246835306586774200, 0.0000000000000000000 ) ) ;
#1194 = CARTESIAN_POINT ( 'NONE',  ( 0.07031249999999590600, -3.682857208226702500E-016, -0.05600000000000023000 ) ) ;
#1195 = CARTESIAN_POINT ( 'NONE',  ( 0.002604166666663135900, 0.04246835306586772800, -5.200873264717459100E-018 ) ) ;
#1196 = EDGE_CURVE ( 'NONE', #1709, #784, #3113, .T. ) ;
#1197 = CARTESIAN_POINT ( 'NONE',  ( -0.1128472222222244600, 0.05600000000000023000, 0.03233161507461914500 ) ) ;
#1198 = CARTESIAN_POINT ( 'NONE',  ( 0.1001438239129985300, -0.01911959206893166700, 0.05263498075536517800 ) ) ;
#1199 = CARTESIAN_POINT ( 'NONE',  ( -0.1328125000000013600, -0.04246835306586772800, 0.0000000000000000000 ) ) ;
#1200 = CARTESIAN_POINT ( 'NONE',  ( 0.1082899305555495900, -0.02856381862225548800, -0.04947398511192854100 ) ) ;
#1201 = CARTESIAN_POINT ( 'NONE',  ( 0.1744451876629005100, -6.975600311287946400E-017, -0.1275000000000000900 ) ) ;
#1202 = CARTESIAN_POINT ( 'NONE',  ( 0.1874999999999999700, -8.537024980200822600E-017, 0.0000000000000000000 ) ) ;
#1203 = CARTESIAN_POINT ( 'NONE',  ( -0.1415553791403876000, -0.01500515477614293400, -0.05600000000000021600 ) ) ;
#1204 = CARTESIAN_POINT ( 'NONE',  ( 0.09374999999999500400, -0.04246835306586774200, 0.0000000000000000000 ) ) ;
#1205 = CARTESIAN_POINT ( 'NONE',  ( 0.07638888888888417700, -0.02123417653293387500, -0.03677867261192821500 ) ) ;
#1206 = CARTESIAN_POINT ( 'NONE',  ( 0.07979878752627658800, 0.01500515477614277600, 0.05600000000000030600 ) ) ;
#1207 = CARTESIAN_POINT ( 'NONE',  ( 0.01128472222221856700, -0.04246835306586770700, 0.02451911507461881900 ) ) ;
#1208 = EDGE_LOOP ( 'NONE', ( #1192, #114, #2968, #2842 ) ) ;
#1209 = CARTESIAN_POINT ( 'NONE',  ( 0.09114583333332890200, -3.682857208226702500E-016, -0.05600000000000023000 ) ) ;
#1210 = CARTESIAN_POINT ( 'NONE',  ( -0.1369357638888894200, 0.02856381862225547100, -0.04947398511192854800 ) ) ;
#1211 = ORIENTED_EDGE ( 'NONE', *, *, #444, .F. ) ;
#1212 = CARTESIAN_POINT ( 'NONE',  ( 0.1861044312894212800, -0.03608439182435165000, 1.629632006889839800E-017 ) ) ;
#1213 = CARTESIAN_POINT ( 'NONE',  ( -0.1814236111111116900, 0.02123417653293388100, 0.03677867261192818700 ) ) ;
#1214 = CARTESIAN_POINT ( 'NONE',  ( -0.02777777777778134600, 0.02800000000000013200, 0.04849742261192873500 ) ) ;
#1215 = CARTESIAN_POINT ( 'NONE',  ( -0.05208333333333652800, 0.05600000000000021600, -6.858022075225205100E-018 ) ) ;
#1216 = CARTESIAN_POINT ( 'NONE',  ( -0.05468750000000209600, -1.852866048859396600E-016, -0.05600000000000020900 ) ) ;
#1217 = ORIENTED_EDGE ( 'NONE', *, *, #925, .F. ) ;
#1218 = CARTESIAN_POINT ( 'NONE',  ( 0.1562499999999940000, -0.04246835306586774200, 0.0000000000000000000 ) ) ;
#1219 = CARTESIAN_POINT ( 'NONE',  ( 0.01388888888888515200, -0.02123417653293387500, -0.03677867261192821500 ) ) ;
#1220 = AXIS2_PLACEMENT_3D ( 'NONE', #1399, #8, #2455 ) ;
#1221 = CARTESIAN_POINT ( 'NONE',  ( 0.1324999999999999800, -0.01804219591217583500, -0.03124999999999999000 ) ) ;
#1222 = EDGE_CURVE ( 'NONE', #456, #3094, #1578, .T. ) ;
#1223 = CARTESIAN_POINT ( 'NONE',  ( -0.1824601477623104300, -0.04959704396734850000, 0.01067316785901117900 ) ) ;
#1224 = LOCAL_TIME ( 11, 44, 35.00000000000000000, #4419 ) ;
#1225 = CARTESIAN_POINT ( 'NONE',  ( 0.02170138888888507500, 0.04246835306586771400, -0.02451911507461881200 ) ) ;
#1226 = VERTEX_POINT ( 'NONE', #175 ) ;
#1227 = CARTESIAN_POINT ( 'NONE',  ( -0.005208333333337281300, 2.173114501748674800E-017, 0.05600000000000020900 ) ) ;
#1228 = CARTESIAN_POINT ( 'NONE',  ( -0.1334635416666672700, 0.05712763724451096200, -6.996117809434148300E-018 ) ) ;
#1229 = AXIS2_PLACEMENT_3D ( 'NONE', #1106, #781, #795 ) ;
#1230 = VECTOR ( 'NONE', #2276, 39.37007874015748100 ) ;
#1231 = CARTESIAN_POINT ( 'NONE',  ( 0.1844014850748756900, -0.03313480245836304000, 0.005108838643357131600 ) ) ;
#1232 = CARTESIAN_POINT ( 'NONE',  ( -0.1137152777777794300, -0.04246835306586770700, 0.02451911507461881900 ) ) ;
#1233 = CARTESIAN_POINT ( 'NONE',  ( 0.1864149305555483600, -0.05712763724451094800, 0.03298265674128572600 ) ) ;
#1234 = CARTESIAN_POINT ( 'NONE',  ( -0.1041666666666690300, -0.05600000000000021600, 0.0000000000000000000 ) ) ;
#1235 = CARTESIAN_POINT ( 'NONE',  ( -0.03038194444444690700, 0.05600000000000020900, -0.03233161507461918700 ) ) ;
#1236 = CARTESIAN_POINT ( 'NONE',  ( -0.02430555555555918800, -0.02800000000000006700, 0.04849742261192877700 ) ) ;
#1237 = FACE_OUTER_BOUND ( 'NONE', #2062, .T. ) ;
#1238 = CARTESIAN_POINT ( 'NONE',  ( 0.1041666666666614800, 0.04246835306586774200, -5.200873264717461400E-018 ) ) ;
#1239 = CARTESIAN_POINT ( 'NONE',  ( -0.006944444444447834600, -0.02123417653293387500, -0.03677867261192821500 ) ) ;
#1240 = DIRECTION ( 'NONE',  ( 0.0000000000000000000, 1.000000000000000000, -2.365849761790803000E-016 ) ) ;
#1241 = CARTESIAN_POINT ( 'NONE',  ( -0.02604166666667025200, -1.566929930208255100E-016, 0.05600000000000020900 ) ) ;
#1242 = CARTESIAN_POINT ( 'NONE',  ( -0.05989583333333585400, 0.04246835306586772800, -5.200873264717459100E-018 ) ) ;
#1243 = CARTESIAN_POINT ( 'NONE',  ( -0.1753472222222234600, 0.05600000000000023000, 0.03233161507461914500 ) ) ;
#1244 = CARTESIAN_POINT ( 'NONE',  ( -0.1126302083333342700, 0.05712763724451096200, -6.996117809434148300E-018 ) ) ;
#1245 = ORIENTED_EDGE ( 'NONE', *, *, #2633, .T. ) ;
#1246 = CARTESIAN_POINT ( 'NONE',  ( -0.1865064079073683900, 0.01632120425859689600, -0.04399035212219137200 ) ) ;
#1247 = CARTESIAN_POINT ( 'NONE',  ( -0.1605902777777787100, 0.02123417653293388100, 0.03677867261192818700 ) ) ;
#1248 = CARTESIAN_POINT ( 'NONE',  ( 0.1829427083333261300, 1.211763150167741700E-017, 0.06596531348257138300 ) ) ;
#1249 = CARTESIAN_POINT ( 'NONE',  ( 0.1017701246504624200, -0.006171589898961064300, 0.05630082167289023700 ) ) ;
#1250 = CARTESIAN_POINT ( 'NONE',  ( 0.1684027777777715200, 0.04246835306586775600, 0.02451911507461879100 ) ) ;
#1251 = CARTESIAN_POINT ( 'NONE',  ( -0.1475694444444455600, 0.04246835306586772800, -0.02451911507461883000 ) ) ;
#1252 = CARTESIAN_POINT ( 'NONE',  ( 0.05381944444444007600, -0.04246835306586774200, -0.02451911507461880500 ) ) ;
#1253 = CARTESIAN_POINT ( 'NONE',  ( 0.07204861111110701100, 0.02800000000000009800, -0.04849742261192875600 ) ) ;
#1254 = B_SPLINE_CURVE_WITH_KNOTS ( 'NONE', 3,
 ( #1986, #253, #995, #2694, #3071, #1359 ),
 .UNSPECIFIED., .F., .F.,
 ( 4, 2, 4 ),
 ( 2.380785658736294500E-007, 0.0004630711446423988700, 0.0009259042107189240400 ),
 .UNSPECIFIED. ) ;
#1255 = CARTESIAN_POINT ( 'NONE',  ( 0.03559027777777374500, -0.04246835306586772100, -0.02451911507461879100 ) ) ;
#1256 = EDGE_CURVE ( 'NONE', #2451, #3085, #4475, .T. ) ;
#1257 = DIRECTION ( 'NONE',  ( 1.000000000000000000, -0.0000000000000000000, -0.0000000000000000000 ) ) ;
#1258 = CARTESIAN_POINT ( 'NONE',  ( -0.1664496527777778500, -0.05712763724451094800, 0.03298265674128572600 ) ) ;
#1259 = CARTESIAN_POINT ( 'NONE',  ( -0.05121527777777994100, 0.05600000000000020900, -0.03233161507461918700 ) ) ;
#1260 = CARTESIAN_POINT ( 'NONE',  ( -0.1449652777777789300, 0.04246835306586771400, -0.02451911507461881200 ) ) ;
#1261 = DIRECTION ( 'NONE',  ( 1.000000000000000000, -0.0000000000000000000, -0.0000000000000000000 ) ) ;
#1262 = CARTESIAN_POINT ( 'NONE',  ( 0.1028371514281085100, -0.02988806627185496000, 0.04884228241058251300 ) ) ;
#1263 = CARTESIAN_POINT ( 'NONE',  ( -0.06857638888889072700, 0.05600000000000023000, 0.03233161507461914500 ) ) ;
#1264 = ORIENTED_EDGE ( 'NONE', *, *, #788, .T. ) ;
#1265 = CARTESIAN_POINT ( 'NONE',  ( 0.08506944444443956300, 0.04246835306586775600, 0.02451911507461879100 ) ) ;
#1266 = CARTESIAN_POINT ( 'NONE',  ( -0.1666666666666675200, 0.04246835306586774200, -5.200873264717461400E-018 ) ) ;
#1267 = CARTESIAN_POINT ( 'NONE',  ( 0.1406249999999942000, -3.002725579405754300E-018, -0.04903823014923761700 ) ) ;
#1268 = CARTESIAN_POINT ( 'NONE',  ( -0.1206597222222237600, 0.04246835306586772800, 0.02451911507461879100 ) ) ;
#1269 = ORIENTED_EDGE ( 'NONE', *, *, #1697, .T. ) ;
#1270 = ORIENTED_EDGE ( 'NONE', *, *, #1141, .T. ) ;
#1271 = CARTESIAN_POINT ( 'NONE',  ( 0.1324999999999999800, 0.03608439182435157300, 0.0000000000000000000 ) ) ;
#1272 = CARTESIAN_POINT ( 'NONE',  ( -0.2029079861111106100, -0.02856381862225548800, -0.04947398511192854100 ) ) ;
#1273 = CARTESIAN_POINT ( 'NONE',  ( 0.1844036004556325300, -0.02098812133106600600, 0.02614750749917363300 ) ) ;
#1274 = CARTESIAN_POINT ( 'NONE',  ( -0.04947916666666934300, -0.04246835306586772800, 0.0000000000000000000 ) ) ;
#1275 = CARTESIAN_POINT ( 'NONE',  ( -0.09722222222222416700, -0.02123417653293384000, 0.03677867261192822900 ) ) ;
#1276 = ORIENTED_EDGE ( 'NONE', *, *, #1164, .F. ) ;
#1277 = CARTESIAN_POINT ( 'NONE',  ( -0.02864583333333583000, 0.05600000000000021600, -6.858022075225205100E-018 ) ) ;
#1278 = APPROVAL_PERSON_ORGANIZATION ( #1507, #3626, #3787 ) ;
#1279 = CARTESIAN_POINT ( 'NONE',  ( 0.05295138888888507900, 0.05600000000000020900, -0.03233161507461918700 ) ) ;
#1280 =( BOUNDED_SURFACE ( )  B_SPLINE_SURFACE ( 1, 2, ( 
 ( #3380, #3661, #4371, #2626, #889, #210, #2256, #530, #2655, #2982, #909, #167, #3093, #2748, #3076, #938, #1694, #1632, #3395, #3062, #953, #3410, #1311, #1296, #3750, #3735, #2735, #3769, #4128, #1676, #4101, #968, #1659, #998, #2349, #4160, #590, #3426, #4466, #1328, #1976, #2009, #634, #4485, #1645, #2363, #275, #4452, #3045, #2398, #4114, #2716, #3785, #651, #3110, #4518, #4143, #2682, #1275, #1344, #2333, #980, #616, #302, #238, #1992, #2026, #258, #4502, #2699, #601, #2380, #288, #3445, #3804, #2041, #1016, #350, #3129, #1379, #1364, #3140, #3819, #3189, #2782, #2084, #714, #2829, #4206, #1047, #3476, #2811, #1742, #322, #1711, #3837, #1726, #1035, #728, #4241, #2413, #2464, #683, #2766, #3494, #1771, #2073, #4532, #1754, #3174, #1410, #4178, #1063, #19, #2058, #2121, #36, #368, #665, #4193, #3867, #3523, #4225, #2479, #3459, #4552, #2427, #336, #1428, #1392, #387, #3852, #2798, #2104, #3883, #4, #2447, #701, #3157, #3509, #1097, #1803, #2848, #3901, #1456, #1082, #1783, #54, #2495, #401, #744, #4252, #2137, #3538, #3916, #3204, #3555, #1440, #3665, #2646, #3335, #578, #1920, #1265, #168, #548, #4039, #3004, #1204, #2986, #2304, #4054, #2971, #878, #1238, #4025, #2616, #1966, #868, #3690, #3349, #227, #2321, #4090, #894, #2260, #2674, #913, #854, #213, #1935, #4440, #1558, #3304, #2631, #1908, #4406, #4378, #517, #4393, #2274, #2659, #1588, #3320, #1218, #2292, #3676, #1573, #185, #534, #197, #1250, #3708, #1602, #564, #4070, #1953 ),
 ( #4423, #3017, #3367, #3723, #1620, #1980, #2028, #262, #4455, #606, #1350, #1650, #4103, #1332, #293, #972, #926, #638, #4149, #3738, #1698, #4164, #4505, #3385, #3050, #3431, #2386, #3789, #3808, #2753, #3033, #1281, #309, #2737, #2405, #2046, #3756, #4488, #1681, #986, #2687, #3097, #4471, #3066, #4132, #3450, #4521, #278, #593, #1636, #2339, #942, #2704, #956, #3414, #1316, #3399, #1300, #244, #4118, #3774, #1663, #1997, #2352, #2721, #2016, #2367, #621, #3080, #4539, #355, #3841, #2800, #1005, #2786, #2109, #3854, #2770, #686, #3144, #3825, #2415, #1775, #670, #1036, #3162, #40, #2126, #3890, #705, #2063, #2482, #716, #390, #25, #1745, #4244, #3462, #655, #2431, #3115, #4211, #1368, #1715, #1728, #2076, #2469, #3498, #4181, #3131, #2087, #326, #1021, #3480, #339, #1382, #4196, #4556, #6, #373, #1397, #2452, #1051, #3513, #2817, #1414, #3873, #1759, #4230, #3179, #1068, #3528, #1432, #1790, #1833, #73, #4257, #420, #1143, #1459, #3906, #1129, #102, #776, #734, #446, #3952, #3543, #1501, #3962, #4298, #3193, #2852, #3240, #2185, #3589, #3603, #2556, #2835, #1087, #118, #2542, #2197, #1848, #3561, #4285, #1488, #789, #2499, #2895, #4270, #2866, #3936, #3250, #4310, #87, #405, #1446, #2142, #750, #2515, #764, #3224, #1117, #3210, #1101, #58, #3920, #3575, #1475, #1808, #2156, #2529, #1820, #2172, #434, #2881, #4328, #154, #3631, #2594, #804, #2581, #1906, #3645, #2568, #486, #2936, #3618, #2213, #1567, #470, #831, #2951, #4388, #1916, #3672 ) ),
 .UNSPECIFIED., .F., .F., .F. ) 
 B_SPLINE_SURFACE_WITH_KNOTS ( ( 2, 2 ),
 ( 3, 2, 2, 2, 2, 2, 2, 2, 2, 2, 2, 2, 2, 2, 2, 2, 2, 2, 2, 2, 2, 2, 2, 2, 2, 2, 2, 2, 2, 2, 2, 2, 2, 2, 2, 2, 2, 2, 2, 2, 2, 2, 2, 2, 2, 2, 2, 2, 2, 2, 2, 2, 2, 2, 2, 2, 2, 2, 2, 2, 2, 2, 2, 2, 2, 2, 2, 2, 2, 2, 2, 2, 2, 2, 2, 2, 2, 2, 2, 2, 2, 2, 2, 2, 2, 2, 2, 2, 2, 2, 2, 2, 2, 2, 2, 2, 2, 2, 2, 2, 2, 2, 2, 2, 2, 2, 2, 2, 3 ),
 ( 0.0000000000000000000, 1.000000000000000000 ),
 ( 0.0000000000000000000, 0.009259259259259258700, 0.01851851851851851700, 0.02777777777777777600, 0.03703703703703703500, 0.04629629629629629400, 0.05555555555555555200, 0.06481481481481481100, 0.07407407407407407000, 0.08333333333333332900, 0.09259259259259258700, 0.1018518518518518500, 0.1111111111111111000, 0.1203703703703703600, 0.1296296296296296200, 0.1388888888888889000, 0.1481481481481481400, 0.1574074074074074100, 0.1666666666666666600, 0.1759259259259259300, 0.1851851851851851700, 0.1944444444444444500, 0.2037037037037036900, 0.2129629629629629700, 0.2222222222222222100, 0.2314814814814814800, 0.2407407407407407300, 0.2500000000000000000, 0.2592592592592592400, 0.2685185185185185500, 0.2777777777777777900, 0.2870370370370370300, 0.2962962962962962800, 0.3055555555555555800, 0.3148148148148148300, 0.3240740740740740700, 0.3333333333333333100, 0.3425925925925926200, 0.3518518518518518600, 0.3611111111111111000, 0.3703703703703703500, 0.3796296296296296500, 0.3888888888888889000, 0.3981481481481481400, 0.4074074074074073800, 0.4166666666666666900, 0.4259259259259259300, 0.4351851851851851700, 0.4444444444444444200, 0.4537037037037037200, 0.4629629629629629700, 0.4722222222222222100, 0.4814814814814814500, 0.4907407407407407600, 0.5000000000000000000, 0.5092592592592593000, 0.5185185185185184900, 0.5277777777777777900, 0.5370370370370370900, 0.5462962962962962800, 0.5555555555555555800, 0.5648148148148147700, 0.5740740740740740700, 0.5833333333333333700, 0.5925925925925925600, 0.6018518518518518600, 0.6111111111111111600, 0.6203703703703703500, 0.6296296296296296500, 0.6388888888888888400, 0.6481481481481481400, 0.6574074074074074400, 0.6666666666666666300, 0.6759259259259259300, 0.6851851851851852300, 0.6944444444444444200, 0.7037037037037037200, 0.7129629629629629100, 0.7222222222222222100, 0.7314814814814815100, 0.7407407407407407000, 0.7500000000000000000, 0.7592592592592593000, 0.7685185185185184900, 0.7777777777777777900, 0.7870370370370370900, 0.7962962962962962800, 0.8055555555555555800, 0.8148148148148147700, 0.8240740740740740700, 0.8333333333333333700, 0.8425925925925925600, 0.8518518518518518600, 0.8611111111111111600, 0.8703703703703703500, 0.8796296296296296500, 0.8888888888888888400, 0.8981481481481481400, 0.9074074074074074400, 0.9166666666666666300, 0.9259259259259259300, 0.9351851851851852300, 0.9444444444444444200, 0.9537037037037037200, 0.9629629629629629100, 0.9722222222222222100, 0.9814814814814815100, 0.9907407407407407000, 1.000000000000000000 ),
 .UNSPECIFIED. ) 
 GEOMETRIC_REPRESENTATION_ITEM ( )  RATIONAL_B_SPLINE_SURFACE ( (
 ( 1.000000000000000000, 0.8660254037844387100, 1.000000000000000000, 0.8660254037844387100, 1.000000000000000000, 0.8660254037844387100, 1.000000000000000000, 0.8660254037844387100, 1.000000000000000000, 0.8660254037844387100, 1.000000000000000000, 0.8660254037844387100, 1.000000000000000000, 0.8660254037844387100, 1.000000000000000000, 0.8660254037844387100, 1.000000000000000000, 0.8660254037844387100, 1.000000000000000000, 0.8660254037844387100, 1.000000000000000000, 0.8660254037844387100, 1.000000000000000000, 0.8660254037844387100, 1.000000000000000000, 0.8660254037844387100, 1.000000000000000000, 0.8660254037844387100, 1.000000000000000000, 0.8660254037844387100, 1.000000000000000000, 0.8660254037844387100, 1.000000000000000000, 0.8660254037844387100, 1.000000000000000000, 0.8660254037844387100, 1.000000000000000000, 0.8660254037844387100, 1.000000000000000000, 0.8660254037844387100, 1.000000000000000000, 0.8660254037844387100, 1.000000000000000000, 0.8660254037844387100, 1.000000000000000000, 0.8660254037844387100, 1.000000000000000000, 0.8660254037844387100, 1.000000000000000000, 0.8660254037844387100, 1.000000000000000000, 0.8660254037844387100, 1.000000000000000000, 0.8660254037844387100, 1.000000000000000000, 0.8660254037844387100, 1.000000000000000000, 0.8660254037844387100, 1.000000000000000000, 0.8660254037844387100, 1.000000000000000000, 0.8660254037844387100, 1.000000000000000000, 0.8660254037844387100, 1.000000000000000000, 0.8660254037844387100, 1.000000000000000000, 0.8660254037844387100, 1.000000000000000000, 0.8660254037844387100, 1.000000000000000000, 0.8660254037844387100, 1.000000000000000000, 0.8660254037844387100, 1.000000000000000000, 0.8660254037844387100, 1.000000000000000000, 0.8660254037844387100, 1.000000000000000000, 0.8660254037844387100, 1.000000000000000000, 0.8660254037844387100, 1.000000000000000000, 0.8660254037844387100, 1.000000000000000000, 0.8660254037844387100, 1.000000000000000000, 0.8660254037844387100, 1.000000000000000000, 0.8660254037844387100, 1.000000000000000000, 0.8660254037844387100, 1.000000000000000000, 0.8660254037844387100, 1.000000000000000000, 0.8660254037844387100, 1.000000000000000000, 0.8660254037844387100, 1.000000000000000000, 0.8660254037844387100, 1.000000000000000000, 0.8660254037844387100, 1.000000000000000000, 0.8660254037844387100, 1.000000000000000000, 0.8660254037844387100, 1.000000000000000000, 0.8660254037844387100, 1.000000000000000000, 0.8660254037844387100, 1.000000000000000000, 0.8660254037844387100, 1.000000000000000000, 0.8660254037844387100, 1.000000000000000000, 0.8660254037844387100, 1.000000000000000000, 0.8660254037844387100, 1.000000000000000000, 0.8660254037844387100, 1.000000000000000000, 0.8660254037844387100, 1.000000000000000000, 0.8660254037844387100, 1.000000000000000000, 0.8660254037844387100, 1.000000000000000000, 0.8660254037844387100, 1.000000000000000000, 0.8660254037844387100, 1.000000000000000000, 0.8660254037844387100, 1.000000000000000000, 0.8660254037844387100, 1.000000000000000000, 0.8660254037844387100, 1.000000000000000000, 0.8660254037844387100, 1.000000000000000000, 0.8660254037844387100, 1.000000000000000000, 0.8660254037844387100, 1.000000000000000000, 0.8660254037844387100, 1.000000000000000000, 0.8660254037844387100, 1.000000000000000000, 0.8660254037844387100, 1.000000000000000000, 0.8660254037844387100, 1.000000000000000000, 0.8660254037844387100, 1.000000000000000000, 0.8660254037844387100, 1.000000000000000000, 0.8660254037844387100, 1.000000000000000000, 0.8660254037844387100, 1.000000000000000000, 0.8660254037844387100, 1.000000000000000000, 0.8660254037844387100, 1.000000000000000000, 0.8660254037844387100, 1.000000000000000000, 0.8660254037844387100, 1.000000000000000000, 0.8660254037844387100, 1.000000000000000000, 0.8660254037844387100, 1.000000000000000000, 0.8660254037844387100, 1.000000000000000000, 0.8660254037844387100, 1.000000000000000000, 0.8660254037844387100, 1.000000000000000000, 0.8660254037844387100, 1.000000000000000000, 0.8660254037844387100, 1.000000000000000000, 0.8660254037844387100, 1.000000000000000000, 0.8660254037844387100, 1.000000000000000000, 0.8660254037844387100, 1.000000000000000000, 0.8660254037844387100, 1.000000000000000000, 0.8660254037844387100, 1.000000000000000000, 0.8660254037844387100, 1.000000000000000000, 0.8660254037844387100, 1.000000000000000000, 0.8660254037844387100, 1.000000000000000000, 0.8660254037844387100, 1.000000000000000000, 0.8660254037844387100, 1.000000000000000000, 0.8660254037844387100, 1.000000000000000000, 0.8660254037844387100, 1.000000000000000000, 0.8660254037844387100, 1.000000000000000000, 0.8660254037844387100, 1.000000000000000000, 0.8660254037844387100, 1.000000000000000000, 0.8660254037844387100, 1.000000000000000000, 0.8660254037844387100, 1.000000000000000000, 0.8660254037844387100, 1.000000000000000000),
 ( 1.000000000000000000, 0.8660254037844387100, 1.000000000000000000, 0.8660254037844387100, 1.000000000000000000, 0.8660254037844387100, 1.000000000000000000, 0.8660254037844387100, 1.000000000000000000, 0.8660254037844387100, 1.000000000000000000, 0.8660254037844387100, 1.000000000000000000, 0.8660254037844387100, 1.000000000000000000, 0.8660254037844387100, 1.000000000000000000, 0.8660254037844387100, 1.000000000000000000, 0.8660254037844387100, 1.000000000000000000, 0.8660254037844387100, 1.000000000000000000, 0.8660254037844387100, 1.000000000000000000, 0.8660254037844387100, 1.000000000000000000, 0.8660254037844387100, 1.000000000000000000, 0.8660254037844387100, 1.000000000000000000, 0.8660254037844387100, 1.000000000000000000, 0.8660254037844387100, 1.000000000000000000, 0.8660254037844387100, 1.000000000000000000, 0.8660254037844387100, 1.000000000000000000, 0.8660254037844387100, 1.000000000000000000, 0.8660254037844387100, 1.000000000000000000, 0.8660254037844387100, 1.000000000000000000, 0.8660254037844387100, 1.000000000000000000, 0.8660254037844387100, 1.000000000000000000, 0.8660254037844387100, 1.000000000000000000, 0.8660254037844387100, 1.000000000000000000, 0.8660254037844387100, 1.000000000000000000, 0.8660254037844387100, 1.000000000000000000, 0.8660254037844387100, 1.000000000000000000, 0.8660254037844387100, 1.000000000000000000, 0.8660254037844387100, 1.000000000000000000, 0.8660254037844387100, 1.000000000000000000, 0.8660254037844387100, 1.000000000000000000, 0.8660254037844387100, 1.000000000000000000, 0.8660254037844387100, 1.000000000000000000, 0.8660254037844387100, 1.000000000000000000, 0.8660254037844387100, 1.000000000000000000, 0.8660254037844387100, 1.000000000000000000, 0.8660254037844387100, 1.000000000000000000, 0.8660254037844387100, 1.000000000000000000, 0.8660254037844387100, 1.000000000000000000, 0.8660254037844387100, 1.000000000000000000, 0.8660254037844387100, 1.000000000000000000, 0.8660254037844387100, 1.000000000000000000, 0.8660254037844387100, 1.000000000000000000, 0.8660254037844387100, 1.000000000000000000, 0.8660254037844387100, 1.000000000000000000, 0.8660254037844387100, 1.000000000000000000, 0.8660254037844387100, 1.000000000000000000, 0.8660254037844387100, 1.000000000000000000, 0.8660254037844387100, 1.000000000000000000, 0.8660254037844387100, 1.000000000000000000, 0.8660254037844387100, 1.000000000000000000, 0.8660254037844387100, 1.000000000000000000, 0.8660254037844387100, 1.000000000000000000, 0.8660254037844387100, 1.000000000000000000, 0.8660254037844387100, 1.000000000000000000, 0.8660254037844387100, 1.000000000000000000, 0.8660254037844387100, 1.000000000000000000, 0.8660254037844387100, 1.000000000000000000, 0.8660254037844387100, 1.000000000000000000, 0.8660254037844387100, 1.000000000000000000, 0.8660254037844387100, 1.000000000000000000, 0.8660254037844387100, 1.000000000000000000, 0.8660254037844387100, 1.000000000000000000, 0.8660254037844387100, 1.000000000000000000, 0.8660254037844387100, 1.000000000000000000, 0.8660254037844387100, 1.000000000000000000, 0.8660254037844387100, 1.000000000000000000, 0.8660254037844387100, 1.000000000000000000, 0.8660254037844387100, 1.000000000000000000, 0.8660254037844387100, 1.000000000000000000, 0.8660254037844387100, 1.000000000000000000, 0.8660254037844387100, 1.000000000000000000, 0.8660254037844387100, 1.000000000000000000, 0.8660254037844387100, 1.000000000000000000, 0.8660254037844387100, 1.000000000000000000, 0.8660254037844387100, 1.000000000000000000, 0.8660254037844387100, 1.000000000000000000, 0.8660254037844387100, 1.000000000000000000, 0.8660254037844387100, 1.000000000000000000, 0.8660254037844387100, 1.000000000000000000, 0.8660254037844387100, 1.000000000000000000, 0.8660254037844387100, 1.000000000000000000, 0.8660254037844387100, 1.000000000000000000, 0.8660254037844387100, 1.000000000000000000, 0.8660254037844387100, 1.000000000000000000, 0.8660254037844387100, 1.000000000000000000, 0.8660254037844387100, 1.000000000000000000, 0.8660254037844387100, 1.000000000000000000, 0.8660254037844387100, 1.000000000000000000, 0.8660254037844387100, 1.000000000000000000, 0.8660254037844387100, 1.000000000000000000, 0.8660254037844387100, 1.000000000000000000, 0.8660254037844387100, 1.000000000000000000, 0.8660254037844387100, 1.000000000000000000, 0.8660254037844387100, 1.000000000000000000, 0.8660254037844387100, 1.000000000000000000, 0.8660254037844387100, 1.000000000000000000, 0.8660254037844387100, 1.000000000000000000, 0.8660254037844387100, 1.000000000000000000, 0.8660254037844387100, 1.000000000000000000, 0.8660254037844387100, 1.000000000000000000, 0.8660254037844387100, 1.000000000000000000, 0.8660254037844387100, 1.000000000000000000, 0.8660254037844387100, 1.000000000000000000, 0.8660254037844387100, 1.000000000000000000, 0.8660254037844387100, 1.000000000000000000) ) ) 
 REPRESENTATION_ITEM ( '' )  SURFACE ( )  );
#1281 = CARTESIAN_POINT ( 'NONE',  ( -0.1525607638888891700, 0.05712763724451097600, 0.03298265674128567100 ) ) ;
#1282 = CARTESIAN_POINT ( 'NONE',  ( -0.1840277777777783500, 0.02123417653293388800, 0.03677867261192820800 ) ) ;
#1283 = CARTESIAN_POINT ( 'NONE',  ( 0.1128472222222168900, -0.04246835306586772100, 0.02451911507461883300 ) ) ;
#1284 = FACE_OUTER_BOUND ( 'NONE', #1798, .T. ) ;
#1285 = CARTESIAN_POINT ( 'NONE',  ( -0.1102430555555572700, -0.04246835306586772800, -0.02451911507461879500 ) ) ;
#1286 = EDGE_CURVE ( 'NONE', #610, #2514, #1412, .T. ) ;
#1287 = B_SPLINE_CURVE_WITH_KNOTS ( 'NONE', 3,
 ( #2830, #417, #3658, #4005, #762, #2496, #2251, #2949, #1472, #1804, #4353, #2511, #3539, #3220, #3286, #2849 ),
 .UNSPECIFIED., .F., .F.,
 ( 4, 2, 2, 2, 2, 2, 2, 4 ),
 ( 0.0000000000000000000, 0.0004069318742826109600, 0.0008138637485652219200, 0.001220795622847832800, 0.001627727497130443800, 0.002441591245695665500, 0.002848523119978277300, 0.003255454994260888500 ),
 .UNSPECIFIED. ) ;
#1288 = CIRCLE ( 'NONE', #3365, 0.03124999999999996500 ) ;
#1289 = ORIENTED_EDGE ( 'NONE', *, *, #4185, .T. ) ;
#1290 = FACE_OUTER_BOUND ( 'NONE', #853, .T. ) ;
#1291 = CARTESIAN_POINT ( 'NONE',  ( -0.05186631944444637000, 0.05712763724451095500, -0.03298265674128571200 ) ) ;
#1292 = CARTESIAN_POINT ( 'NONE',  ( -0.04947916666666881500, 0.05600000000000021600, -6.858022075225205100E-018 ) ) ;
#1293 = AXIS2_PLACEMENT_3D ( 'NONE', #3697, #1610, #4078 ) ;
#1294 = ORIENTED_EDGE ( 'NONE', *, *, #3497, .T. ) ;
#1295 = CARTESIAN_POINT ( 'NONE',  ( -0.08767361111111317300, -0.02123417653293386800, -0.03677867261192819400 ) ) ;
#1296 = CARTESIAN_POINT ( 'NONE',  ( -0.1579861111111120800, -0.04246835306586772100, 0.02451911507461883300 ) ) ;
#1297 = DIRECTION ( 'NONE',  ( 0.0000000000000000000, 0.0000000000000000000, -1.000000000000000000 ) ) ;
#1298 = APPLICATION_PROTOCOL_DEFINITION ( 'international standard', 'config_control_design', 1994, #3112 ) ;
#1299 = LINE ( 'NONE', #662, #374 ) ;
#1300 = CARTESIAN_POINT ( 'NONE',  ( -0.1074218750000010300, 1.211763150167741700E-017, 0.06596531348257138300 ) ) ;
#1301 = ORIENTED_EDGE ( 'NONE', *, *, #3915, .T. ) ;
#1302 = CARTESIAN_POINT ( 'NONE',  ( -0.1649305555555564400, 0.04246835306586774900, 0.02451911507461879500 ) ) ;
#1303 = CARTESIAN_POINT ( 'NONE',  ( 0.1493055555555496700, 0.02123417653293388800, 0.03677867261192820800 ) ) ;
#1304 = CARTESIAN_POINT ( 'NONE',  ( -0.1484375000000011100, -3.002725579405752700E-018, -0.04903823014923759700 ) ) ;
#1305 = ORIENTED_EDGE ( 'NONE', *, *, #1256, .T. ) ;
#1306 = CARTESIAN_POINT ( 'NONE',  ( 0.1844203305309784500, 0.01220829975479965200, -0.03125000000000000000 ) ) ;
#1307 = CARTESIAN_POINT ( 'NONE',  ( -0.05881076388889068500, -0.05712763724451096200, -0.03298265674128569200 ) ) ;
#1308 = CARTESIAN_POINT ( 'NONE',  ( -0.04600694444444666800, 0.02800000000000013200, 0.04849742261192874200 ) ) ;
#1309 = DIRECTION ( 'NONE',  ( 1.000000000000000000, -0.0000000000000000000, -0.0000000000000000000 ) ) ;
#1310 = CARTESIAN_POINT ( 'NONE',  ( -0.07552083333333561900, 9.008176738217257400E-018, 0.04903823014923759700 ) ) ;
#1311 = CARTESIAN_POINT ( 'NONE',  ( -0.1597222222222231500, -0.02123417653293384000, 0.03677867261192822900 ) ) ;
#1312 = CARTESIAN_POINT ( 'NONE',  ( -0.1267361111111131000, -0.05600000000000019500, 0.03233161507461918700 ) ) ;
#1313 = DIRECTION ( 'NONE',  ( 1.000000000000000000, 0.0000000000000000000, -0.0000000000000000000 ) ) ;
#1314 = CARTESIAN_POINT ( 'NONE',  ( -0.007812500000002846700, 0.05600000000000021600, -6.858022075225205100E-018 ) ) ;
#1315 = EDGE_CURVE ( 'NONE', #946, #1946, #2607, .T. ) ;
#1316 = CARTESIAN_POINT ( 'NONE',  ( -0.1108940972222232000, 0.05712763724451097600, 0.03298265674128567100 ) ) ;
#1317 = CARTESIAN_POINT ( 'NONE',  ( -0.1197916666666682400, 9.008176738217262000E-018, 0.04903823014923761700 ) ) ;
#1318 = CARTESIAN_POINT ( 'NONE',  ( 0.1180555555555501800, -0.02123417653293387500, -0.03677867261192821500 ) ) ;
#1319 = CARTESIAN_POINT ( 'NONE',  ( -0.07378472222222452700, -0.02123417653293383300, 0.03677867261192821500 ) ) ;
#1320 = CARTESIAN_POINT ( 'NONE',  ( -0.01302083333333611100, -3.682857208226702500E-016, -0.05600000000000023000 ) ) ;
#1321 = EDGE_CURVE ( 'NONE', #4221, #1970, #3604, .T. ) ;
#1322 = DIRECTION ( 'NONE',  ( 1.000000000000000000, -0.0000000000000000000, -0.0000000000000000000 ) ) ;
#1323 = CARTESIAN_POINT ( 'NONE',  ( -0.03450520833333550800, -4.039210500559140100E-018, -0.06596531348257138300 ) ) ;
#1324 = CARTESIAN_POINT ( 'NONE',  ( -0.1773587426413251500, 0.03438780058035058300, -0.04399930343678783900 ) ) ;
#1325 = EDGE_LOOP ( 'NONE', ( #3254, #1500, #1361, #3122 ) ) ;
#1326 = CARTESIAN_POINT ( 'NONE',  ( -0.06863871247372212200, 0.01500515477614311500, 0.05600000000000010500 ) ) ;
#1327 = CARTESIAN_POINT ( 'NONE',  ( -0.06684027777778019100, -0.02123417653293386800, -0.03677867261192819400 ) ) ;
#1328 = CARTESIAN_POINT ( 'NONE',  ( -0.1302083333333347600, -3.002725579405754300E-018, -0.04903823014923761700 ) ) ;
#1329 = DIRECTION ( 'NONE',  ( 0.0000000000000000000, 0.5000000000000001100, 0.8660254037844386000 ) ) ;
#1330 = CARTESIAN_POINT ( 'NONE',  ( -0.006076388888891766900, 0.05600000000000023000, 0.03233161507461914500 ) ) ;
#1331 = ORIENTED_EDGE ( 'NONE', *, *, #732, .F. ) ;
#1332 = CARTESIAN_POINT ( 'NONE',  ( -0.1838107638888886500, -0.05712763724451096200, -0.03298265674128569200 ) ) ;
#1333 = CARTESIAN_POINT ( 'NONE',  ( -0.05034722222222493000, -0.04246835306586774200, -0.02451911507461879800 ) ) ;
#1334 = CARTESIAN_POINT ( 'NONE',  ( 0.1458333333333275100, 0.04246835306586774200, -5.200873264717461400E-018 ) ) ;
#1335 = CARTESIAN_POINT ( 'NONE',  ( -0.1347656250000020800, 0.05712763724451096200, -6.996117809434148300E-018 ) ) ;
#1336 = CARTESIAN_POINT ( 'NONE',  ( -0.1571180555555565000, -0.02123417653293383300, 0.03677867261192821500 ) ) ;
#1337 = ORIENTED_EDGE ( 'NONE', *, *, #1580, .T. ) ;
#1338 = CARTESIAN_POINT ( 'NONE',  ( -0.1850315506201021500, -0.006651309462114637600, 0.04805178271323222400 ) ) ;
#1339 = CARTESIAN_POINT ( 'NONE',  ( 0.06163194444443997200, 0.02123417653293385400, -0.03677867261192820100 ) ) ;
#1340 = CARTESIAN_POINT ( 'NONE',  ( 0.1833132938681205100, 1.416250427348138700E-014, -0.03124999999999999700 ) ) ;
#1341 = CARTESIAN_POINT ( 'NONE',  ( 0.005425347222219382300, -0.02856381862225548800, -0.04947398511192854100 ) ) ;
#1342 = CARTESIAN_POINT ( 'NONE',  ( 0.08165954580704824800, -0.01500515477614307300, 0.05600000000000013300 ) ) ;
#1343 = CARTESIAN_POINT ( 'NONE',  ( -0.07638888888889168400, 0.02800000000000009800, -0.04849742261192875600 ) ) ;
#1344 = CARTESIAN_POINT ( 'NONE',  ( -0.09548611111111308900, -0.04246835306586772100, 0.02451911507461883300 ) ) ;
#1345 = DIRECTION ( 'NONE',  ( 1.000000000000000000, 0.0000000000000000000, -0.0000000000000000000 ) ) ;
#1346 = PLANE ( 'NONE',  #1034 ) ;
#1347 =( BOUNDED_CURVE ( )  B_SPLINE_CURVE ( 2, ( #3111, #4226, #1394, #2448, #3158, #3460, #684, #1000, #1743 ),
 .UNSPECIFIED., .F., .F. ) 
 B_SPLINE_CURVE_WITH_KNOTS ( ( 3, 2, 2, 2, 3 ),
 ( 0.6527777777777777900, 0.6574074074074074400, 0.6666666666666666300, 0.6759259259259259300, 0.6805555555555555800 ),
 .UNSPECIFIED. ) 
 CURVE ( )  GEOMETRIC_REPRESENTATION_ITEM ( )  RATIONAL_B_SPLINE_CURVE ( ( 0.9330127018922194100, 0.9330127018922194100, 1.000000000000000000, 0.8660254037844387100, 1.000000000000000000, 0.8660254037844387100, 1.000000000000000000, 0.9330127018922194100, 0.9330127018922194100 ) ) 
 REPRESENTATION_ITEM ( '' )  );
#1348 = FACE_OUTER_BOUND ( 'NONE', #1325, .T. ) ;
#1349 = CARTESIAN_POINT ( 'NONE',  ( -0.1746961805555570000, 0.05712763724451097600, 0.03298265674128567100 ) ) ;
#1350 = CARTESIAN_POINT ( 'NONE',  ( -0.1890190972222219300, -0.02856381862225543900, 0.04947398511192856900 ) ) ;
#1351 = CARTESIAN_POINT ( 'NONE',  ( 0.005208333333329755200, 9.008176738217262000E-018, 0.04903823014923761700 ) ) ;
#1352 = CARTESIAN_POINT ( 'NONE',  ( 0.1037566643805546700, -0.04464315499851687100, 0.03768679729604593900 ) ) ;
#1353 = CARTESIAN_POINT ( 'NONE',  ( -0.08441840277778066300, -0.05712763724451094800, 0.03298265674128572600 ) ) ;
#1354 = CARTESIAN_POINT ( 'NONE',  ( 0.01822916666666288600, -3.002725579405752700E-018, -0.04903823014923759700 ) ) ;
#1355 = EDGE_CURVE ( 'NONE', #2668, #1647, #1254, .T. ) ;
#1356 = VECTOR ( 'NONE', #497, 39.37007874015748900 ) ;
#1357 = CARTESIAN_POINT ( 'NONE',  ( -0.1784374819879150900, 0.007359181511487833200, -0.05427057330442364200 ) ) ;
#1358 = CARTESIAN_POINT ( 'NONE',  ( 0.07031249999999539300, 9.008176738217257400E-018, 0.04903823014923759700 ) ) ;
#1359 = CARTESIAN_POINT ( 'NONE',  ( 0.1861044312894212500, 0.01804219591217576900, 0.03125000000000002800 ) ) ;
#1360 = CARTESIAN_POINT ( 'NONE',  ( -0.09700520833333450800, -4.039210500559140100E-018, -0.06596531348257138300 ) ) ;
#1361 = ORIENTED_EDGE ( 'NONE', *, *, #553, .F. ) ;
#1362 = CARTESIAN_POINT ( 'NONE',  ( -0.1015625000000013300, -0.05600000000000021600, 0.0000000000000000000 ) ) ;
#1363 = CARTESIAN_POINT ( 'NONE',  ( -0.06944444444444736200, 0.02800000000000013200, 0.04849742261192873500 ) ) ;
#1364 = CARTESIAN_POINT ( 'NONE',  ( -0.05902777777778033700, 0.02123417653293388800, 0.03677867261192820800 ) ) ;
#1365 = DIRECTION ( 'NONE',  ( 0.0000000000000000000, 0.0000000000000000000, 1.000000000000000000 ) ) ;
#1366 = ORIENTED_EDGE ( 'NONE', *, *, #386, .F. ) ;
#1367 = CARTESIAN_POINT ( 'NONE',  ( -0.1781684027777791200, 0.05712763724451095500, -0.03298265674128571200 ) ) ;
#1368 = CARTESIAN_POINT ( 'NONE',  ( -0.02929687500000227200, 0.05712763724451096200, -6.996117809434148300E-018 ) ) ;
#1369 = CARTESIAN_POINT ( 'NONE',  ( -0.06423611111111358900, 0.04246835306586772800, -0.02451911507461883000 ) ) ;
#1370 = CARTESIAN_POINT ( 'NONE',  ( 0.1861044312894212500, 0.01804219591217576200, -0.03125000000000000000 ) ) ;
#1371 = CARTESIAN_POINT ( 'NONE',  ( -0.07052951388889200400, 0.05712763724451097600, 0.03298265674128567100 ) ) ;
#1372 = CARTESIAN_POINT ( 'NONE',  ( 0.02517361111110724000, 0.04246835306586772800, 0.02451911507461879100 ) ) ;
#1373 = CARTESIAN_POINT ( 'NONE',  ( -0.1874999999999999700, -8.537024980200822600E-017, 0.0000000000000000000 ) ) ;
#1374 = ADVANCED_FACE ( 'NONE', ( #693 ), #1735, .T. ) ;
#1375 = CARTESIAN_POINT ( 'NONE',  ( 0.04253472222221806000, 0.04246835306586771400, -0.02451911507461881200 ) ) ;
#1376 = CARTESIAN_POINT ( 'NONE',  ( 0.09114583333332890200, -3.682857208226702500E-016, -0.05600000000000023000 ) ) ;
#1377 = CARTESIAN_POINT ( 'NONE',  ( 0.09223090277777355700, 0.02856381862225547100, -0.04947398511192854800 ) ) ;
#1378 = CARTESIAN_POINT ( 'NONE',  ( -0.1811970475655292300, 0.04512980532742620600, -0.02621389350964642400 ) ) ;
#1379 = CARTESIAN_POINT ( 'NONE',  ( -0.06076388888889140700, 0.04246835306586775600, 0.02451911507461879100 ) ) ;
#1380 = CARTESIAN_POINT ( 'NONE',  ( 0.09895833333332775000, -3.396921089575560800E-016, 0.05600000000000023000 ) ) ;
#1381 = EDGE_CURVE ( 'NONE', #725, #4229, #2173, .T. ) ;
#1382 = CARTESIAN_POINT ( 'NONE',  ( -0.006727430555558207500, 0.05712763724451097600, 0.03298265674128567100 ) ) ;
#1383 = CARTESIAN_POINT ( 'NONE',  ( -0.001736111111114596500, 0.04246835306586772800, -0.02451911507461883000 ) ) ;
#1384 = CARTESIAN_POINT ( 'NONE',  ( 0.1030683421713604700, -0.03496628583677409400, 0.04517660668887657500 ) ) ;
#1385 = CARTESIAN_POINT ( 'NONE',  ( -0.1625434027777794000, -0.02856381862225548800, -0.04947398511192854100 ) ) ;
#1386 = CARTESIAN_POINT ( 'NONE',  ( -0.04774305555555826600, -0.04246835306586772800, -0.02451911507461879500 ) ) ;
#1387 = VERTEX_POINT ( 'NONE', #2037 ) ;
#1388 = CARTESIAN_POINT ( 'NONE',  ( 0.1328124999999943900, 9.008176738217257400E-018, 0.04903823014923759700 ) ) ;
#1389 = ORIENTED_EDGE ( 'NONE', *, *, #732, .T. ) ;
#1390 = DIRECTION ( 'NONE',  ( 0.0000000000000000000, 0.0000000000000000000, -1.000000000000000000 ) ) ;
#1391 = CARTESIAN_POINT ( 'NONE',  ( 0.1130642361111065700, 0.02856381862225547100, -0.04947398511192854800 ) ) ;
#1392 = CARTESIAN_POINT ( 'NONE',  ( 0.02604166666666274000, 9.008176738217260500E-018, 0.04903823014923761700 ) ) ;
#1393 = ORIENTED_EDGE ( 'NONE', *, *, #2051, .F. ) ;
#1394 = CARTESIAN_POINT ( 'NONE',  ( 0.04079861111110751100, -0.02800000000000007000, 0.04849742261192877700 ) ) ;
#1395 = ADVANCED_FACE ( 'NONE', ( #751 ), #3816, .T. ) ;
#1396 = EDGE_LOOP ( 'NONE', ( #2928, #827, #3355, #1629, #348 ) ) ;
#1397 = CARTESIAN_POINT ( 'NONE',  ( 0.001953124999997223800, -0.05712763724451096200, 0.0000000000000000000 ) ) ;
#1398 = CARTESIAN_POINT ( 'NONE',  ( -0.05902777777778033700, 0.02123417653293388800, 0.03677867261192820800 ) ) ;
#1399 = CARTESIAN_POINT ( 'NONE',  ( 0.1874999999999999700, -8.537024980200822600E-017, 0.0000000000000000000 ) ) ;
#1400 = CARTESIAN_POINT ( 'NONE',  ( -0.1052517361111136600, -0.05712763724451094800, 0.03298265674128572600 ) ) ;
#1401 = EDGE_LOOP ( 'NONE', ( #506, #2005, #2210, #410 ) ) ;
#1402 = CARTESIAN_POINT ( 'NONE',  ( 0.01128472222221856700, -0.04246835306586770700, 0.02451911507461881600 ) ) ;
#1403 = CIRCLE ( 'NONE', #171, 0.03124999999999996500 ) ;
#1404 = CARTESIAN_POINT ( 'NONE',  ( -0.1701388888888896700, 0.02123417653293386400, -0.03677867261192821500 ) ) ;
#1405 = CARTESIAN_POINT ( 'NONE',  ( -0.1631944444444458400, -0.02800000000000011500, -0.04849742261192874900 ) ) ;
#1406 = CARTESIAN_POINT ( 'NONE',  ( 0.1148003472222176400, 0.05712763724451095500, -0.03298265674128571200 ) ) ;
#1407 = FACE_OUTER_BOUND ( 'NONE', #3499, .T. ) ;
#1408 = DIRECTION ( 'NONE',  ( 1.000000000000000000, -0.0000000000000000000, -0.0000000000000000000 ) ) ;
#1409 = EDGE_CURVE ( 'NONE', #345, #970, #4102, .T. ) ;
#1410 = CARTESIAN_POINT ( 'NONE',  ( -0.006944444444447834600, -0.02123417653293387500, -0.03677867261192821500 ) ) ;
#1411 = CARTESIAN_POINT ( 'NONE',  ( 0.1001438239129985300, -8.537024980200822600E-017, 0.0000000000000000000 ) ) ;
#1412 = CIRCLE ( 'NONE', #1056, 0.03124999999999996500 ) ;
#1413 = CARTESIAN_POINT ( 'NONE',  ( -0.03906250000000283800, 0.04246835306586772800, -5.200873264717459100E-018 ) ) ;
#1414 = CARTESIAN_POINT ( 'NONE',  ( 0.01063368055555265400, 0.05712763724451095500, -0.03298265674128571200 ) ) ;
#1415 = FACE_OUTER_BOUND ( 'NONE', #3295, .T. ) ;
#1416 = CARTESIAN_POINT ( 'NONE',  ( 0.1024305555555504000, 0.04246835306586772800, -0.02451911507461883000 ) ) ;
#1417 = CARTESIAN_POINT ( 'NONE',  ( 0.1833171980456396200, 0.02397821414384654700, -0.02096851482809105100 ) ) ;
#1418 = CARTESIAN_POINT ( 'NONE',  ( -0.05316840277778116900, 0.05712763724451095500, -0.03298265674128571200 ) ) ;
#1419 = CARTESIAN_POINT ( 'NONE',  ( -0.05989583333333585400, 0.04246835306586772800, -5.200873264717459100E-018 ) ) ;
#1420 = AXIS2_PLACEMENT_3D ( 'NONE', #3024, #2298, #3765 ) ;
#1421 = CARTESIAN_POINT ( 'NONE',  ( 0.001736111111107068200, -0.05600000000000021600, -0.03233161507461916600 ) ) ;
#1422 = ORIENTED_EDGE ( 'NONE', *, *, #1499, .T. ) ;
#1423 = ADVANCED_FACE ( 'NONE', ( #1619 ), #2557, .T. ) ;
#1424 = CARTESIAN_POINT ( 'NONE',  ( -0.1510416666666677700, -3.002725579405754300E-018, -0.04903823014923761700 ) ) ;
#1425 = CARTESIAN_POINT ( 'NONE',  ( 0.09049479166666246600, -4.039210500559140100E-018, -0.06596531348257138300 ) ) ;
#1426 = CARTESIAN_POINT ( 'NONE',  ( 0.1014472724935169800, 1.070377841536581300E-012, 0.05619957989553579800 ) ) ;
#1427 = CC_DESIGN_PERSON_AND_ORGANIZATION_ASSIGNMENT ( #3933, #2684, ( #2649 ) ) ;
#1428 = CARTESIAN_POINT ( 'NONE',  ( 0.02430555555555166000, 0.02123417653293388800, 0.03677867261192820800 ) ) ;
#1429 = CARTESIAN_POINT ( 'NONE',  ( -0.1406250000000017800, -5.261224583181002700E-017, -0.05600000000000021600 ) ) ;
#1430 = CARTESIAN_POINT ( 'NONE',  ( 0.004123263888884587700, -0.02856381862225548800, -0.04947398511192854100 ) ) ;
#1431 = CARTESIAN_POINT ( 'NONE',  ( 0.03385416666666263300, -0.04246835306586772800, 0.0000000000000000000 ) ) ;
#1432 = CARTESIAN_POINT ( 'NONE',  ( 0.02278645833333021000, -0.05712763724451096200, 0.0000000000000000000 ) ) ;
#1433 = CARTESIAN_POINT ( 'NONE',  ( 0.1041666666666614800, 0.04246835306586774200, -5.200873264717461400E-018 ) ) ;
#1434 = CARTESIAN_POINT ( 'NONE',  ( -0.03732638888889126100, -0.05600000000000021600, -0.03233161507461916600 ) ) ;
#1435 = CARTESIAN_POINT ( 'NONE',  ( 0.03016493055555084800, 0.05712763724451095500, -0.03298265674128571200 ) ) ;
#1436 = CARTESIAN_POINT ( 'NONE',  ( 0.1324999999999999800, 0.0000000000000000000, 0.0000000000000000000 ) ) ;
#1437 = CARTESIAN_POINT ( 'NONE',  ( -0.1406250000000012500, 9.008176738217260500E-018, 0.04903823014923761700 ) ) ;
#1438 = CARTESIAN_POINT ( 'NONE',  ( 0.04361979166666323000, -0.05712763724451096200, 0.0000000000000000000 ) ) ;
#1439 = CARTESIAN_POINT ( 'NONE',  ( 0.1044999999999999500, -0.04393292108651315100, -0.03668504594386437500 ) ) ;
#1440 = CARTESIAN_POINT ( 'NONE',  ( 0.07465277777777307200, -0.04246835306586774200, -0.02451911507461880500 ) ) ;
#1441 = CARTESIAN_POINT ( 'NONE',  ( -0.03738871247372262800, -0.01500515477614326700, -0.05600000000000002900 ) ) ;
#1442 = CARTESIAN_POINT ( 'NONE',  ( 0.07899305555555083400, -0.02123417653293386800, -0.03677867261192819400 ) ) ;
#1443 = ADVANCED_FACE ( 'NONE', ( #2449 ), #1996, .F. ) ;
#1444 = EDGE_CURVE ( 'NONE', #4362, #3717, #471, .T. ) ;
#1445 = ORIENTED_EDGE ( 'NONE', *, *, #226, .F. ) ;
#1446 = CARTESIAN_POINT ( 'NONE',  ( 0.1009114583333289800, 1.211763150167741700E-017, 0.06596531348257138300 ) ) ;
#1447 = CARTESIAN_POINT ( 'NONE',  ( 0.1044999999999999800, 0.03918710852002368900, -0.01728597802876468900 ) ) ;
#1448 = CARTESIAN_POINT ( 'NONE',  ( 0.02517361111110776400, -0.05600000000000021600, -0.03233161507461916600 ) ) ;
#1449 = CARTESIAN_POINT ( 'NONE',  ( -0.01671006944444843400, -0.02856381862225548800, -0.04947398511192854100 ) ) ;
#1450 = DIRECTION ( 'NONE',  ( 0.7071067811865411300, 8.659560562355008000E-017, 0.7071067811865537900 ) ) ;
#1451 = ORIENTED_EDGE ( 'NONE', *, *, #1580, .F. ) ;
#1452 = CARTESIAN_POINT ( 'NONE',  ( 0.01128472222221909600, 0.05600000000000020900, -0.03233161507461918700 ) ) ;
#1453 = CARTESIAN_POINT ( 'NONE',  ( 0.1467013888888831200, 0.04246835306586771400, -0.02451911507461881200 ) ) ;
#1454 = EDGE_LOOP ( 'NONE', ( #2424, #3185, #3405, #3347 ) ) ;
#1455 = CARTESIAN_POINT ( 'NONE',  ( 0.1269531249999952000, -0.05712763724451096200, 0.0000000000000000000 ) ) ;
#1456 = CARTESIAN_POINT ( 'NONE',  ( 0.05208333333332899900, -0.04246835306586774200, 0.0000000000000000000 ) ) ;
#1457 = CARTESIAN_POINT ( 'NONE',  ( 0.05295138888888457200, -0.04246835306586770700, 0.02451911507461881900 ) ) ;
#1458 = FACE_OUTER_BOUND ( 'NONE', #3471, .T. ) ;
#1459 = CARTESIAN_POINT ( 'NONE',  ( 0.03493923611110779500, 0.05712763724451097600, 0.03298265674128567100 ) ) ;
#1460 = CARTESIAN_POINT ( 'NONE',  ( 0.05902777777777331500, 0.02123417653293386400, -0.03677867261192821500 ) ) ;
#1461 = CARTESIAN_POINT ( 'NONE',  ( -0.1865760007688555800, 0.02616360896143071800, 0.03866129420869082000 ) ) ;
#1462 = CARTESIAN_POINT ( 'NONE',  ( 0.03884548611110624100, -0.02856381862225543900, 0.04947398511192856900 ) ) ;
#1463 = CARTESIAN_POINT ( 'NONE',  ( 0.09288194444443946500, -0.02123417653293383300, 0.03677867261192821500 ) ) ;
#1464 = VECTOR ( 'NONE', #1910, 39.37007874015748900 ) ;
#1465 = CARTESIAN_POINT ( 'NONE',  ( -0.1874999999999999700, 0.03030225249717428300, -0.02975457117359770300 ) ) ;
#1466 = ADVANCED_FACE ( 'NONE', ( #1237 ), #2345, .T. ) ;
#1467 = CARTESIAN_POINT ( 'NONE',  ( 0.1605902777777717400, -0.04246835306586772100, -0.02451911507461879100 ) ) ;
#1468 = CARTESIAN_POINT ( 'NONE',  ( 0.1477864583333282400, -0.05712763724451096200, 0.0000000000000000000 ) ) ;
#1469 = AXIS2_PLACEMENT_3D ( 'NONE', #1221, #880, #1240 ) ;
#1470 = CARTESIAN_POINT ( 'NONE',  ( -0.1866319444444449200, 0.04246835306586771400, -0.02451911507461881200 ) ) ;
#1471 = EDGE_CURVE ( 'NONE', #3232, #351, #66, .T. ) ;
#1472 = CARTESIAN_POINT ( 'NONE',  ( 0.1045000000000021300, -0.01850388624409052300, -0.04653686310720043400 ) ) ;
#1473 = CARTESIAN_POINT ( 'NONE',  ( 0.02170138888888507500, 0.04246835306586771400, -0.02451911507461881200 ) ) ;
#1474 = VERTEX_POINT ( 'NONE', #4513 ) ;
#1475 = CARTESIAN_POINT ( 'NONE',  ( 0.1217447916666619700, 1.211763150167741700E-017, 0.06596531348257138300 ) ) ;
#1476 = CARTESIAN_POINT ( 'NONE',  ( 0.07291666666666198100, -0.04246835306586774200, 0.0000000000000000000 ) ) ;
#1477 = CARTESIAN_POINT ( 'NONE',  ( 0.01822916666666341000, 2.058740054288218200E-017, 0.05600000000000020900 ) ) ;
#1478 = CARTESIAN_POINT ( 'NONE',  ( 0.05273437499999491400, 0.05712763724451096200, -6.996117809434148300E-018 ) ) ;
#1479 = CARTESIAN_POINT ( 'NONE',  ( 0.08420138888888406600, 0.04246835306586771400, -0.02451911507461881200 ) ) ;
#1480 = ORIENTED_EDGE ( 'NONE', *, *, #2666, .F. ) ;
#1481 = CARTESIAN_POINT ( 'NONE',  ( 0.01822916666666341000, 2.058740054288218200E-017, 0.05600000000000020900 ) ) ;
#1482 = CARTESIAN_POINT ( 'NONE',  ( -0.08159722222222441600, 0.04246835306586775600, 0.02451911507461879100 ) ) ;
#1483 = CARTESIAN_POINT ( 'NONE',  ( 0.06770833333332822200, -6.862466847627394900E-018, -0.05600000000000021600 ) ) ;
#1484 = CARTESIAN_POINT ( 'NONE',  ( -0.1799045138888902600, 0.02856381862225547100, -0.04947398511192854800 ) ) ;
#1485 = CARTESIAN_POINT ( 'NONE',  ( -0.1605902777777787100, 0.02123417653293388100, 0.03677867261192818700 ) ) ;
#1486 = CARTESIAN_POINT ( 'NONE',  ( 0.04058159722221731800, -0.05712763724451094800, 0.03298265674128572600 ) ) ;
#1487 = CARTESIAN_POINT ( 'NONE',  ( 0.01475694444444072500, -0.04246835306586772100, -0.02451911507461879100 ) ) ;
#1488 = CARTESIAN_POINT ( 'NONE',  ( 0.08181423611110703900, -0.02856381862225543900, 0.04947398511192856900 ) ) ;
#1490 =( BOUNDED_CURVE ( )  B_SPLINE_CURVE ( 2, ( #2272, #4422, #1587 ),
 .UNSPECIFIED., .F., .F. ) 
 B_SPLINE_CURVE_WITH_KNOTS ( ( 3, 3 ),
 ( 0.7731151690124960000, 0.7768381429778088400 ),
 .UNSPECIFIED. ) 
 CURVE ( )  GEOMETRIC_REPRESENTATION_ITEM ( )  RATIONAL_B_SPLINE_CURVE ( ( 0.9330161011061786100, 0.9326323680330488300, 0.9755677884986917500 ) ) 
 REPRESENTATION_ITEM ( '' )  );
#1489 = CARTESIAN_POINT ( 'NONE',  ( 0.09787326388888308000, 0.02856381862225550900, 0.04947398511192853400 ) ) ;
#1491 = CARTESIAN_POINT ( 'NONE',  ( 0.1100260416666606600, -4.039210500559140100E-018, -0.06596531348257138300 ) ) ;
#1492 = CARTESIAN_POINT ( 'NONE',  ( 0.05295138888888457200, -0.04246835306586770700, 0.02451911507461881600 ) ) ;
#1493 = CARTESIAN_POINT ( 'NONE',  ( 0.1030683421713608800, 0.03775566022444766500, -0.04303575956549522700 ) ) ;
#1494 = CARTESIAN_POINT ( 'NONE',  ( -0.1093750000000017500, -3.002725579405754300E-018, -0.04903823014923761700 ) ) ;
#1495 = ORIENTED_EDGE ( 'NONE', *, *, #2633, .F. ) ;
#1496 = CARTESIAN_POINT ( 'NONE',  ( -0.1519097222222232400, -0.04246835306586772100, -0.02451911507461879100 ) ) ;
#1497 = ORIENTED_EDGE ( 'NONE', *, *, #3973, .F. ) ;
#1498 = CARTESIAN_POINT ( 'NONE',  ( 0.1605902777777717400, -0.04246835306586772100, -0.02451911507461879100 ) ) ;
#1499 = EDGE_CURVE ( 'NONE', #1111, #2366, #337, .T. ) ;
#1500 = ORIENTED_EDGE ( 'NONE', *, *, #1922, .T. ) ;
#1501 = CARTESIAN_POINT ( 'NONE',  ( 0.05056423611110754500, 0.02856381862225547100, -0.04947398511192854800 ) ) ;
#1502 = CARTESIAN_POINT ( 'NONE',  ( 0.09960937499999414400, 1.211763150167741700E-017, 0.06596531348257138300 ) ) ;
#1503 = CARTESIAN_POINT ( 'NONE',  ( 0.09960937499999414400, 1.211763150167741700E-017, 0.06596531348257138300 ) ) ;
#1504 = CARTESIAN_POINT ( 'NONE',  ( 0.1861044312894212500, 0.01804219591217576900, 0.03125000000000002800 ) ) ;
#1505 = CARTESIAN_POINT ( 'NONE',  ( 0.1030683421713611000, 0.007440699485407526100, 0.05712763724451081600 ) ) ;
#1506 = EDGE_LOOP ( 'NONE', ( #2834, #1543, #3663, #2685, #3527 ) ) ;
#1507 = PERSON_AND_ORGANIZATION ( #3372, #2706 ) ;
#1508 = CARTESIAN_POINT ( 'NONE',  ( -0.07291666666666900300, -0.04246835306586774200, 0.0000000000000000000 ) ) ;
#1509 = CARTESIAN_POINT ( 'NONE',  ( 0.1044999999999998700, 0.008469162501496497700, 0.05693071226563292000 ) ) ;
#1510 = LINE ( 'NONE', #3531, #1556 ) ;
#1511 = CARTESIAN_POINT ( 'NONE',  ( -0.1796875000000005800, 9.008176738217257400E-018, 0.04903823014923759700 ) ) ;
#1512 = CARTESIAN_POINT ( 'NONE',  ( 0.03190104166666192500, 0.05712763724451096200, -6.996117809434148300E-018 ) ) ;
#1513 = CARTESIAN_POINT ( 'NONE',  ( -0.1484375000000005800, -6.862466847627395900E-017, 0.05600000000000021600 ) ) ;
#1514 = CIRCLE ( 'NONE', #2, 0.05600000000000013300 ) ;
#1515 = CARTESIAN_POINT ( 'NONE',  ( 0.1048177083333274300, -0.05712763724451096200, 0.0000000000000000000 ) ) ;
#1516 = CARTESIAN_POINT ( 'NONE',  ( 0.1325954861111047800, 0.02856381862225547100, -0.04947398511192854800 ) ) ;
#1517 = CARTESIAN_POINT ( 'NONE',  ( -0.06770833333333625700, -1.566929930208255100E-016, 0.05600000000000020900 ) ) ;
#1518 = LINE ( 'NONE', #2901, #2453 ) ;
#1519 = CARTESIAN_POINT ( 'NONE',  ( -0.1041666666666685000, 0.04246835306586774200, -5.200873264717461400E-018 ) ) ;
#1520 = PLANE ( 'NONE',  #2492 ) ;
#1521 = ORIENTED_EDGE ( 'NONE', *, *, #4122, .T. ) ;
#1522 = CARTESIAN_POINT ( 'NONE',  ( -0.08940972222222427800, -0.04246835306586772100, -0.02451911507461879100 ) ) ;
#1523 = EDGE_CURVE ( 'NONE', #1185, #808, #1536, .T. ) ;
#1524 = CARTESIAN_POINT ( 'NONE',  ( 0.04405381944443951400, -0.05712763724451096200, -0.03298265674128569200 ) ) ;
#1525 = CARTESIAN_POINT ( 'NONE',  ( 0.1362847222222165500, -0.04246835306586770700, 0.02451911507461881900 ) ) ;
#1526 = CARTESIAN_POINT ( 'NONE',  ( 0.1621093749999931700, 1.211763150167741700E-017, 0.06596531348257138300 ) ) ;
#1527 = CARTESIAN_POINT ( 'NONE',  ( 0.1725260416666596600, -4.039210500559140100E-018, -0.06596531348257138300 ) ) ;
#1528 = CARTESIAN_POINT ( 'NONE',  ( 0.1324999999999999800, 0.03608439182435157300, 0.0000000000000000000 ) ) ;
#1529 = DIRECTION ( 'NONE',  ( 0.0000000000000000000, 0.0000000000000000000, -1.000000000000000000 ) ) ;
#1530 = AXIS2_PLACEMENT_3D ( 'NONE', #2960, #3327, #2995 ) ;
#1531 = DIRECTION ( 'NONE',  ( 1.000000000000000000, 0.0000000000000000000, -0.0000000000000000000 ) ) ;
#1532 = CARTESIAN_POINT ( 'NONE',  ( -0.07638888888889117100, -0.02123417653293384000, 0.03677867261192822900 ) ) ;
#1533 = CARTESIAN_POINT ( 'NONE',  ( 0.03124999999999548300, 0.05600000000000021600, -6.858022075225205100E-018 ) ) ;
#1534 = CARTESIAN_POINT ( 'NONE',  ( -0.0008680555555590227900, 0.02123417653293385400, -0.03677867261192820100 ) ) ;
#1535 = CARTESIAN_POINT ( 'NONE',  ( 0.1571180555555495600, -0.04246835306586770700, 0.02451911507461881900 ) ) ;
#1536 =( BOUNDED_CURVE ( )  B_SPLINE_CURVE ( 2, ( #680, #2441, #1405, #4566, #2410, #1751, #4220, #1031, #15 ),
 .UNSPECIFIED., .F., .F. ) 
 B_SPLINE_CURVE_WITH_KNOTS ( ( 3, 2, 2, 2, 3 ),
 ( 0.9305555555555555800, 0.9351851851851852300, 0.9444444444444444200, 0.9537037037037037200, 0.9583333333333333700 ),
 .UNSPECIFIED. ) 
 CURVE ( )  GEOMETRIC_REPRESENTATION_ITEM ( )  RATIONAL_B_SPLINE_CURVE ( ( 0.9330127018922194100, 0.9330127018922194100, 1.000000000000000000, 0.8660254037844387100, 1.000000000000000000, 0.8660254037844387100, 1.000000000000000000, 0.9330127018922194100, 0.9330127018922194100 ) ) 
 REPRESENTATION_ITEM ( '' )  );
#1537 = CARTESIAN_POINT ( 'NONE',  ( -0.03993055555555894600, -0.05600000000000021600, -0.03233161507461916600 ) ) ;
#1538 = DIRECTION ( 'NONE',  ( 1.000000000000000000, -0.0000000000000000000, -0.0000000000000000000 ) ) ;
#1539 = CARTESIAN_POINT ( 'NONE',  ( 0.07356770833332793000, 0.05712763724451096200, -6.996117809434148300E-018 ) ) ;
#1540 = CARTESIAN_POINT ( 'NONE',  ( 0.1291232638888825900, -0.02856381862225548800, -0.04947398511192854100 ) ) ;
#1541 = CARTESIAN_POINT ( 'NONE',  ( 0.1874999999999999700, -8.537024980200822600E-017, 0.0000000000000000000 ) ) ;
#1542 = DIRECTION ( 'NONE',  ( 0.0000000000000000000, 0.0000000000000000000, -1.000000000000000000 ) ) ;
#1543 = ORIENTED_EDGE ( 'NONE', *, *, #1355, .T. ) ;
#1544 = CARTESIAN_POINT ( 'NONE',  ( 0.1874999999999999700, -8.537024980200822600E-017, 0.0000000000000000000 ) ) ;
#1545 = CARTESIAN_POINT ( 'NONE',  ( 0.01909722222221842500, 0.04246835306586772800, -0.02451911507461882300 ) ) ;
#1546 = CARTESIAN_POINT ( 'NONE',  ( 0.1861044312893994100, -0.01804219591220774000, 0.03125000000000003500 ) ) ;
#1547 = EDGE_CURVE ( 'NONE', #3088, #2284, #2158, .T. ) ;
#1548 = ORIENTED_EDGE ( 'NONE', *, *, #4240, .T. ) ;
#1549 = CARTESIAN_POINT ( 'NONE',  ( 0.01302083333332964600, -0.04246835306586772800, 0.0000000000000000000 ) ) ;
#1550 = ORIENTED_EDGE ( 'NONE', *, *, #3467, .T. ) ;
#1551 = CARTESIAN_POINT ( 'NONE',  ( -0.1145833333333355200, 0.05600000000000021600, -6.858022075225205100E-018 ) ) ;
#1552 = EDGE_CURVE ( 'NONE', #2284, #2974, #1925, .T. ) ;
#1553 = CARTESIAN_POINT ( 'NONE',  ( 0.1725260416666596600, -4.039210500559140100E-018, -0.06596531348257138300 ) ) ;
#1554 = CARTESIAN_POINT ( 'NONE',  ( -0.03472222222222568600, 0.02800000000000009800, -0.04849742261192875600 ) ) ;
#1555 = CARTESIAN_POINT ( 'NONE',  ( -0.1241319444444454300, -0.05600000000000020200, 0.03233161507461920100 ) ) ;
#1556 = VECTOR ( 'NONE', #1133, 39.37007874015748100 ) ;
#1557 = DIRECTION ( 'NONE',  ( -0.0000000000000000000, 0.0000000000000000000, -1.000000000000000000 ) ) ;
#1558 = CARTESIAN_POINT ( 'NONE',  ( 0.1354166666666609700, -0.04246835306586774200, 0.0000000000000000000 ) ) ;
#1559 = CARTESIAN_POINT ( 'NONE',  ( 0.08159722222221740800, 0.04246835306586772800, -0.02451911507461882300 ) ) ;
#1560 = VECTOR ( 'NONE', #1684, 39.37007874015748100 ) ;
#1561 = CARTESIAN_POINT ( 'NONE',  ( 0.08072916666666243900, -3.408358534321605800E-016, 0.05600000000000023000 ) ) ;
#1562 = CARTESIAN_POINT ( 'NONE',  ( 0.01475694444444072500, -0.04246835306586772100, -0.02451911507461879100 ) ) ;
#1563 = LINE ( 'NONE', #4399, #1128 ) ;
#1564 = CARTESIAN_POINT ( 'NONE',  ( -0.1052517361111136600, -0.05712763724451094800, 0.03298265674128572600 ) ) ;
#1565 = VECTOR ( 'NONE', #3780, 39.37007874015748100 ) ;
#1566 =( BOUNDED_CURVE ( )  B_SPLINE_CURVE ( 2, ( #1194, #493, #1253, #3008, #147, #3322, #2236, #1206, #1561 ),
 .UNSPECIFIED., .F., .F. ) 
 B_SPLINE_CURVE_WITH_KNOTS ( ( 3, 2, 2, 2, 3 ),
 ( 0.7361111111111110500, 0.7407407407407407000, 0.7500000000000000000, 0.7592592592592593000, 0.7638888888888889500 ),
 .UNSPECIFIED. ) 
 CURVE ( )  GEOMETRIC_REPRESENTATION_ITEM ( )  RATIONAL_B_SPLINE_CURVE ( ( 0.9330127018922193000, 0.9330127018922185200, 1.000000000000000000, 0.8660254037844387100, 1.000000000000000000, 0.8660254037844387100, 1.000000000000000000, 0.9330127018922185200, 0.9330127018922193000 ) ) 
 REPRESENTATION_ITEM ( '' )  );
#1567 = CARTESIAN_POINT ( 'NONE',  ( 0.1582031249999947000, 0.05712763724451096200, -6.996117809434148300E-018 ) ) ;
#1568 = CARTESIAN_POINT ( 'NONE',  ( -0.1171875000000015800, 9.008176738217257400E-018, 0.04903823014923759700 ) ) ;
#1569 = CARTESIAN_POINT ( 'NONE',  ( 0.1026120620373278400, -0.02424741104644690900, 0.05168443203272132100 ) ) ;
#1570 = CARTESIAN_POINT ( 'NONE',  ( 0.1874999999999999700, -6.995118119649357800E-017, -0.1243125000000000200 ) ) ;
#1571 = EDGE_LOOP ( 'NONE', ( #4375, #3005 ) ) ;
#1572 = AXIS2_PLACEMENT_3D ( 'NONE', #969, #1345, #4115 ) ;
#1573 = CARTESIAN_POINT ( 'NONE',  ( 0.1614583333333272600, -3.002725579405754300E-018, -0.04903823014923761700 ) ) ;
#1574 = ORIENTED_EDGE ( 'NONE', *, *, #2436, .F. ) ;
#1575 = CARTESIAN_POINT ( 'NONE',  ( 0.006944444444440834100, -0.02123417653293384000, 0.03677867261192822900 ) ) ;
#1576 = CARTESIAN_POINT ( 'NONE',  ( 0.07031249999999590600, -3.682857208226702500E-016, -0.05600000000000023000 ) ) ;
#1577 = CARTESIAN_POINT ( 'NONE',  ( -0.1839099245883488400, -0.03133687714409878800, 0.03804130773403609900 ) ) ;
#1578 = B_SPLINE_CURVE_WITH_KNOTS ( 'NONE', 3,
 ( #2358, #3105, #3406, #3039 ),
 .UNSPECIFIED., .F., .F.,
 ( 4, 4 ),
 ( 6.748233187350256600E-018, 0.0006285294237042857000 ),
 .UNSPECIFIED. ) ;
#1579 = CARTESIAN_POINT ( 'NONE',  ( -0.07552083333333561900, 9.008176738217257400E-018, 0.04903823014923759700 ) ) ;
#1580 = EDGE_CURVE ( 'NONE', #2253, #2284, #930, .T. ) ;
#1581 = CARTESIAN_POINT ( 'NONE',  ( -0.09657118055555824500, 0.02856381862225547100, -0.04947398511192854800 ) ) ;
#1582 = CARTESIAN_POINT ( 'NONE',  ( -0.1213107638888897000, -0.05712763724451096200, -0.03298265674128569200 ) ) ;
#1583 = CARTESIAN_POINT ( 'NONE',  ( -0.1104600694444469200, 0.02856381862225550900, 0.04947398511192853400 ) ) ;
#1584 = CARTESIAN_POINT ( 'NONE',  ( 0.1759982638888818200, 0.05712763724451095500, -0.03298265674128571200 ) ) ;
#1585 = CARTESIAN_POINT ( 'NONE',  ( -0.07812500000000277600, -1.852866048859396600E-016, -0.05600000000000020900 ) ) ;
#1586 = CARTESIAN_POINT ( 'NONE',  ( 0.02511128752627638700, -0.01500515477614293400, -0.05600000000000021600 ) ) ;
#1587 = CARTESIAN_POINT ( 'NONE',  ( 0.1044999999999999300, -0.05682611142190813200, 0.005861740168697128100 ) ) ;
#1588 = CARTESIAN_POINT ( 'NONE',  ( 0.1527777777777718500, -0.02123417653293384000, 0.03677867261192822900 ) ) ;
#1589 = CARTESIAN_POINT ( 'NONE',  ( 0.08333333333332849900, 0.04246835306586774200, -5.200873264717461400E-018 ) ) ;
#1590 = CARTESIAN_POINT ( 'NONE',  ( -0.1808385619074819900, -0.04443527827251345800, -0.02827288655214001800 ) ) ;
#1591 = CARTESIAN_POINT ( 'NONE',  ( -0.06163194444444693200, 0.04246835306586771400, -0.02451911507461881200 ) ) ;
#1592 = VERTEX_POINT ( 'NONE', #3266 ) ;
#1593 = CARTESIAN_POINT ( 'NONE',  ( 0.1030683421713604500, -0.05443699235205059400, 0.02004375195274769900 ) ) ;
#1594 = CARTESIAN_POINT ( 'NONE',  ( -0.1108940972222232000, 0.05712763724451097600, 0.03298265674128567100 ) ) ;
#1595 = ORIENTED_EDGE ( 'NONE', *, *, #2604, .T. ) ;
#1596 = CARTESIAN_POINT ( 'NONE',  ( -0.1362847222222235100, -0.02123417653293383300, 0.03677867261192821500 ) ) ;
#1597 = CARTESIAN_POINT ( 'NONE',  ( -0.08159722222222494400, -0.05600000000000021600, -0.03233161507461916600 ) ) ;
#1598 = DIRECTION ( 'NONE',  ( 0.0000000000000000000, 0.0000000000000000000, -1.000000000000000000 ) ) ;
#1599 = CARTESIAN_POINT ( 'NONE',  ( -0.07459045419294925400, 0.01500515477614283700, -0.05600000000000027200 ) ) ;
#1600 = CARTESIAN_POINT ( 'NONE',  ( -0.1069878472222247500, -0.02856381862225543900, 0.04947398511192856900 ) ) ;
#1601 = EDGE_LOOP ( 'NONE', ( #907, #2118, #3302, #3150, #3324 ) ) ;
#1602 = CARTESIAN_POINT ( 'NONE',  ( 0.1718749999999937000, 9.008176738217260500E-018, 0.04903823014923761700 ) ) ;
#1603 = CARTESIAN_POINT ( 'NONE',  ( -0.1354166666666680200, -0.04246835306586774200, 0.0000000000000000000 ) ) ;
#1604 = CARTESIAN_POINT ( 'NONE',  ( 0.06423611111110659500, 0.04246835306586775600, 0.02451911507461879100 ) ) ;
#1605 = EDGE_CURVE ( 'NONE', #4165, #946, #1003, .T. ) ;
#1606 = B_SPLINE_CURVE_WITH_KNOTS ( 'NONE', 3,
 ( #2560, #513, #4067, #2671 ),
 .UNSPECIFIED., .F., .F.,
 ( 4, 4 ),
 ( 0.002931495790540192000, 0.003395397489909231800 ),
 .UNSPECIFIED. ) ;
#1607 = PERSON_AND_ORGANIZATION ( #3372, #2706 ) ;
#1608 = CARTESIAN_POINT ( 'NONE',  ( 0.09809027777777273900, -0.04246835306586772100, -0.02451911507461879100 ) ) ;
#1609 = CARTESIAN_POINT ( 'NONE',  ( -0.08268229166666958600, -0.05712763724451096200, 0.0000000000000000000 ) ) ;
#1610 = DIRECTION ( 'NONE',  ( 0.0000000000000000000, 2.365849761790803000E-016, 1.000000000000000000 ) ) ;
#1611 = CARTESIAN_POINT ( 'NONE',  ( -0.1039496527777788600, -0.05712763724451094800, 0.03298265674128572600 ) ) ;
#1612 = CARTESIAN_POINT ( 'NONE',  ( -0.04774305555555774500, 0.05600000000000023000, 0.03233161507461914500 ) ) ;
#1613 = AXIS2_PLACEMENT_3D ( 'NONE', #4202, #2776, #3860 ) ;
#1614 = CARTESIAN_POINT ( 'NONE',  ( 0.1861044312894212000, 0.03608439182435157300, 3.554012846768713000E-018 ) ) ;
#1615 = CARTESIAN_POINT ( 'NONE',  ( -0.1484375000000011100, -3.002725579405752700E-018, -0.04903823014923759700 ) ) ;
#1616 = CARTESIAN_POINT ( 'NONE',  ( 0.1044999999999999300, -0.05697266044232231900, -0.008207874930623701800 ) ) ;
#1617 = CARTESIAN_POINT ( 'NONE',  ( -0.05636128752628394300, 0.01500515477614292000, -0.05600000000000023000 ) ) ;
#1618 = LINE ( 'NONE', #3296, #2833 ) ;
#1619 = FACE_OUTER_BOUND ( 'NONE', #4116, .T. ) ;
#1620 = CARTESIAN_POINT ( 'NONE',  ( -0.1994357638888884500, 0.02856381862225547100, -0.04947398511192854800 ) ) ;
#1621 = CARTESIAN_POINT ( 'NONE',  ( -0.09895833333333525800, 9.008176738217262000E-018, 0.04903823014923761700 ) ) ;
#1622 = CARTESIAN_POINT ( 'NONE',  ( 0.1597222222222161600, -0.02123417653293387500, -0.03677867261192821500 ) ) ;
#1623 = CARTESIAN_POINT ( 'NONE',  ( -0.1032986111111129200, 0.04246835306586771400, -0.02451911507461881200 ) ) ;
#1624 = ORIENTED_EDGE ( 'NONE', *, *, #2051, .T. ) ;
#1625 = VECTOR ( 'NONE', #396, 39.37007874015748100 ) ;
#1626 =( BOUNDED_CURVE ( )  B_SPLINE_CURVE ( 2, ( #1384, #1352, #2089 ),
 .UNSPECIFIED., .F., .F. ) 
 B_SPLINE_CURVE_WITH_KNOTS ( ( 3, 3 ),
 ( 0.8253044255521385700, 0.8289931916636967800 ),
 .UNSPECIFIED. ) 
 CURVE ( )  GEOMETRIC_REPRESENTATION_ITEM ( )  RATIONAL_B_SPLINE_CURVE ( ( 0.9691265169162222000, 0.9299371916889569400, 0.9332746172563004500 ) ) 
 REPRESENTATION_ITEM ( '' )  );
#1627 = CARTESIAN_POINT ( 'NONE',  ( -0.1770833333333345400, 0.05600000000000021600, -6.858022075225205100E-018 ) ) ;
#1628 = CARTESIAN_POINT ( 'NONE',  ( -0.1768663194444443600, 0.05712763724451095500, -0.03298265674128571200 ) ) ;
#1629 = ORIENTED_EDGE ( 'NONE', *, *, #331, .T. ) ;
#1630 = CARTESIAN_POINT ( 'NONE',  ( 0.1833171980456385400, -0.02397821414385291300, 0.02096851482808019200 ) ) ;
#1631 = CARTESIAN_POINT ( 'NONE',  ( -0.06163194444444693200, 0.04246835306586771400, -0.02451911507461881200 ) ) ;
#1632 = CARTESIAN_POINT ( 'NONE',  ( -0.1684027777777785700, 0.04246835306586772800, -0.02451911507461882300 ) ) ;
#1633 = CARTESIAN_POINT ( 'NONE',  ( -0.1292779541929494300, -0.01500515477614290300, 0.05600000000000023000 ) ) ;
#1634 = DIRECTION ( 'NONE',  ( 1.000000000000000000, -0.0000000000000000000, -0.0000000000000000000 ) ) ;
#1635 = CARTESIAN_POINT ( 'NONE',  ( -0.01909722222222596000, -0.05600000000000021600, -0.03233161507461916600 ) ) ;
#1636 = CARTESIAN_POINT ( 'NONE',  ( -0.1213107638888897000, -0.05712763724451096200, -0.03298265674128569200 ) ) ;
#1637 = CARTESIAN_POINT ( 'NONE',  ( -0.08680555555555767600, 0.02123417653293386400, -0.03677867261192821500 ) ) ;
#1638 = CARTESIAN_POINT ( 'NONE',  ( 0.1475694444444385900, 0.04246835306586775600, 0.02451911507461879100 ) ) ;
#1639 = CARTESIAN_POINT ( 'NONE',  ( -0.07052951388889200400, 0.05712763724451097600, 0.03298265674128567100 ) ) ;
#1640 = CARTESIAN_POINT ( 'NONE',  ( -0.1015625000000018500, 0.04246835306586772800, -5.200873264717459100E-018 ) ) ;
#1641 = EDGE_CURVE ( 'NONE', #2202, #3974, #1870, .T. ) ;
#1642 = CARTESIAN_POINT ( 'NONE',  ( -0.08311631944444584900, -0.05712763724451094800, 0.03298265674128572600 ) ) ;
#1643 = CARTESIAN_POINT ( 'NONE',  ( -0.1519720458070540900, 0.01500515477614294700, 0.05600000000000020900 ) ) ;
#1644 = CARTESIAN_POINT ( 'NONE',  ( -0.02170138888889200700, 0.02123417653293385400, -0.03677867261192820100 ) ) ;
#1645 = CARTESIAN_POINT ( 'NONE',  ( -0.1215277777777793400, 0.02123417653293388800, 0.03677867261192820800 ) ) ;
#1646 = CARTESIAN_POINT ( 'NONE',  ( -0.1276041666666675500, -6.862466847627395900E-017, 0.05600000000000021600 ) ) ;
#1647 = VERTEX_POINT ( 'NONE', #1504 ) ;
#1648 = CC_DESIGN_SECURITY_CLASSIFICATION ( #3130, ( #2649 ) ) ;
#1649 = CARTESIAN_POINT ( 'NONE',  ( -0.1521267361111129100, 0.02856381862225550900, 0.04947398511192853400 ) ) ;
#1650 = CARTESIAN_POINT ( 'NONE',  ( -0.1872829861111108800, -0.05712763724451094800, 0.03298265674128572600 ) ) ;
#1651 = CARTESIAN_POINT ( 'NONE',  ( -0.1562500000000010000, -0.04246835306586774200, 0.0000000000000000000 ) ) ;
#1652 = CARTESIAN_POINT ( 'NONE',  ( -0.09809027777777969100, 0.02123417653293388100, 0.03677867261192818700 ) ) ;
#1653 = VERTEX_POINT ( 'NONE', #3965 ) ;
#1654 = ORIENTED_EDGE ( 'NONE', *, *, #1222, .F. ) ;
#1655 = DIRECTION ( 'NONE',  ( 0.0000000000000000000, 0.0000000000000000000, -1.000000000000000000 ) ) ;
#1656 = CARTESIAN_POINT ( 'NONE',  ( -0.05707465277777960800, -0.02856381862225548800, -0.04947398511192854100 ) ) ;
#1657 = CARTESIAN_POINT ( 'NONE',  ( 0.02957621247371575200, 0.01500515477614292000, -0.05600000000000023000 ) ) ;
#1658 = CARTESIAN_POINT ( 'NONE',  ( -0.08593750000000210900, -3.002725579405752700E-018, -0.04903823014923759700 ) ) ;
#1659 = CARTESIAN_POINT ( 'NONE',  ( -0.1423611111111123300, 0.02123417653293388800, 0.03677867261192820800 ) ) ;
#1660 = VERTEX_POINT ( 'NONE', #4358 ) ;
#1661 = SECURITY_CLASSIFICATION_LEVEL ( 'unclassified' ) ;
#1662 = CARTESIAN_POINT ( 'NONE',  ( -0.1538628472222240100, 0.05712763724451097600, 0.03298265674128567100 ) ) ;
#1663 = CARTESIAN_POINT ( 'NONE',  ( -0.1004774305555567000, -0.05712763724451096200, -0.03298265674128569200 ) ) ;
#1664 = CARTESIAN_POINT ( 'NONE',  ( -0.1059027777777795900, 0.04246835306586772800, -0.02451911507461883000 ) ) ;
#1665 = CYLINDRICAL_SURFACE ( 'NONE', #320, 0.05600000000000013300 ) ;
#1666 = CARTESIAN_POINT ( 'NONE',  ( -0.1536458333333343400, -0.04246835306586772800, 0.0000000000000000000 ) ) ;
#1667 = EDGE_CURVE ( 'NONE', #2692, #3535, #2504, .T. ) ;
#1668 = DIRECTION ( 'NONE',  ( 1.000000000000000000, -0.0000000000000000000, -0.0000000000000000000 ) ) ;
#1669 = FACE_OUTER_BOUND ( 'NONE', #3378, .T. ) ;
#1670 = DIRECTION ( 'NONE',  ( 1.000000000000000000, -0.0000000000000000000, -0.0000000000000000000 ) ) ;
#1671 = CYLINDRICAL_SURFACE ( 'NONE', #4176, 0.05600000000000013300 ) ;
#1672 = CARTESIAN_POINT ( 'NONE',  ( -0.04839409722222418100, 0.05712763724451097600, 0.03298265674128567100 ) ) ;
#1673 = CARTESIAN_POINT ( 'NONE',  ( 0.09021545419294307900, -0.01500515477614310100, -0.05600000000000012600 ) ) ;
#1674 = ORIENTED_EDGE ( 'NONE', *, *, #3261, .F. ) ;
#1675 = CARTESIAN_POINT ( 'NONE',  ( -0.06510416666666910000, -3.002725579405752700E-018, -0.04903823014923759700 ) ) ;
#1676 = CARTESIAN_POINT ( 'NONE',  ( -0.1475694444444455900, 0.04246835306586772800, -0.02451911507461882300 ) ) ;
#1677 = CARTESIAN_POINT ( 'NONE',  ( 0.1833094114829376700, -0.02401255842510904200, -0.02090902878799506800 ) ) ;
#1678 = FACE_OUTER_BOUND ( 'NONE', #4551, .T. ) ;
#1679 =( BOUNDED_CURVE ( )  B_SPLINE_CURVE ( 2, ( #3550, #1121, #2190, #1452, #2163, #3910, #1797, #3579, #1481 ),
 .UNSPECIFIED., .F., .F. ) 
 B_SPLINE_CURVE_WITH_KNOTS ( ( 3, 2, 2, 2, 3 ),
 ( 0.5694444444444444200, 0.5740740740740740700, 0.5833333333333333700, 0.5925925925925925600, 0.5972222222222222100 ),
 .UNSPECIFIED. ) 
 CURVE ( )  GEOMETRIC_REPRESENTATION_ITEM ( )  RATIONAL_B_SPLINE_CURVE ( ( 0.9330127018922194100, 0.9330127018922194100, 1.000000000000000000, 0.8660254037844387100, 1.000000000000000000, 0.8660254037844387100, 1.000000000000000000, 0.9330127018922194100, 0.9330127018922194100 ) ) 
 REPRESENTATION_ITEM ( '' )  );
#1680 = CARTESIAN_POINT ( 'NONE',  ( -0.1694878472222237600, -0.02856381862225543900, 0.04947398511192856900 ) ) ;
#1681 = CARTESIAN_POINT ( 'NONE',  ( -0.1404079861111116000, -0.02856381862225548800, -0.04947398511192854100 ) ) ;
#1682 = ORIENTED_EDGE ( 'NONE', *, *, #4029, .F. ) ;
#1683 = CARTESIAN_POINT ( 'NONE',  ( 0.02430555555555166000, 0.02123417653293388800, 0.03677867261192820800 ) ) ;
#1684 = DIRECTION ( 'NONE',  ( 1.000000000000000000, -0.0000000000000000000, -0.0000000000000000000 ) ) ;
#1685 = CARTESIAN_POINT ( 'NONE',  ( -0.1295572916666688200, 1.211763150167741700E-017, 0.06596531348257138300 ) ) ;
#1686 = CARTESIAN_POINT ( 'NONE',  ( -0.1640625000000008600, 0.04246835306586772800, -5.200873264717459100E-018 ) ) ;
#1687 = CARTESIAN_POINT ( 'NONE',  ( -0.02250712085961676900, -0.01500515477614290300, 0.05600000000000023000 ) ) ;
#1688 = ORIENTED_EDGE ( 'NONE', *, *, #1321, .T. ) ;
#1689 = CARTESIAN_POINT ( 'NONE',  ( 0.05121527777777349500, -0.02123417653293383300, 0.03677867261192821500 ) ) ;
#1690 = CARTESIAN_POINT ( 'NONE',  ( 0.1833132938682655000, 0.006096269397843301400, -0.03124999999999999700 ) ) ;
#1691 = CARTESIAN_POINT ( 'NONE',  ( -0.07617187500000151300, -4.039210500559140100E-018, -0.06596531348257138300 ) ) ;
#1692 = CARTESIAN_POINT ( 'NONE',  ( 0.08072916666666243900, -3.408358534321605800E-016, 0.05600000000000023000 ) ) ;
#1693 = ADVANCED_FACE ( 'NONE', ( #3885 ), #1671, .T. ) ;
#1694 = CARTESIAN_POINT ( 'NONE',  ( -0.1701388888888896700, 0.02123417653293386400, -0.03677867261192821500 ) ) ;
#1695 = CARTESIAN_POINT ( 'NONE',  ( -0.0008680555555584945600, -0.02800000000000007000, 0.04849742261192877700 ) ) ;
#1696 = DIRECTION ( 'NONE',  ( 1.000000000000000000, 0.0000000000000000000, 0.0000000000000000000 ) ) ;
#1697 = EDGE_CURVE ( 'NONE', #2451, #2152, #2831, .T. ) ;
#1698 = CARTESIAN_POINT ( 'NONE',  ( -0.1716579861111111000, 0.02856381862225550900, 0.04947398511192853400 ) ) ;
#1699 = CARTESIAN_POINT ( 'NONE',  ( 0.006944444444440834100, -0.02123417653293384000, 0.03677867261192822900 ) ) ;
#1700 = CARTESIAN_POINT ( 'NONE',  ( -0.1362847222222229900, 0.02800000000000009800, -0.04849742261192875600 ) ) ;
#1701 = CARTESIAN_POINT ( 'NONE',  ( -0.1000434027777804100, -0.02856381862225548800, -0.04947398511192854100 ) ) ;
#1702 = CARTESIAN_POINT ( 'NONE',  ( -0.04947916666666934300, -0.04246835306586772800, 0.0000000000000000000 ) ) ;
#1703 = CARTESIAN_POINT ( 'NONE',  ( 0.1030683421713598500, -0.02435545549126846800, 0.05205068489566473000 ) ) ;
#1704 = AXIS2_PLACEMENT_3D ( 'NONE', #4430, #4045, #3715 ) ;
#1705 = CARTESIAN_POINT ( 'NONE',  ( 0.1102430555555503200, 0.02123417653293388100, 0.03677867261192818700 ) ) ;
#1706 = DIRECTION ( 'NONE',  ( -0.0000000000000000000, 0.0000000000000000000, -1.000000000000000000 ) ) ;
#1707 = CARTESIAN_POINT ( 'NONE',  ( -0.08832465277777910900, 0.02856381862225550900, 0.04947398511192853400 ) ) ;
#1708 = CARTESIAN_POINT ( 'NONE',  ( 0.08420138888888459300, -0.05600000000000020200, 0.03233161507461920100 ) ) ;
#1709 = VERTEX_POINT ( 'NONE', #3592 ) ;
#1710 = CARTESIAN_POINT ( 'NONE',  ( -0.1803001247419675800, 0.04853117788024118700, -0.02151063646661908700 ) ) ;
#1711 = CARTESIAN_POINT ( 'NONE',  ( -0.03472222222222517300, -0.02123417653293384000, 0.03677867261192822900 ) ) ;
#1712 = ADVANCED_FACE ( 'NONE', ( #1072 ), #745, .T. ) ;
#1713 = CARTESIAN_POINT ( 'NONE',  ( -0.1399739583333353400, -4.039210500559140100E-018, -0.06596531348257138300 ) ) ;
#1714 = EDGE_LOOP ( 'NONE', ( #2585, #669, #1058 ) ) ;
#1715 = CARTESIAN_POINT ( 'NONE',  ( -0.02756076388889119200, 0.05712763724451097600, 0.03298265674128567100 ) ) ;
#1716 = CARTESIAN_POINT ( 'NONE',  ( -0.008680555555558914400, -0.04246835306586774200, -0.02451911507461879800 ) ) ;
#1717 = CARTESIAN_POINT ( 'NONE',  ( -0.06705729166666983500, 1.211763150167741700E-017, 0.06596531348257138300 ) ) ;
#1718 = CARTESIAN_POINT ( 'NONE',  ( 0.03732638888888482200, -0.02123417653293386800, -0.03677867261192819400 ) ) ;
#1719 = VERTEX_POINT ( 'NONE', #1851 ) ;
#1720 = CARTESIAN_POINT ( 'NONE',  ( 0.09895833333332775000, -3.396921089575560800E-016, 0.05600000000000023000 ) ) ;
#1721 = CARTESIAN_POINT ( 'NONE',  ( 0.06336805555555104200, 0.04246835306586771400, -0.02451911507461881200 ) ) ;
#1722 = CARTESIAN_POINT ( 'NONE',  ( 0.1026475694444400300, -0.02856381862225543900, 0.04947398511192856900 ) ) ;
#1723 = LOCAL_TIME ( 11, 44, 35.00000000000000000, #358 ) ;
#1724 = AXIS2_PLACEMENT_3D ( 'NONE', #2749, #3141, #4534 ) ;
#1725 = CARTESIAN_POINT ( 'NONE',  ( 0.03993055555555089000, -0.05600000000000019500, 0.03233161507461918700 ) ) ;
#1726 = CARTESIAN_POINT ( 'NONE',  ( -0.03125000000000301100, -0.04246835306586774200, 0.0000000000000000000 ) ) ;
#1727 = VECTOR ( 'NONE', #182, 39.37007874015748900 ) ;
#1728 = CARTESIAN_POINT ( 'NONE',  ( -0.02582465277778011500, 0.02856381862225550900, 0.04947398511192853400 ) ) ;
#1729 = CARTESIAN_POINT ( 'NONE',  ( 0.01909722222221842500, 0.04246835306586772800, -0.02451911507461883000 ) ) ;
#1730 = CARTESIAN_POINT ( 'NONE',  ( -0.1276041666666675500, -6.862466847627395900E-017, 0.05600000000000021600 ) ) ;
#1731 = CARTESIAN_POINT ( 'NONE',  ( -0.1365017361111131600, 0.05712763724451095500, -0.03298265674128571200 ) ) ;
#1732 = CARTESIAN_POINT ( 'NONE',  ( -0.04600694444444718800, -0.02123417653293386800, -0.03677867261192819400 ) ) ;
#1733 = EDGE_CURVE ( 'NONE', #3272, #372, #4267, .T. ) ;
#1734 = FACE_OUTER_BOUND ( 'NONE', #837, .T. ) ;
#1735 = CYLINDRICAL_SURFACE ( 'NONE', #2204, 0.05600000000000013300 ) ;
#1736 = ADVANCED_FACE ( 'NONE', ( #3221 ), #2385, .T. ) ;
#1737 = CARTESIAN_POINT ( 'NONE',  ( 0.03732638888888482200, -0.02123417653293386800, -0.03677867261192819400 ) ) ;
#1738 = CARTESIAN_POINT ( 'NONE',  ( 0.1165364583333287400, 0.05712763724451096200, -6.996117809434148300E-018 ) ) ;
#1739 = LINE ( 'NONE', #2263, #2836 ) ;
#1740 = AXIS2_PLACEMENT_3D ( 'NONE', #2744, #3440, #1706 ) ;
#1741 = PLANE ( 'NONE',  #3201 ) ;
#1742 = CARTESIAN_POINT ( 'NONE',  ( -0.03819444444444732700, 0.02123417653293388800, 0.03677867261192820800 ) ) ;
#1743 = CARTESIAN_POINT ( 'NONE',  ( 0.04947916666666290300, -6.862466847627394900E-018, -0.05600000000000021600 ) ) ;
#1744 = ORIENTED_EDGE ( 'NONE', *, *, #200, .F. ) ;
#1745 = CARTESIAN_POINT ( 'NONE',  ( -0.04144965277777986500, -0.05712763724451094800, 0.03298265674128572600 ) ) ;
#1746 = CARTESIAN_POINT ( 'NONE',  ( 0.03298611111110709400, -0.04246835306586774200, -0.02451911507461879800 ) ) ;
#1747 = CARTESIAN_POINT ( 'NONE',  ( -0.1555989583333350900, 0.05712763724451096200, -6.996117809434148300E-018 ) ) ;
#1748 = CARTESIAN_POINT ( 'NONE',  ( -0.06163194444444693900, 0.04246835306586771400, -0.02451911507461881200 ) ) ;
#1749 = DIRECTION ( 'NONE',  ( 0.0000000000000000000, 0.0000000000000000000, -1.000000000000000000 ) ) ;
#1750 = CARTESIAN_POINT ( 'NONE',  ( 0.1710069444444382000, 0.04246835306586772800, 0.02451911507461878800 ) ) ;
#1751 = CARTESIAN_POINT ( 'NONE',  ( -0.1684027777777791200, -0.05600000000000019500, 0.03233161507461918700 ) ) ;
#1752 = CARTESIAN_POINT ( 'NONE',  ( 0.1182725694444398100, 0.05712763724451097600, 0.03298265674128567100 ) ) ;
#1753 = DIRECTION ( 'NONE',  ( 1.000000000000000000, -0.0000000000000000000, -0.0000000000000000000 ) ) ;
#1754 = CARTESIAN_POINT ( 'NONE',  ( -0.01041666666666999300, -0.04246835306586774200, 0.0000000000000000000 ) ) ;
#1755 = CARTESIAN_POINT ( 'NONE',  ( -0.03645833333333677700, -1.852866048859396600E-016, -0.05600000000000020900 ) ) ;
#1756 = CARTESIAN_POINT ( 'NONE',  ( -0.03385416666666960000, 9.008176738217257400E-018, 0.04903823014923759700 ) ) ;
#1757 = ADVANCED_FACE ( 'NONE', ( #2710 ), #1890, .T. ) ;
#1758 = EDGE_CURVE ( 'NONE', #2758, #2668, #149, .T. ) ;
#1759 = CARTESIAN_POINT ( 'NONE',  ( 0.01410590277777481300, 0.05712763724451097600, 0.03298265674128567100 ) ) ;
#1760 = CARTESIAN_POINT ( 'NONE',  ( 0.06770833333332874900, 9.008176738217262000E-018, 0.04903823014923761700 ) ) ;
#1761 = DIRECTION ( 'NONE',  ( 1.000000000000000000, -0.0000000000000000000, -0.0000000000000000000 ) ) ;
#1762 = CARTESIAN_POINT ( 'NONE',  ( -0.02365451388889275000, -0.02856381862225543900, 0.04947398511192856900 ) ) ;
#1763 = CARTESIAN_POINT ( 'NONE',  ( -0.06857638888889125400, -0.04246835306586772800, -0.02451911507461879500 ) ) ;
#1764 = ORIENTED_EDGE ( 'NONE', *, *, #3585, .T. ) ;
#1765 =( BOUNDED_CURVE ( )  B_SPLINE_CURVE ( 2, ( #1995, #3479, #2769, #4487, #290, #3755, #2736, #620, #2403 ),
 .UNSPECIFIED., .F., .F. ) 
 B_SPLINE_CURVE_WITH_KNOTS ( ( 3, 2, 2, 2, 3 ),
 ( 0.1527777777777777900, 0.1574074074074074100, 0.1666666666666666600, 0.1759259259259259300, 0.1805555555555555500 ),
 .UNSPECIFIED. ) 
 CURVE ( )  GEOMETRIC_REPRESENTATION_ITEM ( )  RATIONAL_B_SPLINE_CURVE ( ( 0.9330127018922194100, 0.9330127018922195200, 1.000000000000000000, 0.8660254037844387100, 1.000000000000000000, 0.8660254037844387100, 1.000000000000000000, 0.9330127018922194100, 0.9330127018922194100 ) ) 
 REPRESENTATION_ITEM ( '' )  );
#1766 = CARTESIAN_POINT ( 'NONE',  ( 0.007812499999996909600, -6.862466847627394900E-018, -0.05600000000000021600 ) ) ;
#1767 = CARTESIAN_POINT ( 'NONE',  ( -0.1475694444444455900, 0.04246835306586772800, -0.02451911507461882300 ) ) ;
#1768 = EDGE_LOOP ( 'NONE', ( #4216, #1895, #1548, #2535 ) ) ;
#1769 = CARTESIAN_POINT ( 'NONE',  ( 0.02799479166666348300, -4.039210500559140100E-018, -0.06596531348257138300 ) ) ;
#1770 = CARTESIAN_POINT ( 'NONE',  ( 0.1874999999999999700, -8.537024980200822600E-017, 0.0000000000000000000 ) ) ;
#1771 = CARTESIAN_POINT ( 'NONE',  ( -0.01562500000000326500, 9.008176738217260500E-018, 0.04903823014923761700 ) ) ;
#1772 = ORIENTED_EDGE ( 'NONE', *, *, #3056, .T. ) ;
#1773 = CARTESIAN_POINT ( 'NONE',  ( 0.08246527777777298800, 0.02123417653293385400, -0.03677867261192820100 ) ) ;
#1774 = ORIENTED_EDGE ( 'NONE', *, *, #985, .T. ) ;
#1775 = CARTESIAN_POINT ( 'NONE',  ( -0.06401909722222394500, -0.02856381862225543900, 0.04947398511192856900 ) ) ;
#1776 = CARTESIAN_POINT ( 'NONE',  ( 0.1044999999999999800, 0.04231520454467111600, -0.006622535384102900200 ) ) ;
#1777 = CARTESIAN_POINT ( 'NONE',  ( -0.03927951388889250300, -0.05712763724451096200, -0.03298265674128569200 ) ) ;
#1778 = CARTESIAN_POINT ( 'NONE',  ( 0.06684027777777323800, 0.04246835306586772800, 0.02451911507461879100 ) ) ;
#1779 = CARTESIAN_POINT ( 'NONE',  ( -0.1354166666666680200, -0.04246835306586774200, 0.0000000000000000000 ) ) ;
#1780 = CARTESIAN_POINT ( 'NONE',  ( 0.04188368055555215200, -0.05712763724451094800, 0.03298265674128572600 ) ) ;
#1781 = AXIS2_PLACEMENT_3D ( 'NONE', #2347, #221, #1930 ) ;
#1782 = EDGE_CURVE ( 'NONE', #433, #380, #46, .T. ) ;
#1783 = CARTESIAN_POINT ( 'NONE',  ( 0.05555555555555116000, -0.02123417653293387500, -0.03677867261192821500 ) ) ;
#1784 = CARTESIAN_POINT ( 'NONE',  ( -0.1787343088442801000, 7.760157573410282400E-013, -0.05434902448905359200 ) ) ;
#1785 = CARTESIAN_POINT ( 'NONE',  ( -0.01150173611111516200, 0.05712763724451095500, -0.03298265674128571200 ) ) ;
#1786 = LINE ( 'NONE', #2643, #2115 ) ;
#1787 = CARTESIAN_POINT ( 'NONE',  ( 0.04600694444444022200, 0.04246835306586772800, 0.02451911507461878800 ) ) ;
#1788 = LINE ( 'NONE', #510, #748 ) ;
#1789 = ORIENTED_EDGE ( 'NONE', *, *, #1141, .F. ) ;
#1790 = CARTESIAN_POINT ( 'NONE',  ( 0.02452256944444132200, -0.05712763724451096200, -0.03298265674128569200 ) ) ;
#1791 = ORIENTED_EDGE ( 'NONE', *, *, #1984, .T. ) ;
#1792 = CARTESIAN_POINT ( 'NONE',  ( 0.1044999999999999800, -0.04385166444420783600, 0.03524149872517017000 ) ) ;
#1793 = CARTESIAN_POINT ( 'NONE',  ( 0.1044999999999999400, -8.537024980200822600E-017, 0.0000000000000000000 ) ) ;
#1794 = CARTESIAN_POINT ( 'NONE',  ( -0.03059895833333706500, 0.05712763724451096200, -6.996117809434148300E-018 ) ) ;
#1795 = CARTESIAN_POINT ( 'NONE',  ( 0.09114583333332838800, 9.008176738217257400E-018, 0.04903823014923759700 ) ) ;
#1796 = EDGE_CURVE ( 'NONE', #3199, #3835, #1606, .T. ) ;
#1797 = CARTESIAN_POINT ( 'NONE',  ( 0.01649305555555233300, 0.02800000000000013200, 0.04849742261192874200 ) ) ;
#1798 = EDGE_LOOP ( 'NONE', ( #4326, #4250, #2302, #285 ) ) ;
#1799 = CARTESIAN_POINT ( 'NONE',  ( 0.1588541666666606600, -0.04246835306586772800, 0.0000000000000000000 ) ) ;
#1800 = CARTESIAN_POINT ( 'NONE',  ( 0.1616753472222168500, 0.02856381862225550900, 0.04947398511192853400 ) ) ;
#1801 = ORIENTED_EDGE ( 'NONE', *, *, #3178, .T. ) ;
#1802 = CARTESIAN_POINT ( 'NONE',  ( 0.1059982674332515400, -8.537024980200822600E-017, 0.0000000000000000000 ) ) ;
#1803 = CARTESIAN_POINT ( 'NONE',  ( 0.04687499999999576700, 9.008176738217260500E-018, 0.04903823014923761700 ) ) ;
#1804 = CARTESIAN_POINT ( 'NONE',  ( 0.1045000000000021100, -0.03340949336628953200, -0.04059013765711146800 ) ) ;
#1805 = CARTESIAN_POINT ( 'NONE',  ( 0.01280381944443998200, 0.05712763724451097600, 0.03298265674128567100 ) ) ;
#1806 = CARTESIAN_POINT ( 'NONE',  ( 0.01302083333332964600, -0.04246835306586772800, 0.0000000000000000000 ) ) ;
#1807 = ADVANCED_FACE ( 'NONE', ( #845 ), #3763, .T. ) ;
#1808 = CARTESIAN_POINT ( 'NONE',  ( 0.1234809027777730400, -0.02856381862225543900, 0.04947398511192856900 ) ) ;
#1809 = CARTESIAN_POINT ( 'NONE',  ( 0.09548611111110608100, -0.04246835306586774200, -0.02451911507461879800 ) ) ;
#1810 = CARTESIAN_POINT ( 'NONE',  ( 0.04231770833332840200, -0.05712763724451096200, 0.0000000000000000000 ) ) ;
#1811 = CARTESIAN_POINT ( 'NONE',  ( 0.08940972222221731100, 0.02123417653293388100, 0.03677867261192818700 ) ) ;
#1812 = ORIENTED_EDGE ( 'NONE', *, *, #1028, .T. ) ;
#1813 = CARTESIAN_POINT ( 'NONE',  ( 0.1519097222222163300, 0.02123417653293388100, 0.03677867261192818700 ) ) ;
#1814 = CARTESIAN_POINT ( 'NONE',  ( 0.1634114583333279600, 1.211763150167741700E-017, 0.06596531348257138300 ) ) ;
#1815 = CARTESIAN_POINT ( 'NONE',  ( -0.1345486111111124400, -0.04246835306586770700, 0.02451911507461881900 ) ) ;
#1816 = CARTESIAN_POINT ( 'NONE',  ( 0.09288194444443946500, -0.02123417653293383300, 0.03677867261192821500 ) ) ;
#1817 = CARTESIAN_POINT ( 'NONE',  ( -0.1156684027777801500, 0.05712763724451095500, -0.03298265674128571200 ) ) ;
#1818 = EDGE_CURVE ( 'NONE', #2722, #2428, #1786, .T. ) ;
#1819 = ORIENTED_EDGE ( 'NONE', *, *, #700, .T. ) ;
#1820 = CARTESIAN_POINT ( 'NONE',  ( 0.1286892361111062800, -0.05712763724451096200, -0.03298265674128569200 ) ) ;
#1822 =( BOUNDED_CURVE ( )  B_SPLINE_CURVE ( 2, ( #1692, #1342, #2763, #1708, #2377, #3782, #319, #1673, #3800 ),
 .UNSPECIFIED., .F., .F. ) 
 B_SPLINE_CURVE_WITH_KNOTS ( ( 3, 2, 2, 2, 3 ),
 ( 0.7638888888888889500, 0.7685185185185184900, 0.7777777777777777900, 0.7870370370370370900, 0.7916666666666666300 ),
 .UNSPECIFIED. ) 
 CURVE ( )  GEOMETRIC_REPRESENTATION_ITEM ( )  RATIONAL_B_SPLINE_CURVE ( ( 0.9330127018922193000, 0.9330127018922200800, 1.000000000000000000, 0.8660254037844387100, 1.000000000000000000, 0.8660254037844387100, 1.000000000000000000, 0.9330127018922200800, 0.9330127018922193000 ) ) 
 REPRESENTATION_ITEM ( '' )  );
#1821 = CARTESIAN_POINT ( 'NONE',  ( 0.08680555555555065400, 0.02123417653293388800, 0.03677867261192820800 ) ) ;
#1823 = CARTESIAN_POINT ( 'NONE',  ( -0.009765625000004081800, 0.05712763724451096200, -6.996117809434148300E-018 ) ) ;
#1824 = CARTESIAN_POINT ( 'NONE',  ( 0.09982638888888381600, -0.02123417653293386800, -0.03677867261192819400 ) ) ;
#1825 = EDGE_LOOP ( 'NONE', ( #2663, #159, #1764, #1688 ) ) ;
#1826 = CARTESIAN_POINT ( 'NONE',  ( 0.1030683421713607000, 0.04540587661204890900, -0.03486844400982386200 ) ) ;
#1827 = CARTESIAN_POINT ( 'NONE',  ( -0.06250000000000251200, 0.04246835306586774200, -5.200873264717461400E-018 ) ) ;
#1828 = CARTESIAN_POINT ( 'NONE',  ( 0.1044999999999999400, -0.01818384836347803500, -0.05460553392919194300 ) ) ;
#1829 = ORIENTED_EDGE ( 'NONE', *, *, #2666, .T. ) ;
#1830 = CARTESIAN_POINT ( 'NONE',  ( 0.1356336805555506700, 0.05712763724451095500, -0.03298265674128571200 ) ) ;
#1831 = CARTESIAN_POINT ( 'NONE',  ( -0.1710069444444451700, -0.02123417653293386800, -0.03677867261192819400 ) ) ;
#1832 = CARTESIAN_POINT ( 'NONE',  ( 0.03906249999999590600, -3.002725579405752700E-018, -0.04903823014923759700 ) ) ;
#1833 = CARTESIAN_POINT ( 'NONE',  ( 0.02625868055555240200, -0.02856381862225548800, -0.04947398511192854100 ) ) ;
#1834 = CARTESIAN_POINT ( 'NONE',  ( 0.06488715277777250300, -0.05712763724451096200, -0.03298265674128569200 ) ) ;
#1835 = CARTESIAN_POINT ( 'NONE',  ( 0.09787326388888308000, 0.02856381862225550900, 0.04947398511192853400 ) ) ;
#1836 = CARTESIAN_POINT ( 'NONE',  ( -0.06184895833333658300, -0.05712763724451096200, 0.0000000000000000000 ) ) ;
#1837 = CARTESIAN_POINT ( 'NONE',  ( -0.1223958333333343400, -0.05600000000000021600, 0.0000000000000000000 ) ) ;
#1838 = LINE ( 'NONE', #592, #685 ) ;
#1839 = CARTESIAN_POINT ( 'NONE',  ( 0.1030683421713643200, 0.03483781418630535500, 0.04542880419967992900 ) ) ;
#1840 = CARTESIAN_POINT ( 'NONE',  ( -0.07465277777778009400, -0.04246835306586772100, 0.02451911507461883300 ) ) ;
#1841 = VECTOR ( 'NONE', #3393, 39.37007874015748100 ) ;
#1842 = VECTOR ( 'NONE', #78, 39.37007874015748100 ) ;
#1843 = CARTESIAN_POINT ( 'NONE',  ( -0.1067708333333350900, -3.002725579405752700E-018, -0.04903823014923759700 ) ) ;
#1844 = EDGE_CURVE ( 'NONE', #128, #3249, #3759, .T. ) ;
#1845 = ORIENTED_EDGE ( 'NONE', *, *, #353, .F. ) ;
#1846 = CARTESIAN_POINT ( 'NONE',  ( 0.1258680555555500600, 0.04246835306586771400, -0.02451911507461881200 ) ) ;
#1847 = ORIENTED_EDGE ( 'NONE', *, *, #2141, .T. ) ;
#1848 = CARTESIAN_POINT ( 'NONE',  ( 0.07660590277777380700, 0.05712763724451097600, 0.03298265674128567100 ) ) ;
#1849 = CARTESIAN_POINT ( 'NONE',  ( 0.05967881944443926400, -0.02856381862225543900, 0.04947398511192856900 ) ) ;
#1850 = CARTESIAN_POINT ( 'NONE',  ( 0.1464843749999933900, -0.05712763724451096200, 0.0000000000000000000 ) ) ;
#1851 = CARTESIAN_POINT ( 'NONE',  ( -0.1874999999999999700, 0.03906087301972640400, 0.02349656308302553600 ) ) ;
#1852 = DIRECTION ( 'NONE',  ( 1.000000000000000000, -0.0000000000000000000, -0.0000000000000000000 ) ) ;
#1853 = ORIENTED_EDGE ( 'NONE', *, *, #3284, .F. ) ;
#1854 = CARTESIAN_POINT ( 'NONE',  ( 0.1874999999999999700, -8.537024980200822600E-017, 0.0000000000000000000 ) ) ;
#1855 = CARTESIAN_POINT ( 'NONE',  ( -0.03819444444444732700, 0.02123417653293388800, 0.03677867261192820800 ) ) ;
#1856 = CARTESIAN_POINT ( 'NONE',  ( 0.07465277777777255800, 0.05600000000000023000, 0.03233161507461914500 ) ) ;
#1857 = DIRECTION ( 'NONE',  ( 0.0000000000000000000, 0.0000000000000000000, -1.000000000000000000 ) ) ;
#1858 = CARTESIAN_POINT ( 'NONE',  ( 0.1588541666666606600, -0.04246835306586772800, 0.0000000000000000000 ) ) ;
#1859 = CARTESIAN_POINT ( 'NONE',  ( 0.1273871527777715200, -0.05712763724451096200, -0.03298265674128569200 ) ) ;
#1860 = CARTESIAN_POINT ( 'NONE',  ( 0.1516927083333266300, -4.039210500559140100E-018, -0.06596531348257138300 ) ) ;
#1861 = DIRECTION ( 'NONE',  ( 0.4999999999999979500, 0.0000000000000000000, -0.8660254037844397100 ) ) ;
#1862 = CARTESIAN_POINT ( 'NONE',  ( 0.1874999999999999700, -8.537024980200822600E-017, 0.0000000000000000000 ) ) ;
#1863 = CARTESIAN_POINT ( 'NONE',  ( -0.02777777777778085400, -0.02123417653293387500, -0.03677867261192821500 ) ) ;
#1864 = ORIENTED_EDGE ( 'NONE', *, *, #148, .T. ) ;
#1865 = CARTESIAN_POINT ( 'NONE',  ( 0.1044999999999995000, 0.05715937257351679700, -0.002937182111292319500 ) ) ;
#1866 = CARTESIAN_POINT ( 'NONE',  ( -0.1848958333333338400, 0.04246835306586772800, -5.200873264717459100E-018 ) ) ;
#1867 = ORIENTED_EDGE ( 'NONE', *, *, #4088, .F. ) ;
#1868 = CARTESIAN_POINT ( 'NONE',  ( 0.05273437499999491400, 0.05712763724451096200, -6.996117809434148300E-018 ) ) ;
#1869 = CARTESIAN_POINT ( 'NONE',  ( 0.1675347222222160500, 0.04246835306586771400, -0.02451911507461881200 ) ) ;
#1870 =( BOUNDED_CURVE ( )  B_SPLINE_CURVE ( 2, ( #1132, #792, #1174, #489, #3277, #820, #1893, #2216, #2898 ),
 .UNSPECIFIED., .F., .F. ) 
 B_SPLINE_CURVE_WITH_KNOTS ( ( 3, 2, 2, 2, 3 ),
 ( 0.3194444444444444800, 0.3240740740740740700, 0.3333333333333333100, 0.3425925925925926200, 0.3472222222222222100 ),
 .UNSPECIFIED. ) 
 CURVE ( )  GEOMETRIC_REPRESENTATION_ITEM ( )  RATIONAL_B_SPLINE_CURVE ( ( 0.9330127018922194100, 0.9330127018922197400, 1.000000000000000000, 0.8660254037844387100, 1.000000000000000000, 0.8660254037844387100, 1.000000000000000000, 0.9330127018922197400, 0.9330127018922194100 ) ) 
 REPRESENTATION_ITEM ( '' )  );
#1871 = CARTESIAN_POINT ( 'NONE',  ( 0.08680555555555015400, -0.02800000000000011500, -0.04849742261192874900 ) ) ;
#1872 = EDGE_CURVE ( 'NONE', #4387, #1653, #4137, .T. ) ;
#1873 = ORIENTED_EDGE ( 'NONE', *, *, #4327, .T. ) ;
#1874 = DIRECTION ( 'NONE',  ( 1.000000000000000000, -0.0000000000000000000, -0.0000000000000000000 ) ) ;
#1875 = CARTESIAN_POINT ( 'NONE',  ( 0.1291232638888825900, -0.02856381862225548800, -0.04947398511192854100 ) ) ;
#1876 = CARTESIAN_POINT ( 'NONE',  ( 0.1013454861111052300, -0.02856381862225543900, 0.04947398511192856900 ) ) ;
#1877 = CARTESIAN_POINT ( 'NONE',  ( 0.06423611111110605300, -0.05600000000000021600, -0.03233161507461916600 ) ) ;
#1878 = CARTESIAN_POINT ( 'NONE',  ( 0.1874999999999999700, -8.537024980200822600E-017, 0.0000000000000000000 ) ) ;
#1879 = CARTESIAN_POINT ( 'NONE',  ( 0.1324999999999999800, 0.02706329386826369200, 0.01562499999999997900 ) ) ;
#1880 = ORIENTED_EDGE ( 'NONE', *, *, #3614, .F. ) ;
#1881 = CALENDAR_DATE ( 2024, 21, 8 ) ;
#1882 = CARTESIAN_POINT ( 'NONE',  ( 0.06597222222221767200, 0.02123417653293388800, 0.03677867261192820800 ) ) ;
#1883 = CARTESIAN_POINT ( 'NONE',  ( 0.1044999999999999000, 0.05564709302014134200, -0.01338781798894062000 ) ) ;
#1884 = LINE ( 'NONE', #793, #3423 ) ;
#1885 = CARTESIAN_POINT ( 'NONE',  ( -0.05121527777778043400, -0.04246835306586770700, 0.02451911507461881900 ) ) ;
#1886 = CARTESIAN_POINT ( 'NONE',  ( 0.03884548611110624100, -0.02856381862225543900, 0.04947398511192856900 ) ) ;
#1887 = CARTESIAN_POINT ( 'NONE',  ( 0.08159722222221688100, -0.05600000000000019500, 0.03233161507461918700 ) ) ;
#1888 = VECTOR ( 'NONE', #3563, 39.37007874015748100 ) ;
#1889 = DIRECTION ( 'NONE',  ( 0.0000000000000000000, 1.000000000000000000, -2.365849761790803000E-016 ) ) ;
#1890 = CYLINDRICAL_SURFACE ( 'NONE', #3457, 0.05600000000000013300 ) ;
#1891 = CARTESIAN_POINT ( 'NONE',  ( 0.08919270833332768000, -4.039210500559140100E-018, -0.06596531348257138300 ) ) ;
#1892 = CARTESIAN_POINT ( 'NONE',  ( 0.1360677083333269300, 0.05712763724451096200, -6.996117809434148300E-018 ) ) ;
#1893 = CARTESIAN_POINT ( 'NONE',  ( -0.07725694444444616800, -0.02800000000000011500, -0.04849742261192874900 ) ) ;
#1894 = VECTOR ( 'NONE', #2301, 39.37007874015748100 ) ;
#1895 = ORIENTED_EDGE ( 'NONE', *, *, #3149, .T. ) ;
#1896 = DIRECTION ( 'NONE',  ( 0.0000000000000000000, 0.0000000000000000000, -1.000000000000000000 ) ) ;
#1897 = ORIENTED_EDGE ( 'NONE', *, *, #2281, .T. ) ;
#1898 = CARTESIAN_POINT ( 'NONE',  ( 0.03819444444444033300, 0.02123417653293386400, -0.03677867261192821500 ) ) ;
#1899 = CARTESIAN_POINT ( 'NONE',  ( 0.1044999999999999300, -0.05682611142190813200, 0.005861740168697128100 ) ) ;
#1900 = ORIENTED_EDGE ( 'NONE', *, *, #1081, .F. ) ;
#1901 = CARTESIAN_POINT ( 'NONE',  ( -0.02864583333333636100, -0.04246835306586772800, 0.0000000000000000000 ) ) ;
#1902 = EDGE_CURVE ( 'NONE', #260, #3329, #3729, .T. ) ;
#1903 = CARTESIAN_POINT ( 'NONE',  ( 0.1276041666666611600, 0.04246835306586772800, -5.200873264717459100E-018 ) ) ;
#1904 = CARTESIAN_POINT ( 'NONE',  ( 0.08333333333332797200, -0.05600000000000021600, 0.0000000000000000000 ) ) ;
#1905 = ORIENTED_EDGE ( 'NONE', *, *, #1872, .T. ) ;
#1906 = CARTESIAN_POINT ( 'NONE',  ( 0.1460503472222171600, -0.05712763724451094800, 0.03298265674128572600 ) ) ;
#1907 = CARTESIAN_POINT ( 'NONE',  ( -0.1883680555555560200, 0.02123417653293385400, -0.03677867261192820100 ) ) ;
#1908 = CARTESIAN_POINT ( 'NONE',  ( 0.1406249999999942000, -3.002725579405754300E-018, -0.04903823014923761700 ) ) ;
#1909 = CARTESIAN_POINT ( 'NONE',  ( -0.02256944444444758400, 0.04246835306586772800, -0.02451911507461882300 ) ) ;
#1910 = DIRECTION ( 'NONE',  ( 0.7071067811865411300, 0.0000000000000000000, -0.7071067811865537900 ) ) ;
#1911 = CARTESIAN_POINT ( 'NONE',  ( 0.08854166666666121700, -3.682857208226702500E-016, -0.05600000000000023000 ) ) ;
#1912 = CARTESIAN_POINT ( 'NONE',  ( -0.009548611111114420000, -0.04246835306586770700, 0.02451911507461881900 ) ) ;
#1913 = CARTESIAN_POINT ( 'NONE',  ( -0.1017795138888915200, -0.05712763724451096200, -0.03298265674128569200 ) ) ;
#1914 = CARTESIAN_POINT ( 'NONE',  ( 0.1324999999999999800, -0.01804219591217583500, -0.03124999999999999000 ) ) ;
#1915 = CARTESIAN_POINT ( 'NONE',  ( -0.1247829861111118700, -0.05712763724451094800, 0.03298265674128572600 ) ) ;
#1916 = CARTESIAN_POINT ( 'NONE',  ( 0.1668836805555501700, -0.05712763724451094800, 0.03298265674128572600 ) ) ;
#1917 = CARTESIAN_POINT ( 'NONE',  ( -0.1762152777777784300, -0.04246835306586770700, 0.02451911507461881900 ) ) ;
#1918 = CARTESIAN_POINT ( 'NONE',  ( -0.07905537914038858500, -0.01500515477614293400, -0.05600000000000021600 ) ) ;
#1919 = ORIENTED_EDGE ( 'NONE', *, *, #444, .T. ) ;
#1920 = CARTESIAN_POINT ( 'NONE',  ( 0.08333333333332849900, 0.04246835306586774200, -5.200873264717461400E-018 ) ) ;
#1921 = CARTESIAN_POINT ( 'NONE',  ( 0.02951388888888489500, -0.04246835306586772100, 0.02451911507461883300 ) ) ;
#1922 = EDGE_CURVE ( 'NONE', #3274, #4498, #3549, .T. ) ;
#1923 = ORIENTED_EDGE ( 'NONE', *, *, #331, .F. ) ;
#1924 = CARTESIAN_POINT ( 'NONE',  ( -0.1843116949001424300, -0.02273466505075311100, 0.04327708581069776600 ) ) ;
#1925 = B_SPLINE_CURVE_WITH_KNOTS ( 'NONE', 3,
 ( #2761, #1088, #1776, #1447, #3226, #1118 ),
 .UNSPECIFIED., .F., .F.,
 ( 4, 2, 4 ),
 ( 0.0000000000000000000, 0.0004264789348683334500, 0.0008529578697366669100 ),
 .UNSPECIFIED. ) ;
#1926 = CARTESIAN_POINT ( 'NONE',  ( -0.06336805555555800900, 0.02123417653293385400, -0.03677867261192820100 ) ) ;
#1927 = ORIENTED_EDGE ( 'NONE', *, *, #1782, .T. ) ;
#1928 = CARTESIAN_POINT ( 'NONE',  ( -0.1875000000000005000, 0.04246835306586773500, -0.01107469797533990100 ) ) ;
#1929 = CARTESIAN_POINT ( 'NONE',  ( -0.1195746527777786000, -0.02856381862225548800, -0.04947398511192854100 ) ) ;
#1930 = DIRECTION ( 'NONE',  ( 0.0000000000000000000, 0.0000000000000000000, -1.000000000000000000 ) ) ;
#1931 = CARTESIAN_POINT ( 'NONE',  ( -0.1796875000000005800, 9.008176738217257400E-018, 0.04903823014923759700 ) ) ;
#1932 = CARTESIAN_POINT ( 'NONE',  ( -0.08680555555555818900, -0.02800000000000006700, 0.04849742261192877700 ) ) ;
#1933 = CARTESIAN_POINT ( 'NONE',  ( -0.09988871247372158000, -0.01500515477614276600, -0.05600000000000030600 ) ) ;
#1934 = CARTESIAN_POINT ( 'NONE',  ( 0.05555555555555061900, 0.02800000000000013200, 0.04849742261192873500 ) ) ;
#1935 = CARTESIAN_POINT ( 'NONE',  ( 0.1319444444444388100, -0.02123417653293384000, 0.03677867261192822900 ) ) ;
#1936 = CARTESIAN_POINT ( 'NONE',  ( 0.08506944444443956300, 0.04246835306586775600, 0.02451911507461879100 ) ) ;
#1937 = LINE ( 'NONE', #672, #146 ) ;
#1938 = CARTESIAN_POINT ( 'NONE',  ( -0.07031250000000234500, -0.04246835306586772800, 0.0000000000000000000 ) ) ;
#1939 = FACE_OUTER_BOUND ( 'NONE', #1825, .T. ) ;
#1940 = CARTESIAN_POINT ( 'NONE',  ( -0.08962673611111392200, 0.02856381862225550900, 0.04947398511192853400 ) ) ;
#1941 = CARTESIAN_POINT ( 'NONE',  ( 0.03645833333332871400, 2.173114501748674800E-017, 0.05600000000000020900 ) ) ;
#1942 = FACE_OUTER_BOUND ( 'NONE', #30, .T. ) ;
#1943 = CARTESIAN_POINT ( 'NONE',  ( -0.1074218750000010300, 1.211763150167741700E-017, 0.06596531348257138300 ) ) ;
#1944 = CARTESIAN_POINT ( 'NONE',  ( 0.01469462085960992000, 0.01500515477614277600, 0.05600000000000030600 ) ) ;
#1945 = DIRECTION ( 'NONE',  ( 1.000000000000000000, -0.0000000000000000000, -0.0000000000000000000 ) ) ;
#1946 = VERTEX_POINT ( 'NONE', #195 ) ;
#1947 = CARTESIAN_POINT ( 'NONE',  ( -0.1293402777777791800, -0.02123417653293386800, -0.03677867261192819400 ) ) ;
#1948 = CARTESIAN_POINT ( 'NONE',  ( -0.1406250000000017800, -5.261224583181003300E-017, -0.05600000000000021600 ) ) ;
#1949 = FACE_OUTER_BOUND ( 'NONE', #2727, .T. ) ;
#1950 = AXIS2_PLACEMENT_3D ( 'NONE', #1411, #2783, #3495 ) ;
#1951 = CARTESIAN_POINT ( 'NONE',  ( 0.1861044312894212500, -0.01804219591217584200, -0.03124999999999998600 ) ) ;
#1952 =( BOUNDED_CURVE ( )  B_SPLINE_CURVE ( 2, ( #722, #710, #1041, #694, #4218, #3121, #4235, #2094, #4526 ),
 .UNSPECIFIED., .F., .F. ) 
 B_SPLINE_CURVE_WITH_KNOTS ( ( 3, 2, 2, 2, 3 ),
 ( 0.2361111111111111000, 0.2407407407407407300, 0.2500000000000000000, 0.2592592592592592400, 0.2638888888888889000 ),
 .UNSPECIFIED. ) 
 CURVE ( )  GEOMETRIC_REPRESENTATION_ITEM ( )  RATIONAL_B_SPLINE_CURVE ( ( 0.9330127018922194100, 0.9330127018922194100, 1.000000000000000000, 0.8660254037844387100, 1.000000000000000000, 0.8660254037844387100, 1.000000000000000000, 0.9330127018922194100, 0.9330127018922194100 ) ) 
 REPRESENTATION_ITEM ( '' )  );
#1953 = CARTESIAN_POINT ( 'NONE',  ( 0.1770833333333270100, -0.04246835306586774200, 0.0000000000000000000 ) ) ;
#1954 = ORIENTED_EDGE ( 'NONE', *, *, #3915, .F. ) ;
#1955 = CARTESIAN_POINT ( 'NONE',  ( -0.1111111111111128300, -0.02123417653293387500, -0.03677867261192821500 ) ) ;
#1956 = DIRECTION ( 'NONE',  ( 1.000000000000000000, -0.0000000000000000000, -0.0000000000000000000 ) ) ;
#1957 = CARTESIAN_POINT ( 'NONE',  ( 0.06510416666666266100, -0.05600000000000021600, 0.0000000000000000000 ) ) ;
#1958 = B_SPLINE_CURVE_WITH_KNOTS ( 'NONE', 3,
 ( #1198, #4018, #140, #165, #2609, #178, #4033, #457 ),
 .UNSPECIFIED., .F., .F.,
 ( 4, 2, 2, 4 ),
 ( 0.0000000000000000000, 0.0004992816138696927800, 0.0007489224208045390600, 0.0009985632277393857800 ),
 .UNSPECIFIED. ) ;
#1959 = CARTESIAN_POINT ( 'NONE',  ( 0.06857638888888431500, 0.02123417653293388100, 0.03677867261192818700 ) ) ;
#1960 = EDGE_CURVE ( 'NONE', #4533, #877, #3049, .T. ) ;
#1961 = CARTESIAN_POINT ( 'NONE',  ( -0.08094618055555850800, -0.05712763724451096200, -0.03298265674128569200 ) ) ;
#1962 = CARTESIAN_POINT ( 'NONE',  ( -0.1924913194444441100, 0.02856381862225550900, 0.04947398511192853400 ) ) ;
#1963 = CARTESIAN_POINT ( 'NONE',  ( -0.1831597222222227400, 0.04246835306586772800, 0.02451911507461878800 ) ) ;
#1964 = CARTESIAN_POINT ( 'NONE',  ( -0.02539062500000383000, 1.211763150167741700E-017, 0.06596531348257138300 ) ) ;
#1965 = CARTESIAN_POINT ( 'NONE',  ( 0.05468749999999618400, 0.05600000000000021600, -6.858022075225205100E-018 ) ) ;
#1966 = CARTESIAN_POINT ( 'NONE',  ( 0.1093749999999947500, 9.008176738217260500E-018, 0.04903823014923761700 ) ) ;
#1967 = CARTESIAN_POINT ( 'NONE',  ( -0.09027777777777983000, -0.02123417653293387500, -0.03677867261192821500 ) ) ;
#1968 = CARTESIAN_POINT ( 'NONE',  ( 0.09374999999999500400, -0.04246835306586774200, 0.0000000000000000000 ) ) ;
#1969 = CARTESIAN_POINT ( 'NONE',  ( -0.1501736111111121900, -0.02123417653293386800, -0.03677867261192819400 ) ) ;
#1970 = VERTEX_POINT ( 'NONE', #1201 ) ;
#1971 = DIRECTION ( 'NONE',  ( 0.0000000000000000000, -0.4999999999999995600, 0.8660254037844388200 ) ) ;
#1972 = CARTESIAN_POINT ( 'NONE',  ( -0.1786024305555554400, 0.02856381862225547100, -0.04947398511192854800 ) ) ;
#1973 = CARTESIAN_POINT ( 'NONE',  ( 0.01215277777777354400, 0.05600000000000023000, 0.03233161507461914500 ) ) ;
#1974 = ORIENTED_EDGE ( 'NONE', *, *, #899, .T. ) ;
#1975 = CARTESIAN_POINT ( 'NONE',  ( -0.09635416666666861400, 9.008176738217257400E-018, 0.04903823014923759700 ) ) ;
#1976 = CARTESIAN_POINT ( 'NONE',  ( -0.1284722222222236500, 0.02123417653293386400, -0.03677867261192821500 ) ) ;
#1977 = CARTESIAN_POINT ( 'NONE',  ( 0.002604166666663664100, -0.05600000000000021600, 0.0000000000000000000 ) ) ;
#1978 = CARTESIAN_POINT ( 'NONE',  ( 0.1833132938681205100, 1.416633130274416200E-014, 0.03125000000000002800 ) ) ;
#1979 = ORIENTED_EDGE ( 'NONE', *, *, #2404, .T. ) ;
#1980 = CARTESIAN_POINT ( 'NONE',  ( -0.1976996527777773200, 0.05712763724451095500, -0.03298265674128571200 ) ) ;
#1981 = CARTESIAN_POINT ( 'NONE',  ( -0.08506944444444658500, 0.04246835306586772800, -0.02451911507461883000 ) ) ;
#1982 = CARTESIAN_POINT ( 'NONE',  ( 0.1631944444444383100, 0.02123417653293386400, -0.03677867261192821500 ) ) ;
#1983 = CARTESIAN_POINT ( 'NONE',  ( -0.09982638888889076900, 0.04246835306586772800, 0.02451911507461879100 ) ) ;
#1984 = EDGE_CURVE ( 'NONE', #292, #3274, #3303, .T. ) ;
#1985 = ORIENTED_EDGE ( 'NONE', *, *, #1381, .F. ) ;
#1986 = CARTESIAN_POINT ( 'NONE',  ( 0.1861044312894212000, 0.03608439182435157300, 3.554012846768713000E-018 ) ) ;
#1987 = CARTESIAN_POINT ( 'NONE',  ( -0.03971354166666878100, -0.05712763724451096200, 0.0000000000000000000 ) ) ;
#1988 = AXIS2_PLACEMENT_3D ( 'NONE', #2375, #2394, #4108 ) ;
#1989 = LINE ( 'NONE', #891, #794 ) ;
#1990 = CARTESIAN_POINT ( 'NONE',  ( 0.1861044312893994100, -0.01804219591220774000, 0.03125000000000003500 ) ) ;
#1991 = CARTESIAN_POINT ( 'NONE',  ( -0.06336805555555800900, 0.02123417653293385400, -0.03677867261192820100 ) ) ;
#1992 = CARTESIAN_POINT ( 'NONE',  ( -0.08506944444444658500, 0.04246835306586772800, -0.02451911507461882300 ) ) ;
#1993 = CARTESIAN_POINT ( 'NONE',  ( 0.1861044312894212800, -0.03608439182435165000, 1.629632006889839800E-017 ) ) ;
#1994 = DATE_TIME_ROLE ( 'creation_date' ) ;
#1995 = CARTESIAN_POINT ( 'NONE',  ( -0.1484375000000005800, -6.862466847627395900E-017, 0.05600000000000021600 ) ) ;
#1996 = CONICAL_SURFACE ( 'NONE', #3801, 0.03850158773652737100, 1.047197551196600100 ) ;
#1997 = CARTESIAN_POINT ( 'NONE',  ( -0.09874131944444559900, -0.02856381862225548800, -0.04947398511192854100 ) ) ;
#1998 = CARTESIAN_POINT ( 'NONE',  ( -0.1718750000000007500, -3.002725579405754300E-018, -0.04903823014923761700 ) ) ;
#1999 = CARTESIAN_POINT ( 'NONE',  ( 0.09548611111110608100, -0.04246835306586774200, -0.02451911507461880500 ) ) ;
#2000 = CARTESIAN_POINT ( 'NONE',  ( -0.1276041666666681000, -3.002725579405752700E-018, -0.04903823014923759700 ) ) ;
#2001 = TOROIDAL_SURFACE ( 'NONE', #783, 0.06035617608700145900, 0.004356176087001332200 ) ;
#2002 = ORIENTED_EDGE ( 'NONE', *, *, #1471, .T. ) ;
#2003 = CARTESIAN_POINT ( 'NONE',  ( -0.04687500000000327500, 2.173114501748674800E-017, 0.05600000000000020900 ) ) ;
#2004 = CARTESIAN_POINT ( 'NONE',  ( -0.06749131944444609900, 0.02856381862225550900, 0.04947398511192853400 ) ) ;
#2005 = ORIENTED_EDGE ( 'NONE', *, *, #1605, .F. ) ;
#2006 = CARTESIAN_POINT ( 'NONE',  ( -0.04427083333333556300, -1.578367374954300700E-016, 0.05600000000000021600 ) ) ;
#2007 = CARTESIAN_POINT ( 'NONE',  ( 0.03211805555555207600, 0.05600000000000020900, -0.03233161507461918700 ) ) ;
#2008 = CARTESIAN_POINT ( 'NONE',  ( -0.05468750000000260200, 9.008176738217257400E-018, 0.04903823014923759700 ) ) ;
#2009 = CARTESIAN_POINT ( 'NONE',  ( -0.1267361111111126000, 0.04246835306586772800, -0.02451911507461882300 ) ) ;
#2010 = CARTESIAN_POINT ( 'NONE',  ( 0.1833171980456396700, -0.03014837359268087900, -0.01028148517190893000 ) ) ;
#2011 =( BOUNDED_CURVE ( )  B_SPLINE_CURVE ( 2, ( #2759, #1011, #31, #1421, #1073, #3151, #361, #3485, #2474 ),
 .UNSPECIFIED., .F., .F. ) 
 B_SPLINE_CURVE_WITH_KNOTS ( ( 3, 2, 2, 2, 3 ),
 ( 0.4861111111111111600, 0.4907407407407407000, 0.5000000000000000000, 0.5092592592592593000, 0.5138888888888888400 ),
 .UNSPECIFIED. ) 
 CURVE ( )  GEOMETRIC_REPRESENTATION_ITEM ( )  RATIONAL_B_SPLINE_CURVE ( ( 0.9330127018922193000, 0.9330127018922200800, 1.000000000000000000, 0.8660254037844387100, 1.000000000000000000, 0.8660254037844387100, 1.000000000000000000, 0.9330127018922209600, 0.9330127018922194100 ) ) 
 REPRESENTATION_ITEM ( '' )  );
#2012 = ORIENTED_EDGE ( 'NONE', *, *, #419, .F. ) ;
#2013 = AXIS2_PLACEMENT_3D ( 'NONE', #1110, #800, #1857 ) ;
#2014 = CARTESIAN_POINT ( 'NONE',  ( -0.1417100694444464200, -0.02856381862225548800, -0.04947398511192854100 ) ) ;
#2015 = EDGE_CURVE ( 'NONE', #2068, #372, #4227, .T. ) ;
#2016 = CARTESIAN_POINT ( 'NONE',  ( -0.09353298611111235400, 0.05712763724451095500, -0.03298265674128571200 ) ) ;
#2017 = CARTESIAN_POINT ( 'NONE',  ( -0.1406250000000012500, 9.008176738217262000E-018, 0.04903823014923761700 ) ) ;
#2018 = CARTESIAN_POINT ( 'NONE',  ( 0.1041666666666614800, 0.04246835306586774200, -5.200873264717461400E-018 ) ) ;
#2019 = CARTESIAN_POINT ( 'NONE',  ( -0.1241319444444459500, 0.04246835306586771400, -0.02451911507461881200 ) ) ;
#2020 = CARTESIAN_POINT ( 'NONE',  ( 0.1030683421715436200, -0.02996622566510237500, 0.04904660813374409800 ) ) ;
#2021 = EDGE_CURVE ( 'NONE', #1719, #3088, #4061, .T. ) ;
#2022 = CARTESIAN_POINT ( 'NONE',  ( -0.003255208333336014500, 1.211763150167741700E-017, 0.06596531348257138300 ) ) ;
#2023 = CARTESIAN_POINT ( 'NONE',  ( -0.1067708333333345900, 2.058740054288218200E-017, 0.05600000000000020900 ) ) ;
#2024 = CARTESIAN_POINT ( 'NONE',  ( 0.03645833333332871400, 2.173114501748674800E-017, 0.05600000000000020900 ) ) ;
#2025 = CARTESIAN_POINT ( 'NONE',  ( -0.03038194444444743800, -0.04246835306586770700, 0.02451911507461881900 ) ) ;
#2026 = CARTESIAN_POINT ( 'NONE',  ( -0.08333333333333550800, 0.04246835306586774200, -5.200873264717461400E-018 ) ) ;
#2027 = DIRECTION ( 'NONE',  ( -0.0000000000000000000, 0.0000000000000000000, -1.000000000000000000 ) ) ;
#2028 = CARTESIAN_POINT ( 'NONE',  ( -0.1959635416666662700, 0.05712763724451096200, -6.996117809434148300E-018 ) ) ;
#2029 = CARTESIAN_POINT ( 'NONE',  ( -0.02604166666666974200, -3.002725579405754300E-018, -0.04903823014923761700 ) ) ;
#2030 = CARTESIAN_POINT ( 'NONE',  ( 0.1324999999999999800, 0.01804219591217575900, -0.03125000000000000000 ) ) ;
#2031 = CARTESIAN_POINT ( 'NONE',  ( -0.1417100694444464200, -0.02856381862225548800, -0.04947398511192854100 ) ) ;
#2032 = CARTESIAN_POINT ( 'NONE',  ( -0.06684027777778019100, -0.02123417653293386800, -0.03677867261192819400 ) ) ;
#2033 = ORIENTED_EDGE ( 'NONE', *, *, #761, .F. ) ;
#2034 = CARTESIAN_POINT ( 'NONE',  ( -0.1792785836367034600, -0.01333281851596908000, -0.05254972858983651000 ) ) ;
#2035 = CARTESIAN_POINT ( 'NONE',  ( 0.08246527777777298800, 0.02123417653293385400, -0.03677867261192820100 ) ) ;
#2036 = CLOSED_SHELL ( 'NONE', ( #2864, #1443, #4277, #411, #2170, #1736, #4236, #1712, #4120, #2768, #4516, #1693, #3840, #3100, #723, #3488, #1807, #3861, #3887, #704, #3142, #1423, #3559, #2521, #1374, #314, #2815, #4209, #3934, #3741, #678, #1757, #2450, #4536, #338, #747, #1042, #1025, #2074, #3512, #3192, #2422, #2498, #950, #1466, #3123, #22, #4564, #1395, #2095, #363, #2793, #1067, #248, #4190, #588, #3169, #1114, #3792, #1019, #3911, #769, #4187, #2355 ) ) ;
#2037 = CARTESIAN_POINT ( 'NONE',  ( -0.07812500000000277600, -1.852866048859396600E-016, -0.05600000000000020900 ) ) ;
#2038 = CARTESIAN_POINT ( 'NONE',  ( -0.03276909722222443000, 0.02856381862225547100, -0.04947398511192854800 ) ) ;
#2039 = CARTESIAN_POINT ( 'NONE',  ( -0.09635416666666807300, -1.852866048859396600E-016, -0.05600000000000020900 ) ) ;
#2040 = CARTESIAN_POINT ( 'NONE',  ( 0.1044999999999999400, -0.05017539864845189900, -0.02820115535641308500 ) ) ;
#2041 = CARTESIAN_POINT ( 'NONE',  ( -0.06770833333333574300, -3.002725579405754300E-018, -0.04903823014923761700 ) ) ;
#2042 = ORIENTED_EDGE ( 'NONE', *, *, #3973, .T. ) ;
#2043 = CARTESIAN_POINT ( 'NONE',  ( -0.001673787526283738100, -0.01500515477614307300, 0.05600000000000013300 ) ) ;
#2044 = APPLICATION_CONTEXT ( 'configuration controlled 3d designs of mechanical parts and assemblies' ) ;
#2045 = CARTESIAN_POINT ( 'NONE',  ( -0.1833767361111124100, -0.02856381862225548800, -0.04947398511192854100 ) ) ;
#2046 = CARTESIAN_POINT ( 'NONE',  ( -0.1456163194444448600, -0.05712763724451094800, 0.03298265674128572600 ) ) ;
#2047 = CARTESIAN_POINT ( 'NONE',  ( -0.06076388888889141400, 0.04246835306586774900, 0.02451911507461879500 ) ) ;
#2048 = CARTESIAN_POINT ( 'NONE',  ( -0.1874999999999999700, -8.537024980200822600E-017, 0.0000000000000000000 ) ) ;
#2049 = CARTESIAN_POINT ( 'NONE',  ( -0.07921006944444740300, -0.02856381862225548800, -0.04947398511192854100 ) ) ;
#2050 = CARTESIAN_POINT ( 'NONE',  ( -0.01475694444444769100, 0.02123417653293388100, 0.03677867261192818700 ) ) ;
#2051 = EDGE_CURVE ( 'NONE', #2692, #2846, #2093, .T. ) ;
#2052 = DIRECTION ( 'NONE',  ( 0.0000000000000000000, 0.0000000000000000000, -1.000000000000000000 ) ) ;
#2053 = LINE ( 'NONE', #2030, #1560 ) ;
#2054 = CARTESIAN_POINT ( 'NONE',  ( 0.03385416666666263300, -0.04246835306586772800, 0.0000000000000000000 ) ) ;
#2055 = CARTESIAN_POINT ( 'NONE',  ( 0.1874999999999999700, -8.537024980200822600E-017, 0.0000000000000000000 ) ) ;
#2056 = CARTESIAN_POINT ( 'NONE',  ( -0.08138020833333477200, -0.05712763724451096200, 0.0000000000000000000 ) ) ;
#2057 = VECTOR ( 'NONE', #1874, 39.37007874015748100 ) ;
#2058 = CARTESIAN_POINT ( 'NONE',  ( -3.517254291842739000E-015, 0.04246835306586774200, -5.200873264717461400E-018 ) ) ;
#2059 = CARTESIAN_POINT ( 'NONE',  ( 0.1844116989830165100, -0.01217839919556379900, -0.03124999999999999000 ) ) ;
#2060 = VECTOR ( 'NONE', #597, 39.37007874015748100 ) ;
#2061 = CARTESIAN_POINT ( 'NONE',  ( -0.1330295138888910000, 0.05712763724451097600, 0.03298265674128567100 ) ) ;
#2062 = EDGE_LOOP ( 'NONE', ( #2580, #4563, #1451, #2541 ) ) ;
#2063 = CARTESIAN_POINT ( 'NONE',  ( -0.05013020833333525800, 0.05712763724451096200, -6.996117809434148300E-018 ) ) ;
#2064 = CONICAL_SURFACE ( 'NONE', #2697, 0.1275000000000000900, 0.7155849933176828800 ) ;
#2065 = CARTESIAN_POINT ( 'NONE',  ( -0.01388888888889218600, -0.02123417653293384000, 0.03677867261192822900 ) ) ;
#2066 = CARTESIAN_POINT ( 'NONE',  ( -0.08615451388889174000, -0.02856381862225543900, 0.04947398511192856900 ) ) ;
#2067 = CARTESIAN_POINT ( 'NONE',  ( -0.02170138888889200700, 0.02123417653293385400, -0.03677867261192820100 ) ) ;
#2068 = VERTEX_POINT ( 'NONE', #3770 ) ;
#2069 = CARTESIAN_POINT ( 'NONE',  ( 0.09461805555555055600, -0.04246835306586770700, 0.02451911507461881900 ) ) ;
#2070 = CARTESIAN_POINT ( 'NONE',  ( 0.09982638888888434300, 0.02800000000000013200, 0.04849742261192874200 ) ) ;
#2071 = CARTESIAN_POINT ( 'NONE',  ( 0.05230034722221862200, 0.05712763724451095500, -0.03298265674128571200 ) ) ;
#2072 = CARTESIAN_POINT ( 'NONE',  ( 0.04687499999999522600, -6.862466847627394900E-018, -0.05600000000000021600 ) ) ;
#2073 = CARTESIAN_POINT ( 'NONE',  ( -0.01388888888889218600, -0.02123417653293384000, 0.03677867261192822900 ) ) ;
#2074 = ADVANCED_FACE ( 'NONE', ( #428 ), #691, .F. ) ;
#2075 = EDGE_CURVE ( 'NONE', #3329, #177, #3108, .T. ) ;
#2076 = CARTESIAN_POINT ( 'NONE',  ( -0.02408854166666903400, 1.211763150167741700E-017, 0.06596531348257138300 ) ) ;
#2077 = CARTESIAN_POINT ( 'NONE',  ( -0.04687500000000276200, -3.002725579405754300E-018, -0.04903823014923761700 ) ) ;
#2078 = CARTESIAN_POINT ( 'NONE',  ( -0.09542378752628226400, 0.01500515477614283700, -0.05600000000000027200 ) ) ;
#2079 = CARTESIAN_POINT ( 'NONE',  ( -0.1312934027777799000, 0.02856381862225550900, 0.04947398511192853400 ) ) ;
#2080 = CARTESIAN_POINT ( 'NONE',  ( -0.02343750000000308800, -3.002725579405752700E-018, -0.04903823014923759700 ) ) ;
#2081 = CARTESIAN_POINT ( 'NONE',  ( 0.1536458333333274000, 9.008176738217257400E-018, 0.04903823014923759700 ) ) ;
#2082 = CARTESIAN_POINT ( 'NONE',  ( 0.07486979166666273000, 0.05712763724451096200, -6.996117809434148300E-018 ) ) ;
#2083 = VERTEX_POINT ( 'NONE', #1646 ) ;
#2084 = CARTESIAN_POINT ( 'NONE',  ( -0.05034722222222492300, -0.04246835306586774200, -0.02451911507461880500 ) ) ;
#2085 = CARTESIAN_POINT ( 'NONE',  ( -0.1311387124737210800, 0.01500515477614294700, 0.05600000000000020900 ) ) ;
#2086 = EDGE_LOOP ( 'NONE', ( #1744, #935, #3023, #3025 ) ) ;
#2087 = CARTESIAN_POINT ( 'NONE',  ( -0.01540798611111360300, -0.02856381862225548800, -0.04947398511192854100 ) ) ;
#2088 = CARTESIAN_POINT ( 'NONE',  ( -0.03645833333333625000, 9.008176738217262000E-018, 0.04903823014923761700 ) ) ;
#2089 = CARTESIAN_POINT ( 'NONE',  ( 0.1044999999999999000, -0.05040310415281742300, 0.02689040774887345800 ) ) ;
#2090 = CARTESIAN_POINT ( 'NONE',  ( -0.1260850694444466700, -0.05712763724451094800, 0.03298265674128572600 ) ) ;
#2091 = CARTESIAN_POINT ( 'NONE',  ( 0.02343749999999615600, 0.04246835306586772800, -5.200873264717459100E-018 ) ) ;
#2092 = VERTEX_POINT ( 'NONE', #4467 ) ;
#2093 =( BOUNDED_CURVE ( )  B_SPLINE_CURVE ( 2, ( #3381, #4129, #591, #3736, #3411, #1312, #4453, #1633, #618 ),
 .UNSPECIFIED., .F., .F. ) 
 B_SPLINE_CURVE_WITH_KNOTS ( ( 3, 2, 2, 2, 3 ),
 ( 0.8194444444444444200, 0.8240740740740740700, 0.8333333333333333700, 0.8425925925925925600, 0.8472222222222222100 ),
 .UNSPECIFIED. ) 
 CURVE ( )  GEOMETRIC_REPRESENTATION_ITEM ( )  RATIONAL_B_SPLINE_CURVE ( ( 0.9330127018922193000, 0.9330127018922185200, 1.000000000000000000, 0.8660254037844387100, 1.000000000000000000, 0.8660254037844387100, 1.000000000000000000, 0.9330127018922194100, 0.9330127018922194100 ) ) 
 REPRESENTATION_ITEM ( '' )  );
#2094 = CARTESIAN_POINT ( 'NONE',  ( -0.1077012124737204300, 0.01500515477614294700, 0.05600000000000020900 ) ) ;
#2095 = ADVANCED_FACE ( 'NONE', ( #961 ), #4145, .T. ) ;
#2096 = CARTESIAN_POINT ( 'NONE',  ( 0.1345486111111054700, -0.02123417653293383300, 0.03677867261192821500 ) ) ;
#2097 = CARTESIAN_POINT ( 'NONE',  ( 0.09998093957225216700, 0.02550740657864385100, 0.04993652209472907600 ) ) ;
#2098 = ORIENTED_EDGE ( 'NONE', *, *, #3430, .T. ) ;
#2099 = CARTESIAN_POINT ( 'NONE',  ( 0.09396701388888463500, 0.05712763724451095500, -0.03298265674128571200 ) ) ;
#2100 = APPROVAL_DATE_TIME ( #189, #3626 ) ;
#2101 = UNCERTAINTY_MEASURE_WITH_UNIT (LENGTH_MEASURE( 1.000000000000000100E-005 ), #2400, 'distance_accuracy_value', 'NONE');
#2102 = CARTESIAN_POINT ( 'NONE',  ( -0.1605902777777781500, -0.02800000000000011500, -0.04849742261192874900 ) ) ;
#2103 = EDGE_CURVE ( 'NONE', #2645, #784, #170, .T. ) ;
#2104 = CARTESIAN_POINT ( 'NONE',  ( 0.03298611111110709400, -0.04246835306586774200, -0.02451911507461880500 ) ) ;
#2105 = CARTESIAN_POINT ( 'NONE',  ( -0.09722222222222468000, 0.02800000000000009800, -0.04849742261192875600 ) ) ;
#2106 = CARTESIAN_POINT ( 'NONE',  ( 0.002387152777773507900, -0.05712763724451096200, -0.03298265674128569200 ) ) ;
#2107 = CARTESIAN_POINT ( 'NONE',  ( -0.09461805555555750900, -0.02123417653293383300, 0.03677867261192821500 ) ) ;
#2108 = LINE ( 'NONE', #3002, #1727 ) ;
#2109 = CARTESIAN_POINT ( 'NONE',  ( -0.07617187500000151300, -4.039210500559140100E-018, -0.06596531348257138300 ) ) ;
#2110 = CARTESIAN_POINT ( 'NONE',  ( 0.05034722222221792200, -0.04246835306586772800, 0.02451911507461883300 ) ) ;
#2111 = CARTESIAN_POINT ( 'NONE',  ( 0.01453993055555109800, 0.02856381862225550900, 0.04947398511192853400 ) ) ;
#2112 = CARTESIAN_POINT ( 'NONE',  ( 0.07378472222221754700, -0.04246835306586770700, 0.02451911507461881600 ) ) ;
#2113 = EDGE_CURVE ( 'NONE', #1660, #2758, #4492, .T. ) ;
#2114 = CIRCLE ( 'NONE', #384, 0.04558333333333353800 ) ;
#2115 = VECTOR ( 'NONE', #4372, 39.37007874015748900 ) ;
#2116 = DIRECTION ( 'NONE',  ( 0.0000000000000000000, 0.0000000000000000000, -1.000000000000000000 ) ) ;
#2117 = CARTESIAN_POINT ( 'NONE',  ( -0.1909722222222226800, 0.02123417653293386400, -0.03677867261192821500 ) ) ;
#2118 = ORIENTED_EDGE ( 'NONE', *, *, #2103, .T. ) ;
#2119 = CARTESIAN_POINT ( 'NONE',  ( 0.04014756944444106800, -0.02856381862225543900, 0.04947398511192856900 ) ) ;
#2120 = CARTESIAN_POINT ( 'NONE',  ( 0.1324999999999999800, 0.0000000000000000000, 0.0000000000000000000 ) ) ;
#2121 = CARTESIAN_POINT ( 'NONE',  ( 0.001736111111107562000, 0.04246835306586775600, 0.02451911507461879100 ) ) ;
#2122 = CARTESIAN_POINT ( 'NONE',  ( -0.08947204580705513100, 0.01500515477614328100, 0.05600000000000002900 ) ) ;
#2123 = CARTESIAN_POINT ( 'NONE',  ( -0.01323784722222624000, 0.02856381862225547100, -0.04947398511192854800 ) ) ;
#2124 = CARTESIAN_POINT ( 'NONE',  ( 0.09809027777777273900, -0.04246835306586772100, -0.02451911507461879100 ) ) ;
#2125 = ORIENTED_EDGE ( 'NONE', *, *, #173, .F. ) ;
#2126 = CARTESIAN_POINT ( 'NONE',  ( -0.05533854166666853100, -4.039210500559140100E-018, -0.06596531348257138300 ) ) ;
#2127 = CARTESIAN_POINT ( 'NONE',  ( 0.08159722222221743600, 0.04246835306586772800, -0.02451911507461883000 ) ) ;
#2128 = DIRECTION ( 'NONE',  ( 0.0000000000000000000, 0.0000000000000000000, -1.000000000000000000 ) ) ;
#2129 = CARTESIAN_POINT ( 'NONE',  ( 0.01801215277777325600, -0.02856381862225543900, 0.04947398511192856900 ) ) ;
#2130 = CARTESIAN_POINT ( 'NONE',  ( 0.03906249999999590600, -3.002725579405752700E-018, -0.04903823014923759700 ) ) ;
#2131 = ORIENTED_EDGE ( 'NONE', *, *, #3888, .F. ) ;
#2132 = CARTESIAN_POINT ( 'NONE',  ( 0.1030683421713607400, 0.04992800529290623200, 0.02875461495687359600 ) ) ;
#2133 = CARTESIAN_POINT ( 'NONE',  ( -0.1927083333333337600, -3.002725579405754300E-018, -0.04903823014923761700 ) ) ;
#2134 = CARTESIAN_POINT ( 'NONE',  ( 0.03320312499999671800, 0.05712763724451096200, -6.996117809434148300E-018 ) ) ;
#2135 = DIMENSIONAL_EXPONENTS ( 1.000000000000000000, 0.0000000000000000000, 0.0000000000000000000, 0.0000000000000000000, 0.0000000000000000000, 0.0000000000000000000, 0.0000000000000000000 ) ;
#2136 = DIRECTION ( 'NONE',  ( 0.0000000000000000000, 0.0000000000000000000, -1.000000000000000000 ) ) ;
#2137 = CARTESIAN_POINT ( 'NONE',  ( 0.06597222222221767200, 0.02123417653293388800, 0.03677867261192820800 ) ) ;
#2138 = CARTESIAN_POINT ( 'NONE',  ( -0.04513888888889219100, -0.02800000000000006700, 0.04849742261192877700 ) ) ;
#2139 = CARTESIAN_POINT ( 'NONE',  ( -0.01497395833333731900, -4.039210500559140100E-018, -0.06596531348257138300 ) ) ;
#2140 = CARTESIAN_POINT ( 'NONE',  ( 0.05989583333332888800, -3.002725579405752700E-018, -0.04903823014923759700 ) ) ;
#2141 = EDGE_CURVE ( 'NONE', #2846, #4470, #472, .T. ) ;
#2142 = CARTESIAN_POINT ( 'NONE',  ( 0.1026475694444400300, -0.02856381862225543900, 0.04947398511192856900 ) ) ;
#2143 = CARTESIAN_POINT ( 'NONE',  ( 0.1045000000000003100, -0.0002488047939163332700, 0.05121883276986569800 ) ) ;
#2144 = CARTESIAN_POINT ( 'NONE',  ( -0.03385416666666909300, -1.852866048859396600E-016, -0.05600000000000020900 ) ) ;
#2145 = CARTESIAN_POINT ( 'NONE',  ( 0.01280381944443998200, 0.05712763724451097600, 0.03298265674128567100 ) ) ;
#2146 = CARTESIAN_POINT ( 'NONE',  ( 0.06336805555555104200, 0.04246835306586771400, -0.02451911507461881200 ) ) ;
#2147 = AXIS2_PLACEMENT_3D ( 'NONE', #4408, #2294, #3565 ) ;
#2148 = CARTESIAN_POINT ( 'NONE',  ( -0.1440972222222234000, 0.04246835306586775600, 0.02451911507461879100 ) ) ;
#2149 = ORIENTED_EDGE ( 'NONE', *, *, #2933, .T. ) ;
#2150 = CARTESIAN_POINT ( 'NONE',  ( -0.1851128472222234900, -0.05712763724451096200, -0.03298265674128569200 ) ) ;
#2151 = CARTESIAN_POINT ( 'NONE',  ( 0.1324999999999999800, 0.03608439182435157300, 0.0000000000000000000 ) ) ;
#2152 = VERTEX_POINT ( 'NONE', #4179 ) ;
#2153 = CARTESIAN_POINT ( 'NONE',  ( 0.02148437499999541300, -0.05712763724451096200, 0.0000000000000000000 ) ) ;
#2154 = CARTESIAN_POINT ( 'NONE',  ( 0.06510416666666216100, 0.04246835306586772800, -5.200873264717459100E-018 ) ) ;
#2155 = VERTEX_POINT ( 'NONE', #3884 ) ;
#2156 = CARTESIAN_POINT ( 'NONE',  ( 0.1252170138888841500, -0.05712763724451094800, 0.03298265674128572600 ) ) ;
#2158 =( BOUNDED_CURVE ( )  B_SPLINE_CURVE ( 2, ( #3864, #316, #1282, #4104, #594, #2341, #3709, #3387, #3739, #1998, #3051, #2705, #1266, #1302, #4133, #4489, #245, #2675, #1651, #4456, #2353, #607, #3757, #1251, #957, #4472, #4071, #2017, #2368, #264, #1603, #3368, #4119, #3067, #3415, #3400, #279, #2688, #915, #1317, #3081, #3776, #2723, #3724, #1955, #622, #4424, #1664, #2305, #3018, #214, #1621, #2660, #4091, #3350, #943, #1967, #565, #1637, #1981, #4442, #927, #2322, #228, #579, #3034, #1037, #2801, #3463, #4197, #2771, #1369, #706, #2047, #1398, #294, #671, #4166, #3132, #1333, #3117, #2077, #2387, #4558, #7, #4150, #2738, #2088, #987, #3826, #3481, #356, #2454, #2029, #1006, #4182, #1023, #3500, #973, #2432, #2065, #4540, #4212, #1716, #3145, #3432, #4506, #1383, #640, #3098, #3451, #1351, #1699, #3790, #2787, #340, #3842, #3809, #4522, #1729, #2416, #327, #1683, #2406, #310, #687, #3855, #1746, #2754, #656, #26, #1052, #3562, #421, #2157, #1102, #3937, #2110, #74, #391, #2470, #2483, #1460, #4258, #2516, #717, #4245, #1760, #735, #375, #1476, #2867, #3163, #3544, #2818, #2127, #3514, #3194, #1821, #765, #3921, #59, #3181, #1809, #2882, #41, #1069, #1416, #1433, #4271, #3907 ),
 .UNSPECIFIED., .F., .F. ) 
 B_SPLINE_CURVE_WITH_KNOTS ( ( 3, 2, 2, 2, 2, 2, 2, 2, 2, 2, 2, 2, 2, 2, 2, 2, 2, 2, 2, 2, 2, 2, 2, 2, 2, 2, 2, 2, 2, 2, 2, 2, 2, 2, 2, 2, 2, 2, 2, 2, 2, 2, 2, 2, 2, 2, 2, 2, 2, 2, 2, 2, 2, 2, 2, 2, 2, 2, 2, 2, 2, 2, 2, 2, 2, 2, 2, 2, 2, 2, 2, 2, 2, 2, 2, 2, 2, 2, 2, 2, 2, 2, 2, 2, 2, 3 ),
 ( 0.02777777777777780700, 0.03703703703703706300, 0.04629629629629632100, 0.05555555555555558000, 0.06481481481481483900, 0.07407407407407411200, 0.08333333333333335600, 0.09259259259259261500, 0.1018518518518518700, 0.1111111111111111300, 0.1203703703703704100, 0.1296296296296296500, 0.1388888888888889200, 0.1481481481481481700, 0.1574074074074074700, 0.1666666666666667100, 0.1759259259259259600, 0.1851851851851852000, 0.1944444444444445000, 0.2037037037037037500, 0.2129629629629630200, 0.2222222222222222400, 0.2314814814814815400, 0.2407407407407407800, 0.2500000000000000000, 0.2592592592592592400, 0.2685185185185185500, 0.2777777777777777900, 0.2870370370370370300, 0.2962962962962962800, 0.3055555555555555800, 0.3148148148148148300, 0.3240740740740740700, 0.3333333333333333100, 0.3425925925925926200, 0.3518518518518518000, 0.3611111111111111000, 0.3703703703703703500, 0.3796296296296296500, 0.3888888888888889000, 0.3981481481481482000, 0.4074074074074073800, 0.4166666666666666900, 0.4259259259259259300, 0.4351851851851851700, 0.4444444444444444200, 0.4537037037037037200, 0.4629629629629629700, 0.4722222222222221500, 0.4814814814814814500, 0.4907407407407408100, 0.5000000000000000000, 0.5092592592592593000, 0.5185185185185186000, 0.5277777777777777900, 0.5370370370370370900, 0.5462962962962962800, 0.5555555555555555800, 0.5648148148148147700, 0.5740740740740740700, 0.5833333333333333700, 0.5925925925925925600, 0.6018518518518518600, 0.6111111111111111600, 0.6203703703703703500, 0.6296296296296296500, 0.6388888888888888400, 0.6481481481481481400, 0.6574074074074074400, 0.6666666666666666300, 0.6759259259259258200, 0.6851851851851852300, 0.6944444444444444200, 0.7037037037037037200, 0.7129629629629629100, 0.7222222222222221000, 0.7314814814814815100, 0.7407407407407407000, 0.7500000000000000000, 0.7592592592592594100, 0.7685185185185186000, 0.7777777777777777900, 0.7870370370370370900, 0.7962962962962962800, 0.8055555555555555800, 0.8065396520882677200 ),
 .UNSPECIFIED. ) 
 CURVE ( )  GEOMETRIC_REPRESENTATION_ITEM ( )  RATIONAL_B_SPLINE_CURVE ( ( 0.9999999999999995600, 0.8660254037844391500, 1.000000000000000000, 0.8660254037844387100, 1.000000000000000000, 0.8660254037844387100, 1.000000000000000000, 0.8660254037844387100, 1.000000000000000000, 0.8660254037844387100, 1.000000000000000000, 0.8660254037844387100, 1.000000000000000000, 0.8660254037844387100, 1.000000000000000000, 0.8660254037844387100, 1.000000000000000000, 0.8660254037844387100, 1.000000000000000000, 0.8660254037844387100, 1.000000000000000000, 0.8660254037844387100, 1.000000000000000000, 0.8660254037844387100, 1.000000000000000000, 0.8660254037844387100, 1.000000000000000000, 0.8660254037844387100, 1.000000000000000000, 0.8660254037844387100, 1.000000000000000000, 0.8660254037844387100, 1.000000000000000000, 0.8660254037844387100, 1.000000000000000000, 0.8660254037844387100, 1.000000000000000000, 0.8660254037844387100, 1.000000000000000000, 0.8660254037844387100, 1.000000000000000000, 0.8660254037844387100, 1.000000000000000000, 0.8660254037844387100, 1.000000000000000000, 0.8660254037844387100, 1.000000000000000000, 0.8660254037844387100, 1.000000000000000000, 0.8660254037844387100, 1.000000000000000000, 0.8660254037844387100, 1.000000000000000000, 0.8660254037844387100, 1.000000000000000000, 0.8660254037844387100, 1.000000000000000000, 0.8660254037844387100, 1.000000000000000000, 0.8660254037844387100, 1.000000000000000000, 0.8660254037844387100, 1.000000000000000000, 0.8660254037844387100, 1.000000000000000000, 0.8660254037844387100, 1.000000000000000000, 0.8660254037844387100, 1.000000000000000000, 0.8660254037844387100, 1.000000000000000000, 0.8660254037844387100, 1.000000000000000000, 0.8660254037844387100, 1.000000000000000000, 0.8660254037844387100, 1.000000000000000000, 0.8660254037844387100, 1.000000000000000000, 0.8660254037844387100, 1.000000000000000000, 0.8660254037844387100, 1.000000000000000000, 0.8660254037844387100, 1.000000000000000000, 0.8660254037844387100, 1.000000000000000000, 0.8660254037844387100, 1.000000000000000000, 0.8660254037844387100, 1.000000000000000000, 0.8660254037844387100, 1.000000000000000000, 0.8660254037844387100, 1.000000000000000000, 0.8660254037844387100, 1.000000000000000000, 0.8660254037844387100, 1.000000000000000000, 0.8660254037844387100, 1.000000000000000000, 0.8660254037844387100, 1.000000000000000000, 0.8660254037844387100, 1.000000000000000000, 0.8660254037844387100, 1.000000000000000000, 0.8660254037844387100, 1.000000000000000000, 0.8660254037844387100, 1.000000000000000000, 0.8660254037844387100, 1.000000000000000000, 0.8660254037844387100, 1.000000000000000000, 0.8660254037844387100, 1.000000000000000000, 0.8660254037844387100, 1.000000000000000000, 0.8660254037844387100, 1.000000000000000000, 0.8660254037844387100, 1.000000000000000000, 0.8660254037844387100, 1.000000000000000000, 0.8660254037844387100, 1.000000000000000000, 0.8660254037844387100, 1.000000000000000000, 0.8660254037844387100, 1.000000000000000000, 0.8660254037844387100, 1.000000000000000000, 0.8660254037844387100, 1.000000000000000000, 0.8660254037844387100, 1.000000000000000000, 0.8660254037844387100, 1.000000000000000000, 0.8660254037844387100, 1.000000000000000000, 0.8660254037844387100, 1.000000000000000000, 0.8660254037844387100, 1.000000000000000000, 0.8660254037844387100, 1.000000000000000000, 0.8660254037844387100, 1.000000000000000000, 0.8660254037844387100, 1.000000000000000000, 0.8660254037844387100, 1.000000000000000000, 0.8660254037844387100, 1.000000000000000000, 0.8660254037844387100, 1.000000000000000000, 0.8660254037844387100, 1.000000000000000000, 0.8660254037844387100, 1.000000000000000000, 0.8660254037844387100, 1.000000000000000000, 0.8660254037844387100, 1.000000000000000000, 0.8660254037844387100, 1.000000000000000000, 0.8660254037844387100, 1.000000000000000000, 0.9857608549544176800, 0.9745484516547542300 ) ) 
 REPRESENTATION_ITEM ( '' )  );
#2157 = CARTESIAN_POINT ( 'NONE',  ( 0.04513888888888464800, 0.02123417653293388800, 0.03677867261192820800 ) ) ;
#2159 = CARTESIAN_POINT ( 'NONE',  ( -0.1871120168616888200, 0.03475313548891114500, 0.03035600159985467000 ) ) ;
#2160 = CARTESIAN_POINT ( 'NONE',  ( 0.04752604166666166800, -4.039210500559140100E-018, -0.06596531348257138300 ) ) ;
#2161 = CARTESIAN_POINT ( 'NONE',  ( -0.06358506944444765300, -0.05712763724451094800, 0.03298265674128572600 ) ) ;
#2162 = CARTESIAN_POINT ( 'NONE',  ( 0.04079861111110698300, 0.02123417653293385400, -0.03677867261192820100 ) ) ;
#2163 = CARTESIAN_POINT ( 'NONE',  ( 0.01302083333333017500, 0.05600000000000021600, -6.858022075225205100E-018 ) ) ;
#2164 = COORDINATED_UNIVERSAL_TIME_OFFSET ( 6, 0, .BEHIND. ) ;
#2165 = CARTESIAN_POINT ( 'NONE',  ( -0.02430555555555866100, 0.02123417653293386400, -0.03677867261192821500 ) ) ;
#2166 = CARTESIAN_POINT ( 'NONE',  ( 0.1304253472222173500, -0.02856381862225548800, -0.04947398511192854100 ) ) ;
#2167 = CYLINDRICAL_SURFACE ( 'NONE', #4535, 0.05600000000000013300 ) ;
#2168 = CARTESIAN_POINT ( 'NONE',  ( -0.1536458333333343400, -0.04246835306586772800, 0.0000000000000000000 ) ) ;
#2169 = CARTESIAN_POINT ( 'NONE',  ( 0.1102430555555503200, 0.02123417653293388100, 0.03677867261192818700 ) ) ;
#2170 = ADVANCED_FACE ( 'NONE', ( #2555 ), #101, .T. ) ;
#2171 = CIRCLE ( 'NONE', #2361, 0.06035617608700149400 ) ;
#2172 = CARTESIAN_POINT ( 'NONE',  ( 0.1304253472222173500, -0.02856381862225548800, -0.04947398511192854100 ) ) ;
#2173 = CIRCLE ( 'NONE', #2475, 0.04558333333333353800 ) ;
#2174 = CARTESIAN_POINT ( 'NONE',  ( 0.004123263888884587700, -0.02856381862225548800, -0.04947398511192854100 ) ) ;
#2175 = CARTESIAN_POINT ( 'NONE',  ( 0.04947916666666241100, 9.008176738217257400E-018, 0.04903823014923759700 ) ) ;
#2176 = AXIS2_PLACEMENT_3D ( 'NONE', #1373, #4169, #2052 ) ;
#2177 = CARTESIAN_POINT ( 'NONE',  ( 0.1030683421713608900, 0.04304633526610651000, -0.03774360211374915000 ) ) ;
#2178 = CONICAL_SURFACE ( 'NONE', #3269, 0.05600000000000013300, 0.7853981633974572700 ) ;
#2179 = CARTESIAN_POINT ( 'NONE',  ( -0.1284722222222236500, 0.02123417653293386400, -0.03677867261192821500 ) ) ;
#2180 = CARTESIAN_POINT ( 'NONE',  ( 0.1044999999999998800, -0.04706911261482300100, 0.03313960725166584900 ) ) ;
#2181 = CARTESIAN_POINT ( 'NONE',  ( 0.1338975694444395300, 0.02856381862225547100, -0.04947398511192854800 ) ) ;
#2182 = ORIENTED_EDGE ( 'NONE', *, *, #872, .F. ) ;
#2183 = CARTESIAN_POINT ( 'NONE',  ( -0.1171875000000015800, 9.008176738217257400E-018, 0.04903823014923759700 ) ) ;
#2184 = CARTESIAN_POINT ( 'NONE',  ( 0.03559027777777374500, -0.04246835306586772100, -0.02451911507461879100 ) ) ;
#2185 = CARTESIAN_POINT ( 'NONE',  ( 0.06098090277777405700, -0.02856381862225543900, 0.04947398511192856900 ) ) ;
#2186 = CARTESIAN_POINT ( 'NONE',  ( 0.07703993055555008500, 0.02856381862225550900, 0.04947398511192853400 ) ) ;
#2187 = CARTESIAN_POINT ( 'NONE',  ( 0.09092881944443875800, 0.02856381862225547100, -0.04947398511192854800 ) ) ;
#2188 = CARTESIAN_POINT ( 'NONE',  ( 0.1874999999999999700, -8.537024980200822600E-017, 0.0000000000000000000 ) ) ;
#2189 = CARTESIAN_POINT ( 'NONE',  ( 0.03906249999999642600, 2.058740054288218200E-017, 0.05600000000000020900 ) ) ;
#2190 = CARTESIAN_POINT ( 'NONE',  ( 0.009548611111108015400, 0.02800000000000009800, -0.04849742261192875600 ) ) ;
#2191 = CARTESIAN_POINT ( 'NONE',  ( -0.05902777777778033700, 0.02123417653293388800, 0.03677867261192820800 ) ) ;
#2192 = CARTESIAN_POINT ( 'NONE',  ( 0.1044999999999999300, 0.05723284581036517500, 0.0005538339991684418800 ) ) ;
#2193 = CARTESIAN_POINT ( 'NONE',  ( -0.1883680555555560200, 0.02123417653293385400, -0.03677867261192820100 ) ) ;
#2194 = CARTESIAN_POINT ( 'NONE',  ( 0.1796874999999936700, -0.04246835306586772800, 0.0000000000000000000 ) ) ;
#2195 = EDGE_CURVE ( 'NONE', #784, #2451, #2634, .T. ) ;
#2196 = ORIENTED_EDGE ( 'NONE', *, *, #4479, .T. ) ;
#2197 = CARTESIAN_POINT ( 'NONE',  ( 0.07486979166666273000, 0.05712763724451096200, -6.996117809434148300E-018 ) ) ;
#2198 = CARTESIAN_POINT ( 'NONE',  ( 0.08745659722221660300, -0.02856381862225548800, -0.04947398511192854100 ) ) ;
#2199 = CARTESIAN_POINT ( 'NONE',  ( 0.1204427083333271700, 1.211763150167741700E-017, 0.06596531348257138300 ) ) ;
#2200 = CARTESIAN_POINT ( 'NONE',  ( 0.05729166666666172400, 2.173114501748674800E-017, 0.05600000000000020900 ) ) ;
#2201 = CARTESIAN_POINT ( 'NONE',  ( -0.03580729166667034200, -4.039210500559140100E-018, -0.06596531348257138300 ) ) ;
#2202 = VERTEX_POINT ( 'NONE', #652 ) ;
#2203 = CARTESIAN_POINT ( 'NONE',  ( -0.1423611111111128500, -0.02800000000000011500, -0.04849742261192874900 ) ) ;
#2204 = AXIS2_PLACEMENT_3D ( 'NONE', #2730, #932, #4140 ) ;
#2205 = CARTESIAN_POINT ( 'NONE',  ( -0.1267361111111126000, 0.04246835306586772800, -0.02451911507461882300 ) ) ;
#2206 = CARTESIAN_POINT ( 'NONE',  ( 0.07291666666666149500, 0.05600000000000021600, -6.858022075225205100E-018 ) ) ;
#2207 = ORIENTED_EDGE ( 'NONE', *, *, #2962, .F. ) ;
#2208 = CARTESIAN_POINT ( 'NONE',  ( -0.1362847222222235100, -0.02123417653293383300, 0.03677867261192821500 ) ) ;
#2209 = CARTESIAN_POINT ( 'NONE',  ( 0.04926215277777275200, 0.02856381862225547100, -0.04947398511192854800 ) ) ;
#2210 = ORIENTED_EDGE ( 'NONE', *, *, #468, .T. ) ;
#2211 = CARTESIAN_POINT ( 'NONE',  ( -0.1111111111111133700, 0.02800000000000013200, 0.04849742261192873500 ) ) ;
#2212 = APPROVAL_PERSON_ORGANIZATION ( #1008, #2828, #2334 ) ;
#2213 = CARTESIAN_POINT ( 'NONE',  ( 0.1564670138888836500, 0.05712763724451095500, -0.03298265674128571200 ) ) ;
#2214 = CARTESIAN_POINT ( 'NONE',  ( 0.1343315972222158500, 0.05712763724451095500, -0.03298265674128571200 ) ) ;
#2215 = CARTESIAN_POINT ( 'NONE',  ( 0.1621093749999931700, 1.211763150167741700E-017, 0.06596531348257138300 ) ) ;
#2216 = CARTESIAN_POINT ( 'NONE',  ( -0.07645121247372091400, -0.01500515477614301800, -0.05600000000000017500 ) ) ;
#2217 = CARTESIAN_POINT ( 'NONE',  ( -0.04969618055555899400, 0.05712763724451097600, 0.03298265674128567100 ) ) ;
#2218 = LINE ( 'NONE', #3622, #3307 ) ;
#2219 = AXIS2_PLACEMENT_3D ( 'NONE', #4036, #181, #3332 ) ;
#2220 = DIRECTION ( 'NONE',  ( 0.0000000000000000000, 0.0000000000000000000, -1.000000000000000000 ) ) ;
#2221 = CARTESIAN_POINT ( 'NONE',  ( -0.1180555555555571600, -0.02123417653293384000, 0.03677867261192822900 ) ) ;
#2222 = CONICAL_SURFACE ( 'NONE', #4057, 0.03124999999999996500, 1.047197551196600100 ) ;
#2223 = CARTESIAN_POINT ( 'NONE',  ( 0.1044999999999995000, 0.05637312402034274500, -0.009894028499052165100 ) ) ;
#2224 = CYLINDRICAL_SURFACE ( 'NONE', #2792, 0.05600000000000013300 ) ;
#2225 = CARTESIAN_POINT ( 'NONE',  ( -0.06857638888889126800, -0.04246835306586772100, -0.02451911507461879100 ) ) ;
#2226 = EDGE_CURVE ( 'NONE', #4136, #2617, #1347, .T. ) ;
#2227 = VERTEX_POINT ( 'NONE', #1755 ) ;
#2228 = PLANE ( 'NONE',  #587 ) ;
#2229 = DIRECTION ( 'NONE',  ( 1.000000000000000000, -0.0000000000000000000, -0.0000000000000000000 ) ) ;
#2230 = CARTESIAN_POINT ( 'NONE',  ( 0.1308593749999937000, -4.039210500559140100E-018, -0.06596531348257138300 ) ) ;
#2231 = CARTESIAN_POINT ( 'NONE',  ( 0.1048177083333274300, -0.05712763724451096200, 0.0000000000000000000 ) ) ;
#2232 = CARTESIAN_POINT ( 'NONE',  ( 0.1324999999999999800, 0.0000000000000000000, 0.0000000000000000000 ) ) ;
#2233 = ORIENTED_EDGE ( 'NONE', *, *, #12, .T. ) ;
#2234 = ORIENTED_EDGE ( 'NONE', *, *, #291, .T. ) ;
#2235 = CARTESIAN_POINT ( 'NONE',  ( 0.06770833333332874900, 9.008176738217260500E-018, 0.04903823014923761700 ) ) ;
#2236 = CARTESIAN_POINT ( 'NONE',  ( 0.07899305555555132000, 0.02800000000000013200, 0.04849742261192874200 ) ) ;
#2237 = CARTESIAN_POINT ( 'NONE',  ( -0.08767361111111317300, -0.02123417653293386800, -0.03677867261192819400 ) ) ;
#2238 = CARTESIAN_POINT ( 'NONE',  ( 0.04752604166666166800, -4.039210500559140100E-018, -0.06596531348257138300 ) ) ;
#2239 = CARTESIAN_POINT ( 'NONE',  ( 0.1223958333333279200, -3.002725579405752700E-018, -0.04903823014923759700 ) ) ;
#2240 = DIRECTION ( 'NONE',  ( 0.0000000000000000000, 0.0000000000000000000, 1.000000000000000000 ) ) ;
#2241 =( BOUNDED_CURVE ( )  B_SPLINE_CURVE ( 2, ( #2550, #453, #3582, #3943, #1533, #442, #3960, #3598, #2888 ),
 .UNSPECIFIED., .F., .T. ) 
 B_SPLINE_CURVE_WITH_KNOTS ( ( 3, 2, 2, 2, 3 ),
 ( 0.4027777777777777900, 0.4074074074074074400, 0.4166666666666666300, 0.4259259259259259300, 0.4305555555555555800 ),
 .UNSPECIFIED. ) 
 CURVE ( )  GEOMETRIC_REPRESENTATION_ITEM ( )  RATIONAL_B_SPLINE_CURVE ( ( 0.9330127018922194100, 0.9330127018922194100, 1.000000000000000000, 0.8660254037844387100, 1.000000000000000000, 0.8660254037844387100, 1.000000000000000000, 0.9330127018922194100, 0.9330127018922194100 ) ) 
 REPRESENTATION_ITEM ( '' )  );
#2242 = CARTESIAN_POINT ( 'NONE',  ( 0.07530381944443900700, 0.05712763724451097600, 0.03298265674128567100 ) ) ;
#2243 = CARTESIAN_POINT ( 'NONE',  ( 0.06488715277777250300, -0.05712763724451096200, -0.03298265674128569200 ) ) ;
#2244 = CARTESIAN_POINT ( 'NONE',  ( 0.1874999999999999700, -8.537024980200822600E-017, -0.05600000000000013300 ) ) ;
#2245 = CARTESIAN_POINT ( 'NONE',  ( -0.1406250000000017800, -5.261224583181002700E-017, -0.05600000000000021600 ) ) ;
#2246 = CARTESIAN_POINT ( 'NONE',  ( 0.04340277777777356400, 0.04246835306586775600, 0.02451911507461879100 ) ) ;
#2247 = EDGE_CURVE ( 'NONE', #2693, #4387, #4280, .T. ) ;
#2248 = CARTESIAN_POINT ( 'NONE',  ( -0.02690972222222528400, -0.04246835306586772100, -0.02451911507461879100 ) ) ;
#2249 = ORIENTED_EDGE ( 'NONE', *, *, #3056, .F. ) ;
#2250 = CARTESIAN_POINT ( 'NONE',  ( 0.1657986111111049700, 0.02123417653293385400, -0.03677867261192820100 ) ) ;
#2251 = CARTESIAN_POINT ( 'NONE',  ( 0.1044999999999998700, -0.002474082264085557100, -0.04810554584974579400 ) ) ;
#2252 = EDGE_CURVE ( 'NONE', #2366, #256, #850, .T. ) ;
#2253 = VERTEX_POINT ( 'NONE', #1017 ) ;
#2254 = CARTESIAN_POINT ( 'NONE',  ( 0.04947916666666290300, -6.862466847627394900E-018, -0.05600000000000021600 ) ) ;
#2255 = CARTESIAN_POINT ( 'NONE',  ( -0.1397569444444456700, 0.02123417653293388100, 0.03677867261192818700 ) ) ;
#2256 = CARTESIAN_POINT ( 'NONE',  ( -0.1875000000000005000, 0.04246835306586774200, -5.200873264717461400E-018 ) ) ;
#2257 = CARTESIAN_POINT ( 'NONE',  ( -0.1076388888888911700, -0.02800000000000006700, 0.04849742261192877700 ) ) ;
#2258 = CARTESIAN_POINT ( 'NONE',  ( 0.05729166666666172400, 2.173114501748674800E-017, 0.05600000000000020900 ) ) ;
#2259 = ORIENTED_EDGE ( 'NONE', *, *, #2851, .F. ) ;
#2260 = CARTESIAN_POINT ( 'NONE',  ( 0.1232638888888834100, 0.04246835306586772800, -0.02451911507461882300 ) ) ;
#2261 = CARTESIAN_POINT ( 'NONE',  ( -0.01736111111111434500, 0.02123417653293388800, 0.03677867261192820800 ) ) ;
#2262 = DIRECTION ( 'NONE',  ( 0.0000000000000000000, -0.8660254037844387100, 0.4999999999999999400 ) ) ;
#2263 = CARTESIAN_POINT ( 'NONE',  ( 0.1324999999999999800, -0.01804219591217583500, -0.03124999999999999000 ) ) ;
#2264 = CARTESIAN_POINT ( 'NONE',  ( 0.004340277777774215700, 0.04246835306586772800, 0.02451911507461878800 ) ) ;
#2265 = CARTESIAN_POINT ( 'NONE',  ( 0.1030683421713612900, -0.05714027206987879600, -0.009918338607470142400 ) ) ;
#2266 = CARTESIAN_POINT ( 'NONE',  ( -0.1681857638888889200, -0.02856381862225543900, 0.04947398511192856900 ) ) ;
#2267 = CYLINDRICAL_SURFACE ( 'NONE', #67, 0.05600000000000013300 ) ;
#2268 = DIRECTION ( 'NONE',  ( 1.000000000000000000, -0.0000000000000000000, -0.0000000000000000000 ) ) ;
#2269 = CARTESIAN_POINT ( 'NONE',  ( -0.1623263888888897600, 0.04246835306586772800, 0.02451911507461878800 ) ) ;
#2270 = CARTESIAN_POINT ( 'NONE',  ( 0.1812065972222150500, 0.02856381862225550900, 0.04947398511192853400 ) ) ;
#2271 = LINE ( 'NONE', #3977, #2057 ) ;
#2272 = CARTESIAN_POINT ( 'NONE',  ( 0.1030683421713604300, -0.04936458353729121500, 0.02875247518615107000 ) ) ;
#2273 = VECTOR ( 'NONE', #885, 39.37007874015748100 ) ;
#2274 = CARTESIAN_POINT ( 'NONE',  ( 0.1493055555555496700, 0.02123417653293388800, 0.03677867261192820800 ) ) ;
#2275 = CARTESIAN_POINT ( 'NONE',  ( 0.03472222222221817100, -0.02123417653293387500, -0.03677867261192821500 ) ) ;
#2276 = DIRECTION ( 'NONE',  ( 1.000000000000000000, -0.0000000000000000000, -0.0000000000000000000 ) ) ;
#2277 = CARTESIAN_POINT ( 'NONE',  ( 0.1874999999999999700, -8.537024980200822600E-017, 0.0000000000000000000 ) ) ;
#2278 = B_SPLINE_CURVE_WITH_KNOTS ( 'NONE', 3,
 ( #3438, #539, #4478, #1703, #2020, #2620 ),
 .UNSPECIFIED., .F., .F.,
 ( 4, 2, 4 ),
 ( 0.007649066316087397100, 0.008129450920575542700, 0.008609835525063688400 ),
 .UNSPECIFIED. ) ;
#2279 = ORIENTED_EDGE ( 'NONE', *, *, #464, .T. ) ;
#2280 = CARTESIAN_POINT ( 'NONE',  ( 0.009548611111107488000, -0.02123417653293383300, 0.03677867261192821500 ) ) ;
#2281 = EDGE_CURVE ( 'NONE', #610, #3154, #313, .T. ) ;
#2282 = CARTESIAN_POINT ( 'NONE',  ( -0.1728053791403870700, 0.01500515477614294700, 0.05600000000000020900 ) ) ;
#2283 = CARTESIAN_POINT ( 'NONE',  ( -0.1456163194444448600, -0.05712763724451094800, 0.03298265674128572600 ) ) ;
#2284 = VERTEX_POINT ( 'NONE', #352 ) ;
#2285 = CARTESIAN_POINT ( 'NONE',  ( -0.1545138888888904200, 0.05600000000000023000, 0.03233161507461914500 ) ) ;
#2286 = CARTESIAN_POINT ( 'NONE',  ( -0.1571180555555565000, -0.02123417653293383300, 0.03677867261192821500 ) ) ;
#2287 = CARTESIAN_POINT ( 'NONE',  ( -0.03125000000000351100, 0.05600000000000021600, -6.858022075225205100E-018 ) ) ;
#2288 = DIRECTION ( 'NONE',  ( 1.000000000000000000, -0.0000000000000000000, -0.0000000000000000000 ) ) ;
#2289 = CARTESIAN_POINT ( 'NONE',  ( -0.1692708333333335900, -1.143744474604566100E-016, 0.05600000000000021600 ) ) ;
#2290 = CARTESIAN_POINT ( 'NONE',  ( -0.01562500000000377800, -1.852866048859396600E-016, -0.05600000000000020900 ) ) ;
#2291 =( BOUNDED_CURVE ( )  B_SPLINE_CURVE ( 2, ( #2245, #1203, #2203, #3664, #503, #4012, #3301, #2955, #852 ),
 .UNSPECIFIED., .F., .F. ) 
 B_SPLINE_CURVE_WITH_KNOTS ( ( 3, 2, 2, 2, 3 ),
 ( 0.8750000000000000000, 0.8796296296296296500, 0.8888888888888888400, 0.8981481481481481400, 0.9027777777777777900 ),
 .UNSPECIFIED. ) 
 CURVE ( )  GEOMETRIC_REPRESENTATION_ITEM ( )  RATIONAL_B_SPLINE_CURVE ( ( 0.9330127018922194100, 0.9330127018922194100, 1.000000000000000000, 0.8660254037844387100, 1.000000000000000000, 0.8660254037844387100, 1.000000000000000000, 0.9330127018922194100, 0.9330127018922194100 ) ) 
 REPRESENTATION_ITEM ( '' )  );
#2292 = CARTESIAN_POINT ( 'NONE',  ( 0.1579861111111050800, -0.04246835306586774200, -0.02451911507461880500 ) ) ;
#2293 = CARTESIAN_POINT ( 'NONE',  ( 0.04513888888888464800, 0.02123417653293388800, 0.03677867261192820800 ) ) ;
#2294 = DIRECTION ( 'NONE',  ( 1.000000000000000000, -0.0000000000000000000, -0.0000000000000000000 ) ) ;
#2295 = CARTESIAN_POINT ( 'NONE',  ( 0.05642361111110674000, -0.04246835306586772100, -0.02451911507461879100 ) ) ;
#2296 = CARTESIAN_POINT ( 'NONE',  ( -0.09309895833333607700, 0.05712763724451096200, -6.996117809434148300E-018 ) ) ;
#2297 = CARTESIAN_POINT ( 'NONE',  ( -0.1282552083333340100, 1.211763150167741700E-017, 0.06596531348257138300 ) ) ;
#2298 = DIRECTION ( 'NONE',  ( 1.000000000000000000, 0.0000000000000000000, -0.0000000000000000000 ) ) ;
#2299 = CARTESIAN_POINT ( 'NONE',  ( -0.1856504191496379500, 0.02187726570642452300, -0.04246694677709596200 ) ) ;
#2300 = CARTESIAN_POINT ( 'NONE',  ( -0.1119791666666683500, -0.04246835306586772800, 0.0000000000000000000 ) ) ;
#2301 = DIRECTION ( 'NONE',  ( 1.000000000000000000, -0.0000000000000000000, -0.0000000000000000000 ) ) ;
#2302 = ORIENTED_EDGE ( 'NONE', *, *, #3309, .F. ) ;
#2303 = PLANE ( 'NONE',  #2639 ) ;
#2304 = CARTESIAN_POINT ( 'NONE',  ( 0.09722222222221715800, -0.02123417653293387500, -0.03677867261192821500 ) ) ;
#2305 = CARTESIAN_POINT ( 'NONE',  ( -0.1041666666666685000, 0.04246835306586774200, -5.200873264717461400E-018 ) ) ;
#2306 = CARTESIAN_POINT ( 'NONE',  ( 0.1527777777777718500, -0.02123417653293384000, 0.03677867261192822900 ) ) ;
#2307 = CARTESIAN_POINT ( 'NONE',  ( -0.1432291666666678500, 0.04246835306586772800, -5.200873264717459100E-018 ) ) ;
#2308 = EDGE_CURVE ( 'NONE', #2974, #3868, #1287, .T. ) ;
#2309 = ORIENTED_EDGE ( 'NONE', *, *, #2958, .F. ) ;
#2310 = B_SPLINE_CURVE_WITH_KNOTS ( 'NONE', 3,
 ( #1426, #2797, #1046, #699 ),
 .UNSPECIFIED., .F., .F.,
 ( 4, 4 ),
 ( 0.0009525617374309450700, 0.001555371740290713300 ),
 .UNSPECIFIED. ) ;
#2311 = CARTESIAN_POINT ( 'NONE',  ( -0.07747395833333634000, -4.039210500559140100E-018, -0.06596531348257138300 ) ) ;
#2312 = ORIENTED_EDGE ( 'NONE', *, *, #1222, .T. ) ;
#2313 = CARTESIAN_POINT ( 'NONE',  ( -0.1803385416666665500, -4.039210500559140100E-018, -0.06596531348257138300 ) ) ;
#2314 = CARTESIAN_POINT ( 'NONE',  ( -0.1527777777777793400, 0.02800000000000013200, 0.04849742261192873500 ) ) ;
#2315 = CARTESIAN_POINT ( 'NONE',  ( 0.1812065972222150500, 0.02856381862225550900, 0.04947398511192853400 ) ) ;
#2316 = ORIENTED_EDGE ( 'NONE', *, *, #2226, .T. ) ;
#2317 = CARTESIAN_POINT ( 'NONE',  ( -0.1024305555555579700, -0.05600000000000021600, -0.03233161507461916600 ) ) ;
#2318 = CARTESIAN_POINT ( 'NONE',  ( -0.06603454580705440900, 0.01500515477614294700, 0.05600000000000020900 ) ) ;
#2319 = LENGTH_MEASURE_WITH_UNIT ( LENGTH_MEASURE( 0.02539999999999999900 ), #1002 );
#2320 = CARTESIAN_POINT ( 'NONE',  ( 0.1324999999999999800, 0.0000000000000000000, -0.03124999999999996500 ) ) ;
#2321 = CARTESIAN_POINT ( 'NONE',  ( 0.1180555555555501800, -0.02123417653293387500, -0.03677867261192821500 ) ) ;
#2322 = CARTESIAN_POINT ( 'NONE',  ( -0.07986111111111333900, 0.02123417653293388800, 0.03677867261192820800 ) ) ;
#2323 = CARTESIAN_POINT ( 'NONE',  ( 0.09722222222221715800, -0.02123417653293387500, -0.03677867261192821500 ) ) ;
#2324 = CARTESIAN_POINT ( 'NONE',  ( -0.1779513888888895300, -0.02123417653293383300, 0.03677867261192821500 ) ) ;
#2325 = CYLINDRICAL_SURFACE ( 'NONE', #4000, 0.05600000000000013300 ) ;
#2326 = CARTESIAN_POINT ( 'NONE',  ( 0.1030683421713597400, -0.03719125713497466200, -0.04449225943447209600 ) ) ;
#2327 = VECTOR ( 'NONE', #1670, 39.37007874015748100 ) ;
#2328 = CARTESIAN_POINT ( 'NONE',  ( -0.1872829861111108800, -0.05712763724451094800, 0.03298265674128572600 ) ) ;
#2329 = CARTESIAN_POINT ( 'NONE',  ( -0.04520121247372140700, 0.01500515477614286300, 0.05600000000000025100 ) ) ;
#2330 = CARTESIAN_POINT ( 'NONE',  ( 0.1324999999999999800, -0.03608439182435165000, 1.682235272644884300E-017 ) ) ;
#2331 = VERTEX_POINT ( 'NONE', #1784 ) ;
#2332 = CARTESIAN_POINT ( 'NONE',  ( -0.04253472222222501300, 0.02123417653293385400, -0.03677867261192820100 ) ) ;
#2333 = CARTESIAN_POINT ( 'NONE',  ( -0.09375000000000199800, -0.04246835306586774200, 0.0000000000000000000 ) ) ;
#2334 = APPROVAL_ROLE ( '' ) ;
#2335 = CIRCLE ( 'NONE', #3760, 0.004356176087001332200 ) ;
#2336 = AXIS2_PLACEMENT_3D ( 'NONE', #1802, #2493, #400 ) ;
#2337 = CARTESIAN_POINT ( 'NONE',  ( 0.1874999999999999700, -7.851222772678303800E-017, 0.05600000000000013300 ) ) ;
#2338 = EDGE_CURVE ( 'NONE', #2227, #260, #4079, .T. ) ;
#2339 = CARTESIAN_POINT ( 'NONE',  ( -0.1195746527777786000, -0.02856381862225548800, -0.04947398511192854100 ) ) ;
#2340 = EDGE_LOOP ( 'NONE', ( #239, #1366, #2924, #3680 ) ) ;
#2341 = CARTESIAN_POINT ( 'NONE',  ( -0.1788194444444451700, -0.04246835306586772800, 0.02451911507461883300 ) ) ;
#2342 = CARTESIAN_POINT ( 'NONE',  ( 0.1302083333333277400, 9.008176738217260500E-018, 0.04903823014923761700 ) ) ;
#2343 = CARTESIAN_POINT ( 'NONE',  ( -0.09288194444444643200, -0.04246835306586770700, 0.02451911507461881600 ) ) ;
#2344 = EDGE_CURVE ( 'NONE', #351, #252, #3259, .T. ) ;
#2345 = PLANE ( 'NONE',  #2443 ) ;
#2346 = CARTESIAN_POINT ( 'NONE',  ( -0.05013020833333525800, 0.05712763724451096200, -6.996117809434148300E-018 ) ) ;
#2347 = CARTESIAN_POINT ( 'NONE',  ( 0.1874999999999999700, -8.537024980200822600E-017, 0.0000000000000000000 ) ) ;
#2348 = CARTESIAN_POINT ( 'NONE',  ( -0.01996527777778093000, 0.04246835306586771400, -0.02451911507461881200 ) ) ;
#2349 = CARTESIAN_POINT ( 'NONE',  ( -0.1388888888888901700, -0.02123417653293384000, 0.03677867261192822900 ) ) ;
#2350 = CARTESIAN_POINT ( 'NONE',  ( 0.01909722222221789700, -0.05600000000000019500, 0.03233161507461918700 ) ) ;
#2351 =( BOUNDED_SURFACE ( )  B_SPLINE_SURFACE ( 1, 2, ( 
 ( #1096, #3850, #3972, #3273, #2193, #1470, #1866, #124, #3989, #1511, #3247, #1166, #416, #4338, #1831, #68, #3600, #2510, #2860, #1126, #1485, #4322, #2538, #760, #2168, #1496, #4282, #2525, #3218, #4294, #3571, #3930, #3947, #1140, #2208, #1815, #785, #115, #83, #2566, #2890, #431, #2878, #772, #3237, #2183, #3584, #813, #98, #3616, #3961, #1843, #4307, #2920, #2552, #454, #2904, #466, #3260, #1152, #3627, #1522, #2237, #883, #3340, #3679, #2576, #150, #2621, #1579, #172, #540, #1938, #2225, #135, #4062, #1926, #1591, #1242, #2947, #3669, #2976, #190, #1885, #871, #3655, #4364, #3308, #4043, #3695, #4028, #4348, #2635, #482, #2590, #4015, #1901, #2248, #162, #494, #842, #2932, #4396, #2603, #507, #524, #826, #1912, #2959, #3285, #3292, #2992, #1534, #4384, #1195, #2264, #1182, #858, #2280, #1207, #1549, #1562, #3325, #3640, #4003, #1225, #4428, #3798, #3439, #4075, #3831, #3136, #2054, #1255, #1737, #4546, #3847, #1375, #3104, #1030, #204, #4203, #1689, #4410, #3455, #2295, #2650, #977, #1339, #1721, #2393, #552, #1959, #1358, #2374, #283, #3009, #4155, #901, #3353, #2035, #993, #4188, #3714, #647, #4527, #2729, #2069, #2743, #1608, #628, #3087, #4512, #299, #3815, #679, #1705, #3470, #4172, #2409, #315, #2777, #2760, #660, #3124, #2423, #1012, #332, #3489, #1388, #2096, #757, #3215, #3551, #2440, #14, #2489, #1453, #48, #412, #1813, #2081, #4565, #3927, #1799, #1467, #1107, #2807, #3534, #2843, #64, #1750, #740, #3518, #4237, #3186, #3912 ),
 ( #32, #3505, #3568, #2133, #2117, #397, #2476, #1043, #4219, #3198, #2824, #2460, #2506, #3152, #1094, #4263, #1404, #347, #3862, #364, #2794, #711, #695, #3170, #2858, #1057, #1074, #1424, #3880, #1767, #381, #2148, #724, #1437, #3898, #4249, #1779, #3624, #823, #94, #2179, #2205, #2534, #4336, #79, #3246, #2221, #441, #3233, #3256, #3580, #1494, #3281, #427, #1519, #3959, #3986, #782, #133, #770, #479, #2549, #2887, #451, #1122, #1178, #3597, #1482, #3271, #3941, #1532, #1840, #1508, #1150, #2522, #4305, #2572, #2902, #1827, #1137, #2191, #122, #2929, #3637, #3611, #111, #2563, #796, #1162, #4290, #3969, #2874, #1855, #4317, #462, #2915, #4278, #811, #1863, #3999, #2165, #1909, #549, #879, #2261, #4013, #3710, #4407, #2972, #3305, #1239, #4026, #492, #169, #186, #4363, #2647, #3321, #1575, #3652, #2618, #4379, #1219, #895, #869, #1545, #3006, #518, #3677, #3290, #3351, #1921, #4040, #4394, #2275, #838, #1898, #2987, #2632, #2246, #2293, #2944, #536, #3336, #1193, #1252, #160, #2600, #4345, #504, #145, #1604, #1882, #2235, #3691, #2587, #2956, #855, #1205, #4056, #3667, #1559, #1589, #1936, #198, #3416, #623, #4443, #1968, #1999, #2323, #4134, #4425, #3035, #2018, #229, #3019, #3052, #3369, #1283, #3082, #215, #1318, #3740, #3777, #580, #4490, #566, #280, #2342, #2676, #246, #916, #974, #3388, #1267, #3068, #3725, #1334, #1638, #1303, #944, #2306, #4105, #2369, #2689, #1622, #928, #1982, #4473, #2724, #3433, #3401, #4457, #2354, #595, #958 ) ),
 .UNSPECIFIED., .F., .F., .F. ) 
 B_SPLINE_SURFACE_WITH_KNOTS ( ( 2, 2 ),
 ( 3, 2, 2, 2, 2, 2, 2, 2, 2, 2, 2, 2, 2, 2, 2, 2, 2, 2, 2, 2, 2, 2, 2, 2, 2, 2, 2, 2, 2, 2, 2, 2, 2, 2, 2, 2, 2, 2, 2, 2, 2, 2, 2, 2, 2, 2, 2, 2, 2, 2, 2, 2, 2, 2, 2, 2, 2, 2, 2, 2, 2, 2, 2, 2, 2, 2, 2, 2, 2, 2, 2, 2, 2, 2, 2, 2, 2, 2, 2, 2, 2, 2, 2, 2, 2, 2, 2, 2, 2, 2, 2, 2, 2, 2, 2, 2, 2, 2, 2, 2, 2, 2, 2, 2, 2, 2, 2, 2, 3 ),
 ( 0.0000000000000000000, 1.000000000000000000 ),
 ( 0.0000000000000000000, 0.009259259259259258700, 0.01851851851851851700, 0.02777777777777777600, 0.03703703703703703500, 0.04629629629629629400, 0.05555555555555555200, 0.06481481481481481100, 0.07407407407407407000, 0.08333333333333332900, 0.09259259259259258700, 0.1018518518518518500, 0.1111111111111111000, 0.1203703703703703600, 0.1296296296296296200, 0.1388888888888889000, 0.1481481481481481400, 0.1574074074074074100, 0.1666666666666666600, 0.1759259259259259300, 0.1851851851851851700, 0.1944444444444444500, 0.2037037037037036900, 0.2129629629629629700, 0.2222222222222222100, 0.2314814814814814800, 0.2407407407407407300, 0.2500000000000000000, 0.2592592592592592400, 0.2685185185185185500, 0.2777777777777777900, 0.2870370370370370300, 0.2962962962962962800, 0.3055555555555555800, 0.3148148148148148300, 0.3240740740740740700, 0.3333333333333333100, 0.3425925925925926200, 0.3518518518518518600, 0.3611111111111111000, 0.3703703703703703500, 0.3796296296296296500, 0.3888888888888889000, 0.3981481481481481400, 0.4074074074074073800, 0.4166666666666666900, 0.4259259259259259300, 0.4351851851851851700, 0.4444444444444444200, 0.4537037037037037200, 0.4629629629629629700, 0.4722222222222222100, 0.4814814814814814500, 0.4907407407407407600, 0.5000000000000000000, 0.5092592592592593000, 0.5185185185185184900, 0.5277777777777777900, 0.5370370370370370900, 0.5462962962962962800, 0.5555555555555555800, 0.5648148148148147700, 0.5740740740740740700, 0.5833333333333333700, 0.5925925925925925600, 0.6018518518518518600, 0.6111111111111111600, 0.6203703703703703500, 0.6296296296296296500, 0.6388888888888888400, 0.6481481481481481400, 0.6574074074074074400, 0.6666666666666666300, 0.6759259259259259300, 0.6851851851851852300, 0.6944444444444444200, 0.7037037037037037200, 0.7129629629629629100, 0.7222222222222222100, 0.7314814814814815100, 0.7407407407407407000, 0.7500000000000000000, 0.7592592592592593000, 0.7685185185185184900, 0.7777777777777777900, 0.7870370370370370900, 0.7962962962962962800, 0.8055555555555555800, 0.8148148148148147700, 0.8240740740740740700, 0.8333333333333333700, 0.8425925925925925600, 0.8518518518518518600, 0.8611111111111111600, 0.8703703703703703500, 0.8796296296296296500, 0.8888888888888888400, 0.8981481481481481400, 0.9074074074074074400, 0.9166666666666666300, 0.9259259259259259300, 0.9351851851851852300, 0.9444444444444444200, 0.9537037037037037200, 0.9629629629629629100, 0.9722222222222222100, 0.9814814814814815100, 0.9907407407407407000, 1.000000000000000000 ),
 .UNSPECIFIED. ) 
 GEOMETRIC_REPRESENTATION_ITEM ( )  RATIONAL_B_SPLINE_SURFACE ( (
 ( 1.000000000000000000, 0.8660254037844387100, 1.000000000000000000, 0.8660254037844387100, 1.000000000000000000, 0.8660254037844387100, 1.000000000000000000, 0.8660254037844387100, 1.000000000000000000, 0.8660254037844387100, 1.000000000000000000, 0.8660254037844387100, 1.000000000000000000, 0.8660254037844387100, 1.000000000000000000, 0.8660254037844387100, 1.000000000000000000, 0.8660254037844387100, 1.000000000000000000, 0.8660254037844387100, 1.000000000000000000, 0.8660254037844387100, 1.000000000000000000, 0.8660254037844387100, 1.000000000000000000, 0.8660254037844387100, 1.000000000000000000, 0.8660254037844387100, 1.000000000000000000, 0.8660254037844387100, 1.000000000000000000, 0.8660254037844387100, 1.000000000000000000, 0.8660254037844387100, 1.000000000000000000, 0.8660254037844387100, 1.000000000000000000, 0.8660254037844387100, 1.000000000000000000, 0.8660254037844387100, 1.000000000000000000, 0.8660254037844387100, 1.000000000000000000, 0.8660254037844387100, 1.000000000000000000, 0.8660254037844387100, 1.000000000000000000, 0.8660254037844387100, 1.000000000000000000, 0.8660254037844387100, 1.000000000000000000, 0.8660254037844387100, 1.000000000000000000, 0.8660254037844387100, 1.000000000000000000, 0.8660254037844387100, 1.000000000000000000, 0.8660254037844387100, 1.000000000000000000, 0.8660254037844387100, 1.000000000000000000, 0.8660254037844387100, 1.000000000000000000, 0.8660254037844387100, 1.000000000000000000, 0.8660254037844387100, 1.000000000000000000, 0.8660254037844387100, 1.000000000000000000, 0.8660254037844387100, 1.000000000000000000, 0.8660254037844387100, 1.000000000000000000, 0.8660254037844387100, 1.000000000000000000, 0.8660254037844387100, 1.000000000000000000, 0.8660254037844387100, 1.000000000000000000, 0.8660254037844387100, 1.000000000000000000, 0.8660254037844387100, 1.000000000000000000, 0.8660254037844387100, 1.000000000000000000, 0.8660254037844387100, 1.000000000000000000, 0.8660254037844387100, 1.000000000000000000, 0.8660254037844387100, 1.000000000000000000, 0.8660254037844387100, 1.000000000000000000, 0.8660254037844387100, 1.000000000000000000, 0.8660254037844387100, 1.000000000000000000, 0.8660254037844387100, 1.000000000000000000, 0.8660254037844387100, 1.000000000000000000, 0.8660254037844387100, 1.000000000000000000, 0.8660254037844387100, 1.000000000000000000, 0.8660254037844387100, 1.000000000000000000, 0.8660254037844387100, 1.000000000000000000, 0.8660254037844387100, 1.000000000000000000, 0.8660254037844387100, 1.000000000000000000, 0.8660254037844387100, 1.000000000000000000, 0.8660254037844387100, 1.000000000000000000, 0.8660254037844387100, 1.000000000000000000, 0.8660254037844387100, 1.000000000000000000, 0.8660254037844387100, 1.000000000000000000, 0.8660254037844387100, 1.000000000000000000, 0.8660254037844387100, 1.000000000000000000, 0.8660254037844387100, 1.000000000000000000, 0.8660254037844387100, 1.000000000000000000, 0.8660254037844387100, 1.000000000000000000, 0.8660254037844387100, 1.000000000000000000, 0.8660254037844387100, 1.000000000000000000, 0.8660254037844387100, 1.000000000000000000, 0.8660254037844387100, 1.000000000000000000, 0.8660254037844387100, 1.000000000000000000, 0.8660254037844387100, 1.000000000000000000, 0.8660254037844387100, 1.000000000000000000, 0.8660254037844387100, 1.000000000000000000, 0.8660254037844387100, 1.000000000000000000, 0.8660254037844387100, 1.000000000000000000, 0.8660254037844387100, 1.000000000000000000, 0.8660254037844387100, 1.000000000000000000, 0.8660254037844387100, 1.000000000000000000, 0.8660254037844387100, 1.000000000000000000, 0.8660254037844387100, 1.000000000000000000, 0.8660254037844387100, 1.000000000000000000, 0.8660254037844387100, 1.000000000000000000, 0.8660254037844387100, 1.000000000000000000, 0.8660254037844387100, 1.000000000000000000, 0.8660254037844387100, 1.000000000000000000, 0.8660254037844387100, 1.000000000000000000, 0.8660254037844387100, 1.000000000000000000, 0.8660254037844387100, 1.000000000000000000, 0.8660254037844387100, 1.000000000000000000, 0.8660254037844387100, 1.000000000000000000, 0.8660254037844387100, 1.000000000000000000, 0.8660254037844387100, 1.000000000000000000, 0.8660254037844387100, 1.000000000000000000, 0.8660254037844387100, 1.000000000000000000, 0.8660254037844387100, 1.000000000000000000, 0.8660254037844387100, 1.000000000000000000, 0.8660254037844387100, 1.000000000000000000, 0.8660254037844387100, 1.000000000000000000, 0.8660254037844387100, 1.000000000000000000, 0.8660254037844387100, 1.000000000000000000, 0.8660254037844387100, 1.000000000000000000, 0.8660254037844387100, 1.000000000000000000, 0.8660254037844387100, 1.000000000000000000, 0.8660254037844387100, 1.000000000000000000, 0.8660254037844387100, 1.000000000000000000, 0.8660254037844387100, 1.000000000000000000, 0.8660254037844387100, 1.000000000000000000),
 ( 1.000000000000000000, 0.8660254037844387100, 1.000000000000000000, 0.8660254037844387100, 1.000000000000000000, 0.8660254037844387100, 1.000000000000000000, 0.8660254037844387100, 1.000000000000000000, 0.8660254037844387100, 1.000000000000000000, 0.8660254037844387100, 1.000000000000000000, 0.8660254037844387100, 1.000000000000000000, 0.8660254037844387100, 1.000000000000000000, 0.8660254037844387100, 1.000000000000000000, 0.8660254037844387100, 1.000000000000000000, 0.8660254037844387100, 1.000000000000000000, 0.8660254037844387100, 1.000000000000000000, 0.8660254037844387100, 1.000000000000000000, 0.8660254037844387100, 1.000000000000000000, 0.8660254037844387100, 1.000000000000000000, 0.8660254037844387100, 1.000000000000000000, 0.8660254037844387100, 1.000000000000000000, 0.8660254037844387100, 1.000000000000000000, 0.8660254037844387100, 1.000000000000000000, 0.8660254037844387100, 1.000000000000000000, 0.8660254037844387100, 1.000000000000000000, 0.8660254037844387100, 1.000000000000000000, 0.8660254037844387100, 1.000000000000000000, 0.8660254037844387100, 1.000000000000000000, 0.8660254037844387100, 1.000000000000000000, 0.8660254037844387100, 1.000000000000000000, 0.8660254037844387100, 1.000000000000000000, 0.8660254037844387100, 1.000000000000000000, 0.8660254037844387100, 1.000000000000000000, 0.8660254037844387100, 1.000000000000000000, 0.8660254037844387100, 1.000000000000000000, 0.8660254037844387100, 1.000000000000000000, 0.8660254037844387100, 1.000000000000000000, 0.8660254037844387100, 1.000000000000000000, 0.8660254037844387100, 1.000000000000000000, 0.8660254037844387100, 1.000000000000000000, 0.8660254037844387100, 1.000000000000000000, 0.8660254037844387100, 1.000000000000000000, 0.8660254037844387100, 1.000000000000000000, 0.8660254037844387100, 1.000000000000000000, 0.8660254037844387100, 1.000000000000000000, 0.8660254037844387100, 1.000000000000000000, 0.8660254037844387100, 1.000000000000000000, 0.8660254037844387100, 1.000000000000000000, 0.8660254037844387100, 1.000000000000000000, 0.8660254037844387100, 1.000000000000000000, 0.8660254037844387100, 1.000000000000000000, 0.8660254037844387100, 1.000000000000000000, 0.8660254037844387100, 1.000000000000000000, 0.8660254037844387100, 1.000000000000000000, 0.8660254037844387100, 1.000000000000000000, 0.8660254037844387100, 1.000000000000000000, 0.8660254037844387100, 1.000000000000000000, 0.8660254037844387100, 1.000000000000000000, 0.8660254037844387100, 1.000000000000000000, 0.8660254037844387100, 1.000000000000000000, 0.8660254037844387100, 1.000000000000000000, 0.8660254037844387100, 1.000000000000000000, 0.8660254037844387100, 1.000000000000000000, 0.8660254037844387100, 1.000000000000000000, 0.8660254037844387100, 1.000000000000000000, 0.8660254037844387100, 1.000000000000000000, 0.8660254037844387100, 1.000000000000000000, 0.8660254037844387100, 1.000000000000000000, 0.8660254037844387100, 1.000000000000000000, 0.8660254037844387100, 1.000000000000000000, 0.8660254037844387100, 1.000000000000000000, 0.8660254037844387100, 1.000000000000000000, 0.8660254037844387100, 1.000000000000000000, 0.8660254037844387100, 1.000000000000000000, 0.8660254037844387100, 1.000000000000000000, 0.8660254037844387100, 1.000000000000000000, 0.8660254037844387100, 1.000000000000000000, 0.8660254037844387100, 1.000000000000000000, 0.8660254037844387100, 1.000000000000000000, 0.8660254037844387100, 1.000000000000000000, 0.8660254037844387100, 1.000000000000000000, 0.8660254037844387100, 1.000000000000000000, 0.8660254037844387100, 1.000000000000000000, 0.8660254037844387100, 1.000000000000000000, 0.8660254037844387100, 1.000000000000000000, 0.8660254037844387100, 1.000000000000000000, 0.8660254037844387100, 1.000000000000000000, 0.8660254037844387100, 1.000000000000000000, 0.8660254037844387100, 1.000000000000000000, 0.8660254037844387100, 1.000000000000000000, 0.8660254037844387100, 1.000000000000000000, 0.8660254037844387100, 1.000000000000000000, 0.8660254037844387100, 1.000000000000000000, 0.8660254037844387100, 1.000000000000000000, 0.8660254037844387100, 1.000000000000000000, 0.8660254037844387100, 1.000000000000000000, 0.8660254037844387100, 1.000000000000000000, 0.8660254037844387100, 1.000000000000000000, 0.8660254037844387100, 1.000000000000000000, 0.8660254037844387100, 1.000000000000000000, 0.8660254037844387100, 1.000000000000000000, 0.8660254037844387100, 1.000000000000000000, 0.8660254037844387100, 1.000000000000000000, 0.8660254037844387100, 1.000000000000000000, 0.8660254037844387100, 1.000000000000000000, 0.8660254037844387100, 1.000000000000000000, 0.8660254037844387100, 1.000000000000000000, 0.8660254037844387100, 1.000000000000000000, 0.8660254037844387100, 1.000000000000000000, 0.8660254037844387100, 1.000000000000000000, 0.8660254037844387100, 1.000000000000000000, 0.8660254037844387100, 1.000000000000000000) ) ) 
 REPRESENTATION_ITEM ( '' )  SURFACE ( )  );
#2352 = CARTESIAN_POINT ( 'NONE',  ( -0.09700520833333450800, -4.039210500559140100E-018, -0.06596531348257138300 ) ) ;
#2353 = CARTESIAN_POINT ( 'NONE',  ( -0.1527777777777788400, -0.02123417653293387500, -0.03677867261192821500 ) ) ;
#2354 = CARTESIAN_POINT ( 'NONE',  ( 0.1736111111111048600, -0.02123417653293384000, 0.03677867261192822900 ) ) ;
#2355 = ADVANCED_FACE ( 'NONE', ( #1075, #525 ), #3556, .T. ) ;
#2356 = CARTESIAN_POINT ( 'NONE',  ( -0.1762152777777784300, -0.04246835306586770700, 0.02451911507461881600 ) ) ;
#2357 = CARTESIAN_POINT ( 'NONE',  ( -0.02343750000000259200, 2.058740054288218200E-017, 0.05600000000000020900 ) ) ;
#2358 = CARTESIAN_POINT ( 'NONE',  ( -0.1874999999999999700, 0.03030225249717428300, -0.02975457117359770300 ) ) ;
#2359 = CARTESIAN_POINT ( 'NONE',  ( -0.008463541666669285500, 0.05712763724451096200, -6.996117809434148300E-018 ) ) ;
#2360 = ORIENTED_EDGE ( 'NONE', *, *, #1049, .T. ) ;
#2361 = AXIS2_PLACEMENT_3D ( 'NONE', #3263, #1538, #2963 ) ;
#2362 = CARTESIAN_POINT ( 'NONE',  ( -0.02690972222222528400, -0.04246835306586772100, -0.02451911507461879100 ) ) ;
#2363 = CARTESIAN_POINT ( 'NONE',  ( -0.1197916666666682500, 9.008176738217260500E-018, 0.04903823014923761700 ) ) ;
#2364 = CARTESIAN_POINT ( 'NONE',  ( 0.1844014850748748000, -0.02099178527816596100, -0.02614116135664020700 ) ) ;
#2365 = CARTESIAN_POINT ( 'NONE',  ( 0.05729166666666172400, 2.173114501748674800E-017, 0.05600000000000020900 ) ) ;
#2366 = VERTEX_POINT ( 'NONE', #2429 ) ;
#2367 = CARTESIAN_POINT ( 'NONE',  ( -0.09179687500000127700, 0.05712763724451096200, -6.996117809434148300E-018 ) ) ;
#2368 = CARTESIAN_POINT ( 'NONE',  ( -0.1388888888888901700, -0.02123417653293384000, 0.03677867261192822900 ) ) ;
#2369 = CARTESIAN_POINT ( 'NONE',  ( 0.1562499999999940000, -0.04246835306586774200, 0.0000000000000000000 ) ) ;
#2370 = CARTESIAN_POINT ( 'NONE',  ( -0.1675347222222230100, 0.02123417653293385400, -0.03677867261192820100 ) ) ;
#2371 = EDGE_CURVE ( 'NONE', #2152, #4281, #2444, .T. ) ;
#2372 = ORIENTED_EDGE ( 'NONE', *, *, #2528, .T. ) ;
#2373 = CARTESIAN_POINT ( 'NONE',  ( -0.1800227853516740400, -0.03123591615141575700, -0.04340401217652414800 ) ) ;
#2374 = CARTESIAN_POINT ( 'NONE',  ( 0.07204861111110648400, -0.02123417653293383300, 0.03677867261192821500 ) ) ;
#2375 = CARTESIAN_POINT ( 'NONE',  ( 0.1744451876629005100, -8.537024980200822600E-017, 0.0000000000000000000 ) ) ;
#2376 = CARTESIAN_POINT ( 'NONE',  ( -0.08485243055555694000, -0.02856381862225543900, 0.04947398511192856900 ) ) ;
#2377 = CARTESIAN_POINT ( 'NONE',  ( 0.08593749999999565600, -0.05600000000000021600, 0.0000000000000000000 ) ) ;
#2378 = CIRCLE ( 'NONE', #4074, 0.06035617608700149400 ) ;
#2379 = CARTESIAN_POINT ( 'NONE',  ( -0.09982638888889076900, 0.04246835306586772800, 0.02451911507461878800 ) ) ;
#2380 = CARTESIAN_POINT ( 'NONE',  ( -0.07465277777778009400, -0.04246835306586772100, 0.02451911507461883300 ) ) ;
#2381 = CARTESIAN_POINT ( 'NONE',  ( -0.1875000000000005000, 0.04246835306586774200, -5.200873264717461400E-018 ) ) ;
#2382 = MECHANICAL_CONTEXT ( 'NONE', #2044, 'mechanical' ) ;
#2383 = CYLINDRICAL_SURFACE ( 'NONE', #519, 0.05600000000000013300 ) ;
#2384 = CARTESIAN_POINT ( 'NONE',  ( -0.1660156250000015800, -0.05712763724451096200, 0.0000000000000000000 ) ) ;
#2385 = CYLINDRICAL_SURFACE ( 'NONE', #2679, 0.05600000000000013300 ) ;
#2386 = CARTESIAN_POINT ( 'NONE',  ( -0.1612413194444446100, -0.02856381862225548800, -0.04947398511192854100 ) ) ;
#2387 = CARTESIAN_POINT ( 'NONE',  ( -0.04513888888889166400, 0.02123417653293386400, -0.03677867261192821500 ) ) ;
#2388 = DIRECTION ( 'NONE',  ( 1.000000000000000000, -0.0000000000000000000, -0.0000000000000000000 ) ) ;
#2389 = CARTESIAN_POINT ( 'NONE',  ( -0.1660156250000015800, -0.05712763724451096200, 0.0000000000000000000 ) ) ;
#2390 = CARTESIAN_POINT ( 'NONE',  ( -0.02517361111111420300, -0.02123417653293386800, -0.03677867261192819400 ) ) ;
#2391 = CARTESIAN_POINT ( 'NONE',  ( -0.1841825380027879400, -0.02575619860349538300, 0.04170159293259497600 ) ) ;
#2392 = CARTESIAN_POINT ( 'NONE',  ( 0.05447048611110599800, 0.05712763724451097600, 0.03298265674128567100 ) ) ;
#2393 = CARTESIAN_POINT ( 'NONE',  ( 0.06510416666666216100, 0.04246835306586772800, -5.200873264717459100E-018 ) ) ;
#2394 = DIRECTION ( 'NONE',  ( 1.000000000000000000, -0.0000000000000000000, -0.0000000000000000000 ) ) ;
#2395 = CARTESIAN_POINT ( 'NONE',  ( -0.01540798611111360300, -0.02856381862225548800, -0.04947398511192854100 ) ) ;
#2396 = ORIENTED_EDGE ( 'NONE', *, *, #1758, .F. ) ;
#2397 = DIRECTION ( 'NONE',  ( 0.0000000000000000000, 0.0000000000000000000, -1.000000000000000000 ) ) ;
#2398 = CARTESIAN_POINT ( 'NONE',  ( -0.1128472222222239200, -0.04246835306586774200, -0.02451911507461880500 ) ) ;
#2399 = CARTESIAN_POINT ( 'NONE',  ( 0.004340277777774743100, -0.05600000000000021600, -0.03233161507461916600 ) ) ;
#2400 =( CONVERSION_BASED_UNIT ( 'INCH', #2319 ) LENGTH_UNIT ( ) NAMED_UNIT ( #2135 ) );
#2401 = ORIENTED_EDGE ( 'NONE', *, *, #4295, .T. ) ;
#2402 = AXIS2_PLACEMENT_3D ( 'NONE', #1793, #1761, #2838 ) ;
#2403 = CARTESIAN_POINT ( 'NONE',  ( -0.1380208333333340900, -6.862466847627394900E-018, -0.05600000000000021600 ) ) ;
#2404 = EDGE_CURVE ( 'NONE', #252, #2921, #2630, .T. ) ;
#2405 = CARTESIAN_POINT ( 'NONE',  ( -0.1473524305555559400, -0.02856381862225543900, 0.04947398511192856900 ) ) ;
#2406 = CARTESIAN_POINT ( 'NONE',  ( 0.02604166666666274000, 9.008176738217262000E-018, 0.04903823014923761700 ) ) ;
#2407 = CARTESIAN_POINT ( 'NONE',  ( -0.08962673611111392200, 0.02856381862225550900, 0.04947398511192853400 ) ) ;
#2408 = CARTESIAN_POINT ( 'NONE',  ( 0.01996527777777399800, 0.02123417653293385400, -0.03677867261192820100 ) ) ;
#2409 = CARTESIAN_POINT ( 'NONE',  ( 0.1154513888888835400, -0.04246835306586770700, 0.02451911507461881900 ) ) ;
#2410 = CARTESIAN_POINT ( 'NONE',  ( -0.1666666666666680200, -0.05600000000000021600, 0.0000000000000000000 ) ) ;
#2411 = CARTESIAN_POINT ( 'NONE',  ( 0.03493923611110779500, 0.05712763724451097600, 0.03298265674128567100 ) ) ;
#2412 = CARTESIAN_POINT ( 'NONE',  ( -0.07465277777778060700, 0.05600000000000020900, -0.03233161507461918700 ) ) ;
#2413 = CARTESIAN_POINT ( 'NONE',  ( -0.02430555555555866100, 0.02123417653293386400, -0.03677867261192821500 ) ) ;
#2414 = CARTESIAN_POINT ( 'NONE',  ( -0.1295572916666688200, 1.211763150167741700E-017, 0.06596531348257138300 ) ) ;
#2415 = CARTESIAN_POINT ( 'NONE',  ( -0.06575520833333502200, 1.211763150167741700E-017, 0.06596531348257138300 ) ) ;
#2416 = CARTESIAN_POINT ( 'NONE',  ( 0.02083333333332950200, 0.04246835306586774200, -5.200873264717461400E-018 ) ) ;
#2417 = DIRECTION ( 'NONE',  ( 0.0000000000000000000, 0.0000000000000000000, -1.000000000000000000 ) ) ;
#2418 = CARTESIAN_POINT ( 'NONE',  ( -0.09830729166666935000, -4.039210500559140100E-018, -0.06596531348257138300 ) ) ;
#2419 = CARTESIAN_POINT ( 'NONE',  ( -0.01822916666666984900, 0.04246835306586772800, -5.200873264717459100E-018 ) ) ;
#2420 = ORIENTED_EDGE ( 'NONE', *, *, #644, .F. ) ;
#2421 = CARTESIAN_POINT ( 'NONE',  ( -0.006138712473723085200, 0.01500515477614260800, 0.05600000000000039700 ) ) ;
#2422 = ADVANCED_FACE ( 'NONE', ( #4549 ), #2919, .T. ) ;
#2423 = CARTESIAN_POINT ( 'NONE',  ( 0.1258680555555500600, 0.04246835306586771400, -0.02451911507461881200 ) ) ;
#2424 = ORIENTED_EDGE ( 'NONE', *, *, #3309, .T. ) ;
#2425 = CARTESIAN_POINT ( 'NONE',  ( 0.02452256944444132200, -0.05712763724451096200, -0.03298265674128569200 ) ) ;
#2426 = DIRECTION ( 'NONE',  ( 0.0000000000000000000, 0.0000000000000000000, -1.000000000000000000 ) ) ;
#2427 = CARTESIAN_POINT ( 'NONE',  ( 0.02083333333332950200, 0.04246835306586774200, -5.200873264717461400E-018 ) ) ;
#2428 = VERTEX_POINT ( 'NONE', #3361 ) ;
#2429 = CARTESIAN_POINT ( 'NONE',  ( 0.1001438239129985300, 0.02288040793108737900, 0.05111249292401071100 ) ) ;
#2430 = VERTEX_POINT ( 'NONE', #545 ) ;
#2431 = CARTESIAN_POINT ( 'NONE',  ( -0.03450520833333550800, -4.039210500559140100E-018, -0.06596531348257138300 ) ) ;
#2432 = CARTESIAN_POINT ( 'NONE',  ( -0.01562500000000326500, 9.008176738217262000E-018, 0.04903823014923761700 ) ) ;
#2433 = CARTESIAN_POINT ( 'NONE',  ( -0.05729166666666977300, -1.852866048859396600E-016, -0.05600000000000020900 ) ) ;
#2434 = CARTESIAN_POINT ( 'NONE',  ( -0.1521267361111129100, 0.02856381862225550900, 0.04947398511192853400 ) ) ;
#2435 = CARTESIAN_POINT ( 'NONE',  ( -0.01996527777778093000, 0.04246835306586771400, -0.02451911507461881200 ) ) ;
#2436 = EDGE_CURVE ( 'NONE', #174, #2227, #3946, .T. ) ;
#2437 =( BOUNDED_CURVE ( )  B_SPLINE_CURVE ( 2, ( #2357, #1687, #3070, #4154, #268, #963, #3419, #645, #1320 ),
 .UNSPECIFIED., .F., .F. ) 
 B_SPLINE_CURVE_WITH_KNOTS ( ( 3, 2, 2, 2, 3 ),
 ( 0.4861111111111111000, 0.4907407407407407600, 0.5000000000000000000, 0.5092592592592593000, 0.5138888888888888400 ),
 .UNSPECIFIED. ) 
 CURVE ( )  GEOMETRIC_REPRESENTATION_ITEM ( )  RATIONAL_B_SPLINE_CURVE ( ( 0.9330127018922194100, 0.9330127018922194100, 1.000000000000000000, 0.8660254037844387100, 1.000000000000000000, 0.8660254037844387100, 1.000000000000000000, 0.9330127018922200800, 0.9330127018922193000 ) ) 
 REPRESENTATION_ITEM ( '' )  );
#2438 = TOROIDAL_SURFACE ( 'NONE', #273, 0.06035617608700145900, 0.004356176087001332200 ) ;
#2439 = ORIENTED_EDGE ( 'NONE', *, *, #3084, .F. ) ;
#2440 = CARTESIAN_POINT ( 'NONE',  ( 0.1414930555555497800, -0.02123417653293386800, -0.03677867261192819400 ) ) ;
#2441 = CARTESIAN_POINT ( 'NONE',  ( -0.1623887124737205800, -0.01500515477614293400, -0.05600000000000021600 ) ) ;
#2442 = CARTESIAN_POINT ( 'NONE',  ( 0.07660590277777380700, 0.05712763724451097600, 0.03298265674128567100 ) ) ;
#2443 = AXIS2_PLACEMENT_3D ( 'NONE', #4124, #3490, #2795 ) ;
#2444 = CIRCLE ( 'NONE', #726, 0.03850158773652737100 ) ;
#2445 = CARTESIAN_POINT ( 'NONE',  ( -0.1640625000000003300, -0.05600000000000021600, 0.0000000000000000000 ) ) ;
#2446 = EDGE_LOOP ( 'NONE', ( #3822, #1829, #1853, #3588 ) ) ;
#2447 = CARTESIAN_POINT ( 'NONE',  ( 0.03819444444444033300, 0.02123417653293386400, -0.03677867261192821500 ) ) ;
#2448 = CARTESIAN_POINT ( 'NONE',  ( 0.04253472222221860200, -0.05600000000000020200, 0.03233161507461920100 ) ) ;
#2449 = FACE_OUTER_BOUND ( 'NONE', #24, .T. ) ;
#2450 = ADVANCED_FACE ( 'NONE', ( #3492 ), #2001, .F. ) ;
#2451 = VERTEX_POINT ( 'NONE', #4435 ) ;
#2452 = CARTESIAN_POINT ( 'NONE',  ( 0.003689236111108302900, -0.05712763724451096200, -0.03298265674128569200 ) ) ;
#2453 = VECTOR ( 'NONE', #3567, 39.37007874015748100 ) ;
#2454 = CARTESIAN_POINT ( 'NONE',  ( -0.02777777777778085400, -0.02123417653293387500, -0.03677867261192821500 ) ) ;
#2455 = DIRECTION ( 'NONE',  ( 0.0000000000000000000, 0.0000000000000000000, -1.000000000000000000 ) ) ;
#2456 = CARTESIAN_POINT ( 'NONE',  ( -0.1017795138888915200, -0.05712763724451096200, -0.03298265674128569200 ) ) ;
#2457 = CARTESIAN_POINT ( 'NONE',  ( -0.0008680555555590227900, 0.02123417653293385400, -0.03677867261192820100 ) ) ;
#2458 = CARTESIAN_POINT ( 'NONE',  ( 0.1324999999999999800, 0.0000000000000000000, 0.0000000000000000000 ) ) ;
#2459 = ORIENTED_EDGE ( 'NONE', *, *, #2338, .F. ) ;
#2460 = CARTESIAN_POINT ( 'NONE',  ( -0.1788194444444451100, -0.04246835306586772100, 0.02451911507461883300 ) ) ;
#2461 = AXIS2_PLACEMENT_3D ( 'NONE', #223, #4391, #531 ) ;
#2462 = CARTESIAN_POINT ( 'NONE',  ( 0.1078559027777733400, -0.05712763724451096200, -0.03298265674128569200 ) ) ;
#2463 = CARTESIAN_POINT ( 'NONE',  ( 0.1001438239129985300, -8.537024980200822600E-017, 0.0000000000000000000 ) ) ;
#2464 = CARTESIAN_POINT ( 'NONE',  ( -0.02256944444444758400, 0.04246835306586772800, -0.02451911507461882300 ) ) ;
#2465 = CARTESIAN_POINT ( 'NONE',  ( -0.1319444444444463300, 0.02800000000000013200, 0.04849742261192873500 ) ) ;
#2466 = CARTESIAN_POINT ( 'NONE',  ( 0.01627604166666217500, 1.211763150167741700E-017, 0.06596531348257138300 ) ) ;
#2467 = CARTESIAN_POINT ( 'NONE',  ( -0.05642361111111367900, 0.02123417653293388100, 0.03677867261192818700 ) ) ;
#2468 = EDGE_CURVE ( 'NONE', #1387, #2693, #666, .T. ) ;
#2469 = CARTESIAN_POINT ( 'NONE',  ( -0.02235243055555795300, -0.02856381862225543900, 0.04947398511192856900 ) ) ;
#2470 = CARTESIAN_POINT ( 'NONE',  ( 0.05555555555555116000, -0.02123417653293387500, -0.03677867261192821500 ) ) ;
#2471 = CARTESIAN_POINT ( 'NONE',  ( -0.03478454580705491600, -0.01500515477614301800, -0.05600000000000017500 ) ) ;
#2472 = CARTESIAN_POINT ( 'NONE',  ( -0.04275173611111467200, -0.05712763724451094800, 0.03298265674128572600 ) ) ;
#2473 = CARTESIAN_POINT ( 'NONE',  ( 0.07725694444443970100, -0.04246835306586772800, -0.02451911507461879500 ) ) ;
#2474 = CARTESIAN_POINT ( 'NONE',  ( -0.005208333333337281300, 2.173114501748674800E-017, 0.05600000000000020900 ) ) ;
#2475 = AXIS2_PLACEMENT_3D ( 'NONE', #3057, #4496, #4173 ) ;
#2476 = CARTESIAN_POINT ( 'NONE',  ( -0.1875000000000005000, 0.04246835306586774200, -5.200873264717461400E-018 ) ) ;
#2477 = CARTESIAN_POINT ( 'NONE',  ( 0.08528645833332923500, -0.05712763724451096200, 0.0000000000000000000 ) ) ;
#2478 = CARTESIAN_POINT ( 'NONE',  ( -0.1875000000000005000, 0.04246835306586774200, -5.200873264717461400E-018 ) ) ;
#2479 = CARTESIAN_POINT ( 'NONE',  ( 0.01562499999999623000, -3.002725579405754300E-018, -0.04903823014923761700 ) ) ;
#2480 = CARTESIAN_POINT ( 'NONE',  ( 0.01996527777777399800, 0.02123417653293385400, -0.03677867261192820100 ) ) ;
#2481 = EDGE_LOOP ( 'NONE', ( #2719, #646, #33, #2420 ) ) ;
#2482 = CARTESIAN_POINT ( 'NONE',  ( -0.04839409722222418100, 0.05712763724451097600, 0.03298265674128567100 ) ) ;
#2483 = CARTESIAN_POINT ( 'NONE',  ( 0.05729166666666223700, -3.002725579405754300E-018, -0.04903823014923761700 ) ) ;
#2484 = CARTESIAN_POINT ( 'NONE',  ( -0.1855216878533639800, 0.003979524578753210200, 0.04756164547996906400 ) ) ;
#2485 = CARTESIAN_POINT ( 'NONE',  ( 0.03363715277777300200, 0.05712763724451097600, 0.03298265674128567100 ) ) ;
#2486 = CARTESIAN_POINT ( 'NONE',  ( 0.04253472222221806000, 0.04246835306586771400, -0.02451911507461881200 ) ) ;
#2487 = ORIENTED_EDGE ( 'NONE', *, *, #226, .T. ) ;
#2488 = CARTESIAN_POINT ( 'NONE',  ( 0.1744451876629005100, -6.975600311287946400E-017, 0.1275000000000000900 ) ) ;
#2489 = CARTESIAN_POINT ( 'NONE',  ( 0.1449652777777719300, 0.02123417653293385400, -0.03677867261192820100 ) ) ;
#2490 = VERTEX_POINT ( 'NONE', #4035 ) ;
#2491 = CARTESIAN_POINT ( 'NONE',  ( 0.1495225694444392800, -0.05712763724451096200, -0.03298265674128569200 ) ) ;
#2492 = AXIS2_PLACEMENT_3D ( 'NONE', #3283, #2262, #187 ) ;
#2493 = DIRECTION ( 'NONE',  ( 1.000000000000000000, -0.0000000000000000000, -0.0000000000000000000 ) ) ;
#2494 = EDGE_CURVE ( 'NONE', #1592, #1474, #3373, .T. ) ;
#2495 = CARTESIAN_POINT ( 'NONE',  ( 0.05902777777777331500, 0.02123417653293386400, -0.03677867261192821500 ) ) ;
#2496 = CARTESIAN_POINT ( 'NONE',  ( 0.1044999999999998000, 0.002944858108396045000, -0.04739702467305875700 ) ) ;
#2497 = CARTESIAN_POINT ( 'NONE',  ( 0.06336805555555104200, 0.04246835306586771400, -0.02451911507461881200 ) ) ;
#2498 = ADVANCED_FACE ( 'NONE', ( #2605 ), #1280, .T. ) ;
#2499 = CARTESIAN_POINT ( 'NONE',  ( 0.08528645833332923500, -0.05712763724451096200, 0.0000000000000000000 ) ) ;
#2500 = CARTESIAN_POINT ( 'NONE',  ( 0.1045000000000002700, 0.01008885129835851300, 0.04894724885597908500 ) ) ;
#2501 = CARTESIAN_POINT ( 'NONE',  ( 0.03710937499999516400, 1.211763150167741700E-017, 0.06596531348257138300 ) ) ;
#2502 = EDGE_CURVE ( 'NONE', #4533, #3236, #2171, .T. ) ;
#2503 = FACE_OUTER_BOUND ( 'NONE', #3054, .T. ) ;
#2504 = LINE ( 'NONE', #500, #3654 ) ;
#2505 = CARTESIAN_POINT ( 'NONE',  ( -0.04427083333333556300, -1.578367374954300700E-016, 0.05600000000000021600 ) ) ;
#2506 = CARTESIAN_POINT ( 'NONE',  ( -0.1770833333333340100, -0.04246835306586774200, 0.0000000000000000000 ) ) ;
#2507 = VECTOR ( 'NONE', #4082, 39.37007874015748900 ) ;
#2508 = CARTESIAN_POINT ( 'NONE',  ( -0.1781684027777791200, 0.05712763724451095500, -0.03298265674128571200 ) ) ;
#2509 = CONICAL_SURFACE ( 'NONE', #821, 0.1275000000000000900, 0.7155849933176828800 ) ;
#2510 = CARTESIAN_POINT ( 'NONE',  ( -0.1657986111111119400, 0.04246835306586771400, -0.02451911507461881200 ) ) ;
#2511 = CARTESIAN_POINT ( 'NONE',  ( 0.1044999999999999700, -0.05093233844997781300, -0.02003559273952254900 ) ) ;
#2512 = CARTESIAN_POINT ( 'NONE',  ( 0.02495659722221757500, -0.02856381862225548800, -0.04947398511192854100 ) ) ;
#2513 = CARTESIAN_POINT ( 'NONE',  ( 0.07031249999999539300, 9.008176738217257400E-018, 0.04903823014923759700 ) ) ;
#2514 = VERTEX_POINT ( 'NONE', #3993 ) ;
#2515 = CARTESIAN_POINT ( 'NONE',  ( 0.1061197916666622600, -0.05712763724451096200, 0.0000000000000000000 ) ) ;
#2516 = CARTESIAN_POINT ( 'NONE',  ( 0.06249999999999551100, 0.04246835306586774200, -5.200873264717461400E-018 ) ) ;
#2517 = CARTESIAN_POINT ( 'NONE',  ( 0.1874999999999999700, -8.537024980200822600E-017, 0.1243125000000000200 ) ) ;
#2518 = CARTESIAN_POINT ( 'NONE',  ( 0.0006510416666624289200, -0.05712763724451096200, 0.0000000000000000000 ) ) ;
#2519 = ORIENTED_EDGE ( 'NONE', *, *, #4320, .F. ) ;
#2520 = CARTESIAN_POINT ( 'NONE',  ( 0.1030683421713606700, 0.05713218270402273300, 0.007403321111580998800 ) ) ;
#2521 = ADVANCED_FACE ( 'NONE', ( #4158 ), #3223, .T. ) ;
#2522 = CARTESIAN_POINT ( 'NONE',  ( -0.06944444444444684800, -0.02123417653293387500, -0.03677867261192821500 ) ) ;
#2523 = CARTESIAN_POINT ( 'NONE',  ( 0.1044999999999998800, 0.05256899164984391700, -0.02343354078850208600 ) ) ;
#2524 = CARTESIAN_POINT ( 'NONE',  ( -0.1868489583333345900, -0.05712763724451096200, 0.0000000000000000000 ) ) ;
#2525 = CARTESIAN_POINT ( 'NONE',  ( -0.1484375000000011100, -3.002725579405752700E-018, -0.04903823014923759700 ) ) ;
#2526 = CARTESIAN_POINT ( 'NONE',  ( -0.004557291666670843300, 1.211763150167741700E-017, 0.06596531348257138300 ) ) ;
#2527 = CARTESIAN_POINT ( 'NONE',  ( 0.1137152777777724500, -0.02123417653293383300, 0.03677867261192821500 ) ) ;
#2528 = EDGE_CURVE ( 'NONE', #1709, #131, #3942, .T. ) ;
#2529 = CARTESIAN_POINT ( 'NONE',  ( 0.1269531249999952000, -0.05712763724451096200, 0.0000000000000000000 ) ) ;
#2530 = CARTESIAN_POINT ( 'NONE',  ( 0.1044999999999897000, -0.03112279607750794900, 0.04487859801372660200 ) ) ;
#2531 = CARTESIAN_POINT ( 'NONE',  ( -0.01323784722222624000, 0.02856381862225547100, -0.04947398511192854800 ) ) ;
#2532 =( BOUNDED_CURVE ( )  B_SPLINE_CURVE ( 2, ( #436, #4232, #3591, #1103, #2868, #1434, #392, #2471, #2144 ),
 .UNSPECIFIED., .F., .F. ) 
 B_SPLINE_CURVE_WITH_KNOTS ( ( 3, 2, 2, 2, 3 ),
 ( 0.4305555555555555800, 0.4351851851851851700, 0.4444444444444444200, 0.4537037037037037200, 0.4583333333333333100 ),
 .UNSPECIFIED. ) 
 CURVE ( )  GEOMETRIC_REPRESENTATION_ITEM ( )  RATIONAL_B_SPLINE_CURVE ( ( 0.9330127018922194100, 0.9330127018922197400, 1.000000000000000000, 0.8660254037844387100, 1.000000000000000000, 0.8660254037844387100, 1.000000000000000000, 0.9330127018922197400, 0.9330127018922194100 ) ) 
 REPRESENTATION_ITEM ( '' )  );
#2533 = CARTESIAN_POINT ( 'NONE',  ( 0.1030683421713606600, 0.05712307035124460100, -0.007473305671105310600 ) ) ;
#2534 = CARTESIAN_POINT ( 'NONE',  ( -0.1250000000000015000, 0.04246835306586774200, -5.200873264717461400E-018 ) ) ;
#2535 = ORIENTED_EDGE ( 'NONE', *, *, #1321, .F. ) ;
#2536 = CARTESIAN_POINT ( 'NONE',  ( 0.1044999999999999800, 0.03493657366024822300, 0.04734470515173962200 ) ) ;
#2537 = CARTESIAN_POINT ( 'NONE',  ( 0.1408420138888839000, 0.02856381862225550900, 0.04947398511192853400 ) ) ;
#2538 = CARTESIAN_POINT ( 'NONE',  ( -0.1571180555555565000, -0.02123417653293383300, 0.03677867261192821500 ) ) ;
#2539 = ORIENTED_EDGE ( 'NONE', *, *, #4059, .F. ) ;
#2540 = CARTESIAN_POINT ( 'NONE',  ( 0.07204861111110648400, -0.02123417653293383300, 0.03677867261192821500 ) ) ;
#2541 = ORIENTED_EDGE ( 'NONE', *, *, #3641, .F. ) ;
#2542 = CARTESIAN_POINT ( 'NONE',  ( 0.07313368055555163900, 0.05712763724451095500, -0.03298265674128571200 ) ) ;
#2543 = CARTESIAN_POINT ( 'NONE',  ( 0.1082899305555495900, -0.02856381862225548800, -0.04947398511192854100 ) ) ;
#2544 = CARTESIAN_POINT ( 'NONE',  ( 0.07877604166666116200, 1.211763150167741700E-017, 0.06596531348257138300 ) ) ;
#2545 = CARTESIAN_POINT ( 'NONE',  ( 0.05822204580704756100, -0.01500515477614290300, 0.05600000000000023000 ) ) ;
#2546 = CARTESIAN_POINT ( 'NONE',  ( 0.1874999999999999700, -8.537024980200822600E-017, -0.05600000000000013300 ) ) ;
#2547 = CARTESIAN_POINT ( 'NONE',  ( -0.01469462085961795300, 0.01500515477614258700, -0.05600000000000040400 ) ) ;
#2548 = APPROVAL_PERSON_ORGANIZATION ( #1607, #2918, #240 ) ;
#2549 = CARTESIAN_POINT ( 'NONE',  ( -0.09201388888889093500, -0.04246835306586774200, -0.02451911507461880500 ) ) ;
#2550 = CARTESIAN_POINT ( 'NONE',  ( 0.03645833333332871400, 2.173114501748674800E-017, 0.05600000000000020900 ) ) ;
#2551 = LINE ( 'NONE', #4011, #3270 ) ;
#2552 = CARTESIAN_POINT ( 'NONE',  ( -0.1015625000000018500, 0.04246835306586772800, -5.200873264717459100E-018 ) ) ;
#2553 = EDGE_CURVE ( 'NONE', #808, #4460, #2271, .T. ) ;
#2554 = CARTESIAN_POINT ( 'NONE',  ( 0.1710069444444382000, 0.04246835306586772800, 0.02451911507461878800 ) ) ;
#2555 = FACE_OUTER_BOUND ( 'NONE', #3900, .T. ) ;
#2556 = CARTESIAN_POINT ( 'NONE',  ( 0.06618923611110728900, -0.05712763724451096200, -0.03298265674128569200 ) ) ;
#2557 = CYLINDRICAL_SURFACE ( 'NONE', #335, 0.05600000000000013300 ) ;
#2558 = CARTESIAN_POINT ( 'NONE',  ( 0.1100260416666606600, -4.039210500559140100E-018, -0.06596531348257138300 ) ) ;
#2559 = CARTESIAN_POINT ( 'NONE',  ( 0.1569010416666599400, 0.05712763724451096200, -6.996117809434148300E-018 ) ) ;
#2560 = CARTESIAN_POINT ( 'NONE',  ( 0.1833132938681205100, 1.416633130274416200E-014, 0.03125000000000002800 ) ) ;
#2561 = DIRECTION ( 'NONE',  ( 0.7547095802227669100, 0.0000000000000000000, -0.6560590289905131600 ) ) ;
#2562 = EDGE_LOOP ( 'NONE', ( #4528, #354, #2941, #3642 ) ) ;
#2563 = CARTESIAN_POINT ( 'NONE',  ( -0.04861111111111383900, -0.02123417653293387500, -0.03677867261192821500 ) ) ;
#2564 = CARTESIAN_POINT ( 'NONE',  ( 0.1044999999999999500, 0.02321551027124309200, -0.05266285203907633500 ) ) ;
#2565 = ORIENTED_EDGE ( 'NONE', *, *, #468, .F. ) ;
#2566 = CARTESIAN_POINT ( 'NONE',  ( -0.1276041666666681000, -3.002725579405752700E-018, -0.04903823014923759700 ) ) ;
#2567 = CARTESIAN_POINT ( 'NONE',  ( 0.1206597222222168400, -0.02123417653293386800, -0.03677867261192819400 ) ) ;
#2568 = CARTESIAN_POINT ( 'NONE',  ( 0.1495225694444392800, -0.05712763724451096200, -0.03298265674128569200 ) ) ;
#2569 = CARTESIAN_POINT ( 'NONE',  ( 0.1569010416666599400, 0.05712763724451096200, -6.996117809434148300E-018 ) ) ;
#2570 = CARTESIAN_POINT ( 'NONE',  ( 0.1343315972222158500, 0.05712763724451095500, -0.03298265674128571200 ) ) ;
#2571 = CARTESIAN_POINT ( 'NONE',  ( -0.03407118055555924400, 0.02856381862225547100, -0.04947398511192854800 ) ) ;
#2572 = CARTESIAN_POINT ( 'NONE',  ( -0.06597222222222466600, 0.02123417653293386400, -0.03677867261192821500 ) ) ;
#2573 = AXIS2_PLACEMENT_3D ( 'NONE', #3452, #707, #2417 ) ;
#2574 = EDGE_CURVE ( 'NONE', #1086, #2068, #1618, .T. ) ;
#2575 =( BOUNDED_CURVE ( )  B_SPLINE_CURVE ( 2, ( #4433, #1643, #2314, #2285, #3748, #906, #3012, #4048, #4112 ),
 .UNSPECIFIED., .F., .F. ) 
 B_SPLINE_CURVE_WITH_KNOTS ( ( 3, 2, 2, 2, 3 ),
 ( 0.9027777777777777900, 0.9074074074074074400, 0.9166666666666666300, 0.9259259259259259300, 0.9305555555555555800 ),
 .UNSPECIFIED. ) 
 CURVE ( )  GEOMETRIC_REPRESENTATION_ITEM ( )  RATIONAL_B_SPLINE_CURVE ( ( 0.9330127018922194100, 0.9330127018922194100, 1.000000000000000000, 0.8660254037844387100, 1.000000000000000000, 0.8660254037844387100, 1.000000000000000000, 0.9330127018922194100, 0.9330127018922194100 ) ) 
 REPRESENTATION_ITEM ( '' )  );
#2576 = CARTESIAN_POINT ( 'NONE',  ( -0.08072916666666886400, 0.04246835306586772800, -5.200873264717459100E-018 ) ) ;
#2577 = CARTESIAN_POINT ( 'NONE',  ( -0.1103053791403881000, 0.01500515477614294700, 0.05600000000000020900 ) ) ;
#2578 = CARTESIAN_POINT ( 'NONE',  ( 0.08506944444443904900, -0.05600000000000021600, -0.03233161507461916600 ) ) ;
#2579 = EDGE_CURVE ( 'NONE', #2514, #2428, #631, .T. ) ;
#2580 = ORIENTED_EDGE ( 'NONE', *, *, #2308, .F. ) ;
#2581 = CARTESIAN_POINT ( 'NONE',  ( 0.1443142361111060800, -0.02856381862225543900, 0.04947398511192856900 ) ) ;
#2582 = CARTESIAN_POINT ( 'NONE',  ( 0.09092881944443875800, 0.02856381862225547100, -0.04947398511192854800 ) ) ;
#2583 = CARTESIAN_POINT ( 'NONE',  ( 0.08919270833332768000, -4.039210500559140100E-018, -0.06596531348257138300 ) ) ;
#2584 = DIRECTION ( 'NONE',  ( 1.000000000000000000, -0.0000000000000000000, -0.0000000000000000000 ) ) ;
#2585 = ORIENTED_EDGE ( 'NONE', *, *, #2579, .F. ) ;
#2586 = CARTESIAN_POINT ( 'NONE',  ( 0.1874999999999999700, -8.537024980200822600E-017, 0.0000000000000000000 ) ) ;
#2587 = CARTESIAN_POINT ( 'NONE',  ( 0.07118055555555090300, -0.04246835306586772100, 0.02451911507461883300 ) ) ;
#2588 = CARTESIAN_POINT ( 'NONE',  ( 0.06082621247371526600, -0.01500515477614307300, 0.05600000000000013300 ) ) ;
#2589 = ORIENTED_EDGE ( 'NONE', *, *, #761, .T. ) ;
#2590 = CARTESIAN_POINT ( 'NONE',  ( -0.03211805555555851500, -0.02123417653293383300, 0.03677867261192821500 ) ) ;
#2591 = VERTEX_POINT ( 'NONE', #3659 ) ;
#2592 = CARTESIAN_POINT ( 'NONE',  ( -0.1163194444444465800, 0.05600000000000020900, -0.03233161507461918700 ) ) ;
#2593 = CARTESIAN_POINT ( 'NONE',  ( 0.07905537914038056300, -0.01500515477614307000, 0.05600000000000013300 ) ) ;
#2594 = CARTESIAN_POINT ( 'NONE',  ( 0.1408420138888839000, 0.02856381862225550900, 0.04947398511192853400 ) ) ;
#2595 = CARTESIAN_POINT ( 'NONE',  ( 0.1030815972222163400, -0.05712763724451094800, 0.03298265674128572600 ) ) ;
#2596 = CARTESIAN_POINT ( 'NONE',  ( 0.09440104166666091200, 0.05712763724451096200, -6.996117809434148300E-018 ) ) ;
#2597 = CARTESIAN_POINT ( 'NONE',  ( -0.1258680555555565000, -0.02800000000000007000, 0.04849742261192877700 ) ) ;
#2598 = CONICAL_SURFACE ( 'NONE', #4248, 0.03850158773652737100, 1.047197551196600100 ) ;
#2599 = CARTESIAN_POINT ( 'NONE',  ( -0.06076388888889194100, -0.05600000000000021600, -0.03233161507461916600 ) ) ;
#2600 = CARTESIAN_POINT ( 'NONE',  ( 0.05729166666666223700, -3.002725579405754300E-018, -0.04903823014923761700 ) ) ;
#2601 = CARTESIAN_POINT ( 'NONE',  ( 0.1874999999999999700, -8.537024980200822600E-017, 0.0000000000000000000 ) ) ;
#2602 = VECTOR ( 'NONE', #2288, 39.37007874015748100 ) ;
#2603 = CARTESIAN_POINT ( 'NONE',  ( -0.01649305555555877200, 0.04246835306586772800, 0.02451911507461878800 ) ) ;
#2604 = EDGE_CURVE ( 'NONE', #639, #610, #3552, .T. ) ;
#2605 = FACE_OUTER_BOUND ( 'NONE', #414, .T. ) ;
#2606 = DIRECTION ( 'NONE',  ( 0.0000000000000000000, 0.0000000000000000000, 1.000000000000000000 ) ) ;
#2607 = LINE ( 'NONE', #556, #2327 ) ;
#2608 = CARTESIAN_POINT ( 'NONE',  ( -0.1855468749999997800, -0.05712763724451096200, 0.0000000000000000000 ) ) ;
#2609 = CARTESIAN_POINT ( 'NONE',  ( 0.1018092758721722000, -0.04098954501272342900, 0.03876005170352146700 ) ) ;
#2610 = CARTESIAN_POINT ( 'NONE',  ( -0.1744791666666673500, -0.04246835306586772800, 0.0000000000000000000 ) ) ;
#2611 = CARTESIAN_POINT ( 'NONE',  ( -0.08761128752628345700, -0.01500515477614257000, 0.05600000000000041700 ) ) ;
#2612 = CARTESIAN_POINT ( 'NONE',  ( -0.1006944444444468500, -0.02800000000000011500, -0.04849742261192874900 ) ) ;
#2613 = CARTESIAN_POINT ( 'NONE',  ( -0.02690972222222475600, 0.05600000000000023000, 0.03233161507461914500 ) ) ;
#2614 = ORIENTED_EDGE ( 'NONE', *, *, #3048, .T. ) ;
#2615 = CARTESIAN_POINT ( 'NONE',  ( 0.1324999999999999800, 0.0000000000000000000, 0.0000000000000000000 ) ) ;
#2616 = CARTESIAN_POINT ( 'NONE',  ( 0.1076388888888836800, 0.02123417653293388800, 0.03677867261192820800 ) ) ;
#2617 = VERTEX_POINT ( 'NONE', #2254 ) ;
#2618 = CARTESIAN_POINT ( 'NONE',  ( 0.01041666666666299200, -0.04246835306586774200, 0.0000000000000000000 ) ) ;
#2619 = CARTESIAN_POINT ( 'NONE',  ( 0.06684027777777375200, -0.05600000000000021600, -0.03233161507461916600 ) ) ;
#2620 = CARTESIAN_POINT ( 'NONE',  ( 0.1030683421713604700, -0.03496628583677409400, 0.04517660668887657500 ) ) ;
#2621 = CARTESIAN_POINT ( 'NONE',  ( -0.07725694444444668200, 0.02123417653293388100, 0.03677867261192818700 ) ) ;
#2622 = CARTESIAN_POINT ( 'NONE',  ( 0.1030683421713604900, -0.04453661989535975800, -0.03714040506709511600 ) ) ;
#2623 = CARTESIAN_POINT ( 'NONE',  ( -0.1959635416666662700, 0.05712763724451096200, -6.996117809434148300E-018 ) ) ;
#2624 = CARTESIAN_POINT ( 'NONE',  ( -0.1139322916666690700, 0.05712763724451096200, -6.996117809434148300E-018 ) ) ;
#2625 = CARTESIAN_POINT ( 'NONE',  ( -0.1588541666666676300, 9.008176738217257400E-018, 0.04903823014923759700 ) ) ;
#2626 = CARTESIAN_POINT ( 'NONE',  ( -0.1927083333333337600, -3.002725579405754300E-018, -0.04903823014923761700 ) ) ;
#2627 = CARTESIAN_POINT ( 'NONE',  ( 0.1044999999999999400, -8.537024980200822600E-017, 0.0000000000000000000 ) ) ;
#2628 = DIRECTION ( 'NONE',  ( 1.000000000000000000, -0.0000000000000000000, -0.0000000000000000000 ) ) ;
#2629 = CARTESIAN_POINT ( 'NONE',  ( 0.1030683421713605900, -1.200428450765968000E-013, -0.05712763724451094800 ) ) ;
#2630 =( BOUNDED_CURVE ( )  B_SPLINE_CURVE ( 2, ( #2861, #829, #1871, #2578, #1904, #1887, #153, #2593, #496 ),
 .UNSPECIFIED., .F., .F. ) 
 B_SPLINE_CURVE_WITH_KNOTS ( ( 3, 2, 2, 2, 3 ),
 ( 0.2638888888888889500, 0.2685185185185184900, 0.2777777777777777900, 0.2870370370370370900, 0.2916666666666666300 ),
 .UNSPECIFIED. ) 
 CURVE ( )  GEOMETRIC_REPRESENTATION_ITEM ( )  RATIONAL_B_SPLINE_CURVE ( ( 0.9330127018922193000, 0.9330127018922200800, 1.000000000000000000, 0.8660254037844387100, 1.000000000000000000, 0.8660254037844387100, 1.000000000000000000, 0.9330127018922200800, 0.9330127018922193000 ) ) 
 REPRESENTATION_ITEM ( '' )  );
#2631 = CARTESIAN_POINT ( 'NONE',  ( 0.1388888888888831200, -0.02123417653293387500, -0.03677867261192821500 ) ) ;
#2632 = CARTESIAN_POINT ( 'NONE',  ( 0.04166666666666248700, 0.04246835306586774200, -5.200873264717461400E-018 ) ) ;
#2633 = EDGE_CURVE ( 'NONE', #3232, #563, #1958, .T. ) ;
#2634 = B_SPLINE_CURVE_WITH_KNOTS ( 'NONE', 3,
 ( #1064, #2059, #2799, #3869 ),
 .UNSPECIFIED., .F., .F.,
 ( 4, 4 ),
 ( 0.0007961061679246880300, 0.001259492000677288800 ),
 .UNSPECIFIED. ) ;
#2635 = CARTESIAN_POINT ( 'NONE',  ( -0.03559027777778067700, 0.02123417653293388100, 0.03677867261192818700 ) ) ;
#2636 = EDGE_LOOP ( 'NONE', ( #1331, #86, #1521, #269 ) ) ;
#2637 = CARTESIAN_POINT ( 'NONE',  ( -0.1736111111111123800, 0.02800000000000013200, 0.04849742261192873500 ) ) ;
#2638 = CARTESIAN_POINT ( 'NONE',  ( -0.1438802083333337900, -0.05712763724451096200, 0.0000000000000000000 ) ) ;
#2639 = AXIS2_PLACEMENT_3D ( 'NONE', #577, #2985, #3366 ) ;
#2640 = ORIENTED_EDGE ( 'NONE', *, *, #3795, .T. ) ;
#2641 = CARTESIAN_POINT ( 'NONE',  ( 0.1833094114829387500, -0.03011402931142170100, 0.01034097121199927100 ) ) ;
#2642 = CARTESIAN_POINT ( 'NONE',  ( 0.1864149305555483600, -0.05712763724451094800, 0.03298265674128572600 ) ) ;
#2643 = CARTESIAN_POINT ( 'NONE',  ( 0.1324999999999999800, -0.03608439182435165000, 1.682235272644884300E-017 ) ) ;
#2644 = CARTESIAN_POINT ( 'NONE',  ( 0.04687499999999522600, -6.862466847627394900E-018, -0.05600000000000021600 ) ) ;
#2645 = VERTEX_POINT ( 'NONE', #1212 ) ;
#2646 = CARTESIAN_POINT ( 'NONE',  ( 0.07812499999999525400, -3.002725579405754300E-018, -0.04903823014923761700 ) ) ;
#2647 = CARTESIAN_POINT ( 'NONE',  ( 0.003472222222218675400, 0.02123417653293388800, 0.03677867261192820800 ) ) ;
#2648 = DIRECTION ( 'NONE',  ( 0.0000000000000000000, 0.0000000000000000000, -1.000000000000000000 ) ) ;
#2649 = PRODUCT_DEFINITION_FORMATION_WITH_SPECIFIED_SOURCE ( 'ANY', '', #583, .NOT_KNOWN. ) ;
#2650 = CARTESIAN_POINT ( 'NONE',  ( 0.05815972222221781100, -0.02123417653293386800, -0.03677867261192819400 ) ) ;
#2651 = CARTESIAN_POINT ( 'NONE',  ( -0.1143663194444453600, 0.05712763724451095500, -0.03298265674128571200 ) ) ;
#2652 = CYLINDRICAL_SURFACE ( 'NONE', #3905, 0.05600000000000013300 ) ;
#2653 = CARTESIAN_POINT ( 'NONE',  ( -0.1588541666666671300, -5.261224583181003900E-017, -0.05600000000000020900 ) ) ;
#2654 = CARTESIAN_POINT ( 'NONE',  ( -0.1085069444444461800, -0.02123417653293386800, -0.03677867261192819400 ) ) ;
#2655 = CARTESIAN_POINT ( 'NONE',  ( -0.1840277777777783500, 0.02123417653293388800, 0.03677867261192820800 ) ) ;
#2656 = CARTESIAN_POINT ( 'NONE',  ( 0.1874999999999999700, -7.851222772678303800E-017, 0.05600000000000013300 ) ) ;
#2657 = CARTESIAN_POINT ( 'NONE',  ( -0.07378472222222400000, 0.02800000000000009800, -0.04849742261192875600 ) ) ;
#2658 = CARTESIAN_POINT ( 'NONE',  ( -0.01655537914038962200, -0.01500515477614326700, -0.05600000000000002900 ) ) ;
#2659 = CARTESIAN_POINT ( 'NONE',  ( 0.1510416666666607700, 9.008176738217260500E-018, 0.04903823014923761700 ) ) ;
#2660 = CARTESIAN_POINT ( 'NONE',  ( -0.09722222222222416700, -0.02123417653293384000, 0.03677867261192822900 ) ) ;
#2661 = CARTESIAN_POINT ( 'NONE',  ( -0.07226562500000309500, 0.05712763724451096200, -6.996117809434148300E-018 ) ) ;
#2662 = CARTESIAN_POINT ( 'NONE',  ( -0.1397569444444456700, 0.02123417653293388100, 0.03677867261192818700 ) ) ;
#2663 = ORIENTED_EDGE ( 'NONE', *, *, #4349, .F. ) ;
#2664 = EDGE_LOOP ( 'NONE', ( #3533, #305, #2946, #478 ) ) ;
#2665 = B_SPLINE_CURVE_WITH_KNOTS ( 'NONE', 3,
 ( #882, #3814, #2034, #188, #2373, #282, #1590, #2708, #626, #3323, #4382, #1223, #3678, #4042, #4060, #3339, #1577, #2391, #1924, #4138, #1338, #4395 ),
 .UNSPECIFIED., .F., .F.,
 ( 4, 2, 2, 2, 2, 2, 2, 2, 2, 2, 4 ),
 ( 0.001109699153946953900, 0.001617111894350856700, 0.002124524634754759200, 0.002631937375158661900, 0.003139350115562564700, 0.003393056485764516500, 0.003646762855966467400, 0.004154175596370370200, 0.004407881966572322000, 0.004661588336774272900, 0.005169001077178175600 ),
 .UNSPECIFIED. ) ;
#2666 = EDGE_CURVE ( 'NONE', #2846, #2083, #1788, .T. ) ;
#2667 = CARTESIAN_POINT ( 'NONE',  ( -0.1091579861111121000, 0.02856381862225550900, 0.04947398511192853400 ) ) ;
#2668 = VERTEX_POINT ( 'NONE', #1614 ) ;
#2669 = CARTESIAN_POINT ( 'NONE',  ( -0.1779513888888895300, -0.02123417653293383300, 0.03677867261192821500 ) ) ;
#2670 = CARTESIAN_POINT ( 'NONE',  ( -0.07986111111111385300, -0.02800000000000011500, -0.04849742261192874900 ) ) ;
#2671 = CARTESIAN_POINT ( 'NONE',  ( 0.1861044312893994100, -0.01804219591220774000, 0.03125000000000003500 ) ) ;
#2672 = CC_DESIGN_PERSON_AND_ORGANIZATION_ASSIGNMENT ( #787, #4468, ( #2649 ) ) ;
#2673 = CARTESIAN_POINT ( 'NONE',  ( 0.1844203305309783900, 0.01220829975479921300, 0.03125000000000002800 ) ) ;
#2674 = CARTESIAN_POINT ( 'NONE',  ( 0.1249999999999945000, 0.04246835306586774200, -5.200873264717461400E-018 ) ) ;
#2675 = CARTESIAN_POINT ( 'NONE',  ( -0.1579861111111120800, -0.04246835306586772800, 0.02451911507461883300 ) ) ;
#2676 = CARTESIAN_POINT ( 'NONE',  ( 0.1319444444444388100, -0.02123417653293384000, 0.03677867261192822900 ) ) ;
#2677 = CARTESIAN_POINT ( 'NONE',  ( -0.1744791666666673500, -0.04246835306586772800, 0.0000000000000000000 ) ) ;
#2678 = CARTESIAN_POINT ( 'NONE',  ( -0.06575520833333502200, 1.211763150167741700E-017, 0.06596531348257138300 ) ) ;
#2679 = AXIS2_PLACEMENT_3D ( 'NONE', #1147, #1189, #121 ) ;
#2680 = CARTESIAN_POINT ( 'NONE',  ( 0.1324999999999999800, -0.01804219591217583200, 0.03125000000000003500 ) ) ;
#2681 = CARTESIAN_POINT ( 'NONE',  ( -0.05121527777778043400, -0.04246835306586770700, 0.02451911507461881900 ) ) ;
#2682 = CARTESIAN_POINT ( 'NONE',  ( -0.09895833333333525800, 9.008176738217260500E-018, 0.04903823014923761700 ) ) ;
#2683 = CARTESIAN_POINT ( 'NONE',  ( 0.02083333333332897500, -0.05600000000000021600, 0.0000000000000000000 ) ) ;
#2684 = PERSON_AND_ORGANIZATION_ROLE ( 'creator' ) ;
#2685 = ORIENTED_EDGE ( 'NONE', *, *, #1028, .F. ) ;
#2686 = DIRECTION ( 'NONE',  ( 0.4999999999999979500, 0.0000000000000000000, -0.8660254037844397100 ) ) ;
#2687 = CARTESIAN_POINT ( 'NONE',  ( -0.1369357638888894200, 0.02856381862225547100, -0.04947398511192854800 ) ) ;
#2688 = CARTESIAN_POINT ( 'NONE',  ( -0.1232638888888904200, 0.04246835306586774900, 0.02451911507461879500 ) ) ;
#2689 = CARTESIAN_POINT ( 'NONE',  ( 0.1579861111111050800, -0.04246835306586774200, -0.02451911507461880500 ) ) ;
#2690 = CARTESIAN_POINT ( 'NONE',  ( -0.1223958333333348400, 0.04246835306586772800, -5.200873264717459100E-018 ) ) ;
#2691 = EDGE_CURVE ( 'NONE', #2428, #1709, #4374, .T. ) ;
#2692 = VERTEX_POINT ( 'NONE', #3359 ) ;
#2693 = VERTEX_POINT ( 'NONE', #4464 ) ;
#2694 = CARTESIAN_POINT ( 'NONE',  ( 0.1833094114829376700, 0.02401255842510896200, 0.02090902878799511700 ) ) ;
#2695 = CARTESIAN_POINT ( 'NONE',  ( -0.04492187500000201900, 1.211763150167741700E-017, 0.06596531348257138300 ) ) ;
#2696 = CARTESIAN_POINT ( 'NONE',  ( 0.006138712473715041300, 0.01500515477614275200, -0.05600000000000031300 ) ) ;
#2697 = AXIS2_PLACEMENT_3D ( 'NONE', #3895, #4186, #1749 ) ;
#2698 = CARTESIAN_POINT ( 'NONE',  ( -0.1015625000000018500, 0.04246835306586772800, -5.200873264717459100E-018 ) ) ;
#2699 = CARTESIAN_POINT ( 'NONE',  ( -0.07812500000000226200, 9.008176738217260500E-018, 0.04903823014923761700 ) ) ;
#2700 = ORIENTED_EDGE ( 'NONE', *, *, #4210, .T. ) ;
#2701 = CARTESIAN_POINT ( 'NONE',  ( 0.01655537914038157600, -0.01500515477614307000, 0.05600000000000013300 ) ) ;
#2702 = DIRECTION ( 'NONE',  ( 0.0000000000000000000, 0.0000000000000000000, -1.000000000000000000 ) ) ;
#2703 = CARTESIAN_POINT ( 'NONE',  ( -0.003534545807055388700, 0.01500515477614277600, 0.05600000000000030600 ) ) ;
#2704 = CARTESIAN_POINT ( 'NONE',  ( -0.1161024305555564400, 0.02856381862225547100, -0.04947398511192854800 ) ) ;
#2705 = CARTESIAN_POINT ( 'NONE',  ( -0.1684027777777785700, 0.04246835306586772800, -0.02451911507461883000 ) ) ;
#2706 = ORGANIZATION ( 'UNSPECIFIED', 'UNSPECIFIED', '' ) ;
#2707 = CARTESIAN_POINT ( 'NONE',  ( -0.07899305555555775900, 0.04246835306586772800, 0.02451911507461879100 ) ) ;
#2708 = CARTESIAN_POINT ( 'NONE',  ( -0.1814007148398728800, -0.04959758088396308600, -0.01598458484308412600 ) ) ;
#2709 = CARTESIAN_POINT ( 'NONE',  ( 0.1861044312894212500, 0.01804219591217576200, -0.03125000000000000000 ) ) ;
#2710 = FACE_OUTER_BOUND ( 'NONE', #2562, .T. ) ;
#2711 = DESIGN_CONTEXT ( 'detailed design', #3112, 'design' ) ;
#2712 = CARTESIAN_POINT ( 'NONE',  ( -0.09353298611111235400, 0.05712763724451095500, -0.03298265674128571200 ) ) ;
#2713 = CARTESIAN_POINT ( 'NONE',  ( -0.05295138888889099100, 0.02800000000000009800, -0.04849742261192875600 ) ) ;
#2714 = VECTOR ( 'NONE', #3752, 39.37007874015748100 ) ;
#2715 = CARTESIAN_POINT ( 'NONE',  ( -0.01128472222222553400, -0.02123417653293383300, 0.03677867261192821500 ) ) ;
#2716 = CARTESIAN_POINT ( 'NONE',  ( -0.1093750000000017500, -3.002725579405754300E-018, -0.04903823014923761700 ) ) ;
#2717 = CARTESIAN_POINT ( 'NONE',  ( 0.0008680555555525849000, -0.05600000000000020200, 0.03233161507461920100 ) ) ;
#2718 = CARTESIAN_POINT ( 'NONE',  ( 0.1874999999999999700, -8.537024980200822600E-017, 0.0000000000000000000 ) ) ;
#2719 = ORIENTED_EDGE ( 'NONE', *, *, #495, .F. ) ;
#2720 = CARTESIAN_POINT ( 'NONE',  ( -0.004340277777780653300, 0.02800000000000013200, 0.04849742261192874200 ) ) ;
#2721 = CARTESIAN_POINT ( 'NONE',  ( -0.09526909722222344500, 0.02856381862225547100, -0.04947398511192854800 ) ) ;
#2722 = VERTEX_POINT ( 'NONE', #528 ) ;
#2723 = CARTESIAN_POINT ( 'NONE',  ( -0.1145833333333350100, -0.04246835306586774200, 0.0000000000000000000 ) ) ;
#2724 = CARTESIAN_POINT ( 'NONE',  ( 0.1666666666666604700, 0.04246835306586774200, -5.200873264717461400E-018 ) ) ;
#2725 = CARTESIAN_POINT ( 'NONE',  ( -0.1154513888888905200, -0.02123417653293383300, 0.03677867261192821500 ) ) ;
#2726 = CARTESIAN_POINT ( 'NONE',  ( 0.1088561760870014200, -8.537024980200822600E-017, 0.0000000000000000000 ) ) ;
#2727 = EDGE_LOOP ( 'NONE', ( #1923, #4191, #3802 ) ) ;
#2728 = EDGE_CURVE ( 'NONE', #1226, #970, #3391, .T. ) ;
#2729 = CARTESIAN_POINT ( 'NONE',  ( 0.09288194444443946500, -0.02123417653293383300, 0.03677867261192821500 ) ) ;
#2730 = CARTESIAN_POINT ( 'NONE',  ( 0.1874999999999999700, -8.537024980200822600E-017, 0.0000000000000000000 ) ) ;
#2731 = CARTESIAN_POINT ( 'NONE',  ( -0.09179687500000127700, 0.05712763724451096200, -6.996117809434148300E-018 ) ) ;
#2732 = CARTESIAN_POINT ( 'NONE',  ( 0.1324999999999999800, -7.393280505596257900E-018, -0.03124999999999999700 ) ) ;
#2733 = CARTESIAN_POINT ( 'NONE',  ( -0.07812500000000277600, -1.852866048859396600E-016, -0.05600000000000020900 ) ) ;
#2734 = CARTESIAN_POINT ( 'NONE',  ( -0.004340277777781181500, -0.02123417653293386800, -0.03677867261192819400 ) ) ;
#2735 = CARTESIAN_POINT ( 'NONE',  ( -0.1527777777777788400, -0.02123417653293387500, -0.03677867261192821500 ) ) ;
#2736 = CARTESIAN_POINT ( 'NONE',  ( -0.1397569444444451700, -0.02800000000000011500, -0.04849742261192874900 ) ) ;
#2737 = CARTESIAN_POINT ( 'NONE',  ( -0.1490885416666670200, 1.211763150167741700E-017, 0.06596531348257138300 ) ) ;
#2738 = CARTESIAN_POINT ( 'NONE',  ( -0.03819444444444732700, 0.02123417653293388800, 0.03677867261192820800 ) ) ;
#2739 = CARTESIAN_POINT ( 'NONE',  ( -0.08767361111111268700, 0.02800000000000013200, 0.04849742261192874200 ) ) ;
#2740 = CARTESIAN_POINT ( 'NONE',  ( -0.09657118055555824500, 0.02856381862225547100, -0.04947398511192854800 ) ) ;
#2741 = CARTESIAN_POINT ( 'NONE',  ( -0.006076388888892260400, -0.04246835306586772800, -0.02451911507461879500 ) ) ;
#2742 = DIRECTION ( 'NONE',  ( 0.0000000000000000000, 0.0000000000000000000, -1.000000000000000000 ) ) ;
#2743 = CARTESIAN_POINT ( 'NONE',  ( 0.09635416666666166100, -0.04246835306586772800, 0.0000000000000000000 ) ) ;
#2744 = CARTESIAN_POINT ( 'NONE',  ( 0.1324999999999999800, 0.0000000000000000000, 0.0000000000000000000 ) ) ;
#2745 = CARTESIAN_POINT ( 'NONE',  ( -0.006727430555558207500, 0.05712763724451097600, 0.03298265674128567100 ) ) ;
#2746 = CARTESIAN_POINT ( 'NONE',  ( -0.09982638888889025500, -0.05600000000000021600, -0.03233161507461916600 ) ) ;
#2747 = EDGE_LOOP ( 'NONE', ( #775, #4306, #318, #4308 ) ) ;
#2748 = CARTESIAN_POINT ( 'NONE',  ( -0.1753472222222229000, -0.04246835306586774200, -0.02451911507461880500 ) ) ;
#2749 = CARTESIAN_POINT ( 'NONE',  ( 0.1874999999999999700, -8.537024980200822600E-017, 0.0000000000000000000 ) ) ;
#2750 = PERSON_AND_ORGANIZATION_ROLE ( 'design_owner' ) ;
#2751 = CARTESIAN_POINT ( 'NONE',  ( -0.1347656250000020800, 0.05712763724451096200, -6.996117809434148300E-018 ) ) ;
#2752 = ORIENTED_EDGE ( 'NONE', *, *, #2281, .F. ) ;
#2753 = CARTESIAN_POINT ( 'NONE',  ( -0.1560329861111113300, 0.05712763724451095500, -0.03298265674128571200 ) ) ;
#2754 = CARTESIAN_POINT ( 'NONE',  ( 0.03472222222221817100, -0.02123417653293387500, -0.03677867261192821500 ) ) ;
#2755 = CARTESIAN_POINT ( 'NONE',  ( -0.1503906250000018300, 1.211763150167741700E-017, 0.06596531348257138300 ) ) ;
#2756 = CARTESIAN_POINT ( 'NONE',  ( -0.05642361111111367900, 0.02123417653293388100, 0.03677867261192818700 ) ) ;
#2757 = EDGE_CURVE ( 'NONE', #345, #1185, #2575, .T. ) ;
#2758 = VERTEX_POINT ( 'NONE', #3718 ) ;
#2759 = CARTESIAN_POINT ( 'NONE',  ( 0.005208333333329205300, -3.682857208226702500E-016, -0.05600000000000023000 ) ) ;
#2760 = CARTESIAN_POINT ( 'NONE',  ( 0.1206597222222168400, -0.02123417653293386800, -0.03677867261192819400 ) ) ;
#2761 = CARTESIAN_POINT ( 'NONE',  ( 0.1044999999999999300, 0.04222222853460239800, 0.004565570030018686900 ) ) ;
#2762 = CARTESIAN_POINT ( 'NONE',  ( 0.02278645833333021000, -0.05712763724451096200, 0.0000000000000000000 ) ) ;
#2763 = CARTESIAN_POINT ( 'NONE',  ( 0.08246527777777348800, -0.02800000000000007000, 0.04849742261192877700 ) ) ;
#2764 = CALENDAR_DATE ( 2024, 21, 8 ) ;
#2765 = CARTESIAN_POINT ( 'NONE',  ( 0.03906249999999642600, 2.058740054288218200E-017, 0.05600000000000020900 ) ) ;
#2766 = CARTESIAN_POINT ( 'NONE',  ( -0.01909722222222542600, 0.04246835306586775600, 0.02451911507461879100 ) ) ;
#2767 = VECTOR ( 'NONE', #1450, 39.37007874015748900 ) ;
#2768 = ADVANCED_FACE ( 'NONE', ( #3705 ), #3829, .T. ) ;
#2769 = CARTESIAN_POINT ( 'NONE',  ( -0.1467013888888895100, -0.02800000000000007000, 0.04849742261192877700 ) ) ;
#2770 = CARTESIAN_POINT ( 'NONE',  ( -0.07269965277777935800, 0.05712763724451095500, -0.03298265674128571200 ) ) ;
#2771 = CARTESIAN_POINT ( 'NONE',  ( -0.06597222222222466600, 0.02123417653293386400, -0.03677867261192821500 ) ) ;
#2772 = CARTESIAN_POINT ( 'NONE',  ( -0.08094618055555850800, -0.05712763724451096200, -0.03298265674128569200 ) ) ;
#2773 = CARTESIAN_POINT ( 'NONE',  ( -0.04253472222222501300, 0.02123417653293385400, -0.03677867261192820100 ) ) ;
#2774 = LINE ( 'NONE', #2680, #1841 ) ;
#2775 = LINE ( 'NONE', #2320, #4377 ) ;
#2776 = DIRECTION ( 'NONE',  ( 0.0000000000000000000, 1.000000000000000000, -1.224646799147353200E-016 ) ) ;
#2777 = CARTESIAN_POINT ( 'NONE',  ( 0.1189236111111057500, -0.04246835306586772100, -0.02451911507461879100 ) ) ;
#2778 = CARTESIAN_POINT ( 'NONE',  ( 0.08007812499999594800, 1.211763150167741700E-017, 0.06596531348257138300 ) ) ;
#2779 = CYLINDRICAL_SURFACE ( 'NONE', #4360, 0.05600000000000013300 ) ;
#2780 =( BOUNDED_CURVE ( )  B_SPLINE_CURVE ( 2, ( #3346, #1599, #2657, #562, #3364, #1263, #4086, #2318, #224 ),
 .UNSPECIFIED., .F., .F. ) 
 B_SPLINE_CURVE_WITH_KNOTS ( ( 3, 2, 2, 2, 3 ),
 ( 0.3472222222222222100, 0.3518518518518518600, 0.3611111111111111000, 0.3703703703703703500, 0.3750000000000000000 ),
 .UNSPECIFIED. ) 
 CURVE ( )  GEOMETRIC_REPRESENTATION_ITEM ( )  RATIONAL_B_SPLINE_CURVE ( ( 0.9330127018922194100, 0.9330127018922189700, 1.000000000000000000, 0.8660254037844387100, 1.000000000000000000, 0.8660254037844387100, 1.000000000000000000, 0.9330127018922194100, 0.9330127018922194100 ) ) 
 REPRESENTATION_ITEM ( '' )  );
#2781 = CARTESIAN_POINT ( 'NONE',  ( -0.1657986111111114100, -0.05600000000000020200, 0.03233161507461920100 ) ) ;
#2782 = CARTESIAN_POINT ( 'NONE',  ( -0.05208333333333600000, -0.04246835306586774200, 0.0000000000000000000 ) ) ;
#2783 = DIRECTION ( 'NONE',  ( 1.000000000000000000, -0.0000000000000000000, -0.0000000000000000000 ) ) ;
#2784 = ORIENTED_EDGE ( 'NONE', *, *, #3403, .T. ) ;
#2785 = EDGE_CURVE ( 'NONE', #2092, #1647, #1563, .T. ) ;
#2786 = CARTESIAN_POINT ( 'NONE',  ( -0.07790798611111261800, -0.02856381862225548800, -0.04947398511192854100 ) ) ;
#2787 = CARTESIAN_POINT ( 'NONE',  ( 0.01041666666666299200, -0.04246835306586774200, 0.0000000000000000000 ) ) ;
#2788 = CARTESIAN_POINT ( 'NONE',  ( -0.08686787914038740500, 0.01500515477614286300, 0.05600000000000025100 ) ) ;
#2789 = CARTESIAN_POINT ( 'NONE',  ( -0.1608072916666683200, -4.039210500559140100E-018, -0.06596531348257138300 ) ) ;
#2790 = CARTESIAN_POINT ( 'NONE',  ( -0.05295138888889152500, -0.02123417653293383300, 0.03677867261192821500 ) ) ;
#2791 = CARTESIAN_POINT ( 'NONE',  ( -0.1770833333333335600, -8.537024980200822600E-017, 0.0000000000000000000 ) ) ;
#2792 = AXIS2_PLACEMENT_3D ( 'NONE', #1544, #4376, #2220 ) ;
#2793 = ADVANCED_FACE ( 'NONE', ( #1939 ), #3602, .T. ) ;
#2794 = CARTESIAN_POINT ( 'NONE',  ( -0.1631944444444453400, 0.02123417653293388800, 0.03677867261192820800 ) ) ;
#2795 = DIRECTION ( 'NONE',  ( 0.0000000000000000000, 0.0000000000000000000, 1.000000000000000000 ) ) ;
#2796 = CARTESIAN_POINT ( 'NONE',  ( 0.08702256944444031200, -0.05712763724451096200, -0.03298265674128569200 ) ) ;
#2797 = CARTESIAN_POINT ( 'NONE',  ( 0.1010386511895045900, 0.007811139120137355700, 0.05607144215138740900 ) ) ;
#2798 = CARTESIAN_POINT ( 'NONE',  ( 0.03124999999999597900, -0.04246835306586774200, 0.0000000000000000000 ) ) ;
#2799 = CARTESIAN_POINT ( 'NONE',  ( 0.1833132938682601700, -0.006093239277293956300, -0.03124999999999999700 ) ) ;
#2800 = CARTESIAN_POINT ( 'NONE',  ( -0.08138020833333477200, -0.05712763724451096200, 0.0000000000000000000 ) ) ;
#2801 = CARTESIAN_POINT ( 'NONE',  ( -0.07118055555555792600, -0.04246835306586774200, -0.02451911507461879800 ) ) ;
#2802 = CARTESIAN_POINT ( 'NONE',  ( -0.1370904541929483000, 0.01500515477614292000, -0.05600000000000023000 ) ) ;
#2803 = CARTESIAN_POINT ( 'NONE',  ( -0.1069878472222247500, -0.02856381862225543900, 0.04947398511192856900 ) ) ;
#2804 = CARTESIAN_POINT ( 'NONE',  ( 0.02864583333332939400, 9.008176738217257400E-018, 0.04903823014923759700 ) ) ;
#2805 = ORIENTED_EDGE ( 'NONE', *, *, #605, .T. ) ;
#2806 = CARTESIAN_POINT ( 'NONE',  ( 0.1874999999999999700, -8.537024980200822600E-017, 0.0000000000000000000 ) ) ;
#2807 = CARTESIAN_POINT ( 'NONE',  ( 0.1640624999999938700, -3.002725579405752700E-018, -0.04903823014923759700 ) ) ;
#2808 = ORIENTED_EDGE ( 'NONE', *, *, #1081, .T. ) ;
#2809 = CARTESIAN_POINT ( 'NONE',  ( 0.02625868055555240200, -0.02856381862225548800, -0.04947398511192854100 ) ) ;
#2810 = EDGE_CURVE ( 'NONE', #3835, #2645, #267, .T. ) ;
#2811 = CARTESIAN_POINT ( 'NONE',  ( -0.03993055555555841100, 0.04246835306586775600, 0.02451911507461879100 ) ) ;
#2812 = ORIENTED_EDGE ( 'NONE', *, *, #3641, .T. ) ;
#2813 = CARTESIAN_POINT ( 'NONE',  ( 0.01801215277777325600, -0.02856381862225543900, 0.04947398511192856900 ) ) ;
#2814 = CARTESIAN_POINT ( 'NONE',  ( 0.02517361111110724000, 0.04246835306586772800, 0.02451911507461878800 ) ) ;
#2815 = ADVANCED_FACE ( 'NONE', ( #3436 ), #902, .T. ) ;
#2816 = ORIENTED_EDGE ( 'NONE', *, *, #464, .F. ) ;
#2817 = CARTESIAN_POINT ( 'NONE',  ( 0.008897569444441574800, 0.02856381862225547100, -0.04947398511192854800 ) ) ;
#2818 = CARTESIAN_POINT ( 'NONE',  ( 0.07986111111110633100, 0.02123417653293386400, -0.03677867261192821500 ) ) ;
#2819 = LOCAL_TIME ( 11, 44, 35.00000000000000000, #3694 ) ;
#2820 = CARTESIAN_POINT ( 'NONE',  ( 0.01627604166666217500, 1.211763150167741700E-017, 0.06596531348257138300 ) ) ;
#2821 = CARTESIAN_POINT ( 'NONE',  ( 0.09635416666666166100, -0.04246835306586772800, 0.0000000000000000000 ) ) ;
#2822 = EDGE_CURVE ( 'NONE', #3094, #3772, #3022, .T. ) ;
#2823 = DIRECTION ( 'NONE',  ( 0.0000000000000000000, 0.0000000000000000000, -1.000000000000000000 ) ) ;
#2824 = CARTESIAN_POINT ( 'NONE',  ( -0.1805555555555561600, -0.02123417653293384000, 0.03677867261192822900 ) ) ;
#2825 = CARTESIAN_POINT ( 'NONE',  ( 0.06792534722221840700, -0.02856381862225548800, -0.04947398511192854100 ) ) ;
#2826 = CYLINDRICAL_SURFACE ( 'NONE', #1220, 0.05600000000000013300 ) ;
#2827 = DIRECTION ( 'NONE',  ( -0.0000000000000000000, 0.0000000000000000000, -1.000000000000000000 ) ) ;
#2828 = APPROVAL ( #4454, 'UNSPECIFIED' ) ;
#2829 = CARTESIAN_POINT ( 'NONE',  ( -0.04687500000000276200, -3.002725579405754300E-018, -0.04903823014923761700 ) ) ;
#2830 = CARTESIAN_POINT ( 'NONE',  ( 0.1044999999999999500, 0.03306987103752833500, -0.02664478638849335600 ) ) ;
#2831 = LINE ( 'NONE', #3955, #2937 ) ;
#2832 = CARTESIAN_POINT ( 'NONE',  ( 0.05121527777777349500, -0.02123417653293383300, 0.03677867261192821500 ) ) ;
#2833 = VECTOR ( 'NONE', #2229, 39.37007874015748100 ) ;
#2834 = ORIENTED_EDGE ( 'NONE', *, *, #1758, .T. ) ;
#2835 = CARTESIAN_POINT ( 'NONE',  ( 0.06792534722221840700, -0.02856381862225548800, -0.04947398511192854100 ) ) ;
#2836 = VECTOR ( 'NONE', #3086, 39.37007874015748100 ) ;
#2837 =( BOUNDED_CURVE ( )  B_SPLINE_CURVE ( 2, ( #4449, #1944, #934, #1973, #4462, #3747, #255, #2696, #3358 ),
 .UNSPECIFIED., .F., .F. ) 
 B_SPLINE_CURVE_WITH_KNOTS ( ( 3, 2, 2, 2, 3 ),
 ( 0.4583333333333332600, 0.4629629629629629100, 0.4722222222222222100, 0.4814814814814815100, 0.4861111111111111600 ),
 .UNSPECIFIED. ) 
 CURVE ( )  GEOMETRIC_REPRESENTATION_ITEM ( )  RATIONAL_B_SPLINE_CURVE ( ( 0.9330127018922193000, 0.9330127018922185200, 1.000000000000000000, 0.8660254037844387100, 1.000000000000000000, 0.8660254037844387100, 1.000000000000000000, 0.9330127018922185200, 0.9330127018922193000 ) ) 
 REPRESENTATION_ITEM ( '' )  );
#2838 = DIRECTION ( 'NONE',  ( 0.0000000000000000000, 0.0000000000000000000, -1.000000000000000000 ) ) ;
#2839 = CARTESIAN_POINT ( 'NONE',  ( 0.03537326388888408600, 0.02856381862225550900, 0.04947398511192853400 ) ) ;
#2840 = CARTESIAN_POINT ( 'NONE',  ( 0.1044999999999999500, 0.03306987103752833500, -0.02664478638849335600 ) ) ;
#2841 = CARTESIAN_POINT ( 'NONE',  ( 0.1030683421713677100, 0.02528827746183422500, 0.05136138189231576100 ) ) ;
#2842 = ORIENTED_EDGE ( 'NONE', *, *, #2226, .F. ) ;
#2843 = CARTESIAN_POINT ( 'NONE',  ( 0.1675347222222160500, 0.04246835306586771400, -0.02451911507461881200 ) ) ;
#2844 = AXIS2_PLACEMENT_3D ( 'NONE', #4369, #4355, #2907 ) ;
#2845 = CARTESIAN_POINT ( 'NONE',  ( 0.1217447916666619700, 1.211763150167741700E-017, 0.06596531348257138300 ) ) ;
#2846 = VERTEX_POINT ( 'NONE', #997 ) ;
#2847 = CARTESIAN_POINT ( 'NONE',  ( -0.1675347222222224900, -0.02800000000000007000, 0.04849742261192877700 ) ) ;
#2848 = CARTESIAN_POINT ( 'NONE',  ( 0.04861111111110683800, -0.02123417653293384000, 0.03677867261192822900 ) ) ;
#2849 = CARTESIAN_POINT ( 'NONE',  ( 0.1044999999999999300, -0.05682611142190813200, 0.005861740168697128100 ) ) ;
#2850 = CARTESIAN_POINT ( 'NONE',  ( 0.06684027777777323800, 0.04246835306586772800, 0.02451911507461878800 ) ) ;
#2851 = EDGE_CURVE ( 'NONE', #3154, #3835, #2774, .T. ) ;
#2852 = CARTESIAN_POINT ( 'NONE',  ( 0.05750868055555189600, 0.02856381862225550900, 0.04947398511192853400 ) ) ;
#2853 = CARTESIAN_POINT ( 'NONE',  ( 0.1044999999999998800, -0.05040310415281742300, 0.02689040774887345800 ) ) ;
#2854 = CARTESIAN_POINT ( 'NONE',  ( 0.1874999999999999700, -8.537024980200822600E-017, 0.0000000000000000000 ) ) ;
#2855 = CARTESIAN_POINT ( 'NONE',  ( -0.04101562500000358000, -0.05712763724451096200, 0.0000000000000000000 ) ) ;
#2856 = CARTESIAN_POINT ( 'NONE',  ( 0.08246527777777298800, 0.02123417653293385400, -0.03677867261192820100 ) ) ;
#2857 = CARTESIAN_POINT ( 'NONE',  ( 0.1030683421713610900, 0.05134978625939256400, -0.02531086213035745700 ) ) ;
#2858 = CARTESIAN_POINT ( 'NONE',  ( -0.1562500000000010000, -0.04246835306586774200, 0.0000000000000000000 ) ) ;
#2859 = CARTESIAN_POINT ( 'NONE',  ( 0.1200086805555508900, 0.02856381862225550900, 0.04947398511192853400 ) ) ;
#2860 = CARTESIAN_POINT ( 'NONE',  ( -0.1640625000000008600, 0.04246835306586772800, -5.200873264717459100E-018 ) ) ;
#2861 = CARTESIAN_POINT ( 'NONE',  ( 0.08854166666666121700, -3.682857208226702500E-016, -0.05600000000000023000 ) ) ;
#2862 = CARTESIAN_POINT ( 'NONE',  ( -0.009765625000004081800, 0.05712763724451096200, -6.996117809434148300E-018 ) ) ;
#2863 = CARTESIAN_POINT ( 'NONE',  ( 0.1067708333333281400, 0.04246835306586772800, -5.200873264717459100E-018 ) ) ;
#2864 = ADVANCED_FACE ( 'NONE', ( #1734 ), #2222, .F. ) ;
#2865 = ORIENTED_EDGE ( 'NONE', *, *, #3585, .F. ) ;
#2866 = CARTESIAN_POINT ( 'NONE',  ( 0.09049479166666246600, -4.039210500559140100E-018, -0.06596531348257138300 ) ) ;
#2867 = CARTESIAN_POINT ( 'NONE',  ( 0.07465277777777305800, -0.04246835306586774200, -0.02451911507461879800 ) ) ;
#2868 = CARTESIAN_POINT ( 'NONE',  ( -0.03906250000000233800, -0.05600000000000021600, 0.0000000000000000000 ) ) ;
#2869 = CARTESIAN_POINT ( 'NONE',  ( 0.04405381944443951400, -0.05712763724451096200, -0.03298265674128569200 ) ) ;
#2870 = CARTESIAN_POINT ( 'NONE',  ( -0.05143229166667008500, 0.05712763724451096200, -6.996117809434148300E-018 ) ) ;
#2871 = DIRECTION ( 'NONE',  ( 1.000000000000000000, 0.0000000000000000000, 0.0000000000000000000 ) ) ;
#2872 = EDGE_LOOP ( 'NONE', ( #4276, #780, #3872, #3352 ) ) ;
#2873 = CARTESIAN_POINT ( 'NONE',  ( -0.01388888888889268000, 0.02800000000000009800, -0.04849742261192875600 ) ) ;
#2874 = CARTESIAN_POINT ( 'NONE',  ( -0.03993055555555841100, 0.04246835306586775600, 0.02451911507461879100 ) ) ;
#2875 = CARTESIAN_POINT ( 'NONE',  ( 0.06944444444443929900, 0.02800000000000009800, -0.04849742261192875600 ) ) ;
#2876 = ORIENTED_EDGE ( 'NONE', *, *, #814, .T. ) ;
#2877 = CARTESIAN_POINT ( 'NONE',  ( 0.1686197916666612500, -0.05712763724451096200, 0.0000000000000000000 ) ) ;
#2878 = CARTESIAN_POINT ( 'NONE',  ( -0.1223958333333348400, 0.04246835306586772800, -5.200873264717459100E-018 ) ) ;
#2879 = EDGE_CURVE ( 'NONE', #3833, #1154, #1060, .T. ) ;
#2880 = CARTESIAN_POINT ( 'NONE',  ( 0.01128472222221856700, -0.04246835306586770700, 0.02451911507461881900 ) ) ;
#2881 = CARTESIAN_POINT ( 'NONE',  ( 0.1338975694444395300, 0.02856381862225547100, -0.04947398511192854800 ) ) ;
#2882 = CARTESIAN_POINT ( 'NONE',  ( 0.09722222222221715800, -0.02123417653293387500, -0.03677867261192821500 ) ) ;
#2883 = DIRECTION ( 'NONE',  ( 0.0000000000000000000, 0.0000000000000000000, -1.000000000000000000 ) ) ;
#2884 = CARTESIAN_POINT ( 'NONE',  ( -0.04796006944444791000, 0.02856381862225550900, 0.04947398511192853400 ) ) ;
#2885 = AXIS2_PLACEMENT_3D ( 'NONE', #1854, #3650, #3047 ) ;
#2886 = CARTESIAN_POINT ( 'NONE',  ( -0.006944444444448361900, 0.02800000000000013200, 0.04849742261192873500 ) ) ;
#2887 = CARTESIAN_POINT ( 'NONE',  ( -0.09027777777777983000, -0.02123417653293387500, -0.03677867261192821500 ) ) ;
#2888 = CARTESIAN_POINT ( 'NONE',  ( 0.02604166666666222000, -6.862466847627394900E-018, -0.05600000000000021600 ) ) ;
#2889 = LINE ( 'NONE', #132, #3830 ) ;
#2890 = CARTESIAN_POINT ( 'NONE',  ( -0.1258680555555570000, 0.02123417653293385400, -0.03677867261192820100 ) ) ;
#2891 = CC_DESIGN_PERSON_AND_ORGANIZATION_ASSIGNMENT ( #93, #2750, ( #583 ) ) ;
#2892 = ORIENTED_EDGE ( 'NONE', *, *, #2502, .F. ) ;
#2893 = CARTESIAN_POINT ( 'NONE',  ( 0.1380208333333276200, -0.04246835306586772800, 0.0000000000000000000 ) ) ;
#2894 = ORIENTED_EDGE ( 'NONE', *, *, #2810, .F. ) ;
#2895 = CARTESIAN_POINT ( 'NONE',  ( 0.08702256944444031200, -0.05712763724451096200, -0.03298265674128569200 ) ) ;
#2896 = CARTESIAN_POINT ( 'NONE',  ( 0.1169704861111050000, 0.05712763724451097600, 0.03298265674128567100 ) ) ;
#2897 = CARTESIAN_POINT ( 'NONE',  ( 0.07183159722221682500, 0.05712763724451095500, -0.03298265674128571200 ) ) ;
#2898 = CARTESIAN_POINT ( 'NONE',  ( -0.07552083333333509100, -1.852866048859396600E-016, -0.05600000000000020900 ) ) ;
#2899 = DIRECTION ( 'NONE',  ( 0.0000000000000000000, 0.0000000000000000000, -1.000000000000000000 ) ) ;
#2900 = ORIENTED_EDGE ( 'NONE', *, *, #2021, .T. ) ;
#2901 = CARTESIAN_POINT ( 'NONE',  ( 0.1874999999999999700, -8.537024980200822600E-017, -0.05600000000000013300 ) ) ;
#2902 = CARTESIAN_POINT ( 'NONE',  ( -0.06423611111111358900, 0.04246835306586772800, -0.02451911507461882300 ) ) ;
#2903 = CARTESIAN_POINT ( 'NONE',  ( 0.1044999999999999500, 0.05469754359053313800, 0.01793015845545751000 ) ) ;
#2904 = CARTESIAN_POINT ( 'NONE',  ( -0.09809027777777969100, 0.02123417653293388100, 0.03677867261192818700 ) ) ;
#2905 = CARTESIAN_POINT ( 'NONE',  ( 0.1874999999999999700, -7.851222772678303800E-017, 0.05600000000000013300 ) ) ;
#2906 = EDGE_CURVE ( 'NONE', #2722, #2645, #797, .T. ) ;
#2907 = DIRECTION ( 'NONE',  ( 0.0000000000000000000, 0.0000000000000000000, -1.000000000000000000 ) ) ;
#2908 = CARTESIAN_POINT ( 'NONE',  ( 0.09266493055554982100, 0.05712763724451095500, -0.03298265674128571200 ) ) ;
#2909 = CARTESIAN_POINT ( 'NONE',  ( 0.1308593749999937000, -4.039210500559140100E-018, -0.06596531348257138300 ) ) ;
#2910 = CARTESIAN_POINT ( 'NONE',  ( 0.06597222222221714400, -0.02800000000000011500, -0.04849742261192874900 ) ) ;
#2911 = CARTESIAN_POINT ( 'NONE',  ( -0.05490451388889224700, 0.02856381862225547100, -0.04947398511192854800 ) ) ;
#2912 = CARTESIAN_POINT ( 'NONE',  ( 0.1874999999999999700, 1.325210959856374200E-017, 0.03850158773652737100 ) ) ;
#2913 = CARTESIAN_POINT ( 'NONE',  ( -0.06677795419295046200, -0.01500515477614273500, 0.05600000000000032000 ) ) ;
#2914 = AXIS2_PLACEMENT_3D ( 'NONE', #1862, #4359, #1542 ) ;
#2915 = CARTESIAN_POINT ( 'NONE',  ( -0.03298611111111409600, -0.04246835306586772100, 0.02451911507461883300 ) ) ;
#2916 = EDGE_LOOP ( 'NONE', ( #617, #3177, #206 ) ) ;
#2917 = CARTESIAN_POINT ( 'NONE',  ( 0.1044999999999999800, 0.04569261906557945500, 0.03707736748760469300 ) ) ;
#2918 = APPROVAL ( #3397, 'UNSPECIFIED' ) ;
#2919 =( BOUNDED_SURFACE ( )  B_SPLINE_SURFACE ( 1, 2, ( 
 ( #3716, #3311, #1272, #3730, #4080, #2961, #2623, #3011, #1962, #557, #919, #2328, #2608, #509, #4447, #2313, #1972, #1628, #3328, #4063, #3357, #572, #2266, #1258, #4047, #193, #3698, #4432, #4096, #4415, #176, #3375, #861, #527, #4398, #2283, #2638, #543, #2979, #873, #1210, #219, #1228, #3671, #4032, #2297, #2997, #1915, #3682, #1582, #1929, #205, #3342, #2651, #1244, #1594, #2667, #1943, #904, #1611, #271, #3392, #4109, #1360, #254, #2712, #2731, #4174, #1707, #3456, #2376, #1642, #2056, #300, #4529, #1691, #3421, #3817, #585, #235, #2004, #2678, #3781, #3040, #933, #1307, #1656, #4157, #614, #1291, #2346, #1672, #4461, #2695, #3746, #4481, #1987, #598, #4125, #1323, #2038, #3058, #964, #284, #949, #4514, #3072, #3407, #3764, #629, #2395, #3799, #3090, #996, #2359, #2745, #4141, #2022, #4497, #3106, #978, #3441, #1341, #648, #365, #317, #34, #3519, #3126, #1077, #3536, #3881, #2762, #2425, #2809, #1769, #712, #727, #2134, #2411, #661, #4251, #2119, #1780, #1438, #3137, #3865, #3173, #382, #2071, #1059, #3849, #1, #3507, #4238, #3899, #4222, #4548, #2825, #1014, #334, #4205, #2082, #2442, #349, #2778, #682, #3473, #2477, #2796, #697, #1425, #1377, #2099, #3155, #3834, #3491, #3187, #1722, #16, #1032, #2462, #4189, #1044, #1391, #1406, #1738, #1752, #2859, #2845, #3200, #4292, #1455, #758, #2166, #96, #2181, #1830, #4279, #1095, #2537, #3583, #51, #3235, #1468, #2491, #741, #398, #3929, #3553, #771, #3913, #1800, #1814, #82, #4264, #2877 ),
 ( #2524, #2150, #65, #430, #1484, #2508, #415, #3216, #1109, #1124, #3570, #3944, #2389, #3434, #1385, #2789, #4560, #3483, #1747, #4507, #2434, #2755, #296, #3118, #3857, #4167, #2031, #3844, #689, #1731, #1335, #3147, #2079, #1685, #4213, #2090, #342, #3793, #989, #4199, #1039, #3502, #9, #708, #975, #4152, #2803, #1400, #359, #2456, #1701, #2418, #2740, #642, #3101, #3453, #2407, #1009, #2066, #1353, #3811, #2772, #2049, #4523, #311, #658, #3465, #1371, #3827, #1717, #4183, #4542, #329, #673, #3133, #1026, #3564, #1418, #408, #1090, #2884, #4247, #3577, #2472, #2855, #1777, #754, #3516, #736, #76, #1794, #719, #3195, #3546, #1762, #377, #4287, #3183, #1449, #1104, #2531, #90, #1823, #3213, #28, #437, #3228, #3165, #2518, #4260, #2174, #3876, #1053, #393, #4233, #2145, #2111, #2820, #2129, #43, #423, #3908, #1070, #3530, #61, #1435, #3893, #2485, #2839, #2501, #1462, #3923, #1810, #2869, #4273, #2160, #766, #1119, #1478, #3938, #4017, #333, #3576, #406, #847, #2243, #448, #488, #3265, #2897, #3620, #4357, #120, #2544, #4342, #3288, #3996, #3954, #3647, #2583, #2187, #156, #2596, #2939, #1835, #1503, #1876, #833, #2231, #499, #1200, #1491, #4300, #3298, #1188, #105, #2953, #2199, #2926, #142, #4009, #1146, #1540, #2909, #1516, #2570, #1892, #791, #3276, #3606, #3252, #3964, #1850, #1156, #3979, #1860, #4330, #4312, #2559, #459, #806, #2215, #130, #474, #819, #1173, #3633, #1527, #180, #4084, #2965, #3345, #2270, #1248, #4020, #1233, #561 ) ),
 .UNSPECIFIED., .F., .F., .F. ) 
 B_SPLINE_SURFACE_WITH_KNOTS ( ( 2, 2 ),
 ( 3, 2, 2, 2, 2, 2, 2, 2, 2, 2, 2, 2, 2, 2, 2, 2, 2, 2, 2, 2, 2, 2, 2, 2, 2, 2, 2, 2, 2, 2, 2, 2, 2, 2, 2, 2, 2, 2, 2, 2, 2, 2, 2, 2, 2, 2, 2, 2, 2, 2, 2, 2, 2, 2, 2, 2, 2, 2, 2, 2, 2, 2, 2, 2, 2, 2, 2, 2, 2, 2, 2, 2, 2, 2, 2, 2, 2, 2, 2, 2, 2, 2, 2, 2, 2, 2, 2, 2, 2, 2, 2, 2, 2, 2, 2, 2, 2, 2, 2, 2, 2, 2, 2, 2, 2, 2, 2, 2, 3 ),
 ( 0.0000000000000000000, 1.000000000000000000 ),
 ( 0.0000000000000000000, 0.009259259259259258700, 0.01851851851851851700, 0.02777777777777777600, 0.03703703703703703500, 0.04629629629629629400, 0.05555555555555555200, 0.06481481481481481100, 0.07407407407407407000, 0.08333333333333332900, 0.09259259259259258700, 0.1018518518518518500, 0.1111111111111111000, 0.1203703703703703600, 0.1296296296296296200, 0.1388888888888889000, 0.1481481481481481400, 0.1574074074074074100, 0.1666666666666666600, 0.1759259259259259300, 0.1851851851851851700, 0.1944444444444444500, 0.2037037037037036900, 0.2129629629629629700, 0.2222222222222222100, 0.2314814814814814800, 0.2407407407407407300, 0.2500000000000000000, 0.2592592592592592400, 0.2685185185185185500, 0.2777777777777777900, 0.2870370370370370300, 0.2962962962962962800, 0.3055555555555555800, 0.3148148148148148300, 0.3240740740740740700, 0.3333333333333333100, 0.3425925925925926200, 0.3518518518518518600, 0.3611111111111111000, 0.3703703703703703500, 0.3796296296296296500, 0.3888888888888889000, 0.3981481481481481400, 0.4074074074074073800, 0.4166666666666666900, 0.4259259259259259300, 0.4351851851851851700, 0.4444444444444444200, 0.4537037037037037200, 0.4629629629629629700, 0.4722222222222222100, 0.4814814814814814500, 0.4907407407407407600, 0.5000000000000000000, 0.5092592592592593000, 0.5185185185185184900, 0.5277777777777777900, 0.5370370370370370900, 0.5462962962962962800, 0.5555555555555555800, 0.5648148148148147700, 0.5740740740740740700, 0.5833333333333333700, 0.5925925925925925600, 0.6018518518518518600, 0.6111111111111111600, 0.6203703703703703500, 0.6296296296296296500, 0.6388888888888888400, 0.6481481481481481400, 0.6574074074074074400, 0.6666666666666666300, 0.6759259259259259300, 0.6851851851851852300, 0.6944444444444444200, 0.7037037037037037200, 0.7129629629629629100, 0.7222222222222222100, 0.7314814814814815100, 0.7407407407407407000, 0.7500000000000000000, 0.7592592592592593000, 0.7685185185185184900, 0.7777777777777777900, 0.7870370370370370900, 0.7962962962962962800, 0.8055555555555555800, 0.8148148148148147700, 0.8240740740740740700, 0.8333333333333333700, 0.8425925925925925600, 0.8518518518518518600, 0.8611111111111111600, 0.8703703703703703500, 0.8796296296296296500, 0.8888888888888888400, 0.8981481481481481400, 0.9074074074074074400, 0.9166666666666666300, 0.9259259259259259300, 0.9351851851851852300, 0.9444444444444444200, 0.9537037037037037200, 0.9629629629629629100, 0.9722222222222222100, 0.9814814814814815100, 0.9907407407407407000, 1.000000000000000000 ),
 .UNSPECIFIED. ) 
 GEOMETRIC_REPRESENTATION_ITEM ( )  RATIONAL_B_SPLINE_SURFACE ( (
 ( 1.000000000000000000, 0.8660254037844387100, 1.000000000000000000, 0.8660254037844387100, 1.000000000000000000, 0.8660254037844387100, 1.000000000000000000, 0.8660254037844387100, 1.000000000000000000, 0.8660254037844387100, 1.000000000000000000, 0.8660254037844387100, 1.000000000000000000, 0.8660254037844387100, 1.000000000000000000, 0.8660254037844387100, 1.000000000000000000, 0.8660254037844387100, 1.000000000000000000, 0.8660254037844387100, 1.000000000000000000, 0.8660254037844387100, 1.000000000000000000, 0.8660254037844387100, 1.000000000000000000, 0.8660254037844387100, 1.000000000000000000, 0.8660254037844387100, 1.000000000000000000, 0.8660254037844387100, 1.000000000000000000, 0.8660254037844387100, 1.000000000000000000, 0.8660254037844387100, 1.000000000000000000, 0.8660254037844387100, 1.000000000000000000, 0.8660254037844387100, 1.000000000000000000, 0.8660254037844387100, 1.000000000000000000, 0.8660254037844387100, 1.000000000000000000, 0.8660254037844387100, 1.000000000000000000, 0.8660254037844387100, 1.000000000000000000, 0.8660254037844387100, 1.000000000000000000, 0.8660254037844387100, 1.000000000000000000, 0.8660254037844387100, 1.000000000000000000, 0.8660254037844387100, 1.000000000000000000, 0.8660254037844387100, 1.000000000000000000, 0.8660254037844387100, 1.000000000000000000, 0.8660254037844387100, 1.000000000000000000, 0.8660254037844387100, 1.000000000000000000, 0.8660254037844387100, 1.000000000000000000, 0.8660254037844387100, 1.000000000000000000, 0.8660254037844387100, 1.000000000000000000, 0.8660254037844387100, 1.000000000000000000, 0.8660254037844387100, 1.000000000000000000, 0.8660254037844387100, 1.000000000000000000, 0.8660254037844387100, 1.000000000000000000, 0.8660254037844387100, 1.000000000000000000, 0.8660254037844387100, 1.000000000000000000, 0.8660254037844387100, 1.000000000000000000, 0.8660254037844387100, 1.000000000000000000, 0.8660254037844387100, 1.000000000000000000, 0.8660254037844387100, 1.000000000000000000, 0.8660254037844387100, 1.000000000000000000, 0.8660254037844387100, 1.000000000000000000, 0.8660254037844387100, 1.000000000000000000, 0.8660254037844387100, 1.000000000000000000, 0.8660254037844387100, 1.000000000000000000, 0.8660254037844387100, 1.000000000000000000, 0.8660254037844387100, 1.000000000000000000, 0.8660254037844387100, 1.000000000000000000, 0.8660254037844387100, 1.000000000000000000, 0.8660254037844387100, 1.000000000000000000, 0.8660254037844387100, 1.000000000000000000, 0.8660254037844387100, 1.000000000000000000, 0.8660254037844387100, 1.000000000000000000, 0.8660254037844387100, 1.000000000000000000, 0.8660254037844387100, 1.000000000000000000, 0.8660254037844387100, 1.000000000000000000, 0.8660254037844387100, 1.000000000000000000, 0.8660254037844387100, 1.000000000000000000, 0.8660254037844387100, 1.000000000000000000, 0.8660254037844387100, 1.000000000000000000, 0.8660254037844387100, 1.000000000000000000, 0.8660254037844387100, 1.000000000000000000, 0.8660254037844387100, 1.000000000000000000, 0.8660254037844387100, 1.000000000000000000, 0.8660254037844387100, 1.000000000000000000, 0.8660254037844387100, 1.000000000000000000, 0.8660254037844387100, 1.000000000000000000, 0.8660254037844387100, 1.000000000000000000, 0.8660254037844387100, 1.000000000000000000, 0.8660254037844387100, 1.000000000000000000, 0.8660254037844387100, 1.000000000000000000, 0.8660254037844387100, 1.000000000000000000, 0.8660254037844387100, 1.000000000000000000, 0.8660254037844387100, 1.000000000000000000, 0.8660254037844387100, 1.000000000000000000, 0.8660254037844387100, 1.000000000000000000, 0.8660254037844387100, 1.000000000000000000, 0.8660254037844387100, 1.000000000000000000, 0.8660254037844387100, 1.000000000000000000, 0.8660254037844387100, 1.000000000000000000, 0.8660254037844387100, 1.000000000000000000, 0.8660254037844387100, 1.000000000000000000, 0.8660254037844387100, 1.000000000000000000, 0.8660254037844387100, 1.000000000000000000, 0.8660254037844387100, 1.000000000000000000, 0.8660254037844387100, 1.000000000000000000, 0.8660254037844387100, 1.000000000000000000, 0.8660254037844387100, 1.000000000000000000, 0.8660254037844387100, 1.000000000000000000, 0.8660254037844387100, 1.000000000000000000, 0.8660254037844387100, 1.000000000000000000, 0.8660254037844387100, 1.000000000000000000, 0.8660254037844387100, 1.000000000000000000, 0.8660254037844387100, 1.000000000000000000, 0.8660254037844387100, 1.000000000000000000, 0.8660254037844387100, 1.000000000000000000, 0.8660254037844387100, 1.000000000000000000, 0.8660254037844387100, 1.000000000000000000, 0.8660254037844387100, 1.000000000000000000, 0.8660254037844387100, 1.000000000000000000, 0.8660254037844387100, 1.000000000000000000, 0.8660254037844387100, 1.000000000000000000, 0.8660254037844387100, 1.000000000000000000, 0.8660254037844387100, 1.000000000000000000),
 ( 1.000000000000000000, 0.8660254037844387100, 1.000000000000000000, 0.8660254037844387100, 1.000000000000000000, 0.8660254037844387100, 1.000000000000000000, 0.8660254037844387100, 1.000000000000000000, 0.8660254037844387100, 1.000000000000000000, 0.8660254037844387100, 1.000000000000000000, 0.8660254037844387100, 1.000000000000000000, 0.8660254037844387100, 1.000000000000000000, 0.8660254037844387100, 1.000000000000000000, 0.8660254037844387100, 1.000000000000000000, 0.8660254037844387100, 1.000000000000000000, 0.8660254037844387100, 1.000000000000000000, 0.8660254037844387100, 1.000000000000000000, 0.8660254037844387100, 1.000000000000000000, 0.8660254037844387100, 1.000000000000000000, 0.8660254037844387100, 1.000000000000000000, 0.8660254037844387100, 1.000000000000000000, 0.8660254037844387100, 1.000000000000000000, 0.8660254037844387100, 1.000000000000000000, 0.8660254037844387100, 1.000000000000000000, 0.8660254037844387100, 1.000000000000000000, 0.8660254037844387100, 1.000000000000000000, 0.8660254037844387100, 1.000000000000000000, 0.8660254037844387100, 1.000000000000000000, 0.8660254037844387100, 1.000000000000000000, 0.8660254037844387100, 1.000000000000000000, 0.8660254037844387100, 1.000000000000000000, 0.8660254037844387100, 1.000000000000000000, 0.8660254037844387100, 1.000000000000000000, 0.8660254037844387100, 1.000000000000000000, 0.8660254037844387100, 1.000000000000000000, 0.8660254037844387100, 1.000000000000000000, 0.8660254037844387100, 1.000000000000000000, 0.8660254037844387100, 1.000000000000000000, 0.8660254037844387100, 1.000000000000000000, 0.8660254037844387100, 1.000000000000000000, 0.8660254037844387100, 1.000000000000000000, 0.8660254037844387100, 1.000000000000000000, 0.8660254037844387100, 1.000000000000000000, 0.8660254037844387100, 1.000000000000000000, 0.8660254037844387100, 1.000000000000000000, 0.8660254037844387100, 1.000000000000000000, 0.8660254037844387100, 1.000000000000000000, 0.8660254037844387100, 1.000000000000000000, 0.8660254037844387100, 1.000000000000000000, 0.8660254037844387100, 1.000000000000000000, 0.8660254037844387100, 1.000000000000000000, 0.8660254037844387100, 1.000000000000000000, 0.8660254037844387100, 1.000000000000000000, 0.8660254037844387100, 1.000000000000000000, 0.8660254037844387100, 1.000000000000000000, 0.8660254037844387100, 1.000000000000000000, 0.8660254037844387100, 1.000000000000000000, 0.8660254037844387100, 1.000000000000000000, 0.8660254037844387100, 1.000000000000000000, 0.8660254037844387100, 1.000000000000000000, 0.8660254037844387100, 1.000000000000000000, 0.8660254037844387100, 1.000000000000000000, 0.8660254037844387100, 1.000000000000000000, 0.8660254037844387100, 1.000000000000000000, 0.8660254037844387100, 1.000000000000000000, 0.8660254037844387100, 1.000000000000000000, 0.8660254037844387100, 1.000000000000000000, 0.8660254037844387100, 1.000000000000000000, 0.8660254037844387100, 1.000000000000000000, 0.8660254037844387100, 1.000000000000000000, 0.8660254037844387100, 1.000000000000000000, 0.8660254037844387100, 1.000000000000000000, 0.8660254037844387100, 1.000000000000000000, 0.8660254037844387100, 1.000000000000000000, 0.8660254037844387100, 1.000000000000000000, 0.8660254037844387100, 1.000000000000000000, 0.8660254037844387100, 1.000000000000000000, 0.8660254037844387100, 1.000000000000000000, 0.8660254037844387100, 1.000000000000000000, 0.8660254037844387100, 1.000000000000000000, 0.8660254037844387100, 1.000000000000000000, 0.8660254037844387100, 1.000000000000000000, 0.8660254037844387100, 1.000000000000000000, 0.8660254037844387100, 1.000000000000000000, 0.8660254037844387100, 1.000000000000000000, 0.8660254037844387100, 1.000000000000000000, 0.8660254037844387100, 1.000000000000000000, 0.8660254037844387100, 1.000000000000000000, 0.8660254037844387100, 1.000000000000000000, 0.8660254037844387100, 1.000000000000000000, 0.8660254037844387100, 1.000000000000000000, 0.8660254037844387100, 1.000000000000000000, 0.8660254037844387100, 1.000000000000000000, 0.8660254037844387100, 1.000000000000000000, 0.8660254037844387100, 1.000000000000000000, 0.8660254037844387100, 1.000000000000000000, 0.8660254037844387100, 1.000000000000000000, 0.8660254037844387100, 1.000000000000000000, 0.8660254037844387100, 1.000000000000000000, 0.8660254037844387100, 1.000000000000000000, 0.8660254037844387100, 1.000000000000000000, 0.8660254037844387100, 1.000000000000000000, 0.8660254037844387100, 1.000000000000000000, 0.8660254037844387100, 1.000000000000000000, 0.8660254037844387100, 1.000000000000000000, 0.8660254037844387100, 1.000000000000000000, 0.8660254037844387100, 1.000000000000000000, 0.8660254037844387100, 1.000000000000000000, 0.8660254037844387100, 1.000000000000000000, 0.8660254037844387100, 1.000000000000000000, 0.8660254037844387100, 1.000000000000000000, 0.8660254037844387100, 1.000000000000000000) ) ) 
 REPRESENTATION_ITEM ( '' )  SURFACE ( )  );
#2920 = CARTESIAN_POINT ( 'NONE',  ( -0.1032986111111129500, 0.04246835306586771400, -0.02451911507461881200 ) ) ;
#2921 = VERTEX_POINT ( 'NONE', #3128 ) ;
#2922 = CARTESIAN_POINT ( 'NONE',  ( -0.1197916666666687500, -6.862466847627394900E-018, -0.05600000000000020900 ) ) ;
#2923 =( BOUNDED_CURVE ( )  B_SPLINE_CURVE ( 2, ( #2258, #3704, #1934, #4023, #2984, #3675, #4437, #4418, #2644 ),
 .UNSPECIFIED., .F., .T. ) 
 B_SPLINE_CURVE_WITH_KNOTS ( ( 3, 2, 2, 2, 3 ),
 ( 0.3472222222222222100, 0.3518518518518518600, 0.3611111111111111600, 0.3703703703703703500, 0.3750000000000000000 ),
 .UNSPECIFIED. ) 
 CURVE ( )  GEOMETRIC_REPRESENTATION_ITEM ( )  RATIONAL_B_SPLINE_CURVE ( ( 0.9330127018922194100, 0.9330127018922194100, 1.000000000000000000, 0.8660254037844387100, 1.000000000000000000, 0.8660254037844387100, 1.000000000000000000, 0.9330127018922194100, 0.9330127018922194100 ) ) 
 REPRESENTATION_ITEM ( '' )  );
#2924 = ORIENTED_EDGE ( 'NONE', *, *, #1733, .T. ) ;
#2925 = CARTESIAN_POINT ( 'NONE',  ( 0.08398437499999440700, -0.05712763724451096200, 0.0000000000000000000 ) ) ;
#2926 = CARTESIAN_POINT ( 'NONE',  ( 0.1221788194444382200, -0.02856381862225543900, 0.04947398511192856900 ) ) ;
#2927 = CARTESIAN_POINT ( 'NONE',  ( 0.1874999999999999700, -8.537024980200822600E-017, 0.0000000000000000000 ) ) ;
#2928 = ORIENTED_EDGE ( 'NONE', *, *, #2604, .F. ) ;
#2929 = CARTESIAN_POINT ( 'NONE',  ( -0.05555555555555817500, -0.02123417653293384000, 0.03677867261192822900 ) ) ;
#2930 = CARTESIAN_POINT ( 'NONE',  ( 0.1044999999999999500, 0.03521769109537923500, -0.04551977741547388200 ) ) ;
#2931 = TOROIDAL_SURFACE ( 'NONE', #4555, 0.06471235217400275700, 0.004356176087001474400 ) ;
#2932 = CARTESIAN_POINT ( 'NONE',  ( -0.01996527777778093000, 0.04246835306586771400, -0.02451911507461881200 ) ) ;
#2933 = EDGE_CURVE ( 'NONE', #3891, #4136, #3998, .T. ) ;
#2934 = CARTESIAN_POINT ( 'NONE',  ( 0.1640624999999938700, -3.002725579405752700E-018, -0.04903823014923759700 ) ) ;
#2935 = CIRCLE ( 'NONE', #2013, 0.004356176087001477000 ) ;
#2936 = CARTESIAN_POINT ( 'NONE',  ( 0.1529947916666614700, -4.039210500559140100E-018, -0.06596531348257138300 ) ) ;
#2937 = VECTOR ( 'NONE', #1861, 39.37007874015748900 ) ;
#2938 = CARTESIAN_POINT ( 'NONE',  ( 0.1117621527777717400, 0.02856381862225547100, -0.04947398511192854800 ) ) ;
#2939 = CARTESIAN_POINT ( 'NONE',  ( 0.09613715277777198900, 0.05712763724451097600, 0.03298265674128567100 ) ) ;
#2940 = DIRECTION ( 'NONE',  ( 0.0000000000000000000, 0.0000000000000000000, -1.000000000000000000 ) ) ;
#2941 = ORIENTED_EDGE ( 'NONE', *, *, #4059, .T. ) ;
#2942 = PLANE ( 'NONE',  #3732 ) ;
#2943 = EDGE_LOOP ( 'NONE', ( #4525, #3504, #830, #1497 ) ) ;
#2944 = CARTESIAN_POINT ( 'NONE',  ( 0.04687499999999576700, 9.008176738217260500E-018, 0.04903823014923761700 ) ) ;
#2945 = CARTESIAN_POINT ( 'NONE',  ( 0.06336805555555157000, -0.05600000000000020200, 0.03233161507461920100 ) ) ;
#2946 = ORIENTED_EDGE ( 'NONE', *, *, #12, .F. ) ;
#2947 = CARTESIAN_POINT ( 'NONE',  ( -0.05815972222222476300, 0.04246835306586772800, 0.02451911507461878800 ) ) ;
#2948 = CARTESIAN_POINT ( 'NONE',  ( 0.1044999999999997500, 0.02845960127822870200, 0.03814185424261747100 ) ) ;
#2949 = CARTESIAN_POINT ( 'NONE',  ( 0.1044999999999998700, -0.01315934340515843500, -0.04767708383300894200 ) ) ;
#2950 = ORIENTED_EDGE ( 'NONE', *, *, #2103, .F. ) ;
#2951 = CARTESIAN_POINT ( 'NONE',  ( 0.1634114583333279600, 1.211763150167741700E-017, 0.06596531348257138300 ) ) ;
#2952 = CARTESIAN_POINT ( 'NONE',  ( -0.1467013888888900300, 0.02123417653293385400, -0.03677867261192820100 ) ) ;
#2953 = CARTESIAN_POINT ( 'NONE',  ( 0.1187065972222160900, 0.02856381862225550900, 0.04947398511192853400 ) ) ;
#2954 = CARTESIAN_POINT ( 'NONE',  ( -0.03059895833333706500, 0.05712763724451096200, -6.996117809434148300E-018 ) ) ;
#2955 = CARTESIAN_POINT ( 'NONE',  ( -0.1501112875262824400, -0.01500515477614290300, 0.05600000000000023000 ) ) ;
#2956 = CARTESIAN_POINT ( 'NONE',  ( 0.07291666666666198100, -0.04246835306586774200, 0.0000000000000000000 ) ) ;
#2957 = DIRECTION ( 'NONE',  ( 0.0000000000000000000, 0.0000000000000000000, -1.000000000000000000 ) ) ;
#2958 = EDGE_CURVE ( 'NONE', #1592, #1387, #4477, .T. ) ;
#2959 = CARTESIAN_POINT ( 'NONE',  ( -0.007812500000003339300, -0.04246835306586772800, 0.0000000000000000000 ) ) ;
#2960 = CARTESIAN_POINT ( 'NONE',  ( 0.1088561760870014200, -7.744527230648934500E-017, 0.06471235217400275700 ) ) ;
#2961 = CARTESIAN_POINT ( 'NONE',  ( -0.1976996527777773200, 0.05712763724451095500, -0.03298265674128571200 ) ) ;
#2962 = EDGE_CURVE ( 'NONE', #2428, #131, #1288, .T. ) ;
#2963 = DIRECTION ( 'NONE',  ( 0.0000000000000000000, 0.0000000000000000000, -1.000000000000000000 ) ) ;
#2964 = CARTESIAN_POINT ( 'NONE',  ( 0.1673177083333264300, -0.05712763724451096200, 0.0000000000000000000 ) ) ;
#2965 = CARTESIAN_POINT ( 'NONE',  ( 0.1777343749999928900, 0.05712763724451096200, -6.996117809434148300E-018 ) ) ;
#2966 = DIRECTION ( 'NONE',  ( 1.000000000000000000, -0.0000000000000000000, -0.0000000000000000000 ) ) ;
#2967 = CARTESIAN_POINT ( 'NONE',  ( -0.03292378752628324900, 0.01500515477614283700, -0.05600000000000027200 ) ) ;
#2968 = ORIENTED_EDGE ( 'NONE', *, *, #3888, .T. ) ;
#2969 = CARTESIAN_POINT ( 'NONE',  ( -0.06510416666666857300, 2.058740054288218200E-017, 0.05600000000000020900 ) ) ;
#2970 =( BOUNDED_CURVE ( )  B_SPLINE_CURVE ( 2, ( #2290, #2658, #3334, #1635, #4087, #183, #1236, #4053, #3031 ),
 .UNSPECIFIED., .F., .F. ) 
 B_SPLINE_CURVE_WITH_KNOTS ( ( 3, 2, 2, 2, 3 ),
 ( 0.5416666666666667400, 0.5462962962962962800, 0.5555555555555555800, 0.5648148148148148800, 0.5694444444444444200 ),
 .UNSPECIFIED. ) 
 CURVE ( )  GEOMETRIC_REPRESENTATION_ITEM ( )  RATIONAL_B_SPLINE_CURVE ( ( 0.9330127018922194100, 0.9330127018922209600, 1.000000000000000000, 0.8660254037844387100, 1.000000000000000000, 0.8660254037844387100, 1.000000000000000000, 0.9330127018922200800, 0.9330127018922193000 ) ) 
 REPRESENTATION_ITEM ( '' )  );
#2971 = CARTESIAN_POINT ( 'NONE',  ( 0.1006944444444393300, 0.02123417653293386400, -0.03677867261192821500 ) ) ;
#2972 = CARTESIAN_POINT ( 'NONE',  ( -0.01041666666666999300, -0.04246835306586774200, 0.0000000000000000000 ) ) ;
#2973 = CARTESIAN_POINT ( 'NONE',  ( 0.1874999999999999700, -8.537024980200822600E-017, -0.05600000000000013300 ) ) ;
#2974 = VERTEX_POINT ( 'NONE', #4500 ) ;
#2975 = CARTESIAN_POINT ( 'NONE',  ( -0.05468750000000209600, -1.852866048859396600E-016, -0.05600000000000020900 ) ) ;
#2976 = CARTESIAN_POINT ( 'NONE',  ( -0.05468750000000260200, 9.008176738217257400E-018, 0.04903823014923759700 ) ) ;
#2977 = ORIENTED_EDGE ( 'NONE', *, *, #2553, .T. ) ;
#2978 = DIRECTION ( 'NONE',  ( -1.000000000000000000, 0.0000000000000000000, 0.0000000000000000000 ) ) ;
#2979 = CARTESIAN_POINT ( 'NONE',  ( -0.1404079861111116000, -0.02856381862225548800, -0.04947398511192854100 ) ) ;
#2980 = CARTESIAN_POINT ( 'NONE',  ( -0.1493678791403864100, 0.01500515477614290500, 0.05600000000000023700 ) ) ;
#2981 = CARTESIAN_POINT ( 'NONE',  ( 0.1742621527777707400, 0.02856381862225547100, -0.04947398511192854800 ) ) ;
#2982 = CARTESIAN_POINT ( 'NONE',  ( -0.1822916666666672400, 9.008176738217260500E-018, 0.04903823014923761700 ) ) ;
#2983 = CARTESIAN_POINT ( 'NONE',  ( 0.1030683421713604700, -0.03496628583677409400, 0.04517660668887657500 ) ) ;
#2984 = CARTESIAN_POINT ( 'NONE',  ( 0.05208333333332847100, 0.05600000000000021600, -6.858022075225205100E-018 ) ) ;
#2985 = DIRECTION ( 'NONE',  ( 0.0000000000000000000, 0.8660254037844386000, -0.5000000000000001100 ) ) ;
#2986 = CARTESIAN_POINT ( 'NONE',  ( 0.09548611111110608100, -0.04246835306586774200, -0.02451911507461880500 ) ) ;
#2987 = CARTESIAN_POINT ( 'NONE',  ( 0.03993055555555141000, 0.04246835306586772800, -0.02451911507461882300 ) ) ;
#2988 = LINE ( 'NONE', #2517, #1888 ) ;
#2989 = CARTESIAN_POINT ( 'NONE',  ( 0.02864583333332992200, -6.862466847627394900E-018, -0.05600000000000021600 ) ) ;
#2990 = DIRECTION ( 'NONE',  ( 1.000000000000000000, -0.0000000000000000000, -0.0000000000000000000 ) ) ;
#2991 = B_SPLINE_CURVE_WITH_KNOTS ( 'NONE', 3,
 ( #1370, #4151, #1417, #1007, #328, #3501 ),
 .UNSPECIFIED., .F., .F.,
 ( 4, 2, 4 ),
 ( 2.380785658735722200E-007, 0.0004630711446423986600, 0.0009259042107189237200 ),
 .UNSPECIFIED. ) ;
#2992 = CARTESIAN_POINT ( 'NONE',  ( -0.002604166666670102100, -3.002725579405752700E-018, -0.04903823014923759700 ) ) ;
#2993 = EDGE_CURVE ( 'NONE', #260, #461, #4368, .T. ) ;
#2994 = VECTOR ( 'NONE', #1889, 39.37007874015748100 ) ;
#2995 = DIRECTION ( 'NONE',  ( 0.0000000000000000000, 1.224646799147337200E-016, 1.000000000000000000 ) ) ;
#2996 = FACE_OUTER_BOUND ( 'NONE', #2481, .T. ) ;
#2997 = CARTESIAN_POINT ( 'NONE',  ( -0.1265190972222229300, -0.02856381862225543900, 0.04947398511192856900 ) ) ;
#2998 = CARTESIAN_POINT ( 'NONE',  ( 0.1874999999999999700, -8.537024980200822600E-017, 0.0000000000000000000 ) ) ;
#2999 = CARTESIAN_POINT ( 'NONE',  ( 0.1777343749999928900, 0.05712763724451096200, -6.996117809434148300E-018 ) ) ;
#3000 = CARTESIAN_POINT ( 'NONE',  ( 0.1874999999999999700, -7.851222772678303800E-017, 0.05600000000000013300 ) ) ;
#3001 = CARTESIAN_POINT ( 'NONE',  ( -0.1093750000000022500, -6.748092400166939000E-017, 0.05600000000000020900 ) ) ;
#3002 = CARTESIAN_POINT ( 'NONE',  ( 0.1324999999999999800, -0.01804219591217583200, 0.03125000000000003500 ) ) ;
#3003 = CIRCLE ( 'NONE', #1229, 0.03850158773652737100 ) ;
#3004 = CARTESIAN_POINT ( 'NONE',  ( 0.09201388888888392700, -0.04246835306586772100, 0.02451911507461883300 ) ) ;
#3005 = ORIENTED_EDGE ( 'NONE', *, *, #1782, .F. ) ;
#3006 = CARTESIAN_POINT ( 'NONE',  ( 0.02083333333332950200, 0.04246835306586774200, -5.200873264717461400E-018 ) ) ;
#3007 = CARTESIAN_POINT ( 'NONE',  ( -0.07400173611111415800, 0.05712763724451095500, -0.03298265674128571200 ) ) ;
#3008 = CARTESIAN_POINT ( 'NONE',  ( 0.07378472222221808800, 0.05600000000000020900, -0.03233161507461918700 ) ) ;
#3009 = CARTESIAN_POINT ( 'NONE',  ( 0.07552083333332863800, -0.04246835306586772800, 0.0000000000000000000 ) ) ;
#3010 = CARTESIAN_POINT ( 'NONE',  ( 0.1030683421713597300, -0.01994215882896135900, -0.05445237421917115100 ) ) ;
#3011 = CARTESIAN_POINT ( 'NONE',  ( -0.1942274305555551600, 0.05712763724451097600, 0.03298265674128567100 ) ) ;
#3012 = CARTESIAN_POINT ( 'NONE',  ( -0.1597222222222236800, 0.02800000000000009800, -0.04849742261192875600 ) ) ;
#3013 = CARTESIAN_POINT ( 'NONE',  ( 0.1794704861111040000, 0.05712763724451097600, 0.03298265674128567100 ) ) ;
#3014 = CARTESIAN_POINT ( 'NONE',  ( -0.02951388888889242300, 0.05600000000000023000, 0.03233161507461914500 ) ) ;
#3015 = CARTESIAN_POINT ( 'NONE',  ( -0.03211805555555798800, 0.02800000000000009800, -0.04849742261192875600 ) ) ;
#3016 = CARTESIAN_POINT ( 'NONE',  ( 0.1861044312894212500, 0.01804219591217576900, 0.03125000000000002800 ) ) ;
#3017 = CARTESIAN_POINT ( 'NONE',  ( -0.2046440972222216800, -0.05712763724451096200, -0.03298265674128569200 ) ) ;
#3018 = CARTESIAN_POINT ( 'NONE',  ( -0.1024305555555574100, 0.04246835306586774900, 0.02451911507461879500 ) ) ;
#3019 = CARTESIAN_POINT ( 'NONE',  ( 0.1076388888888836800, 0.02123417653293388800, 0.03677867261192820800 ) ) ;
#3020 = CARTESIAN_POINT ( 'NONE',  ( -0.1380208333333345900, 9.008176738217257400E-018, 0.04903823014923759700 ) ) ;
#3021 = EDGE_CURVE ( 'NONE', #256, #3232, #3548, .T. ) ;
#3022 = B_SPLINE_CURVE_WITH_KNOTS ( 'NONE', 3,
 ( #3343, #1246, #2299, #951, #3475, #1378, #1710, #599, #272, #650 ),
 .UNSPECIFIED., .F., .F.,
 ( 4, 2, 2, 2, 4 ),
 ( 0.0000000000000000000, 0.0004386504686644809300, 0.0008773009373289619700, 0.001315951405993443200, 0.001754601874657924800 ),
 .UNSPECIFIED. ) ;
#3023 = ORIENTED_EDGE ( 'NONE', *, *, #4148, .T. ) ;
#3024 = CARTESIAN_POINT ( 'NONE',  ( 0.1324999999999999800, 0.0000000000000000000, 0.0000000000000000000 ) ) ;
#3025 = ORIENTED_EDGE ( 'NONE', *, *, #1641, .F. ) ;
#3026 = CARTESIAN_POINT ( 'NONE',  ( 0.1874999999999999700, -8.537024980200822600E-017, 0.0000000000000000000 ) ) ;
#3027 = CARTESIAN_POINT ( 'NONE',  ( -0.08420138888889101800, 0.02123417653293385400, -0.03677867261192820100 ) ) ;
#3028 = DIRECTION ( 'NONE',  ( 0.0000000000000000000, 0.0000000000000000000, -1.000000000000000000 ) ) ;
#3029 = CARTESIAN_POINT ( 'NONE',  ( -0.1875000000000010000, 0.04344997994771428900, 0.008004110783462692300 ) ) ;
#3030 = CARTESIAN_POINT ( 'NONE',  ( -0.09895833333333575700, -6.862466847627394900E-018, -0.05600000000000021600 ) ) ;
#3031 = CARTESIAN_POINT ( 'NONE',  ( -0.02604166666667025200, -1.566929930208255100E-016, 0.05600000000000020900 ) ) ;
#3032 = ORIENTED_EDGE ( 'NONE', *, *, #3727, .F. ) ;
#3033 = CARTESIAN_POINT ( 'NONE',  ( -0.1542968750000002500, 0.05712763724451096200, -6.996117809434148300E-018 ) ) ;
#3034 = CARTESIAN_POINT ( 'NONE',  ( -0.07465277777778008000, -0.04246835306586772800, 0.02451911507461883300 ) ) ;
#3035 = CARTESIAN_POINT ( 'NONE',  ( 0.1024305555555504000, 0.04246835306586772800, -0.02451911507461882300 ) ) ;
#3036 = CARTESIAN_POINT ( 'NONE',  ( -0.1449652777777789300, 0.04246835306586771400, -0.02451911507461881200 ) ) ;
#3037 = ORIENTED_EDGE ( 'NONE', *, *, #3824, .T. ) ;
#3038 = LOCAL_TIME ( 11, 44, 35.00000000000000000, #138 ) ;
#3039 = CARTESIAN_POINT ( 'NONE',  ( -0.1874999999999999700, 0.01057764931168557800, -0.04433907546190823300 ) ) ;
#3040 = CARTESIAN_POINT ( 'NONE',  ( -0.06228298611111286700, -0.05712763724451094800, 0.03298265674128572600 ) ) ;
#3041 = VECTOR ( 'NONE', #4052, 39.37007874015748900 ) ;
#3042 = VERTEX_POINT ( 'NONE', #1033 ) ;
#3043 = DIRECTION ( 'NONE',  ( -1.000000000000000000, 0.0000000000000000000, 0.0000000000000000000 ) ) ;
#3044 = CARTESIAN_POINT ( 'NONE',  ( -0.03732638888889176100, 0.04246835306586772800, 0.02451911507461878800 ) ) ;
#3045 = CARTESIAN_POINT ( 'NONE',  ( -0.1145833333333350100, -0.04246835306586774200, 0.0000000000000000000 ) ) ;
#3046 = CARTESIAN_POINT ( 'NONE',  ( 0.1044999999999999400, -8.537024980200822600E-017, -0.06035617608700147300 ) ) ;
#3047 = DIRECTION ( 'NONE',  ( 0.0000000000000000000, 0.0000000000000000000, -1.000000000000000000 ) ) ;
#3048 = EDGE_CURVE ( 'NONE', #4460, #1226, #3180, .T. ) ;
#3049 = CIRCLE ( 'NONE', #2219, 0.004356176087001332200 ) ;
#3050 = CARTESIAN_POINT ( 'NONE',  ( -0.1647135416666667700, -0.05712763724451096200, 0.0000000000000000000 ) ) ;
#3051 = CARTESIAN_POINT ( 'NONE',  ( -0.1701388888888896700, 0.02123417653293386400, -0.03677867261192821500 ) ) ;
#3052 = CARTESIAN_POINT ( 'NONE',  ( 0.1093749999999947500, 9.008176738217260500E-018, 0.04903823014923761700 ) ) ;
#3053 = CARTESIAN_POINT ( 'NONE',  ( -0.1345486111111124400, -0.04246835306586770700, 0.02451911507461881600 ) ) ;
#3054 = EDGE_LOOP ( 'NONE', ( #3209, #4094, #3362, #3064, #703 ) ) ;
#3055 = FACE_OUTER_BOUND ( 'NONE', #1454, .T. ) ;
#3056 = EDGE_CURVE ( 'NONE', #3744, #3772, #1514, .T. ) ;
#3057 = CARTESIAN_POINT ( 'NONE',  ( -0.1874999999999999700, -8.537024980200822600E-017, 0.0000000000000000000 ) ) ;
#3058 = CARTESIAN_POINT ( 'NONE',  ( -0.03103298611111335300, 0.05712763724451095500, -0.03298265674128571200 ) ) ;
#3059 = EDGE_LOOP ( 'NONE', ( #733, #1389, #1845, #756 ) ) ;
#3060 = CARTESIAN_POINT ( 'NONE',  ( 0.03819444444443979800, -0.02800000000000006700, 0.04849742261192877700 ) ) ;
#3061 = CARTESIAN_POINT ( 'NONE',  ( -0.01822916666666984900, 0.04246835306586772800, -5.200873264717459100E-018 ) ) ;
#3062 = CARTESIAN_POINT ( 'NONE',  ( -0.1649305555555564400, 0.04246835306586775600, 0.02451911507461879100 ) ) ;
#3063 = DIRECTION ( 'NONE',  ( 1.000000000000000000, -0.0000000000000000000, -0.0000000000000000000 ) ) ;
#3064 = ORIENTED_EDGE ( 'NONE', *, *, #4411, .F. ) ;
#3065 =( BOUNDED_CURVE ( )  B_SPLINE_CURVE ( 2, ( #988, #2802, #1700, #4541, #657, #3810, #1038, #357, #1730 ),
 .UNSPECIFIED., .F., .F. ) 
 B_SPLINE_CURVE_WITH_KNOTS ( ( 3, 2, 2, 2, 3 ),
 ( 0.1805555555555555500, 0.1851851851851851700, 0.1944444444444444500, 0.2037037037037036900, 0.2083333333333333400 ),
 .UNSPECIFIED. ) 
 CURVE ( )  GEOMETRIC_REPRESENTATION_ITEM ( )  RATIONAL_B_SPLINE_CURVE ( ( 0.9330127018922194100, 0.9330127018922194100, 1.000000000000000000, 0.8660254037844387100, 1.000000000000000000, 0.8660254037844387100, 1.000000000000000000, 0.9330127018922191900, 0.9330127018922194100 ) ) 
 REPRESENTATION_ITEM ( '' )  );
#3066 = CARTESIAN_POINT ( 'NONE',  ( -0.1317274305555561900, 0.05712763724451097600, 0.03298265674128567100 ) ) ;
#3067 = CARTESIAN_POINT ( 'NONE',  ( -0.1302083333333347600, -3.002725579405754300E-018, -0.04903823014923761700 ) ) ;
#3068 = CARTESIAN_POINT ( 'NONE',  ( 0.1423611111111053000, 0.02123417653293386400, -0.03677867261192821500 ) ) ;
#3069 = CARTESIAN_POINT ( 'NONE',  ( -0.07725694444444668200, 0.02123417653293388100, 0.03677867261192818700 ) ) ;
#3070 = CARTESIAN_POINT ( 'NONE',  ( -0.02170138888889151800, -0.02800000000000007000, 0.04849742261192877700 ) ) ;
#3071 = CARTESIAN_POINT ( 'NONE',  ( 0.1844014850748748300, 0.02099178527816589200, 0.02614116135664024500 ) ) ;
#3072 = CARTESIAN_POINT ( 'NONE',  ( -0.02235243055555795300, -0.02856381862225543900, 0.04947398511192856900 ) ) ;
#3073 = AXIS2_PLACEMENT_3D ( 'NONE', #817, #2268, #863 ) ;
#3074 = CARTESIAN_POINT ( 'NONE',  ( -0.07118055555555843900, 0.05600000000000023000, 0.03233161507461914500 ) ) ;
#3075 = CARTESIAN_POINT ( 'NONE',  ( -0.05815972222222476300, 0.04246835306586772800, 0.02451911507461878800 ) ) ;
#3076 = CARTESIAN_POINT ( 'NONE',  ( -0.1736111111111118300, -0.02123417653293387500, -0.03677867261192821500 ) ) ;
#3077 = DIRECTION ( 'NONE',  ( 1.000000000000000000, -0.0000000000000000000, -0.0000000000000000000 ) ) ;
#3078 = PERSON_AND_ORGANIZATION_ROLE ( 'creator' ) ;
#3079 = CARTESIAN_POINT ( 'NONE',  ( -0.1642795138888904800, -0.05712763724451096200, -0.03298265674128569200 ) ) ;
#3080 = CARTESIAN_POINT ( 'NONE',  ( -0.08832465277777910900, 0.02856381862225550900, 0.04947398511192853400 ) ) ;
#3081 = CARTESIAN_POINT ( 'NONE',  ( -0.1180555555555571600, -0.02123417653293384000, 0.03677867261192822900 ) ) ;
#3082 = CARTESIAN_POINT ( 'NONE',  ( 0.1145833333333280300, -0.04246835306586774200, 0.0000000000000000000 ) ) ;
#3083 = CARTESIAN_POINT ( 'NONE',  ( -0.08072916666666886400, 0.04246835306586772800, -5.200873264717459100E-018 ) ) ;
#3084 = EDGE_CURVE ( 'NONE', #3249, #2366, #2310, .T. ) ;
#3085 = VERTEX_POINT ( 'NONE', #3493 ) ;
#3086 = DIRECTION ( 'NONE',  ( 0.0000000000000000000, 1.000000000000000000, -2.365849761790803000E-016 ) ) ;
#3087 = CARTESIAN_POINT ( 'NONE',  ( 0.1015624999999948900, -3.002725579405752700E-018, -0.04903823014923759700 ) ) ;
#3088 = VERTEX_POINT ( 'NONE', #2478 ) ;
#3089 = CARTESIAN_POINT ( 'NONE',  ( 0.1874999999999999700, -7.851222772678303800E-017, 0.05600000000000013300 ) ) ;
#3090 = CARTESIAN_POINT ( 'NONE',  ( -0.01193576388889144500, 0.02856381862225547100, -0.04947398511192854800 ) ) ;
#3091 = CARTESIAN_POINT ( 'NONE',  ( -0.09728454580705389600, -0.01500515477614301800, -0.05600000000000017500 ) ) ;
#3092 = CARTESIAN_POINT ( 'NONE',  ( 0.1874999999999999700, -7.851222772678303800E-017, 0.05600000000000013300 ) ) ;
#3093 = CARTESIAN_POINT ( 'NONE',  ( -0.1770833333333340100, -0.04246835306586774200, 0.0000000000000000000 ) ) ;
#3094 = VERTEX_POINT ( 'NONE', #3882 ) ;
#3095 = CARTESIAN_POINT ( 'NONE',  ( 0.1861044312894212500, -0.01804219591217584200, -0.03124999999999998600 ) ) ;
#3096 = CARTESIAN_POINT ( 'NONE',  ( -0.1555989583333350900, 0.05712763724451096200, -6.996117809434148300E-018 ) ) ;
#3097 = CARTESIAN_POINT ( 'NONE',  ( -0.1351996527777783700, 0.05712763724451095500, -0.03298265674128571200 ) ) ;
#3098 = CARTESIAN_POINT ( 'NONE',  ( 0.001736111111107562000, 0.04246835306586774900, 0.02451911507461879500 ) ) ;
#3099 = CARTESIAN_POINT ( 'NONE',  ( 0.1044999999999999400, -7.797875001663619200E-017, 0.06035617608700147300 ) ) ;
#3100 = ADVANCED_FACE ( 'NONE', ( #1071 ), #2167, .T. ) ;
#3101 = CARTESIAN_POINT ( 'NONE',  ( -0.09309895833333607700, 0.05712763724451096200, -6.996117809434148300E-018 ) ) ;
#3102 = CARTESIAN_POINT ( 'NONE',  ( 0.006076388888885328500, 0.02123417653293388100, 0.03677867261192818700 ) ) ;
#3103 = CIRCLE ( 'NONE', #2336, 0.06800000000000010200 ) ;
#3104 = CARTESIAN_POINT ( 'NONE',  ( 0.04427083333332914500, 0.04246835306586772800, -5.200873264717459100E-018 ) ) ;
#3105 = CARTESIAN_POINT ( 'NONE',  ( -0.1874999999999999200, 0.02530569158166533900, -0.03646529573262724500 ) ) ;
#3106 = CARTESIAN_POINT ( 'NONE',  ( 0.0002170138888861445200, -0.05712763724451094800, 0.03298265674128572600 ) ) ;
#3107 = DIRECTION ( 'NONE',  ( 0.0000000000000000000, 1.224646799147342900E-016, 1.000000000000000000 ) ) ;
#3108 = LINE ( 'NONE', #4486, #2714 ) ;
#3109 = CARTESIAN_POINT ( 'NONE',  ( -0.06770833333333625700, -1.566929930208255100E-016, 0.05600000000000020900 ) ) ;
#3110 = CARTESIAN_POINT ( 'NONE',  ( -0.1041666666666685000, 0.04246835306586774200, -5.200873264717461400E-018 ) ) ;
#3111 = CARTESIAN_POINT ( 'NONE',  ( 0.03906249999999642600, 2.058740054288218200E-017, 0.05600000000000020900 ) ) ;
#3112 = APPLICATION_CONTEXT ( 'configuration controlled 3d designs of mechanical parts and assemblies' ) ;
#3113 = LINE ( 'NONE', #1914, #1565 ) ;
#3114 = CARTESIAN_POINT ( 'NONE',  ( -0.1729600694444459200, 0.02856381862225550900, 0.04947398511192853400 ) ) ;
#3115 = CARTESIAN_POINT ( 'NONE',  ( -0.03276909722222443000, 0.02856381862225547100, -0.04947398511192854800 ) ) ;
#3116 = FACE_OUTER_BOUND ( 'NONE', #1160, .T. ) ;
#3117 = CARTESIAN_POINT ( 'NONE',  ( -0.04861111111111383900, -0.02123417653293387500, -0.03677867261192821500 ) ) ;
#3118 = CARTESIAN_POINT ( 'NONE',  ( -0.1469184027777796500, -0.05712763724451094800, 0.03298265674128572600 ) ) ;
#3119 = CARTESIAN_POINT ( 'NONE',  ( -0.004340277777781181500, -0.02123417653293386800, -0.03677867261192819400 ) ) ;
#3120 =( BOUNDED_CURVE ( )  B_SPLINE_CURVE ( 2, ( #4544, #2421, #2886, #738, #109, #3926, #2873, #2547, #3255 ),
 .UNSPECIFIED., .F., .F. ) 
 B_SPLINE_CURVE_WITH_KNOTS ( ( 3, 2, 2, 2, 3 ),
 ( 0.5138888888888888400, 0.5185185185185186000, 0.5277777777777777900, 0.5370370370370369800, 0.5416666666666667400 ),
 .UNSPECIFIED. ) 
 CURVE ( )  GEOMETRIC_REPRESENTATION_ITEM ( )  RATIONAL_B_SPLINE_CURVE ( ( 0.9330127018922194100, 0.9330127018922177400, 1.000000000000000000, 0.8660254037844387100, 1.000000000000000000, 0.8660254037844387100, 1.000000000000000000, 0.9330127018922177400, 0.9330127018922194100 ) ) 
 REPRESENTATION_ITEM ( '' )  );
#3121 = CARTESIAN_POINT ( 'NONE',  ( -0.1102430555555567600, 0.05600000000000023000, 0.03233161507461914500 ) ) ;
#3122 = ORIENTED_EDGE ( 'NONE', *, *, #1733, .F. ) ;
#3123 = ADVANCED_FACE ( 'NONE', ( #1669 ), #1062, .T. ) ;
#3124 = CARTESIAN_POINT ( 'NONE',  ( 0.1241319444444389900, 0.02123417653293385400, -0.03677867261192820100 ) ) ;
#3125 = CARTESIAN_POINT ( 'NONE',  ( 0.09635416666666214700, 0.05600000000000021600, -6.858022075225205100E-018 ) ) ;
#3126 = CARTESIAN_POINT ( 'NONE',  ( 0.01584201388888589400, 0.02856381862225550900, 0.04947398511192853400 ) ) ;
#3127 = CARTESIAN_POINT ( 'NONE',  ( 0.1030683421713604700, -0.03496628583677409400, 0.04517660668887657500 ) ) ;
#3128 = CARTESIAN_POINT ( 'NONE',  ( 0.07812499999999476800, -3.396921089575560800E-016, 0.05600000000000023000 ) ) ;
#3129 = CARTESIAN_POINT ( 'NONE',  ( -0.06250000000000251200, 0.04246835306586774200, -5.200873264717461400E-018 ) ) ;
#3130 = SECURITY_CLASSIFICATION ( '', '', #1661 ) ;
#3131 = CARTESIAN_POINT ( 'NONE',  ( -0.01714409722222468000, -0.05712763724451096200, -0.03298265674128569200 ) ) ;
#3132 = CARTESIAN_POINT ( 'NONE',  ( -0.05208333333333600000, -0.04246835306586774200, 0.0000000000000000000 ) ) ;
#3133 = CARTESIAN_POINT ( 'NONE',  ( -0.05837673611111442200, -0.02856381862225548800, -0.04947398511192854100 ) ) ;
#3134 = CARTESIAN_POINT ( 'NONE',  ( 0.002604166666663135900, 0.04246835306586772800, -5.200873264717459100E-018 ) ) ;
#3135 = PLANE ( 'NONE',  #208 ) ;
#3136 = CARTESIAN_POINT ( 'NONE',  ( 0.03211805555555155600, -0.04246835306586770700, 0.02451911507461881900 ) ) ;
#3137 = CARTESIAN_POINT ( 'NONE',  ( 0.04535590277777430700, -0.05712763724451096200, -0.03298265674128569200 ) ) ;
#3138 = ORIENTED_EDGE ( 'NONE', *, *, #1286, .T. ) ;
#3139 = DIRECTION ( 'NONE',  ( 0.0000000000000000000, 0.0000000000000000000, -1.000000000000000000 ) ) ;
#3140 = CARTESIAN_POINT ( 'NONE',  ( -0.05729166666666926000, 9.008176738217260500E-018, 0.04903823014923761700 ) ) ;
#3141 = DIRECTION ( 'NONE',  ( -1.000000000000000000, 0.0000000000000000000, 0.0000000000000000000 ) ) ;
#3142 = ADVANCED_FACE ( 'NONE', ( #4265 ), #955, .T. ) ;
#3143 = VERTEX_POINT ( 'NONE', #1080 ) ;
#3144 = CARTESIAN_POINT ( 'NONE',  ( -0.06922743055555717600, 0.05712763724451097600, 0.03298265674128567100 ) ) ;
#3145 = CARTESIAN_POINT ( 'NONE',  ( -0.006944444444447834600, -0.02123417653293387500, -0.03677867261192821500 ) ) ;
#3146 = DIRECTION ( 'NONE',  ( 0.0000000000000000000, 0.0000000000000000000, -1.000000000000000000 ) ) ;
#3147 = CARTESIAN_POINT ( 'NONE',  ( -0.1330295138888910000, 0.05712763724451097600, 0.03298265674128567100 ) ) ;
#3148 = CARTESIAN_POINT ( 'NONE',  ( 0.004340277777774214800, 0.04246835306586772800, 0.02451911507461879100 ) ) ;
#3149 = EDGE_CURVE ( 'NONE', #2490, #3042, #3103, .T. ) ;
#3150 = ORIENTED_EDGE ( 'NONE', *, *, #2691, .F. ) ;
#3151 = CARTESIAN_POINT ( 'NONE',  ( -0.001736111111115090500, -0.05600000000000019500, 0.03233161507461918700 ) ) ;
#3152 = CARTESIAN_POINT ( 'NONE',  ( -0.1753472222222229000, -0.04246835306586774200, -0.02451911507461880500 ) ) ;
#3153 = CARTESIAN_POINT ( 'NONE',  ( 0.09207621247371472500, 0.01500515477614275200, -0.05600000000000031300 ) ) ;
#3154 = VERTEX_POINT ( 'NONE', #3202 ) ;
#3155 = CARTESIAN_POINT ( 'NONE',  ( 0.09570312499999571200, 0.05712763724451096200, -6.996117809434148300E-018 ) ) ;
#3156 = DIRECTION ( 'NONE',  ( 0.0000000000000000000, 0.0000000000000000000, -1.000000000000000000 ) ) ;
#3157 = CARTESIAN_POINT ( 'NONE',  ( 0.04166666666666248700, 0.04246835306586774200, -5.200873264717461400E-018 ) ) ;
#3158 = CARTESIAN_POINT ( 'NONE',  ( 0.04427083333332967200, -0.05600000000000021600, 0.0000000000000000000 ) ) ;
#3159 = CARTESIAN_POINT ( 'NONE',  ( -0.006293402777781922200, 0.02856381862225550900, 0.04947398511192853400 ) ) ;
#3160 = CARTESIAN_POINT ( 'NONE',  ( -0.0008680555555590227900, 0.02123417653293385400, -0.03677867261192820100 ) ) ;
#3161 = LINE ( 'NONE', #2546, #4483 ) ;
#3162 = CARTESIAN_POINT ( 'NONE',  ( -0.05881076388889068500, -0.05712763724451096200, -0.03298265674128569200 ) ) ;
#3163 = CARTESIAN_POINT ( 'NONE',  ( 0.07638888888888417700, -0.02123417653293387500, -0.03677867261192821500 ) ) ;
#3164 = CARTESIAN_POINT ( 'NONE',  ( -0.09288194444444591900, 0.05600000000000020900, -0.03233161507461918700 ) ) ;
#3165 = CARTESIAN_POINT ( 'NONE',  ( -0.001085069444448650500, -0.05712763724451094800, 0.03298265674128572600 ) ) ;
#3166 = CARTESIAN_POINT ( 'NONE',  ( -0.05815972222222475600, 0.04246835306586772800, 0.02451911507461879100 ) ) ;
#3167 = VECTOR ( 'NONE', #664, 39.37007874015748100 ) ;
#3168 = FACE_OUTER_BOUND ( 'NONE', #1768, .T. ) ;
#3169 = ADVANCED_FACE ( 'NONE', ( #366 ), #1741, .F. ) ;
#3170 = CARTESIAN_POINT ( 'NONE',  ( -0.1579861111111120800, -0.04246835306586772100, 0.02451911507461883300 ) ) ;
#3171 = AXIS2_PLACEMENT_3D ( 'NONE', #2627, #4051, #1598 ) ;
#3172 = ORIENTED_EDGE ( 'NONE', *, *, #668, .F. ) ;
#3173 = CARTESIAN_POINT ( 'NONE',  ( 0.04882812499999646800, -4.039210500559140100E-018, -0.06596531348257138300 ) ) ;
#3174 = CARTESIAN_POINT ( 'NONE',  ( -0.008680555555558914400, -0.04246835306586774200, -0.02451911507461880500 ) ) ;
#3175 = CARTESIAN_POINT ( 'NONE',  ( -0.1388888888888906700, 0.02800000000000009800, -0.04849742261192875600 ) ) ;
#3176 = CARTESIAN_POINT ( 'NONE',  ( 0.07725694444443970100, -0.04246835306586772100, -0.02451911507461879100 ) ) ;
#3177 = ORIENTED_EDGE ( 'NONE', *, *, #3951, .T. ) ;
#3178 = EDGE_CURVE ( 'NONE', #380, #3042, #2935, .T. ) ;
#3179 = CARTESIAN_POINT ( 'NONE',  ( 0.01757812499999697100, 1.211763150167741700E-017, 0.06596531348257138300 ) ) ;
#3181 = CARTESIAN_POINT ( 'NONE',  ( 0.09374999999999500400, -0.04246835306586774200, 0.0000000000000000000 ) ) ;
#3180 =( BOUNDED_CURVE ( )  B_SPLINE_CURVE ( 2, ( #4239, #3, #2847, #2781, #2445, #4224, #2102, #18, #367 ),
 .UNSPECIFIED., .F., .F. ) 
 B_SPLINE_CURVE_WITH_KNOTS ( ( 3, 2, 2, 2, 3 ),
 ( 0.09722222222222223800, 0.1018518518518518500, 0.1111111111111111000, 0.1203703703703703600, 0.1249999999999999900 ),
 .UNSPECIFIED. ) 
 CURVE ( )  GEOMETRIC_REPRESENTATION_ITEM ( )  RATIONAL_B_SPLINE_CURVE ( ( 0.9330127018922194100, 0.9330127018922196300, 1.000000000000000000, 0.8660254037844387100, 1.000000000000000000, 0.8660254037844387100, 1.000000000000000000, 0.9330127018922194100, 0.9330127018922193000 ) ) 
 REPRESENTATION_ITEM ( '' )  );
#3182 = CARTESIAN_POINT ( 'NONE',  ( 0.02771545419294409900, -0.01500515477614293400, -0.05600000000000021600 ) ) ;
#3183 = CARTESIAN_POINT ( 'NONE',  ( -0.01844618055555951100, -0.05712763724451096200, -0.03298265674128569200 ) ) ;
#3184 = CARTESIAN_POINT ( 'NONE',  ( 0.1038597649869064200, 0.02809758543840501200, -0.03281608163279595100 ) ) ;
#3185 = ORIENTED_EDGE ( 'NONE', *, *, #520, .T. ) ;
#3186 = CARTESIAN_POINT ( 'NONE',  ( 0.1779513888888825900, -0.04246835306586770700, 0.02451911507461881900 ) ) ;
#3187 = CARTESIAN_POINT ( 'NONE',  ( 0.1009114583333289800, 1.211763150167741700E-017, 0.06596531348257138300 ) ) ;
#3188 = DIRECTION ( 'NONE',  ( 0.0000000000000000000, 0.8660254037844388200, 0.4999999999999996100 ) ) ;
#3189 = CARTESIAN_POINT ( 'NONE',  ( -0.05381944444444709800, -0.04246835306586772100, 0.02451911507461883300 ) ) ;
#3190 = CARTESIAN_POINT ( 'NONE',  ( -0.04687500000000327500, 2.173114501748674800E-017, 0.05600000000000020900 ) ) ;
#3191 = CARTESIAN_POINT ( 'NONE',  ( 0.09114583333332837400, 9.008176738217257400E-018, 0.04903823014923759700 ) ) ;
#3192 = ADVANCED_FACE ( 'NONE', ( #576 ), #2351, .T. ) ;
#3193 = CARTESIAN_POINT ( 'NONE',  ( 0.05577256944444081800, 0.05712763724451097600, 0.03298265674128567100 ) ) ;
#3194 = CARTESIAN_POINT ( 'NONE',  ( 0.08506944444443956300, 0.04246835306586774900, 0.02451911507461879500 ) ) ;
#3195 = CARTESIAN_POINT ( 'NONE',  ( -0.02712673611111490700, 0.02856381862225550900, 0.04947398511192853400 ) ) ;
#3196 = CARTESIAN_POINT ( 'NONE',  ( 0.04774305555555129900, 0.02123417653293388100, 0.03677867261192818700 ) ) ;
#3197 = CARTESIAN_POINT ( 'NONE',  ( 0.1324999999999999800, 0.01804219591217575900, -0.03125000000000000000 ) ) ;
#3198 = CARTESIAN_POINT ( 'NONE',  ( -0.1822916666666672400, 9.008176738217260500E-018, 0.04903823014923761700 ) ) ;
#3199 = VERTEX_POINT ( 'NONE', #443 ) ;
#3200 = CARTESIAN_POINT ( 'NONE',  ( 0.1234809027777730400, -0.02856381862225543900, 0.04947398511192856900 ) ) ;
#3201 = AXIS2_PLACEMENT_3D ( 'NONE', #2151, #3188, #743 ) ;
#3202 = CARTESIAN_POINT ( 'NONE',  ( 0.1324999999999999800, -0.01804219591217583200, 0.03125000000000003500 ) ) ;
#3203 = EDGE_CURVE ( 'NONE', #1970, #4221, #3992, .T. ) ;
#3204 = CARTESIAN_POINT ( 'NONE',  ( 0.07118055555555090300, -0.04246835306586772100, 0.02451911507461883300 ) ) ;
#3205 = ORIENTED_EDGE ( 'NONE', *, *, #3021, .F. ) ;
#3206 = CARTESIAN_POINT ( 'NONE',  ( 0.1044999999999999400, -8.537024980200822600E-017, -0.06471235217400282700 ) ) ;
#3207 = CARTESIAN_POINT ( 'NONE',  ( 0.01974826388888433600, -0.05712763724451094800, 0.03298265674128572600 ) ) ;
#3208 = CARTESIAN_POINT ( 'NONE',  ( 0.05642361111110674000, -0.04246835306586772100, -0.02451911507461879100 ) ) ;
#3209 = ORIENTED_EDGE ( 'NONE', *, *, #2851, .T. ) ;
#3210 = CARTESIAN_POINT ( 'NONE',  ( 0.1130642361111065700, 0.02856381862225547100, -0.04947398511192854800 ) ) ;
#3211 = CARTESIAN_POINT ( 'NONE',  ( 0.1045000000000015800, 0.02427019887764478600, 0.04159593820974986200 ) ) ;
#3212 = CARTESIAN_POINT ( 'NONE',  ( -0.1862433471431067800, 0.01927234868366225000, 0.04288191931374613100 ) ) ;
#3213 = CARTESIAN_POINT ( 'NONE',  ( -0.008029513888893001100, 0.05712763724451097600, 0.03298265674128567100 ) ) ;
#3214 = CARTESIAN_POINT ( 'NONE',  ( 0.09461805555555058400, -0.04246835306586770700, 0.02451911507461881600 ) ) ;
#3215 = CARTESIAN_POINT ( 'NONE',  ( 0.1380208333333276200, -0.04246835306586772800, 0.0000000000000000000 ) ) ;
#3216 = CARTESIAN_POINT ( 'NONE',  ( -0.1746961805555570000, 0.05712763724451097600, 0.03298265674128567100 ) ) ;
#3217 = FACE_OUTER_BOUND ( 'NONE', #570, .T. ) ;
#3218 = CARTESIAN_POINT ( 'NONE',  ( -0.1467013888888900300, 0.02123417653293385400, -0.03677867261192820100 ) ) ;
#3219 = CC_DESIGN_DATE_AND_TIME_ASSIGNMENT ( #892, #1994, ( #538 ) ) ;
#3220 = CARTESIAN_POINT ( 'NONE',  ( 0.1044999999999998800, -0.05618506755864487900, -0.004819959366246068600 ) ) ;
#3221 = FACE_OUTER_BOUND ( 'NONE', #4170, .T. ) ;
#3222 = CARTESIAN_POINT ( 'NONE',  ( 0.04947916666666241100, 9.008176738217257400E-018, 0.04903823014923759700 ) ) ;
#3223 = CYLINDRICAL_SURFACE ( 'NONE', #3073, 0.05600000000000013300 ) ;
#3224 = CARTESIAN_POINT ( 'NONE',  ( 0.1095920138888844100, -0.02856381862225548800, -0.04947398511192854100 ) ) ;
#3225 = CIRCLE ( 'NONE', #1530, 0.004356176087001477000 ) ;
#3226 = CARTESIAN_POINT ( 'NONE',  ( 0.1045000000000000100, 0.03658799056452948000, -0.02227831268680208500 ) ) ;
#3227 = CARTESIAN_POINT ( 'NONE',  ( 0.02343749999999665200, -0.05600000000000021600, 0.0000000000000000000 ) ) ;
#3228 = CARTESIAN_POINT ( 'NONE',  ( -0.002821180555559763900, -0.02856381862225543900, 0.04947398511192856900 ) ) ;
#3229 = CARTESIAN_POINT ( 'NONE',  ( -0.03927951388889250300, -0.05712763724451096200, -0.03298265674128569200 ) ) ;
#3230 = DIRECTION ( 'NONE',  ( 1.000000000000000000, -0.0000000000000000000, -0.0000000000000000000 ) ) ;
#3231 = CARTESIAN_POINT ( 'NONE',  ( 0.1030683421713606400, 0.04568393251253752300, 0.03511268924083408400 ) ) ;
#3232 = VERTEX_POINT ( 'NONE', #3791 ) ;
#3233 = CARTESIAN_POINT ( 'NONE',  ( -0.1145833333333350100, -0.04246835306586774200, 0.0000000000000000000 ) ) ;
#3234 = CARTESIAN_POINT ( 'NONE',  ( 0.1044999999999999400, 0.05648438095568620400, 0.01106505233780153200 ) ) ;
#3235 = CARTESIAN_POINT ( 'NONE',  ( 0.1460503472222171600, -0.05712763724451094800, 0.03298265674128572600 ) ) ;
#3236 = VERTEX_POINT ( 'NONE', #3099 ) ;
#3237 = CARTESIAN_POINT ( 'NONE',  ( -0.1189236111111126900, 0.02123417653293388100, 0.03677867261192818700 ) ) ;
#3238 = CARTESIAN_POINT ( 'NONE',  ( 0.03038194444444047200, -0.02123417653293383300, 0.03677867261192821500 ) ) ;
#3239 = EDGE_CURVE ( 'NONE', #3085, #2668, #2991, .T. ) ;
#3240 = CARTESIAN_POINT ( 'NONE',  ( 0.05924479166666299400, 1.211763150167741700E-017, 0.06596531348257138300 ) ) ;
#3241 = PRODUCT_DEFINITION_SHAPE ( 'NONE', 'NONE',  #538 ) ;
#3242 = CARTESIAN_POINT ( 'NONE',  ( 0.1187065972222160900, 0.02856381862225550900, 0.04947398511192853400 ) ) ;
#3243 = CARTESIAN_POINT ( 'NONE',  ( 0.01996527777777449400, -0.02800000000000007000, 0.04849742261192877700 ) ) ;
#3244 = DIRECTION ( 'NONE',  ( 1.000000000000000000, -0.0000000000000000000, -0.0000000000000000000 ) ) ;
#3245 = DIRECTION ( 'NONE',  ( 1.000000000000000000, -0.0000000000000000000, -0.0000000000000000000 ) ) ;
#3246 = CARTESIAN_POINT ( 'NONE',  ( -0.1197916666666682500, 9.008176738217260500E-018, 0.04903823014923761700 ) ) ;
#3247 = CARTESIAN_POINT ( 'NONE',  ( -0.1779513888888895300, -0.02123417653293383300, 0.03677867261192821500 ) ) ;
#3248 = CARTESIAN_POINT ( 'NONE',  ( 0.1293402777777722400, 0.04246835306586772800, 0.02451911507461878800 ) ) ;
#3249 = VERTEX_POINT ( 'NONE', #608 ) ;
#3250 = CARTESIAN_POINT ( 'NONE',  ( 0.09396701388888463500, 0.05712763724451095500, -0.03298265674128571200 ) ) ;
#3251 = CARTESIAN_POINT ( 'NONE',  ( 0.1516927083333266300, -4.039210500559140100E-018, -0.06596531348257138300 ) ) ;
#3252 = CARTESIAN_POINT ( 'NONE',  ( 0.1430121527777712400, -0.02856381862225543900, 0.04947398511192856900 ) ) ;
#3253 = CARTESIAN_POINT ( 'NONE',  ( -0.1171875000000010500, -6.862466847627394900E-018, -0.05600000000000021600 ) ) ;
#3254 = ORIENTED_EDGE ( 'NONE', *, *, #69, .F. ) ;
#3255 = CARTESIAN_POINT ( 'NONE',  ( -0.01562500000000377800, -1.852866048859396600E-016, -0.05600000000000020900 ) ) ;
#3256 = CARTESIAN_POINT ( 'NONE',  ( -0.1128472222222239200, -0.04246835306586774200, -0.02451911507461880500 ) ) ;
#3257 = DIRECTION ( 'NONE',  ( 1.000000000000000000, -0.0000000000000000000, -0.0000000000000000000 ) ) ;
#3258 = ORIENTED_EDGE ( 'NONE', *, *, #2494, .F. ) ;
#3259 =( BOUNDED_CURVE ( )  B_SPLINE_CURVE ( 2, ( #1380, #164, #388, #4340, #730, #1186, #1112, #1083, #402 ),
 .UNSPECIFIED., .F., .F. ) 
 B_SPLINE_CURVE_WITH_KNOTS ( ( 3, 2, 2, 2, 3 ),
 ( 0.2361111111111110500, 0.2407407407407407000, 0.2500000000000000000, 0.2592592592592593000, 0.2638888888888889500 ),
 .UNSPECIFIED. ) 
 CURVE ( )  GEOMETRIC_REPRESENTATION_ITEM ( )  RATIONAL_B_SPLINE_CURVE ( ( 0.9330127018922193000, 0.9330127018922185200, 1.000000000000000000, 0.8660254037844387100, 1.000000000000000000, 0.8660254037844387100, 1.000000000000000000, 0.9330127018922185200, 0.9330127018922193000 ) ) 
 REPRESENTATION_ITEM ( '' )  );
#3260 = CARTESIAN_POINT ( 'NONE',  ( -0.09461805555555750900, -0.02123417653293383300, 0.03677867261192821500 ) ) ;
#3261 = EDGE_CURVE ( 'NONE', #128, #2253, #1626, .T. ) ;
#3262 = ORIENTED_EDGE ( 'NONE', *, *, #3403, .F. ) ;
#3263 = CARTESIAN_POINT ( 'NONE',  ( 0.1044999999999999400, -8.537024980200822600E-017, 0.0000000000000000000 ) ) ;
#3264 = CARTESIAN_POINT ( 'NONE',  ( 0.1221788194444382200, -0.02856381862225543900, 0.04947398511192856900 ) ) ;
#3265 = CARTESIAN_POINT ( 'NONE',  ( 0.07009548611110573400, 0.02856381862225547100, -0.04947398511192854800 ) ) ;
#3266 = CARTESIAN_POINT ( 'NONE',  ( -0.06770833333333625700, -1.566929930208255100E-016, 0.05600000000000020900 ) ) ;
#3267 = CARTESIAN_POINT ( 'NONE',  ( -0.03754340277778141900, -0.02856381862225548800, -0.04947398511192854100 ) ) ;
#3268 = CARTESIAN_POINT ( 'NONE',  ( 0.1874999999999999700, -7.851222772678303800E-017, 0.05600000000000013300 ) ) ;
#3269 = AXIS2_PLACEMENT_3D ( 'NONE', #2791, #3878, #2116 ) ;
#3270 = VECTOR ( 'NONE', #807, 39.37007874015748100 ) ;
#3271 = CARTESIAN_POINT ( 'NONE',  ( -0.07986111111111333900, 0.02123417653293388800, 0.03677867261192820800 ) ) ;
#3272 = VERTEX_POINT ( 'NONE', #641 ) ;
#3273 = CARTESIAN_POINT ( 'NONE',  ( -0.1901041666666671000, -3.002725579405752700E-018, -0.04903823014923759700 ) ) ;
#3274 = VERTEX_POINT ( 'NONE', #3843 ) ;
#3275 = CARTESIAN_POINT ( 'NONE',  ( 0.1378038194444380100, 0.05712763724451097600, 0.03298265674128567100 ) ) ;
#3276 = CARTESIAN_POINT ( 'NONE',  ( 0.1395399305555490900, 0.02856381862225550900, 0.04947398511192853400 ) ) ;
#3277 = CARTESIAN_POINT ( 'NONE',  ( -0.08072916666666832300, -0.05600000000000021600, 0.0000000000000000000 ) ) ;
#3278 = CARTESIAN_POINT ( 'NONE',  ( 0.1088561760870014200, -8.537024980200822600E-017, 0.0000000000000000000 ) ) ;
#3279 = ORIENTED_EDGE ( 'NONE', *, *, #100, .T. ) ;
#3280 = CARTESIAN_POINT ( 'NONE',  ( -0.05822204580705559600, -0.01500515477614293400, -0.05600000000000021600 ) ) ;
#3281 = CARTESIAN_POINT ( 'NONE',  ( -0.1076388888888906700, 0.02123417653293386400, -0.03677867261192821500 ) ) ;
#3282 = AXIS2_PLACEMENT_3D ( 'NONE', #89, #60, #2128 ) ;
#3283 = CARTESIAN_POINT ( 'NONE',  ( 0.1324999999999999800, -0.01804219591217583200, 0.03125000000000003500 ) ) ;
#3284 = EDGE_CURVE ( 'NONE', #2155, #2083, #3065, .T. ) ;
#3285 = CARTESIAN_POINT ( 'NONE',  ( -0.006076388888892260400, -0.04246835306586772100, -0.02451911507461879100 ) ) ;
#3286 = CARTESIAN_POINT ( 'NONE',  ( 0.1044999999999998800, -0.05686385416007617300, 0.0004645471203993771000 ) ) ;
#3287 = CARTESIAN_POINT ( 'NONE',  ( 0.06141493055555034800, -0.05712763724451094800, 0.03298265674128572600 ) ) ;
#3288 = CARTESIAN_POINT ( 'NONE',  ( 0.08224826388888333000, -0.05712763724451094800, 0.03298265674128572600 ) ) ;
#3289 = DIRECTION ( 'NONE',  ( 0.0000000000000000000, 0.0000000000000000000, -1.000000000000000000 ) ) ;
#3290 = CARTESIAN_POINT ( 'NONE',  ( 0.02604166666666274000, 9.008176738217260500E-018, 0.04903823014923761700 ) ) ;
#3291 = PRODUCT_RELATED_PRODUCT_CATEGORY ( 'detail', '', ( #583 ) ) ;
#3292 = CARTESIAN_POINT ( 'NONE',  ( -0.004340277777781181500, -0.02123417653293386800, -0.03677867261192819400 ) ) ;
#3293 = ORIENTED_EDGE ( 'NONE', *, *, #4479, .F. ) ;
#3294 = DIRECTION ( 'NONE',  ( 0.0000000000000000000, -0.8660254037844387100, -0.4999999999999999400 ) ) ;
#3295 = EDGE_LOOP ( 'NONE', ( #2207, #4354, #2372 ) ) ;
#3296 = CARTESIAN_POINT ( 'NONE',  ( 0.1874999999999999700, -7.851222772678303800E-017, 0.05600000000000013300 ) ) ;
#3297 = CARTESIAN_POINT ( 'NONE',  ( -0.1345486111111124400, -0.04246835306586770700, 0.02451911507461881900 ) ) ;
#3298 = CARTESIAN_POINT ( 'NONE',  ( 0.1134982638888828200, 0.05712763724451095500, -0.03298265674128571200 ) ) ;
#3299 = CARTESIAN_POINT ( 'NONE',  ( -0.02712673611111490700, 0.02856381862225550900, 0.04947398511192853400 ) ) ;
#3300 = CARTESIAN_POINT ( 'NONE',  ( 0.1874999999999999700, 8.537024980200819500E-018, 0.0000000000000000000 ) ) ;
#3301 = CARTESIAN_POINT ( 'NONE',  ( -0.1493055555555571900, -0.02800000000000006700, 0.04849742261192877700 ) ) ;
#3302 = ORIENTED_EDGE ( 'NONE', *, *, #1196, .F. ) ;
#3303 =( BOUNDED_CURVE ( )  B_SPLINE_CURVE ( 2, ( #890, #1586, #3363, #923, #2683, #2350, #259, #2701, #602 ),
 .UNSPECIFIED., .F., .F. ) 
 B_SPLINE_CURVE_WITH_KNOTS ( ( 3, 2, 2, 2, 3 ),
 ( 0.4305555555555555800, 0.4351851851851852300, 0.4444444444444444200, 0.4537037037037037200, 0.4583333333333332600 ),
 .UNSPECIFIED. ) 
 CURVE ( )  GEOMETRIC_REPRESENTATION_ITEM ( )  RATIONAL_B_SPLINE_CURVE ( ( 0.9330127018922194100, 0.9330127018922194100, 1.000000000000000000, 0.8660254037844387100, 1.000000000000000000, 0.8660254037844387100, 1.000000000000000000, 0.9330127018922200800, 0.9330127018922193000 ) ) 
 REPRESENTATION_ITEM ( '' )  );
#3304 = CARTESIAN_POINT ( 'NONE',  ( 0.1371527777777720400, -0.04246835306586774200, -0.02451911507461880500 ) ) ;
#3305 = CARTESIAN_POINT ( 'NONE',  ( -0.008680555555558914400, -0.04246835306586774200, -0.02451911507461880500 ) ) ;
#3306 = DIRECTION ( 'NONE',  ( 1.000000000000000000, -0.0000000000000000000, -0.0000000000000000000 ) ) ;
#3307 = VECTOR ( 'NONE', #1852, 39.37007874015748100 ) ;
#3308 = CARTESIAN_POINT ( 'NONE',  ( -0.04427083333333611100, -3.002725579405752700E-018, -0.04903823014923759700 ) ) ;
#3309 = EDGE_CURVE ( 'NONE', #3042, #2490, #742, .T. ) ;
#3310 = CARTESIAN_POINT ( 'NONE',  ( -0.1614583333333347900, -5.261224583181003300E-017, -0.05600000000000021600 ) ) ;
#3311 = CARTESIAN_POINT ( 'NONE',  ( -0.2046440972222216800, -0.05712763724451096200, -0.03298265674128569200 ) ) ;
#3312 = CARTESIAN_POINT ( 'NONE',  ( 0.1324999999999999800, 3.827021247335474200E-018, 0.03124999999999996500 ) ) ;
#3313 = CARTESIAN_POINT ( 'NONE',  ( -0.1189236111111126900, 0.02123417653293388100, 0.03677867261192818700 ) ) ;
#3314 = CARTESIAN_POINT ( 'NONE',  ( -0.03552795419295096100, 0.01500515477614258700, -0.05600000000000040400 ) ) ;
#3315 = CARTESIAN_POINT ( 'NONE',  ( -0.04780537914038909100, 0.01500515477614294700, 0.05600000000000020900 ) ) ;
#3316 = CARTESIAN_POINT ( 'NONE',  ( -0.03233506944444818100, 0.05712763724451095500, -0.03298265674128571200 ) ) ;
#3317 = CARTESIAN_POINT ( 'NONE',  ( -0.02436787914038841500, 0.01500515477614294700, 0.05600000000000020900 ) ) ;
#3318 = CARTESIAN_POINT ( 'NONE',  ( -0.05561787914038792600, -0.01500515477614301800, -0.05600000000000017500 ) ) ;
#3319 = FACE_OUTER_BOUND ( 'NONE', #1401, .T. ) ;
#3320 = CARTESIAN_POINT ( 'NONE',  ( 0.1545138888888829000, -0.04246835306586772100, 0.02451911507461883300 ) ) ;
#3321 = CARTESIAN_POINT ( 'NONE',  ( 0.005208333333329755200, 9.008176738217260500E-018, 0.04903823014923761700 ) ) ;
#3322 = CARTESIAN_POINT ( 'NONE',  ( 0.07725694444444024300, 0.05600000000000023000, 0.03233161507461914500 ) ) ;
#3323 = CARTESIAN_POINT ( 'NONE',  ( -0.1820656947647043000, -0.05112160662963177000, 0.0007362939536945622900 ) ) ;
#3324 = ORIENTED_EDGE ( 'NONE', *, *, #1818, .F. ) ;
#3325 = CARTESIAN_POINT ( 'NONE',  ( 0.01649305555555180500, -0.02123417653293386800, -0.03677867261192819400 ) ) ;
#3326 = CARTESIAN_POINT ( 'NONE',  ( -0.09830729166666935000, -4.039210500559140100E-018, -0.06596531348257138300 ) ) ;
#3327 = DIRECTION ( 'NONE',  ( 0.0000000000000000000, 1.000000000000000000, -1.224646799147353200E-016 ) ) ;
#3328 = CARTESIAN_POINT ( 'NONE',  ( -0.1751302083333332900, 0.05712763724451096200, -6.996117809434148300E-018 ) ) ;
#3329 = VERTEX_POINT ( 'NONE', #2433 ) ;
#3330 = CARTESIAN_POINT ( 'NONE',  ( -0.1121961805555579900, 0.05712763724451097600, 0.03298265674128567100 ) ) ;
#3331 = CARTESIAN_POINT ( 'NONE',  ( -0.1657986111111119400, 0.04246835306586771400, -0.02451911507461881200 ) ) ;
#3332 = DIRECTION ( 'NONE',  ( 0.0000000000000000000, 0.0000000000000000000, -1.000000000000000000 ) ) ;
#3333 = DIRECTION ( 'NONE',  ( 1.000000000000000000, -0.0000000000000000000, -0.0000000000000000000 ) ) ;
#3334 = CARTESIAN_POINT ( 'NONE',  ( -0.01736111111111486900, -0.02800000000000011500, -0.04849742261192874900 ) ) ;
#3335 = CARTESIAN_POINT ( 'NONE',  ( 0.07986111111110633100, 0.02123417653293386400, -0.03677867261192821500 ) ) ;
#3336 = CARTESIAN_POINT ( 'NONE',  ( 0.05034722222221791500, -0.04246835306586772100, 0.02451911507461883300 ) ) ;
#3337 = CARTESIAN_POINT ( 'NONE',  ( -0.1874999999999999700, 0.03030225249717428600, -0.02975457117359770300 ) ) ;
#3338 = EDGE_CURVE ( 'NONE', #3957, #3085, #2053, .T. ) ;
#3339 = CARTESIAN_POINT ( 'NONE',  ( -0.1837688587529071900, -0.03392712592339776300, 0.03594627486323617000 ) ) ;
#3340 = CARTESIAN_POINT ( 'NONE',  ( -0.08420138888889101800, 0.02123417653293385400, -0.03677867261192820100 ) ) ;
#3341 = CARTESIAN_POINT ( 'NONE',  ( -0.1875000000000005000, 0.04246835306586774200, -5.200873264717461400E-018 ) ) ;
#3342 = CARTESIAN_POINT ( 'NONE',  ( -0.1161024305555564400, 0.02856381862225547100, -0.04947398511192854800 ) ) ;
#3343 = CARTESIAN_POINT ( 'NONE',  ( -0.1874999999999999700, 0.01057764931168557800, -0.04433907546190823300 ) ) ;
#3344 = CARTESIAN_POINT ( 'NONE',  ( -0.1727430555555562500, -0.04246835306586772100, -0.02451911507461879100 ) ) ;
#3345 = CARTESIAN_POINT ( 'NONE',  ( 0.1794704861111040000, 0.05712763724451097600, 0.03298265674128567100 ) ) ;
#3346 = CARTESIAN_POINT ( 'NONE',  ( -0.07552083333333509100, -1.852866048859396600E-016, -0.05600000000000020900 ) ) ;
#3347 = ORIENTED_EDGE ( 'NONE', *, *, #4240, .F. ) ;
#3348 = DIRECTION ( 'NONE',  ( 1.000000000000000000, -0.0000000000000000000, -0.0000000000000000000 ) ) ;
#3349 = CARTESIAN_POINT ( 'NONE',  ( 0.1145833333333280300, -0.04246835306586774200, 0.0000000000000000000 ) ) ;
#3350 = CARTESIAN_POINT ( 'NONE',  ( -0.09375000000000199800, -0.04246835306586774200, 0.0000000000000000000 ) ) ;
#3351 = CARTESIAN_POINT ( 'NONE',  ( 0.02777777777777382100, -0.02123417653293384000, 0.03677867261192822900 ) ) ;
#3352 = ORIENTED_EDGE ( 'NONE', *, *, #3560, .F. ) ;
#3353 = CARTESIAN_POINT ( 'NONE',  ( 0.08072916666666191100, -3.002725579405752700E-018, -0.04903823014923759700 ) ) ;
#3354 = CARTESIAN_POINT ( 'NONE',  ( -0.09483506944444718100, 0.05712763724451095500, -0.03298265674128571200 ) ) ;
#3355 = ORIENTED_EDGE ( 'NONE', *, *, #4029, .T. ) ;
#3356 = CARTESIAN_POINT ( 'NONE',  ( 0.1744451876629005100, -8.537024980200822600E-017, 0.0000000000000000000 ) ) ;
#3357 = CARTESIAN_POINT ( 'NONE',  ( -0.1716579861111111000, 0.02856381862225550900, 0.04947398511192853400 ) ) ;
#3358 = CARTESIAN_POINT ( 'NONE',  ( 0.005208333333329205300, -3.682857208226702500E-016, -0.05600000000000023000 ) ) ;
#3359 = CARTESIAN_POINT ( 'NONE',  ( -0.1197916666666687500, -6.862466847627394900E-018, -0.05600000000000021600 ) ) ;
#3360 = CARTESIAN_POINT ( 'NONE',  ( -0.1901041666666671000, -3.002725579405752700E-018, -0.04903823014923759700 ) ) ;
#3361 = CARTESIAN_POINT ( 'NONE',  ( 0.1324999999999999800, -0.02706329386826372700, -0.01562500000000001400 ) ) ;
#3362 = ORIENTED_EDGE ( 'NONE', *, *, #2906, .F. ) ;
#3363 = CARTESIAN_POINT ( 'NONE',  ( 0.02430555555555113200, -0.02800000000000011500, -0.04849742261192874900 ) ) ;
#3364 = CARTESIAN_POINT ( 'NONE',  ( -0.07031250000000183200, 0.05600000000000021600, -6.858022075225205100E-018 ) ) ;
#3365 = AXIS2_PLACEMENT_3D ( 'NONE', #979, #1015, #3139 ) ;
#3366 = DIRECTION ( 'NONE',  ( 0.0000000000000000000, 0.5000000000000001100, 0.8660254037844386000 ) ) ;
#3367 = CARTESIAN_POINT ( 'NONE',  ( -0.2029079861111106100, -0.02856381862225548800, -0.04947398511192854100 ) ) ;
#3368 = CARTESIAN_POINT ( 'NONE',  ( -0.1336805555555569400, -0.04246835306586774200, -0.02451911507461879800 ) ) ;
#3369 = CARTESIAN_POINT ( 'NONE',  ( 0.1111111111111058000, -0.02123417653293384000, 0.03677867261192822900 ) ) ;
#3370 = LINE ( 'NONE', #866, #362 ) ;
#3371 = CARTESIAN_POINT ( 'NONE',  ( -0.1119791666666683500, -0.04246835306586772800, 0.0000000000000000000 ) ) ;
#3372 = PERSON ( 'UNSPECIFIED', 'UNSPECIFIED', 'UNSPECIFIED', ('UNSPECIFIED'), ('UNSPECIFIED'), ('UNSPECIFIED') ) ;
#3373 = LINE ( 'NONE', #3000, #1894 ) ;
#3374 = ORIENTED_EDGE ( 'NONE', *, *, #4210, .F. ) ;
#3375 = CARTESIAN_POINT ( 'NONE',  ( -0.1525607638888891700, 0.05712763724451097600, 0.03298265674128567100 ) ) ;
#3376 = CARTESIAN_POINT ( 'NONE',  ( -0.05375712085961625900, 0.01500515477614283700, -0.05600000000000027200 ) ) ;
#3377 = DIRECTION ( 'NONE',  ( 0.0000000000000000000, 0.0000000000000000000, 1.000000000000000000 ) ) ;
#3378 = EDGE_LOOP ( 'NONE', ( #1682, #455, #3581 ) ) ;
#3379 = CARTESIAN_POINT ( 'NONE',  ( -0.09288194444444643200, -0.04246835306586770700, 0.02451911507461881900 ) ) ;
#3380 = CARTESIAN_POINT ( 'NONE',  ( -0.1979166666666669900, -0.04246835306586774200, 0.0000000000000000000 ) ) ;
#3381 = CARTESIAN_POINT ( 'NONE',  ( -0.1197916666666687500, -6.862466847627394900E-018, -0.05600000000000020900 ) ) ;
#3382 = CARTESIAN_POINT ( 'NONE',  ( 0.1324999999999999800, -0.01804219591217583200, 0.03125000000000003500 ) ) ;
#3383 = CIRCLE ( 'NONE', #1613, 0.004356176087001332200 ) ;
#3384 = CARTESIAN_POINT ( 'NONE',  ( 0.05040954580704872700, 0.01500515477614292000, -0.05600000000000023000 ) ) ;
#3385 = CARTESIAN_POINT ( 'NONE',  ( -0.1664496527777778500, -0.05712763724451094800, 0.03298265674128572600 ) ) ;
#3386 = ORIENTED_EDGE ( 'NONE', *, *, #1315, .T. ) ;
#3387 = CARTESIAN_POINT ( 'NONE',  ( -0.1753472222222229000, -0.04246835306586774200, -0.02451911507461879800 ) ) ;
#3388 = CARTESIAN_POINT ( 'NONE',  ( 0.1388888888888831200, -0.02123417653293387500, -0.03677867261192821500 ) ) ;
#3389 = CARTESIAN_POINT ( 'NONE',  ( -0.1692708333333340900, -3.002725579405752700E-018, -0.04903823014923759700 ) ) ;
#3390 = CARTESIAN_POINT ( 'NONE',  ( 0.1324999999999999800, 0.0000000000000000000, 0.0000000000000000000 ) ) ;
#3391 =( BOUNDED_CURVE ( )  B_SPLINE_CURVE ( 2, ( #2653, #936, #3700, #3684, #920, #4450, #573, #2980, #236 ),
 .UNSPECIFIED., .F., .F. ) 
 B_SPLINE_CURVE_WITH_KNOTS ( ( 3, 2, 2, 2, 3 ),
 ( 0.1249999999999999900, 0.1296296296296296200, 0.1388888888888889000, 0.1481481481481481400, 0.1527777777777777900 ),
 .UNSPECIFIED. ) 
 CURVE ( )  GEOMETRIC_REPRESENTATION_ITEM ( )  RATIONAL_B_SPLINE_CURVE ( ( 0.9330127018922193000, 0.9330127018922191900, 1.000000000000000000, 0.8660254037844387100, 1.000000000000000000, 0.8660254037844387100, 1.000000000000000000, 0.9330127018922191900, 0.9330127018922194100 ) ) 
 REPRESENTATION_ITEM ( '' )  );
#3392 = CARTESIAN_POINT ( 'NONE',  ( -0.1004774305555567000, -0.05712763724451096200, -0.03298265674128569200 ) ) ;
#3393 = DIRECTION ( 'NONE',  ( 1.000000000000000000, -0.0000000000000000000, -0.0000000000000000000 ) ) ;
#3394 = CARTESIAN_POINT ( 'NONE',  ( -0.02343750000000308800, -3.002725579405752700E-018, -0.04903823014923759700 ) ) ;
#3395 = CARTESIAN_POINT ( 'NONE',  ( -0.1666666666666675200, 0.04246835306586774200, -5.200873264717461400E-018 ) ) ;
#3396 = CARTESIAN_POINT ( 'NONE',  ( 0.1001438239129986000, -8.537024980200822600E-017, 0.0000000000000000000 ) ) ;
#3397 = APPROVAL_STATUS ( 'not_yet_approved' ) ;
#3398 = DIRECTION ( 'NONE',  ( 0.0000000000000000000, 0.0000000000000000000, -1.000000000000000000 ) ) ;
#3399 = CARTESIAN_POINT ( 'NONE',  ( -0.1091579861111121000, 0.02856381862225550900, 0.04947398511192853400 ) ) ;
#3400 = CARTESIAN_POINT ( 'NONE',  ( -0.1267361111111125800, 0.04246835306586772800, -0.02451911507461883000 ) ) ;
#3401 = CARTESIAN_POINT ( 'NONE',  ( 0.1701388888888826200, 0.02123417653293388800, 0.03677867261192820800 ) ) ;
#3402 = CARTESIAN_POINT ( 'NONE',  ( -0.08767361111111317300, -0.02123417653293386800, -0.03677867261192819400 ) ) ;
#3403 = EDGE_CURVE ( 'NONE', #2092, #610, #1937, .T. ) ;
#3404 = B_SPLINE_CURVE_WITH_KNOTS ( 'NONE', 3,
 ( #3016, #2673, #3688, #1978 ),
 .UNSPECIFIED., .F., .F.,
 ( 4, 4 ),
 ( 0.002467363396466299200, 0.002931495790540192000 ),
 .UNSPECIFIED. ) ;
#3405 = ORIENTED_EDGE ( 'NONE', *, *, #3203, .F. ) ;
#3406 = CARTESIAN_POINT ( 'NONE',  ( -0.1874999999999999700, 0.01833839360876326000, -0.04140175365163221300 ) ) ;
#3407 = CARTESIAN_POINT ( 'NONE',  ( -0.02061631944444684100, -0.05712763724451094800, 0.03298265674128572600 ) ) ;
#3408 = ORIENTED_EDGE ( 'NONE', *, *, #3239, .T. ) ;
#3409 = CARTESIAN_POINT ( 'NONE',  ( -0.01475694444444769100, 0.02123417653293388100, 0.03677867261192818700 ) ) ;
#3410 = CARTESIAN_POINT ( 'NONE',  ( -0.1614583333333342600, 9.008176738217260500E-018, 0.04903823014923761700 ) ) ;
#3411 = CARTESIAN_POINT ( 'NONE',  ( -0.1250000000000020300, -0.05600000000000021600, 0.0000000000000000000 ) ) ;
#3412 = CARTESIAN_POINT ( 'NONE',  ( -0.002604166666669551400, -3.408358534321605800E-016, 0.05600000000000023000 ) ) ;
#3413 = VERTEX_POINT ( 'NONE', #4198 ) ;
#3414 = CARTESIAN_POINT ( 'NONE',  ( -0.1126302083333342700, 0.05712763724451096200, -6.996117809434148300E-018 ) ) ;
#3415 = CARTESIAN_POINT ( 'NONE',  ( -0.1284722222222236500, 0.02123417653293386400, -0.03677867261192821500 ) ) ;
#3416 = CARTESIAN_POINT ( 'NONE',  ( 0.08854166666666171700, 9.008176738217260500E-018, 0.04903823014923761700 ) ) ;
#3417 = CARTESIAN_POINT ( 'NONE',  ( -0.09635416666666864200, 9.008176738217257400E-018, 0.04903823014923759700 ) ) ;
#3418 = ORIENTED_EDGE ( 'NONE', *, *, #1667, .T. ) ;
#3419 = CARTESIAN_POINT ( 'NONE',  ( -0.01475694444444716200, -0.02800000000000011500, -0.04849742261192874900 ) ) ;
#3420 = DIRECTION ( 'NONE',  ( 0.0000000000000000000, 0.0000000000000000000, -1.000000000000000000 ) ) ;
#3421 = CARTESIAN_POINT ( 'NONE',  ( -0.07443576388889043500, 0.02856381862225547100, -0.04947398511192854800 ) ) ;
#3422 = CARTESIAN_POINT ( 'NONE',  ( -0.1772237019334495500, 0.03727333784961486100, -0.04176838732566724000 ) ) ;
#3423 = VECTOR ( 'NONE', #2561, 39.37007874015748100 ) ;
#3424 = DIRECTION ( 'NONE',  ( 1.000000000000000000, -0.0000000000000000000, -0.0000000000000000000 ) ) ;
#3425 = CARTESIAN_POINT ( 'NONE',  ( -0.009548611111114420000, -0.04246835306586770700, 0.02451911507461881900 ) ) ;
#3426 = CARTESIAN_POINT ( 'NONE',  ( -0.1336805555555569400, -0.04246835306586774200, -0.02451911507461880500 ) ) ;
#3427 = CARTESIAN_POINT ( 'NONE',  ( 0.1324999999999999800, 0.01804219591217575900, -0.03125000000000000000 ) ) ;
#3428 = CIRCLE ( 'NONE', #2402, 0.06471235217400282700 ) ;
#3429 = CARTESIAN_POINT ( 'NONE',  ( -0.1312934027777799000, 0.02856381862225550900, 0.04947398511192853400 ) ) ;
#3430 = EDGE_CURVE ( 'NONE', #4229, #3094, #2114, .T. ) ;
#3431 = CARTESIAN_POINT ( 'NONE',  ( -0.1629774305555556900, -0.05712763724451096200, -0.03298265674128569200 ) ) ;
#3432 = CARTESIAN_POINT ( 'NONE',  ( -0.005208333333336754800, -3.002725579405754300E-018, -0.04903823014923761700 ) ) ;
#3433 = CARTESIAN_POINT ( 'NONE',  ( 0.1684027777777715200, 0.04246835306586775600, 0.02451911507461879100 ) ) ;
#3434 = CARTESIAN_POINT ( 'NONE',  ( -0.1642795138888904800, -0.05712763724451096200, -0.03298265674128569200 ) ) ;
#3435 = CARTESIAN_POINT ( 'NONE',  ( -0.1588541666666676300, 9.008176738217257400E-018, 0.04903823014923759700 ) ) ;
#3436 = FACE_OUTER_BOUND ( 'NONE', #559, .T. ) ;
#3437 = VECTOR ( 'NONE', #3348, 39.37007874015748100 ) ;
#3438 = CARTESIAN_POINT ( 'NONE',  ( 0.1030683421713604900, 2.516237844130046200E-017, 0.05712763724451097600 ) ) ;
#3439 = CARTESIAN_POINT ( 'NONE',  ( 0.02690972222221831400, 0.02123417653293388100, 0.03677867261192818700 ) ) ;
#3440 = DIRECTION ( 'NONE',  ( 1.000000000000000000, 0.0000000000000000000, -0.0000000000000000000 ) ) ;
#3441 = CARTESIAN_POINT ( 'NONE',  ( 0.003689236111108302900, -0.05712763724451096200, -0.03298265674128569200 ) ) ;
#3442 = EDGE_LOOP ( 'NONE', ( #2812, #1674, #481, #1211, #1276, #1264 ) ) ;
#3443 = CARTESIAN_POINT ( 'NONE',  ( -0.09809027777777915000, -0.02800000000000011500, -0.04849742261192874900 ) ) ;
#3444 = CARTESIAN_POINT ( 'NONE',  ( 0.04166666666666196000, -0.05600000000000021600, 0.0000000000000000000 ) ) ;
#3445 = CARTESIAN_POINT ( 'NONE',  ( -0.07118055555555792600, -0.04246835306586774200, -0.02451911507461880500 ) ) ;
#3446 = CARTESIAN_POINT ( 'NONE',  ( 0.01822916666666341000, 2.058740054288218200E-017, 0.05600000000000020900 ) ) ;
#3447 = ORIENTED_EDGE ( 'NONE', *, *, #2308, .T. ) ;
#3448 = CC_DESIGN_APPROVAL ( #2918, ( #3130 ) ) ;
#3449 = CARTESIAN_POINT ( 'NONE',  ( 0.1044999999999997300, 0.03865907693097222300, 0.02594041045183292900 ) ) ;
#3450 = CARTESIAN_POINT ( 'NONE',  ( -0.1282552083333340100, 1.211763150167741700E-017, 0.06596531348257138300 ) ) ;
#3451 = CARTESIAN_POINT ( 'NONE',  ( 0.003472222222218675400, 0.02123417653293388800, 0.03677867261192820800 ) ) ;
#3452 = CARTESIAN_POINT ( 'NONE',  ( 0.1059982674332515400, -8.537024980200822600E-017, 0.0000000000000000000 ) ) ;
#3453 = CARTESIAN_POINT ( 'NONE',  ( -0.09136284722222499900, 0.05712763724451097600, 0.03298265674128567100 ) ) ;
#3454 = CARTESIAN_POINT ( 'NONE',  ( -0.02690972222222528000, -0.04246835306586772800, -0.02451911507461879500 ) ) ;
#3455 = CARTESIAN_POINT ( 'NONE',  ( 0.05468749999999564900, -0.04246835306586772800, 0.0000000000000000000 ) ) ;
#3456 = CARTESIAN_POINT ( 'NONE',  ( -0.08658854166666803100, 1.211763150167741700E-017, 0.06596531348257138300 ) ) ;
#3457 = AXIS2_PLACEMENT_3D ( 'NONE', #3648, #3980, #475 ) ;
#3458 = CARTESIAN_POINT ( 'NONE',  ( 0.03813212085961059000, 0.01500515477614294700, 0.05600000000000020900 ) ) ;
#3459 = CARTESIAN_POINT ( 'NONE',  ( 0.01736111111110734400, 0.02123417653293386400, -0.03677867261192821500 ) ) ;
#3460 = CARTESIAN_POINT ( 'NONE',  ( 0.04600694444444074200, -0.05600000000000021600, -0.03233161507461916600 ) ) ;
#3461 = CARTESIAN_POINT ( 'NONE',  ( -0.1816406250000013300, -4.039210500559140100E-018, -0.06596531348257138300 ) ) ;
#3462 = CARTESIAN_POINT ( 'NONE',  ( -0.03797743055555770400, -0.05712763724451096200, -0.03298265674128569200 ) ) ;
#3463 = CARTESIAN_POINT ( 'NONE',  ( -0.06944444444444684800, -0.02123417653293387500, -0.03677867261192821500 ) ) ;
#3464 = DIRECTION ( 'NONE',  ( 0.0000000000000000000, 0.0000000000000000000, -1.000000000000000000 ) ) ;
#3465 = CARTESIAN_POINT ( 'NONE',  ( -0.07226562500000309500, 0.05712763724451096200, -6.996117809434148300E-018 ) ) ;
#3466 = CARTESIAN_POINT ( 'NONE',  ( 0.03385416666666263300, -0.04246835306586772800, 0.0000000000000000000 ) ) ;
#3467 = EDGE_CURVE ( 'NONE', #586, #2202, #675, .T. ) ;
#3468 = ORIENTED_EDGE ( 'NONE', *, *, #3149, .F. ) ;
#3469 = CARTESIAN_POINT ( 'NONE',  ( 0.1044999999999999400, -7.724396193714778100E-017, 0.06471235217400282700 ) ) ;
#3470 = CARTESIAN_POINT ( 'NONE',  ( 0.1119791666666614000, 9.008176738217257400E-018, 0.04903823014923759700 ) ) ;
#3471 = EDGE_LOOP ( 'NONE', ( #4002, #2892, #1055, #1919 ) ) ;
#3472 = CARTESIAN_POINT ( 'NONE',  ( 0.09288194444443999300, 0.02800000000000009800, -0.04849742261192875600 ) ) ;
#3473 = CARTESIAN_POINT ( 'NONE',  ( 0.08355034722221815800, -0.05712763724451094800, 0.03298265674128572600 ) ) ;
#3474 = CARTESIAN_POINT ( 'NONE',  ( -0.1032986111111124200, -0.05600000000000020200, 0.03233161507461920100 ) ) ;
#3475 = CARTESIAN_POINT ( 'NONE',  ( -0.1829998518682639500, 0.03700668213683783200, -0.03421317705114837500 ) ) ;
#3476 = CARTESIAN_POINT ( 'NONE',  ( -0.04166666666666948800, 0.04246835306586774200, -5.200873264717461400E-018 ) ) ;
#3477 = EDGE_LOOP ( 'NONE', ( #3258, #4476, #884, #3172 ) ) ;
#3478 = CARTESIAN_POINT ( 'NONE',  ( 0.1324999999999999800, 0.01804219591217576900, 0.03125000000000002800 ) ) ;
#3479 = CARTESIAN_POINT ( 'NONE',  ( -0.1475071208596147300, -0.01500515477614294700, 0.05600000000000020200 ) ) ;
#3480 = CARTESIAN_POINT ( 'NONE',  ( -0.01019965277778036600, 0.05712763724451095500, -0.03298265674128571200 ) ) ;
#3481 = CARTESIAN_POINT ( 'NONE',  ( -0.03125000000000301100, -0.04246835306586774200, 0.0000000000000000000 ) ) ;
#3482 = PERSON_AND_ORGANIZATION ( #3372, #2706 ) ;
#3483 = CARTESIAN_POINT ( 'NONE',  ( -0.1573350694444461700, 0.05712763724451095500, -0.03298265674128571200 ) ) ;
#3484 = CARTESIAN_POINT ( 'NONE',  ( -0.05468750000000260200, 9.008176738217257400E-018, 0.04903823014923759700 ) ) ;
#3485 = CARTESIAN_POINT ( 'NONE',  ( -0.004277954192951436600, -0.01500515477614323600, 0.05600000000000004300 ) ) ;
#3486 =( BOUNDED_CURVE ( )  B_SPLINE_CURVE ( 2, ( #161, #2588, #4380, #2945, #1957, #2619, #870, #4058, #4073 ),
 .UNSPECIFIED., .F., .F. ) 
 B_SPLINE_CURVE_WITH_KNOTS ( ( 3, 2, 2, 2, 3 ),
 ( 0.7083333333333333700, 0.7129629629629629100, 0.7222222222222222100, 0.7314814814814815100, 0.7361111111111110500 ),
 .UNSPECIFIED. ) 
 CURVE ( )  GEOMETRIC_REPRESENTATION_ITEM ( )  RATIONAL_B_SPLINE_CURVE ( ( 0.9330127018922193000, 0.9330127018922200800, 1.000000000000000000, 0.8660254037844387100, 1.000000000000000000, 0.8660254037844387100, 1.000000000000000000, 0.9330127018922200800, 0.9330127018922193000 ) ) 
 REPRESENTATION_ITEM ( '' )  );
#3487 = FACE_OUTER_BOUND ( 'NONE', #2446, .T. ) ;
#3488 = ADVANCED_FACE ( 'NONE', ( #1348 ), #2826, .T. ) ;
#3489 = CARTESIAN_POINT ( 'NONE',  ( 0.1310763888888833200, 0.02123417653293388100, 0.03677867261192818700 ) ) ;
#3490 = DIRECTION ( 'NONE',  ( -1.000000000000000000, 0.0000000000000000000, 0.0000000000000000000 ) ) ;
#3491 = CARTESIAN_POINT ( 'NONE',  ( 0.09917534722221790800, 0.02856381862225550900, 0.04947398511192853400 ) ) ;
#3492 = FACE_OUTER_BOUND ( 'NONE', #3970, .T. ) ;
#3493 = CARTESIAN_POINT ( 'NONE',  ( 0.1861044312894212500, 0.01804219591217576200, -0.03125000000000000000 ) ) ;
#3494 = CARTESIAN_POINT ( 'NONE',  ( -0.01736111111111434500, 0.02123417653293388800, 0.03677867261192820800 ) ) ;
#3495 = DIRECTION ( 'NONE',  ( 0.0000000000000000000, 0.0000000000000000000, -1.000000000000000000 ) ) ;
#3496 = VECTOR ( 'NONE', #802, 39.37007874015748100 ) ;
#3497 = EDGE_CURVE ( 'NONE', #461, #1191, #2532, .T. ) ;
#3498 = CARTESIAN_POINT ( 'NONE',  ( -0.02061631944444684100, -0.05712763724451094800, 0.03298265674128572600 ) ) ;
#3499 = EDGE_LOOP ( 'NONE', ( #3032, #225, #994, #2565 ) ) ;
#3500 = CARTESIAN_POINT ( 'NONE',  ( -0.01909722222222542300, 0.04246835306586774900, 0.02451911507461879500 ) ) ;
#3501 = CARTESIAN_POINT ( 'NONE',  ( 0.1861044312894212000, 0.03608439182435157300, 3.554012846768713000E-018 ) ) ;
#3502 = CARTESIAN_POINT ( 'NONE',  ( -0.1156684027777801500, 0.05712763724451095500, -0.03298265674128571200 ) ) ;
#3503 = CARTESIAN_POINT ( 'NONE',  ( 0.009548611111107488000, -0.02123417653293383300, 0.03677867261192821500 ) ) ;
#3504 = ORIENTED_EDGE ( 'NONE', *, *, #1409, .T. ) ;
#3505 = CARTESIAN_POINT ( 'NONE',  ( -0.1961805555555559400, -0.04246835306586774200, -0.02451911507461880500 ) ) ;
#3506 = CARTESIAN_POINT ( 'NONE',  ( 0.1001438239129985300, 0.02288040793108737900, 0.05111249292401071100 ) ) ;
#3507 = CARTESIAN_POINT ( 'NONE',  ( 0.05924479166666299400, 1.211763150167741700E-017, 0.06596531348257138300 ) ) ;
#3508 = CARTESIAN_POINT ( 'NONE',  ( -0.1770833333333335600, -8.537024980200822600E-017, 0.0000000000000000000 ) ) ;
#3509 = CARTESIAN_POINT ( 'NONE',  ( 0.04340277777777356400, 0.04246835306586775600, 0.02451911507461879100 ) ) ;
#3510 = CARTESIAN_POINT ( 'NONE',  ( -0.09375000000000251200, 0.05600000000000021600, -6.858022075225205100E-018 ) ) ;
#3511 = CARTESIAN_POINT ( 'NONE',  ( 0.002604166666663135900, 0.04246835306586772800, -5.200873264717459100E-018 ) ) ;
#3512 = ADVANCED_FACE ( 'NONE', ( #45 ), #1125, .T. ) ;
#3513 = CARTESIAN_POINT ( 'NONE',  ( 0.007161458333330462100, -4.039210500559140100E-018, -0.06596531348257138300 ) ) ;
#3514 = CARTESIAN_POINT ( 'NONE',  ( 0.08333333333332849900, 0.04246835306586774200, -5.200873264717461400E-018 ) ) ;
#3515 = DIRECTION ( 'NONE',  ( 0.0000000000000000000, -1.000000000000000000, 2.365849761790803000E-016 ) ) ;
#3516 = CARTESIAN_POINT ( 'NONE',  ( -0.03580729166667034200, -4.039210500559140100E-018, -0.06596531348257138300 ) ) ;
#3517 = CARTESIAN_POINT ( 'NONE',  ( -0.03211805555555851500, -0.02123417653293383300, 0.03677867261192821500 ) ) ;
#3518 = CARTESIAN_POINT ( 'NONE',  ( 0.1744791666666603800, 9.008176738217257400E-018, 0.04903823014923759700 ) ) ;
#3519 = CARTESIAN_POINT ( 'NONE',  ( 0.01410590277777481300, 0.05712763724451097600, 0.03298265674128567100 ) ) ;
#3520 = ORIENTED_EDGE ( 'NONE', *, *, #2958, .T. ) ;
#3521 = AXIS2_PLACEMENT_3D ( 'NONE', #2998, #887, #3733 ) ;
#3522 = EDGE_CURVE ( 'NONE', #380, #433, #3428, .T. ) ;
#3523 = CARTESIAN_POINT ( 'NONE',  ( 0.01215277777777407300, -0.04246835306586774200, -0.02451911507461880500 ) ) ;
#3524 = CARTESIAN_POINT ( 'NONE',  ( -0.1336805555555574400, 0.05600000000000023000, 0.03233161507461914500 ) ) ;
#3525 = CARTESIAN_POINT ( 'NONE',  ( -0.01671006944444843400, -0.02856381862225548800, -0.04947398511192854100 ) ) ;
#3526 = CARTESIAN_POINT ( 'NONE',  ( 0.08767361111110622000, 0.04246835306586772800, 0.02451911507461878800 ) ) ;
#3527 = ORIENTED_EDGE ( 'NONE', *, *, #3532, .F. ) ;
#3528 = CARTESIAN_POINT ( 'NONE',  ( 0.02105034722221912900, -0.05712763724451094800, 0.03298265674128572600 ) ) ;
#3529 = DIRECTION ( 'NONE',  ( 1.000000000000000000, -0.0000000000000000000, -0.0000000000000000000 ) ) ;
#3530 = CARTESIAN_POINT ( 'NONE',  ( 0.02669270833332865200, -4.039210500559140100E-018, -0.06596531348257138300 ) ) ;
#3531 = CARTESIAN_POINT ( 'NONE',  ( 0.1874999999999999700, -8.537024980200822600E-017, -0.05600000000000013300 ) ) ;
#3532 = EDGE_CURVE ( 'NONE', #2758, #568, #4041, .T. ) ;
#3533 = ORIENTED_EDGE ( 'NONE', *, *, #1902, .F. ) ;
#3534 = CARTESIAN_POINT ( 'NONE',  ( 0.1657986111111049700, 0.02123417653293385400, -0.03677867261192820100 ) ) ;
#3535 = VERTEX_POINT ( 'NONE', #3545 ) ;
#3536 = CARTESIAN_POINT ( 'NONE',  ( 0.01931423611110805200, -0.02856381862225543900, 0.04947398511192856900 ) ) ;
#3537 = CC_DESIGN_DATE_AND_TIME_ASSIGNMENT ( #515, #3753, ( #3130 ) ) ;
#3538 = CARTESIAN_POINT ( 'NONE',  ( 0.06770833333332874900, 9.008176738217260500E-018, 0.04903823014923761700 ) ) ;
#3539 = CARTESIAN_POINT ( 'NONE',  ( 0.1044999999999998800, -0.05319783857350095900, -0.01513268094066172100 ) ) ;
#3540 = CARTESIAN_POINT ( 'NONE',  ( 0.009331597222217826200, 0.05712763724451095500, -0.03298265674128571200 ) ) ;
#3541 = CARTESIAN_POINT ( 'NONE',  ( 0.04079861111110698300, 0.02123417653293385400, -0.03677867261192820100 ) ) ;
#3542 = FACE_OUTER_BOUND ( 'NONE', #3976, .T. ) ;
#3543 = CARTESIAN_POINT ( 'NONE',  ( 0.04882812499999646800, -4.039210500559140100E-018, -0.06596531348257138300 ) ) ;
#3544 = CARTESIAN_POINT ( 'NONE',  ( 0.07812499999999525400, -3.002725579405754300E-018, -0.04903823014923761700 ) ) ;
#3545 = CARTESIAN_POINT ( 'NONE',  ( -0.1171875000000010700, -6.862466847627394900E-018, -0.05600000000000021600 ) ) ;
#3546 = CARTESIAN_POINT ( 'NONE',  ( -0.02539062500000383000, 1.211763150167741700E-017, 0.06596531348257138300 ) ) ;
#3547 = CARTESIAN_POINT ( 'NONE',  ( 0.08072916666666191100, -3.002725579405752700E-018, -0.04903823014923759700 ) ) ;
#3548 = CIRCLE ( 'NONE', #4293, 0.05600000000000012600 ) ;
#3549 = LINE ( 'NONE', #2656, #2602 ) ;
#3550 = CARTESIAN_POINT ( 'NONE',  ( 0.007812499999996909600, -6.862466847627394900E-018, -0.05600000000000021600 ) ) ;
#3551 = CARTESIAN_POINT ( 'NONE',  ( 0.1397569444444387300, -0.04246835306586772100, -0.02451911507461879100 ) ) ;
#3552 = LINE ( 'NONE', #3312, #1356 ) ;
#3553 = CARTESIAN_POINT ( 'NONE',  ( 0.1564670138888836500, 0.05712763724451095500, -0.03298265674128571200 ) ) ;
#3554 = FACE_OUTER_BOUND ( 'NONE', #1601, .T. ) ;
#3555 = CARTESIAN_POINT ( 'NONE',  ( 0.07291666666666198100, -0.04246835306586774200, 0.0000000000000000000 ) ) ;
#3556 = PLANE ( 'NONE',  #632 ) ;
#3557 = CARTESIAN_POINT ( 'NONE',  ( 0.08072916666666191100, -3.002725579405752700E-018, -0.04903823014923759700 ) ) ;
#3558 = ORIENTED_EDGE ( 'NONE', *, *, #4269, .F. ) ;
#3559 = ADVANCED_FACE ( 'NONE', ( #1179 ), #469, .T. ) ;
#3560 = EDGE_CURVE ( 'NONE', #4498, #3891, #4421, .T. ) ;
#3561 = CARTESIAN_POINT ( 'NONE',  ( 0.07834201388888488400, 0.02856381862225550900, 0.04947398511192853400 ) ) ;
#3562 = CARTESIAN_POINT ( 'NONE',  ( 0.04166666666666248700, 0.04246835306586774200, -5.200873264717461400E-018 ) ) ;
#3563 = DIRECTION ( 'NONE',  ( -0.9714620748227834600, 0.0000000000000000000, 0.2371949349817836500 ) ) ;
#3564 = CARTESIAN_POINT ( 'NONE',  ( -0.05490451388889224700, 0.02856381862225547100, -0.04947398511192854800 ) ) ;
#3565 = DIRECTION ( 'NONE',  ( 0.0000000000000000000, 0.0000000000000000000, -1.000000000000000000 ) ) ;
#3566 = ORIENTED_EDGE ( 'NONE', *, *, #1444, .T. ) ;
#3567 = DIRECTION ( 'NONE',  ( 1.000000000000000000, -0.0000000000000000000, -0.0000000000000000000 ) ) ;
#3568 = CARTESIAN_POINT ( 'NONE',  ( -0.1944444444444448400, -0.02123417653293387500, -0.03677867261192821500 ) ) ;
#3569 = AXIS2_PLACEMENT_3D ( 'NONE', #2718, #1634, #2702 ) ;
#3570 = CARTESIAN_POINT ( 'NONE',  ( -0.1694878472222237600, -0.02856381862225543900, 0.04947398511192856900 ) ) ;
#3571 = CARTESIAN_POINT ( 'NONE',  ( -0.1432291666666678500, 0.04246835306586772800, -5.200873264717459100E-018 ) ) ;
#3572 = CARTESIAN_POINT ( 'NONE',  ( 0.06857638888888431500, 0.02123417653293388100, 0.03677867261192818700 ) ) ;
#3573 = MANIFOLD_SOLID_BREP ( 'Combine1', #2036 ) ;
#3574 = AXIS2_PLACEMENT_3D ( 'NONE', #2927, #2584, #108 ) ;
#3575 = CARTESIAN_POINT ( 'NONE',  ( 0.1200086805555508900, 0.02856381862225550900, 0.04947398511192853400 ) ) ;
#3576 = CARTESIAN_POINT ( 'NONE',  ( 0.05967881944443926400, -0.02856381862225543900, 0.04947398511192856900 ) ) ;
#3577 = CARTESIAN_POINT ( 'NONE',  ( -0.04448784722222575600, -0.02856381862225543900, 0.04947398511192856900 ) ) ;
#3578 = CARTESIAN_POINT ( 'NONE',  ( 0.1874999999999999700, -7.851222772678303800E-017, 0.05600000000000013300 ) ) ;
#3579 = CARTESIAN_POINT ( 'NONE',  ( 0.01729878752627758700, 0.01500515477614294700, 0.05600000000000020900 ) ) ;
#3580 = CARTESIAN_POINT ( 'NONE',  ( -0.1111111111111128300, -0.02123417653293387500, -0.03677867261192821500 ) ) ;
#3581 = ORIENTED_EDGE ( 'NONE', *, *, #582, .T. ) ;
#3582 = CARTESIAN_POINT ( 'NONE',  ( 0.03472222222221764400, 0.02800000000000013200, 0.04849742261192873500 ) ) ;
#3583 = CARTESIAN_POINT ( 'NONE',  ( 0.1425781249999950000, 1.211763150167741700E-017, 0.06596531348257138300 ) ) ;
#3584 = CARTESIAN_POINT ( 'NONE',  ( -0.1154513888888905200, -0.02123417653293383300, 0.03677867261192821500 ) ) ;
#3585 = EDGE_CURVE ( 'NONE', #3717, #4221, #2988, .T. ) ;
#3586 = EDGE_LOOP ( 'NONE', ( #4144, #1927, #1801, #3468 ) ) ;
#3587 = CARTESIAN_POINT ( 'NONE',  ( 0.07378472222221757500, -0.04246835306586770700, 0.02451911507461881900 ) ) ;
#3588 = ORIENTED_EDGE ( 'NONE', *, *, #4509, .F. ) ;
#3589 = CARTESIAN_POINT ( 'NONE',  ( 0.06271701388888513400, -0.05712763724451094800, 0.03298265674128572600 ) ) ;
#3590 = CARTESIAN_POINT ( 'NONE',  ( 0.1360677083333269300, 0.05712763724451096200, -6.996117809434148300E-018 ) ) ;
#3591 = CARTESIAN_POINT ( 'NONE',  ( -0.04253472222222450000, -0.02800000000000007000, 0.04849742261192877700 ) ) ;
#3592 = CARTESIAN_POINT ( 'NONE',  ( 0.1324999999999999800, -0.01804219591217583500, -0.03124999999999999000 ) ) ;
#3593 = CARTESIAN_POINT ( 'NONE',  ( 0.08593749999999514300, 0.04246835306586772800, -5.200873264717459100E-018 ) ) ;
#3594 = AXIS2_PLACEMENT_3D ( 'NONE', #2586, #4335, #1896 ) ;
#3595 = CARTESIAN_POINT ( 'NONE',  ( 0.1030683421716176900, 0.02863505013014952500, -0.04957263731635607600 ) ) ;
#3596 = CALENDAR_DATE ( 2024, 21, 8 ) ;
#3597 = CARTESIAN_POINT ( 'NONE',  ( -0.08333333333333550800, 0.04246835306586774200, -5.200873264717461400E-018 ) ) ;
#3598 = CARTESIAN_POINT ( 'NONE',  ( 0.02697204580704805700, 0.01500515477614292000, -0.05600000000000023000 ) ) ;
#3599 = FACE_OUTER_BOUND ( 'NONE', #931, .T. ) ;
#3600 = CARTESIAN_POINT ( 'NONE',  ( -0.1675347222222230100, 0.02123417653293385400, -0.03677867261192820100 ) ) ;
#3601 = CARTESIAN_POINT ( 'NONE',  ( 0.1536458333333274000, 9.008176738217257400E-018, 0.04903823014923759700 ) ) ;
#3602 = CONICAL_SURFACE ( 'NONE', #3612, 0.1243125000000000200, 0.2394773611068421700 ) ;
#3603 = CARTESIAN_POINT ( 'NONE',  ( 0.06445312499999621100, -0.05712763724451096200, 0.0000000000000000000 ) ) ;
#3604 = CIRCLE ( 'NONE', #1988, 0.1275000000000000900 ) ;
#3605 = CARTESIAN_POINT ( 'NONE',  ( 0.1551649305555488600, 0.05712763724451095500, -0.03298265674128571200 ) ) ;
#3606 = CARTESIAN_POINT ( 'NONE',  ( 0.1412760416666601600, 1.211763150167741700E-017, 0.06596531348257138300 ) ) ;
#3607 = CARTESIAN_POINT ( 'NONE',  ( -0.04622395833333682600, 1.211763150167741700E-017, 0.06596531348257138300 ) ) ;
#3608 = DIRECTION ( 'NONE',  ( 1.000000000000000000, -0.0000000000000000000, -0.0000000000000000000 ) ) ;
#3609 = ORIENTED_EDGE ( 'NONE', *, *, #1605, .T. ) ;
#3610 = ORIENTED_EDGE ( 'NONE', *, *, #2579, .T. ) ;
#3611 = CARTESIAN_POINT ( 'NONE',  ( -0.05208333333333600000, -0.04246835306586774200, 0.0000000000000000000 ) ) ;
#3612 = AXIS2_PLACEMENT_3D ( 'NONE', #3026, #3043, #3377 ) ;
#3613 = CARTESIAN_POINT ( 'NONE',  ( 0.1044999999999998700, -0.04258684244987788500, 0.03871382650958051600 ) ) ;
#3614 = EDGE_CURVE ( 'NONE', #2591, #1719, #551, .T. ) ;
#3615 = VERTEX_POINT ( 'NONE', #4259 ) ;
#3616 = CARTESIAN_POINT ( 'NONE',  ( -0.1102430555555572900, -0.04246835306586772100, -0.02451911507461879100 ) ) ;
#3617 = PLANE ( 'NONE',  #4064 ) ;
#3618 = CARTESIAN_POINT ( 'NONE',  ( 0.1547309027777725400, 0.02856381862225547100, -0.04947398511192854800 ) ) ;
#3619 = CARTESIAN_POINT ( 'NONE',  ( 0.1013454861111052300, -0.02856381862225543900, 0.04947398511192856900 ) ) ;
#3620 = CARTESIAN_POINT ( 'NONE',  ( 0.07356770833332793000, 0.05712763724451096200, -6.996117809434148300E-018 ) ) ;
#3621 = CARTESIAN_POINT ( 'NONE',  ( 0.06076388888888389900, -0.05600000000000019500, 0.03233161507461918700 ) ) ;
#3622 = CARTESIAN_POINT ( 'NONE',  ( 0.1874999999999999700, -8.537024980200822600E-017, -0.05600000000000013300 ) ) ;
#3623 = DIRECTION ( 'NONE',  ( 1.000000000000000000, -0.0000000000000000000, -0.0000000000000000000 ) ) ;
#3624 = CARTESIAN_POINT ( 'NONE',  ( -0.1336805555555569400, -0.04246835306586774200, -0.02451911507461880500 ) ) ;
#3625 = CARTESIAN_POINT ( 'NONE',  ( -0.1770833333333335400, 0.03995742752749444800, -0.03923523907643552300 ) ) ;
#3626 = APPROVAL ( #304, 'UNSPECIFIED' ) ;
#3627 = CARTESIAN_POINT ( 'NONE',  ( -0.09114583333333535500, -0.04246835306586772800, 0.0000000000000000000 ) ) ;
#3628 = CARTESIAN_POINT ( 'NONE',  ( 0.03710937499999516400, 1.211763150167741700E-017, 0.06596531348257138300 ) ) ;
#3629 = CARTESIAN_POINT ( 'NONE',  ( -0.1188612875262829400, 0.01500515477614308900, -0.05600000000000012600 ) ) ;
#3630 = ORIENTED_EDGE ( 'NONE', *, *, #3851, .T. ) ;
#3631 = CARTESIAN_POINT ( 'NONE',  ( 0.1391059027777728200, 0.05712763724451097600, 0.03298265674128567100 ) ) ;
#3632 = CARTESIAN_POINT ( 'NONE',  ( 0.1603732638888820900, 0.02856381862225550900, 0.04947398511192853400 ) ) ;
#3633 = CARTESIAN_POINT ( 'NONE',  ( 0.1707899305555485900, -0.02856381862225548800, -0.04947398511192854100 ) ) ;
#3634 = DIRECTION ( 'NONE',  ( 1.000000000000000000, -0.0000000000000000000, -0.0000000000000000000 ) ) ;
#3635 = ORIENTED_EDGE ( 'NONE', *, *, #1523, .F. ) ;
#3636 = CARTESIAN_POINT ( 'NONE',  ( -0.05815972222222425000, -0.05600000000000021600, -0.03233161507461916600 ) ) ;
#3637 = CARTESIAN_POINT ( 'NONE',  ( -0.05381944444444709800, -0.04246835306586772100, 0.02451911507461883300 ) ) ;
#3638 = CARTESIAN_POINT ( 'NONE',  ( 0.1044999999999998700, -0.03199961710721942900, 0.04783747503637674600 ) ) ;
#3639 = EDGE_LOOP ( 'NONE', ( #2309, #857, #3293, #3656 ) ) ;
#3640 = CARTESIAN_POINT ( 'NONE',  ( 0.01822916666666288600, -3.002725579405752700E-018, -0.04903823014923759700 ) ) ;
#3641 = EDGE_CURVE ( 'NONE', #3868, #2253, #4123, .T. ) ;
#3642 = ORIENTED_EDGE ( 'NONE', *, *, #100, .F. ) ;
#3643 = CARTESIAN_POINT ( 'NONE',  ( 0.1432291666666608800, -3.002725579405752700E-018, -0.04903823014923759700 ) ) ;
#3644 = DIRECTION ( 'NONE',  ( -1.000000000000000000, 0.0000000000000000000, 0.0000000000000000000 ) ) ;
#3645 = CARTESIAN_POINT ( 'NONE',  ( 0.1477864583333282400, -0.05712763724451096200, 0.0000000000000000000 ) ) ;
#3646 = CARTESIAN_POINT ( 'NONE',  ( 0.07877604166666116200, 1.211763150167741700E-017, 0.06596531348257138300 ) ) ;
#3647 = CARTESIAN_POINT ( 'NONE',  ( 0.08745659722221660300, -0.02856381862225548800, -0.04947398511192854100 ) ) ;
#3648 = CARTESIAN_POINT ( 'NONE',  ( 0.1874999999999999700, -8.537024980200822600E-017, 0.0000000000000000000 ) ) ;
#3649 = CARTESIAN_POINT ( 'NONE',  ( 0.06770833333332822200, -6.862466847627394900E-018, -0.05600000000000021600 ) ) ;
#3650 = DIRECTION ( 'NONE',  ( 1.000000000000000000, -0.0000000000000000000, -0.0000000000000000000 ) ) ;
#3651 =( BOUNDED_CURVE ( )  B_SPLINE_CURVE ( 2, ( #4405, #243, #604, #261, #1314, #1330, #2720, #2703, #3412 ),
 .UNSPECIFIED., .F., .F. ) 
 B_SPLINE_CURVE_WITH_KNOTS ( ( 3, 2, 2, 2, 3 ),
 ( 0.5138888888888888400, 0.5185185185185184900, 0.5277777777777777900, 0.5370370370370370900, 0.5416666666666667400 ),
 .UNSPECIFIED. ) 
 CURVE ( )  GEOMETRIC_REPRESENTATION_ITEM ( )  RATIONAL_B_SPLINE_CURVE ( ( 0.9330127018922193000, 0.9330127018922185200, 1.000000000000000000, 0.8660254037844387100, 1.000000000000000000, 0.8660254037844387100, 1.000000000000000000, 0.9330127018922185200, 0.9330127018922193000 ) ) 
 REPRESENTATION_ITEM ( '' )  );
#3652 = CARTESIAN_POINT ( 'NONE',  ( 0.008680555555551914800, -0.04246835306586772100, 0.02451911507461883300 ) ) ;
#3653 = LINE ( 'NONE', #2973, #1230 ) ;
#3654 = VECTOR ( 'NONE', #4331, 39.37007874015748100 ) ;
#3655 = CARTESIAN_POINT ( 'NONE',  ( -0.04774305555555826600, -0.04246835306586772100, -0.02451911507461879100 ) ) ;
#3656 = ORIENTED_EDGE ( 'NONE', *, *, #4148, .F. ) ;
#3657 = CARTESIAN_POINT ( 'NONE',  ( 0.1154513888888835400, -0.04246835306586770700, 0.02451911507461881900 ) ) ;
#3658 = CARTESIAN_POINT ( 'NONE',  ( 0.1044999999999999700, 0.02665357011489224300, -0.03530636655948470000 ) ) ;
#3659 = CARTESIAN_POINT ( 'NONE',  ( -0.1853382108882240800, 6.042402059335919700E-015, 0.04774512244510946400 ) ) ;
#3660 = CARTESIAN_POINT ( 'NONE',  ( -0.1241319444444459200, 0.04246835306586771400, -0.02451911507461881200 ) ) ;
#3661 = CARTESIAN_POINT ( 'NONE',  ( -0.1961805555555559400, -0.04246835306586774200, -0.02451911507461880500 ) ) ;
#3662 = CARTESIAN_POINT ( 'NONE',  ( -0.1189236111111121600, -0.02800000000000011500, -0.04849742261192874900 ) ) ;
#3663 = ORIENTED_EDGE ( 'NONE', *, *, #2785, .F. ) ;
#3664 = CARTESIAN_POINT ( 'NONE',  ( -0.1440972222222239300, -0.05600000000000021600, -0.03233161507461916600 ) ) ;
#3665 = CARTESIAN_POINT ( 'NONE',  ( 0.07638888888888417700, -0.02123417653293387500, -0.03677867261192821500 ) ) ;
#3666 = ORIENTED_EDGE ( 'NONE', *, *, #1471, .F. ) ;
#3667 = CARTESIAN_POINT ( 'NONE',  ( 0.07986111111110633100, 0.02123417653293386400, -0.03677867261192821500 ) ) ;
#3668 = CARTESIAN_POINT ( 'NONE',  ( -0.1770833333333345400, 0.05600000000000021600, -6.858022075225205100E-018 ) ) ;
#3669 = CARTESIAN_POINT ( 'NONE',  ( -0.05642361111111367900, 0.02123417653293388100, 0.03677867261192818700 ) ) ;
#3670 = CARTESIAN_POINT ( 'NONE',  ( -0.03385416666666909300, -1.852866048859396600E-016, -0.05600000000000020900 ) ) ;
#3671 = CARTESIAN_POINT ( 'NONE',  ( -0.1317274305555561900, 0.05712763724451097600, 0.03298265674128567100 ) ) ;
#3672 = CARTESIAN_POINT ( 'NONE',  ( 0.1686197916666612500, -0.05712763724451096200, 0.0000000000000000000 ) ) ;
#3673 = CARTESIAN_POINT ( 'NONE',  ( -0.1432291666666678500, 0.04246835306586772800, -5.200873264717459100E-018 ) ) ;
#3674 = CARTESIAN_POINT ( 'NONE',  ( -0.03645833333333677700, -1.852866048859396600E-016, -0.05600000000000020900 ) ) ;
#3675 = CARTESIAN_POINT ( 'NONE',  ( 0.05034722222221738700, 0.05600000000000020900, -0.03233161507461918700 ) ) ;
#3676 = CARTESIAN_POINT ( 'NONE',  ( 0.1597222222222161600, -0.02123417653293387500, -0.03677867261192821500 ) ) ;
#3677 = CARTESIAN_POINT ( 'NONE',  ( 0.02430555555555166000, 0.02123417653293388800, 0.03677867261192820800 ) ) ;
#3678 = CARTESIAN_POINT ( 'NONE',  ( -0.1825992900999088300, -0.04865823931649478800, 0.01386675635885443100 ) ) ;
#3679 = CARTESIAN_POINT ( 'NONE',  ( -0.08246527777777994100, 0.04246835306586771400, -0.02451911507461881200 ) ) ;
#3680 = ORIENTED_EDGE ( 'NONE', *, *, #2015, .F. ) ;
#3681 = CARTESIAN_POINT ( 'NONE',  ( -0.1718750000000013000, -6.976841295087851600E-017, 0.05600000000000021600 ) ) ;
#3682 = CARTESIAN_POINT ( 'NONE',  ( -0.1230468750000007800, -0.05712763724451096200, 0.0000000000000000000 ) ) ;
#3683 = ORIENTED_EDGE ( 'NONE', *, *, #1796, .T. ) ;
#3684 = CARTESIAN_POINT ( 'NONE',  ( -0.1553819444444449500, 0.05600000000000020900, -0.03233161507461918700 ) ) ;
#3685 = CARTESIAN_POINT ( 'NONE',  ( -0.1414930555555567700, 0.04246835306586772800, 0.02451911507461878800 ) ) ;
#3686 = CARTESIAN_POINT ( 'NONE',  ( -0.05729166666666978000, -1.852866048859396600E-016, -0.05600000000000020900 ) ) ;
#3687 = CARTESIAN_POINT ( 'NONE',  ( 0.1324999999999999800, 0.0000000000000000000, 0.0000000000000000000 ) ) ;
#3688 = CARTESIAN_POINT ( 'NONE',  ( 0.1833132938682655300, 0.006096269397801470200, 0.03125000000000002800 ) ) ;
#3689 = ORIENTED_EDGE ( 'NONE', *, *, #1355, .F. ) ;
#3690 = CARTESIAN_POINT ( 'NONE',  ( 0.1128472222222168900, -0.04246835306586772100, 0.02451911507461883300 ) ) ;
#3691 = CARTESIAN_POINT ( 'NONE',  ( 0.06944444444443982600, -0.02123417653293384000, 0.03677867261192822900 ) ) ;
#3692 = CARTESIAN_POINT ( 'NONE',  ( -0.1861253540494783000, 0.04246835306586773500, -0.01736453371724580200 ) ) ;
#3693 = CARTESIAN_POINT ( 'NONE',  ( -0.1785867493903486600, 0.003643169897295357300, -0.05449658394293297600 ) ) ;
#3694 = COORDINATED_UNIVERSAL_TIME_OFFSET ( 6, 0, .BEHIND. ) ;
#3695 = CARTESIAN_POINT ( 'NONE',  ( -0.04079861111111395000, 0.04246835306586771400, -0.02451911507461881200 ) ) ;
#3696 = EDGE_CURVE ( 'NONE', #1154, #292, #2241, .T. ) ;
#3697 = CARTESIAN_POINT ( 'NONE',  ( 0.1324999999999999800, 0.01804219591217576900, 0.03125000000000002800 ) ) ;
#3698 = CARTESIAN_POINT ( 'NONE',  ( -0.1612413194444446100, -0.02856381862225548800, -0.04947398511192854100 ) ) ;
#3699 = CIRCLE ( 'NONE', #2914, 0.1243125000000000200 ) ;
#3700 = CARTESIAN_POINT ( 'NONE',  ( -0.1571180555555560200, 0.02800000000000009800, -0.04849742261192875600 ) ) ;
#3701 = CARTESIAN_POINT ( 'NONE',  ( -0.1536458333333343400, -0.04246835306586772800, 0.0000000000000000000 ) ) ;
#3702 = CARTESIAN_POINT ( 'NONE',  ( -0.02697204580705608200, 0.01500515477614277600, 0.05600000000000030600 ) ) ;
#3703 = CARTESIAN_POINT ( 'NONE',  ( -0.05034722222222542300, 0.05600000000000023000, 0.03233161507461914500 ) ) ;
#3704 = CARTESIAN_POINT ( 'NONE',  ( 0.05636128752627588700, 0.01500515477614294700, 0.05600000000000020900 ) ) ;
#3705 = FACE_OUTER_BOUND ( 'NONE', #3059, .T. ) ;
#3706 = CARTESIAN_POINT ( 'NONE',  ( -0.1718750000000013000, -6.976841295087851600E-017, 0.05600000000000021600 ) ) ;
#3707 = LINE ( 'NONE', #2337, #3437 ) ;
#3708 = CARTESIAN_POINT ( 'NONE',  ( 0.1701388888888826200, 0.02123417653293388800, 0.03677867261192820800 ) ) ;
#3709 = CARTESIAN_POINT ( 'NONE',  ( -0.1770833333333340100, -0.04246835306586774200, 0.0000000000000000000 ) ) ;
#3710 = CARTESIAN_POINT ( 'NONE',  ( -0.01388888888889218600, -0.02123417653293384000, 0.03677867261192822900 ) ) ;
#3711 = CARTESIAN_POINT ( 'NONE',  ( -0.06879340277778091300, 0.02856381862225550900, 0.04947398511192853400 ) ) ;
#3712 = ORIENTED_EDGE ( 'NONE', *, *, #1409, .F. ) ;
#3713 = FACE_OUTER_BOUND ( 'NONE', #2916, .T. ) ;
#3714 = CARTESIAN_POINT ( 'NONE',  ( 0.08767361111110622000, 0.04246835306586772800, 0.02451911507461878800 ) ) ;
#3715 = DIRECTION ( 'NONE',  ( 0.0000000000000000000, 0.0000000000000000000, -1.000000000000000000 ) ) ;
#3716 = CARTESIAN_POINT ( 'NONE',  ( -0.2063802083333327600, -0.05712763724451096200, 0.0000000000000000000 ) ) ;
#3717 = VERTEX_POINT ( 'NONE', #480 ) ;
#3718 = CARTESIAN_POINT ( 'NONE',  ( 0.1324999999999999800, 0.03608439182435157300, 0.0000000000000000000 ) ) ;
#3719 = CARTESIAN_POINT ( 'NONE',  ( 0.1707899305555485900, -0.02856381862225548800, -0.04947398511192854100 ) ) ;
#3720 = CARTESIAN_POINT ( 'NONE',  ( -0.002604166666669551400, -3.408358534321605800E-016, 0.05600000000000023000 ) ) ;
#3721 = DIRECTION ( 'NONE',  ( 1.000000000000000000, 0.0000000000000000000, 0.0000000000000000000 ) ) ;
#3722 = CARTESIAN_POINT ( 'NONE',  ( 0.05642361111110726100, 0.05600000000000023000, 0.03233161507461914500 ) ) ;
#3723 = CARTESIAN_POINT ( 'NONE',  ( -0.2011718749999995600, -4.039210500559140100E-018, -0.06596531348257138300 ) ) ;
#3724 = CARTESIAN_POINT ( 'NONE',  ( -0.1128472222222239200, -0.04246835306586774200, -0.02451911507461879800 ) ) ;
#3725 = CARTESIAN_POINT ( 'NONE',  ( 0.1440972222222164400, 0.04246835306586772800, -0.02451911507461882300 ) ) ;
#3726 = CARTESIAN_POINT ( 'NONE',  ( -0.1050347222222240100, 0.02123417653293385400, -0.03677867261192820100 ) ) ;
#3727 = EDGE_CURVE ( 'NONE', #2921, #4165, #810, .T. ) ;
#3728 = CARTESIAN_POINT ( 'NONE',  ( -0.1874999999999999700, 0.03030225249717428300, -0.02975457117359770300 ) ) ;
#3729 =( BOUNDED_CURVE ( )  B_SPLINE_CURVE ( 2, ( #4085, #3315, #865, #3703, #1215, #910, #4402, #1617, #3686 ),
 .UNSPECIFIED., .F., .F. ) 
 B_SPLINE_CURVE_WITH_KNOTS ( ( 3, 2, 2, 2, 3 ),
 ( 0.6250000000000000000, 0.6296296296296296500, 0.6388888888888888400, 0.6481481481481481400, 0.6527777777777777900 ),
 .UNSPECIFIED. ) 
 CURVE ( )  GEOMETRIC_REPRESENTATION_ITEM ( )  RATIONAL_B_SPLINE_CURVE ( ( 0.9330127018922194100, 0.9330127018922194100, 1.000000000000000000, 0.8660254037844387100, 1.000000000000000000, 0.8660254037844387100, 1.000000000000000000, 0.9330127018922194100, 0.9330127018922194100 ) ) 
 REPRESENTATION_ITEM ( '' )  );
#3730 = CARTESIAN_POINT ( 'NONE',  ( -0.2011718749999995600, -4.039210500559140100E-018, -0.06596531348257138300 ) ) ;
#3731 = PLANE ( 'NONE',  #1420 ) ;
#3732 = AXIS2_PLACEMENT_3D ( 'NONE', #2615, #1531, #1557 ) ;
#3733 = DIRECTION ( 'NONE',  ( 0.0000000000000000000, 0.0000000000000000000, -1.000000000000000000 ) ) ;
#3734 = CARTESIAN_POINT ( 'NONE',  ( -0.06857638888889126800, -0.04246835306586772100, -0.02451911507461879100 ) ) ;
#3735 = CARTESIAN_POINT ( 'NONE',  ( -0.1545138888888899200, -0.04246835306586774200, -0.02451911507461880500 ) ) ;
#3736 = CARTESIAN_POINT ( 'NONE',  ( -0.1232638888888909500, -0.05600000000000021600, -0.03233161507461916600 ) ) ;
#3737 = ORIENTED_EDGE ( 'NONE', *, *, #814, .F. ) ;
#3738 = CARTESIAN_POINT ( 'NONE',  ( -0.1733940972222221800, 0.05712763724451097600, 0.03298265674128567100 ) ) ;
#3739 = CARTESIAN_POINT ( 'NONE',  ( -0.1736111111111118300, -0.02123417653293387500, -0.03677867261192821500 ) ) ;
#3740 = CARTESIAN_POINT ( 'NONE',  ( 0.1197916666666612600, -3.002725579405754300E-018, -0.04903823014923761700 ) ) ;
#3741 = ADVANCED_FACE ( 'NONE', ( #627 ), #2325, .T. ) ;
#3742 = CARTESIAN_POINT ( 'NONE',  ( -0.07573784722222524900, 0.02856381862225547100, -0.04947398511192854800 ) ) ;
#3743 = CARTESIAN_POINT ( 'NONE',  ( -0.1362847222222235100, -0.02123417653293383300, 0.03677867261192821500 ) ) ;
#3744 = VERTEX_POINT ( 'NONE', #3625 ) ;
#3745 = ORIENTED_EDGE ( 'NONE', *, *, #1796, .F. ) ;
#3746 = CARTESIAN_POINT ( 'NONE',  ( -0.04318576388889094200, -0.02856381862225543900, 0.04947398511192856900 ) ) ;
#3747 = CARTESIAN_POINT ( 'NONE',  ( 0.008680555555551385700, 0.05600000000000020900, -0.03233161507461918700 ) ) ;
#3748 = CARTESIAN_POINT ( 'NONE',  ( -0.1562500000000015000, 0.05600000000000021600, -6.858022075225205100E-018 ) ) ;
#3749 = CARTESIAN_POINT ( 'NONE',  ( -0.03211805555555851500, -0.02123417653293383300, 0.03677867261192821500 ) ) ;
#3750 = CARTESIAN_POINT ( 'NONE',  ( -0.1562500000000010000, -0.04246835306586774200, 0.0000000000000000000 ) ) ;
#3751 = EDGE_LOOP ( 'NONE', ( #2519, #1812, #2784 ) ) ;
#3752 = DIRECTION ( 'NONE',  ( 1.000000000000000000, -0.0000000000000000000, -0.0000000000000000000 ) ) ;
#3753 = DATE_TIME_ROLE ( 'classification_date' ) ;
#3754 = AXIS2_PLACEMENT_3D ( 'NONE', #2854, #3529, #2883 ) ;
#3755 = CARTESIAN_POINT ( 'NONE',  ( -0.1414930555555562700, -0.05600000000000021600, -0.03233161507461916600 ) ) ;
#3756 = CARTESIAN_POINT ( 'NONE',  ( -0.1438802083333337900, -0.05712763724451096200, 0.0000000000000000000 ) ) ;
#3757 = CARTESIAN_POINT ( 'NONE',  ( -0.1493055555555566900, 0.02123417653293386400, -0.03677867261192821500 ) ) ;
#3758 = CARTESIAN_POINT ( 'NONE',  ( -0.08593750000000209600, -3.002725579405752700E-018, -0.04903823014923759700 ) ) ;
#3759 = B_SPLINE_CURVE_WITH_KNOTS ( 'NONE', 3,
 ( #2983, #1262, #1569, #4021, #1249, #211 ),
 .UNSPECIFIED., .F., .F.,
 ( 4, 2, 4 ),
 ( 3.565162733532823200E-017, 0.0004762808687154903700, 0.0009525617374309450700 ),
 .UNSPECIFIED. ) ;
#3760 = AXIS2_PLACEMENT_3D ( 'NONE', #4515, #4499, #3107 ) ;
#3761 = VECTOR ( 'NONE', #778, 39.37007874015748900 ) ;
#3762 = DIRECTION ( 'NONE',  ( 1.000000000000000000, -0.0000000000000000000, -0.0000000000000000000 ) ) ;
#3763 = CYLINDRICAL_SURFACE ( 'NONE', #2461, 0.05600000000000013300 ) ;
#3764 = CARTESIAN_POINT ( 'NONE',  ( -0.01888020833333576100, -0.05712763724451096200, 0.0000000000000000000 ) ) ;
#3765 = DIRECTION ( 'NONE',  ( -0.0000000000000000000, 0.0000000000000000000, -1.000000000000000000 ) ) ;
#3766 = CARTESIAN_POINT ( 'NONE',  ( 0.02864583333332992200, -6.862466847627394900E-018, -0.05600000000000021600 ) ) ;
#3767 = ORIENTED_EDGE ( 'NONE', *, *, #700, .F. ) ;
#3768 = CARTESIAN_POINT ( 'NONE',  ( -0.01302083333333661300, 9.008176738217257400E-018, 0.04903823014923759700 ) ) ;
#3769 = CARTESIAN_POINT ( 'NONE',  ( -0.1510416666666677700, -3.002725579405754300E-018, -0.04903823014923761700 ) ) ;
#3770 = CARTESIAN_POINT ( 'NONE',  ( -0.002604166666669551400, -3.408358534321605800E-016, 0.05600000000000023000 ) ) ;
#3771 = APPLICATION_PROTOCOL_DEFINITION ( 'international standard', 'config_control_design', 1994, #2044 ) ;
#3772 = VERTEX_POINT ( 'NONE', #3668 ) ;
#3773 = CARTESIAN_POINT ( 'NONE',  ( -0.1868489583333345900, -0.05712763724451096200, 0.0000000000000000000 ) ) ;
#3774 = CARTESIAN_POINT ( 'NONE',  ( -0.1022135416666677700, -0.05712763724451096200, 0.0000000000000000000 ) ) ;
#3775 = ORIENTED_EDGE ( 'NONE', *, *, #2757, .T. ) ;
#3776 = CARTESIAN_POINT ( 'NONE',  ( -0.1163194444444460900, -0.04246835306586772800, 0.02451911507461883300 ) ) ;
#3777 = CARTESIAN_POINT ( 'NONE',  ( 0.1215277777777723400, 0.02123417653293386400, -0.03677867261192821500 ) ) ;
#3778 = CARTESIAN_POINT ( 'NONE',  ( -0.1831597222222227400, 0.04246835306586772800, 0.02451911507461879100 ) ) ;
#3779 = EDGE_LOOP ( 'NONE', ( #4055, #2900, #2360, #2312, #4557, #1985 ) ) ;
#3780 = DIRECTION ( 'NONE',  ( 1.000000000000000000, -0.0000000000000000000, -0.0000000000000000000 ) ) ;
#3781 = CARTESIAN_POINT ( 'NONE',  ( -0.06401909722222394500, -0.02856381862225543900, 0.04947398511192856900 ) ) ;
#3782 = CARTESIAN_POINT ( 'NONE',  ( 0.08767361111110676100, -0.05600000000000021600, -0.03233161507461916600 ) ) ;
#3783 = CARTESIAN_POINT ( 'NONE',  ( -0.07719462085961695300, 0.01500515477614292000, -0.05600000000000023000 ) ) ;
#3784 = CARTESIAN_POINT ( 'NONE',  ( -0.07899305555555775900, 0.04246835306586772800, 0.02451911507461878800 ) ) ;
#3785 = CARTESIAN_POINT ( 'NONE',  ( -0.1076388888888906700, 0.02123417653293386400, -0.03677867261192821500 ) ) ;
#3786 = CARTESIAN_POINT ( 'NONE',  ( 0.1844036004556357200, -0.03313846640546920500, -0.005102492500812996200 ) ) ;
#3787 = APPROVAL_ROLE ( '' ) ;
#3788 = CARTESIAN_POINT ( 'NONE',  ( -0.1260850694444466700, -0.05712763724451094800, 0.03298265674128572600 ) ) ;
#3789 = CARTESIAN_POINT ( 'NONE',  ( -0.1595052083333335400, -4.039210500559140100E-018, -0.06596531348257138300 ) ) ;
#3790 = CARTESIAN_POINT ( 'NONE',  ( 0.008680555555551914800, -0.04246835306586772800, 0.02451911507461883300 ) ) ;
#3791 = CARTESIAN_POINT ( 'NONE',  ( 0.1001438239129985300, -0.01911959206893166700, 0.05263498075536517800 ) ) ;
#3792 = ADVANCED_FACE ( 'NONE', ( #2503 ), #1520, .F. ) ;
#3793 = CARTESIAN_POINT ( 'NONE',  ( -0.1226128472222245100, -0.05712763724451096200, -0.03298265674128569200 ) ) ;
#3794 = CARTESIAN_POINT ( 'NONE',  ( -0.1310763888888902600, -0.04246835306586772800, -0.02451911507461879500 ) ) ;
#3795 = EDGE_CURVE ( 'NONE', #3859, #3143, #1566, .T. ) ;
#3796 =( BOUNDED_CURVE ( )  B_SPLINE_CURVE ( 2, ( #4352, #2577, #2211, #1197, #1551, #2592, #467, #3629, #2922 ),
 .UNSPECIFIED., .F., .F. ) 
 B_SPLINE_CURVE_WITH_KNOTS ( ( 3, 2, 2, 2, 3 ),
 ( 0.7916666666666666300, 0.7962962962962962800, 0.8055555555555555800, 0.8148148148148148800, 0.8194444444444444200 ),
 .UNSPECIFIED. ) 
 CURVE ( )  GEOMETRIC_REPRESENTATION_ITEM ( )  RATIONAL_B_SPLINE_CURVE ( ( 0.9330127018922194100, 0.9330127018922194100, 1.000000000000000000, 0.8660254037844387100, 1.000000000000000000, 0.8660254037844387100, 1.000000000000000000, 0.9330127018922200800, 0.9330127018922193000 ) ) 
 REPRESENTATION_ITEM ( '' )  );
#3797 = CARTESIAN_POINT ( 'NONE',  ( 0.02604166666666222000, -6.862466847627394900E-018, -0.05600000000000021600 ) ) ;
#3798 = CARTESIAN_POINT ( 'NONE',  ( 0.02517361111110724000, 0.04246835306586772800, 0.02451911507461878800 ) ) ;
#3799 = CARTESIAN_POINT ( 'NONE',  ( -0.01367187500000252400, -4.039210500559140100E-018, -0.06596531348257138300 ) ) ;
#3800 = CARTESIAN_POINT ( 'NONE',  ( 0.09114583333332890200, -3.682857208226702500E-016, -0.05600000000000023000 ) ) ;
#3801 = AXIS2_PLACEMENT_3D ( 'NONE', #584, #3762, #1655 ) ;
#3802 = ORIENTED_EDGE ( 'NONE', *, *, #3532, .T. ) ;
#3803 = CARTESIAN_POINT ( 'NONE',  ( 0.1324999999999999800, -0.03608439182435165000, 1.682235272644884300E-017 ) ) ;
#3804 = CARTESIAN_POINT ( 'NONE',  ( -0.06944444444444684800, -0.02123417653293387500, -0.03677867261192821500 ) ) ;
#3805 = CARTESIAN_POINT ( 'NONE',  ( 0.1001438239129986000, -8.537024980200822600E-017, 0.0000000000000000000 ) ) ;
#3806 = CARTESIAN_POINT ( 'NONE',  ( -0.1677517361111126600, -0.05712763724451094800, 0.03298265674128572600 ) ) ;
#3807 = ORIENTED_EDGE ( 'NONE', *, *, #2993, .F. ) ;
#3808 = CARTESIAN_POINT ( 'NONE',  ( -0.1577690972222224600, 0.02856381862225547100, -0.04947398511192854800 ) ) ;
#3809 = CARTESIAN_POINT ( 'NONE',  ( 0.01562499999999622900, -3.002725579405754300E-018, -0.04903823014923761700 ) ) ;
#3810 = CARTESIAN_POINT ( 'NONE',  ( -0.1310763888888897600, 0.05600000000000023000, 0.03233161507461914500 ) ) ;
#3811 = CARTESIAN_POINT ( 'NONE',  ( -0.08268229166666958600, -0.05712763724451096200, 0.0000000000000000000 ) ) ;
#3812 = CARTESIAN_POINT ( 'NONE',  ( -0.04427083333333611100, -3.002725579405752700E-018, -0.04903823014923759700 ) ) ;
#3813 = EDGE_LOOP ( 'NONE', ( #1165, #2816 ) ) ;
#3814 = CARTESIAN_POINT ( 'NONE',  ( -0.1790041965760154300, -0.006663394539536697900, -0.05407913675741338900 ) ) ;
#3815 = CARTESIAN_POINT ( 'NONE',  ( 0.1067708333333281400, 0.04246835306586772800, -5.200873264717459100E-018 ) ) ;
#3816 = PLANE ( 'NONE',  #1740 ) ;
#3817 = CARTESIAN_POINT ( 'NONE',  ( -0.07269965277777935800, 0.05712763724451095500, -0.03298265674128571200 ) ) ;
#3818 = PERSON_AND_ORGANIZATION ( #3372, #2706 ) ;
#3819 = CARTESIAN_POINT ( 'NONE',  ( -0.05555555555555817500, -0.02123417653293384000, 0.03677867261192822900 ) ) ;
#3820 = CARTESIAN_POINT ( 'NONE',  ( -0.1396946208596159500, 0.01500515477614292000, -0.05600000000000023000 ) ) ;
#3821 = FACE_OUTER_BOUND ( 'NONE', #134, .T. ) ;
#3822 = ORIENTED_EDGE ( 'NONE', *, *, #2141, .F. ) ;
#3823 = CARTESIAN_POINT ( 'NONE',  ( -0.1573350694444461700, 0.05712763724451095500, -0.03298265674128571200 ) ) ;
#3824 = EDGE_CURVE ( 'NONE', #1946, #3859, #3486, .T. ) ;
#3825 = CARTESIAN_POINT ( 'NONE',  ( -0.06749131944444609900, 0.02856381862225550900, 0.04947398511192853400 ) ) ;
#3826 = CARTESIAN_POINT ( 'NONE',  ( -0.03298611111111409600, -0.04246835306586772800, 0.02451911507461883300 ) ) ;
#3827 = CARTESIAN_POINT ( 'NONE',  ( -0.06879340277778091300, 0.02856381862225550900, 0.04947398511192853400 ) ) ;
#3828 = CARTESIAN_POINT ( 'NONE',  ( 0.03559027777777374500, -0.04246835306586772800, -0.02451911507461879500 ) ) ;
#3829 = CYLINDRICAL_SURFACE ( 'NONE', #1781, 0.05600000000000013300 ) ;
#3830 = VECTOR ( 'NONE', #3623, 39.37007874015748100 ) ;
#3831 = CARTESIAN_POINT ( 'NONE',  ( 0.03038194444444047200, -0.02123417653293383300, 0.03677867261192821500 ) ) ;
#3832 = CARTESIAN_POINT ( 'NONE',  ( 0.09809027777777326600, 0.05600000000000023000, 0.03233161507461914500 ) ) ;
#3833 = VERTEX_POINT ( 'NONE', #1163 ) ;
#3834 = CARTESIAN_POINT ( 'NONE',  ( 0.09743923611110683100, 0.05712763724451097600, 0.03298265674128567100 ) ) ;
#3835 = VERTEX_POINT ( 'NONE', #1546 ) ;
#3836 = CARTESIAN_POINT ( 'NONE',  ( 0.03385416666666316000, 0.05600000000000021600, -6.858022075225205100E-018 ) ) ;
#3837 = CARTESIAN_POINT ( 'NONE',  ( -0.03298611111111409600, -0.04246835306586772100, 0.02451911507461883300 ) ) ;
#3838 = CARTESIAN_POINT ( 'NONE',  ( -0.1371527777777795900, 0.05600000000000020900, -0.03233161507461918700 ) ) ;
#3839 = ORIENTED_EDGE ( 'NONE', *, *, #3261, .T. ) ;
#3840 = ADVANCED_FACE ( 'NONE', ( #425 ), #2267, .T. ) ;
#3841 = CARTESIAN_POINT ( 'NONE',  ( -0.08311631944444584900, -0.05712763724451094800, 0.03298265674128572600 ) ) ;
#3842 = CARTESIAN_POINT ( 'NONE',  ( 0.01388888888888515200, -0.02123417653293387500, -0.03677867261192821500 ) ) ;
#3843 = CARTESIAN_POINT ( 'NONE',  ( 0.01562499999999576000, -3.396921089575560800E-016, 0.05600000000000023000 ) ) ;
#3844 = CARTESIAN_POINT ( 'NONE',  ( -0.1399739583333353400, -4.039210500559140100E-018, -0.06596531348257138300 ) ) ;
#3845 = CARTESIAN_POINT ( 'NONE',  ( -0.03906250000000283800, 0.04246835306586772800, -5.200873264717459100E-018 ) ) ;
#3846 = DIRECTION ( 'NONE',  ( 1.000000000000000000, 0.0000000000000000000, -0.0000000000000000000 ) ) ;
#3847 = CARTESIAN_POINT ( 'NONE',  ( 0.04079861111110698300, 0.02123417653293385400, -0.03677867261192820100 ) ) ;
#3848 = CARTESIAN_POINT ( 'NONE',  ( 0.1001438239129985300, -0.01911959206893166700, 0.05263498075536517800 ) ) ;
#3849 = CARTESIAN_POINT ( 'NONE',  ( 0.05577256944444081800, 0.05712763724451097600, 0.03298265674128567100 ) ) ;
#3850 = CARTESIAN_POINT ( 'NONE',  ( -0.1935763888888892600, -0.04246835306586772100, -0.02451911507461879100 ) ) ;
#3851 = EDGE_CURVE ( 'NONE', #4229, #2331, #251, .T. ) ;
#3852 = CARTESIAN_POINT ( 'NONE',  ( 0.02951388888888489500, -0.04246835306586772100, 0.02451911507461883300 ) ) ;
#3853 = CARTESIAN_POINT ( 'NONE',  ( -0.09548611111111360300, 0.05600000000000020900, -0.03233161507461918700 ) ) ;
#3854 = CARTESIAN_POINT ( 'NONE',  ( -0.07443576388889043500, 0.02856381862225547100, -0.04947398511192854800 ) ) ;
#3855 = CARTESIAN_POINT ( 'NONE',  ( 0.03124999999999597900, -0.04246835306586774200, 0.0000000000000000000 ) ) ;
#3856 = CARTESIAN_POINT ( 'NONE',  ( -0.09114583333333484100, 0.05600000000000021600, -6.858022075225205100E-018 ) ) ;
#3857 = CARTESIAN_POINT ( 'NONE',  ( -0.1451822916666685700, -0.05712763724451096200, 0.0000000000000000000 ) ) ;
#3858 = CARTESIAN_POINT ( 'NONE',  ( 0.01475694444444072500, -0.04246835306586772800, -0.02451911507461879500 ) ) ;
#3859 = VERTEX_POINT ( 'NONE', #1576 ) ;
#3860 = DIRECTION ( 'NONE',  ( 0.0000000000000000000, 1.224646799147342900E-016, 1.000000000000000000 ) ) ;
#3861 = ADVANCED_FACE ( 'NONE', ( #3217 ), #2383, .T. ) ;
#3862 = CARTESIAN_POINT ( 'NONE',  ( -0.1666666666666675200, 0.04246835306586774200, -5.200873264717461400E-018 ) ) ;
#3863 = ORIENTED_EDGE ( 'NONE', *, *, #644, .T. ) ;
#3864 = CARTESIAN_POINT ( 'NONE',  ( -0.1875000000000005000, 0.04246835306586774200, -5.200873264717461400E-018 ) ) ;
#3865 = CARTESIAN_POINT ( 'NONE',  ( 0.04709201388888539100, -0.02856381862225548800, -0.04947398511192854100 ) ) ;
#3866 = DIRECTION ( 'NONE',  ( 1.000000000000000000, -0.0000000000000000000, -0.0000000000000000000 ) ) ;
#3867 = CARTESIAN_POINT ( 'NONE',  ( 0.01041666666666299200, -0.04246835306586774200, 0.0000000000000000000 ) ) ;
#3868 = VERTEX_POINT ( 'NONE', #1899 ) ;
#3869 = CARTESIAN_POINT ( 'NONE',  ( 0.1833132938681205100, 1.416250427348138700E-014, -0.03124999999999999700 ) ) ;
#3870 = CARTESIAN_POINT ( 'NONE',  ( 0.0006510416666624289200, -0.05712763724451096200, 0.0000000000000000000 ) ) ;
#3871 = CARTESIAN_POINT ( 'NONE',  ( -0.1067708333333350900, -3.002725579405752700E-018, -0.04903823014923759700 ) ) ;
#3872 = ORIENTED_EDGE ( 'NONE', *, *, #4538, .T. ) ;
#3873 = CARTESIAN_POINT ( 'NONE',  ( 0.01236979166666373400, 0.05712763724451096200, -6.996117809434148300E-018 ) ) ;
#3874 = CARTESIAN_POINT ( 'NONE',  ( 0.1044999999999999300, -0.04740052859981694300, 0.03132744248886484800 ) ) ;
#3875 = APPROVAL_DATE_TIME ( #242, #2918 ) ;
#3876 = CARTESIAN_POINT ( 'NONE',  ( 0.005859374999995666700, -4.039210500559140100E-018, -0.06596531348257138300 ) ) ;
#3877 = CARTESIAN_POINT ( 'NONE',  ( -0.06336805555555800900, 0.02123417653293385400, -0.03677867261192820100 ) ) ;
#3878 = DIRECTION ( 'NONE',  ( 1.000000000000000000, -0.0000000000000000000, -0.0000000000000000000 ) ) ;
#3879 = VECTOR ( 'NONE', #3245, 39.37007874015748100 ) ;
#3880 = CARTESIAN_POINT ( 'NONE',  ( -0.1493055555555566900, 0.02123417653293386400, -0.03677867261192821500 ) ) ;
#3881 = CARTESIAN_POINT ( 'NONE',  ( 0.02105034722221912900, -0.05712763724451094800, 0.03298265674128572600 ) ) ;
#3882 = CARTESIAN_POINT ( 'NONE',  ( -0.1874999999999999700, 0.01057764931168557800, -0.04433907546190823300 ) ) ;
#3883 = CARTESIAN_POINT ( 'NONE',  ( 0.03472222222221817100, -0.02123417653293387500, -0.03677867261192821500 ) ) ;
#3884 = CARTESIAN_POINT ( 'NONE',  ( -0.1380208333333340900, -6.862466847627394900E-018, -0.05600000000000021600 ) ) ;
#3885 = FACE_OUTER_BOUND ( 'NONE', #3639, .T. ) ;
#3886 = CARTESIAN_POINT ( 'NONE',  ( 0.08940972222221731100, 0.02123417653293388100, 0.03677867261192818700 ) ) ;
#3887 = ADVANCED_FACE ( 'NONE', ( #1407 ), #306, .T. ) ;
#3888 = EDGE_CURVE ( 'NONE', #3833, #2617, #3653, .T. ) ;
#3889 = ORIENTED_EDGE ( 'NONE', *, *, #2195, .F. ) ;
#3890 = CARTESIAN_POINT ( 'NONE',  ( -0.05360243055555743300, 0.02856381862225547100, -0.04947398511192854800 ) ) ;
#3891 = VERTEX_POINT ( 'NONE', #2989 ) ;
#3892 = CARTESIAN_POINT ( 'NONE',  ( 0.1044999999999897000, -0.02143650436662249100, 0.04911932062324245200 ) ) ;
#3893 = CARTESIAN_POINT ( 'NONE',  ( 0.03190104166666192500, 0.05712763724451096200, -6.996117809434148300E-018 ) ) ;
#3894 = CARTESIAN_POINT ( 'NONE',  ( 0.07031249999999540600, 9.008176738217257400E-018, 0.04903823014923759700 ) ) ;
#3895 = CARTESIAN_POINT ( 'NONE',  ( 0.1744451876629005100, -8.537024980200822600E-017, 0.0000000000000000000 ) ) ;
#3896 = ORIENTED_EDGE ( 'NONE', *, *, #582, .F. ) ;
#3897 = AXIS2_PLACEMENT_3D ( 'NONE', #2726, #2990, #2742 ) ;
#3898 = CARTESIAN_POINT ( 'NONE',  ( -0.1388888888888901700, -0.02123417653293384000, 0.03677867261192822900 ) ) ;
#3899 = CARTESIAN_POINT ( 'NONE',  ( 0.06271701388888513400, -0.05712763724451094800, 0.03298265674128572600 ) ) ;
#3900 = EDGE_LOOP ( 'NONE', ( #485, #824, #1092, #2865 ) ) ;
#3901 = CARTESIAN_POINT ( 'NONE',  ( 0.05034722222221791500, -0.04246835306586772100, 0.02451911507461883300 ) ) ;
#3902 = CARTESIAN_POINT ( 'NONE',  ( -0.04166666666667001600, -0.05600000000000021600, 0.0000000000000000000 ) ) ;
#3903 = CARTESIAN_POINT ( 'NONE',  ( 0.01106770833332890500, 0.05712763724451096200, -6.996117809434148300E-018 ) ) ;
#3904 = CARTESIAN_POINT ( 'NONE',  ( 0.09982638888888381600, -0.02123417653293386800, -0.03677867261192819400 ) ) ;
#3905 = AXIS2_PLACEMENT_3D ( 'NONE', #1202, #1159, #2899 ) ;
#3906 = CARTESIAN_POINT ( 'NONE',  ( 0.03667534722221887900, 0.02856381862225550900, 0.04947398511192853400 ) ) ;
#3907 = CARTESIAN_POINT ( 'NONE',  ( 0.1044999999999999300, 0.04222222853460239800, 0.004565570030018686900 ) ) ;
#3908 = CARTESIAN_POINT ( 'NONE',  ( 0.02322048611110649800, -0.05712763724451096200, -0.03298265674128569200 ) ) ;
#3909 = CARTESIAN_POINT ( 'NONE',  ( 0.07552083333332863800, -0.04246835306586772800, 0.0000000000000000000 ) ) ;
#3910 = CARTESIAN_POINT ( 'NONE',  ( 0.01475694444444125400, 0.05600000000000023000, 0.03233161507461914500 ) ) ;
#3911 = ADVANCED_FACE ( 'NONE', ( #3821 ), #856, .F. ) ;
#3912 = CARTESIAN_POINT ( 'NONE',  ( 0.1796874999999936700, -0.04246835306586772800, 0.0000000000000000000 ) ) ;
#3913 = CARTESIAN_POINT ( 'NONE',  ( 0.1599392361111058000, 0.05712763724451097600, 0.03298265674128567100 ) ) ;
#3914 = DIRECTION ( 'NONE',  ( 0.0000000000000000000, 0.0000000000000000000, -1.000000000000000000 ) ) ;
#3915 = EDGE_CURVE ( 'NONE', #456, #2974, #344, .T. ) ;
#3916 = CARTESIAN_POINT ( 'NONE',  ( 0.06944444444443982600, -0.02123417653293384000, 0.03677867261192822900 ) ) ;
#3917 = CARTESIAN_POINT ( 'NONE',  ( 0.007595486111106746500, 0.02856381862225547100, -0.04947398511192854800 ) ) ;
#3918 = CARTESIAN_POINT ( 'NONE',  ( 0.1015624999999948900, -3.002725579405752700E-018, -0.04903823014923759700 ) ) ;
#3919 = ORIENTED_EDGE ( 'NONE', *, *, #1902, .T. ) ;
#3920 = CARTESIAN_POINT ( 'NONE',  ( 0.1182725694444398100, 0.05712763724451097600, 0.03298265674128567100 ) ) ;
#3921 = CARTESIAN_POINT ( 'NONE',  ( 0.09027777777777280800, -0.02123417653293384000, 0.03677867261192822900 ) ) ;
#3922 = CARTESIAN_POINT ( 'NONE',  ( 0.02864583333332992200, -6.862466847627394900E-018, -0.05600000000000021600 ) ) ;
#3923 = CARTESIAN_POINT ( 'NONE',  ( 0.04058159722221731800, -0.05712763724451094800, 0.03298265674128572600 ) ) ;
#3924 = CARTESIAN_POINT ( 'NONE',  ( -0.07552083333333509100, -1.852866048859396600E-016, -0.05600000000000020900 ) ) ;
#3925 = ORIENTED_EDGE ( 'NONE', *, *, #553, .T. ) ;
#3926 = CARTESIAN_POINT ( 'NONE',  ( -0.01215277777778160100, 0.05600000000000020900, -0.03233161507461918700 ) ) ;
#3927 = CARTESIAN_POINT ( 'NONE',  ( 0.1571180555555495600, -0.04246835306586770700, 0.02451911507461881900 ) ) ;
#3928 = ORIENTED_EDGE ( 'NONE', *, *, #4381, .T. ) ;
#3929 = CARTESIAN_POINT ( 'NONE',  ( 0.1547309027777725400, 0.02856381862225547100, -0.04947398511192854800 ) ) ;
#3930 = CARTESIAN_POINT ( 'NONE',  ( -0.1414930555555567700, 0.04246835306586772800, 0.02451911507461878800 ) ) ;
#3931 = CARTESIAN_POINT ( 'NONE',  ( -0.01844618055555951100, -0.05712763724451096200, -0.03298265674128569200 ) ) ;
#3932 = CARTESIAN_POINT ( 'NONE',  ( 0.08593749999999514300, 0.04246835306586772800, -5.200873264717459100E-018 ) ) ;
#3933 = PERSON_AND_ORGANIZATION ( #3372, #2706 ) ;
#3934 = ADVANCED_FACE ( 'NONE', ( #4208 ), #4098, .T. ) ;
#3935 = CARTESIAN_POINT ( 'NONE',  ( -0.1174045138888912400, 0.02856381862225547100, -0.04947398511192854800 ) ) ;
#3936 = CARTESIAN_POINT ( 'NONE',  ( 0.09223090277777355700, 0.02856381862225547100, -0.04947398511192854800 ) ) ;
#3937 = CARTESIAN_POINT ( 'NONE',  ( 0.04861111111110683800, -0.02123417653293384000, 0.03677867261192822900 ) ) ;
#3938 = CARTESIAN_POINT ( 'NONE',  ( 0.05447048611110599800, 0.05712763724451097600, 0.03298265674128567100 ) ) ;
#3939 = CARTESIAN_POINT ( 'NONE',  ( 0.05642361111110672700, -0.04246835306586772800, -0.02451911507461879500 ) ) ;
#3940 = CARTESIAN_POINT ( 'NONE',  ( 0.1030683421713605900, -1.200428450765968000E-013, -0.05712763724451094800 ) ) ;
#3941 = CARTESIAN_POINT ( 'NONE',  ( -0.07812500000000226200, 9.008176738217260500E-018, 0.04903823014923761700 ) ) ;
#3942 = LINE ( 'NONE', #4007, #2994 ) ;
#3943 = CARTESIAN_POINT ( 'NONE',  ( 0.03298611111110656000, 0.05600000000000023000, 0.03233161507461914500 ) ) ;
#3944 = CARTESIAN_POINT ( 'NONE',  ( -0.1677517361111126600, -0.05712763724451094800, 0.03298265674128572600 ) ) ;
#3945 = CONICAL_SURFACE ( 'NONE', #1704, 0.05600000000000013300, 0.7853981633974572700 ) ;
#3946 =( BOUNDED_CURVE ( )  B_SPLINE_CURVE ( 2, ( #4401, #3702, #1214, #3014, #2287, #512, #1554, #3314, #3674 ),
 .UNSPECIFIED., .F., .F. ) 
 B_SPLINE_CURVE_WITH_KNOTS ( ( 3, 2, 2, 2, 3 ),
 ( 0.5694444444444444200, 0.5740740740740740700, 0.5833333333333332600, 0.5925925925925925600, 0.5972222222222223200 ),
 .UNSPECIFIED. ) 
 CURVE ( )  GEOMETRIC_REPRESENTATION_ITEM ( )  RATIONAL_B_SPLINE_CURVE ( ( 0.9330127018922193000, 0.9330127018922185200, 1.000000000000000000, 0.8660254037844387100, 1.000000000000000000, 0.8660254037844387100, 1.000000000000000000, 0.9330127018922177400, 0.9330127018922194100 ) ) 
 REPRESENTATION_ITEM ( '' )  );
#3947 = CARTESIAN_POINT ( 'NONE',  ( -0.1397569444444456700, 0.02123417653293388100, 0.03677867261192818700 ) ) ;
#3948 = ORIENTED_EDGE ( 'NONE', *, *, #788, .F. ) ;
#3949 = CARTESIAN_POINT ( 'NONE',  ( 0.02864583333332939400, 9.008176738217257400E-018, 0.04903823014923759700 ) ) ;
#3950 = ORIENTED_EDGE ( 'NONE', *, *, #266, .F. ) ;
#3951 = EDGE_CURVE ( 'NONE', #725, #2591, #38, .T. ) ;
#3952 = CARTESIAN_POINT ( 'NONE',  ( 0.04709201388888539100, -0.02856381862225548800, -0.04947398511192854100 ) ) ;
#3953 = CARTESIAN_POINT ( 'NONE',  ( 0.1395399305555490900, 0.02856381862225550900, 0.04947398511192853400 ) ) ;
#3954 = CARTESIAN_POINT ( 'NONE',  ( 0.08572048611110548400, -0.05712763724451096200, -0.03298265674128569200 ) ) ;
#3955 = CARTESIAN_POINT ( 'NONE',  ( 0.1874999999999999700, 8.537024980200819500E-018, -0.03850158773652737100 ) ) ;
#3956 = CARTESIAN_POINT ( 'NONE',  ( 0.06510416666666216100, 0.04246835306586772800, -5.200873264717459100E-018 ) ) ;
#3957 = VERTEX_POINT ( 'NONE', #720 ) ;
#3958 = CARTESIAN_POINT ( 'NONE',  ( 0.1030683421713607200, 0.04955731032008656900, -0.02866312984329300000 ) ) ;
#3959 = CARTESIAN_POINT ( 'NONE',  ( -0.1024305555555574300, 0.04246835306586775600, 0.02451911507461879100 ) ) ;
#3960 = CARTESIAN_POINT ( 'NONE',  ( 0.02777777777777332500, 0.02800000000000009800, -0.04849742261192875600 ) ) ;
#3961 = CARTESIAN_POINT ( 'NONE',  ( -0.1085069444444461800, -0.02123417653293386800, -0.03677867261192819400 ) ) ;
#3962 = CARTESIAN_POINT ( 'NONE',  ( 0.05230034722221862200, 0.05712763724451095500, -0.03298265674128571200 ) ) ;
#3963 = CARTESIAN_POINT ( 'NONE',  ( 0.1325954861111047800, 0.02856381862225547100, -0.04947398511192854800 ) ) ;
#3964 = CARTESIAN_POINT ( 'NONE',  ( 0.1447482638888823200, -0.05712763724451094800, 0.03298265674128572600 ) ) ;
#3965 = CARTESIAN_POINT ( 'NONE',  ( -0.1093750000000022500, -6.748092400166939000E-017, 0.05600000000000020900 ) ) ;
#3966 = CARTESIAN_POINT ( 'NONE',  ( -0.04448784722222575600, -0.02856381862225543900, 0.04947398511192856900 ) ) ;
#3967 = DIRECTION ( 'NONE',  ( 0.0000000000000000000, 0.0000000000000000000, -1.000000000000000000 ) ) ;
#3968 = CARTESIAN_POINT ( 'NONE',  ( -0.06423611111111408900, -0.05600000000000019500, 0.03233161507461918700 ) ) ;
#3969 = CARTESIAN_POINT ( 'NONE',  ( -0.04166666666666948800, 0.04246835306586774200, -5.200873264717461400E-018 ) ) ;
#3970 = EDGE_LOOP ( 'NONE', ( #4195, #965, #535, #50, #4139, #4383, #1245, #681, #721 ) ) ;
#3971 = CARTESIAN_POINT ( 'NONE',  ( 0.1044999999999997900, -0.02580314913572083800, 0.05144672559034650000 ) ) ;
#3972 = CARTESIAN_POINT ( 'NONE',  ( -0.1918402777777781800, -0.02123417653293386800, -0.03677867261192819400 ) ) ;
#3973 = EDGE_CURVE ( 'NONE', #1185, #1226, #1510, .T. ) ;
#3974 = VERTEX_POINT ( 'NONE', #3924 ) ;
#3975 = CARTESIAN_POINT ( 'NONE',  ( 0.1414930555555497800, -0.02123417653293386800, -0.03677867261192819400 ) ) ;
#3976 = EDGE_LOOP ( 'NONE', ( #4504, #152, #3689, #803, #4081, #1269, #663 ) ) ;
#3977 = CARTESIAN_POINT ( 'NONE',  ( 0.1874999999999999700, -7.851222772678303800E-017, 0.05600000000000013300 ) ) ;
#3978 = CARTESIAN_POINT ( 'NONE',  ( 0.06315104166666142500, -0.05712763724451096200, 0.0000000000000000000 ) ) ;
#3979 = CARTESIAN_POINT ( 'NONE',  ( 0.1499565972222155500, -0.02856381862225548800, -0.04947398511192854100 ) ) ;
#3980 = DIRECTION ( 'NONE',  ( 1.000000000000000000, -0.0000000000000000000, -0.0000000000000000000 ) ) ;
#3981 = CARTESIAN_POINT ( 'NONE',  ( -0.03385416666666909300, -1.852866048859396600E-016, -0.05600000000000020900 ) ) ;
#3982 = AXIS2_PLACEMENT_3D ( 'NONE', #912, #547, #3398 ) ;
#3983 = CARTESIAN_POINT ( 'NONE',  ( -0.09635416666666807300, -1.852866048859396600E-016, -0.05600000000000020900 ) ) ;
#3984 = ORIENTED_EDGE ( 'NONE', *, *, #2436, .T. ) ;
#3985 = APPROVAL_DATE_TIME ( #947, #2828 ) ;
#3986 = CARTESIAN_POINT ( 'NONE',  ( -0.1006944444444463300, 0.02123417653293388800, 0.03677867261192820800 ) ) ;
#3987 = CARTESIAN_POINT ( 'NONE',  ( 0.1044999999999998200, 0.01646858851485916500, -0.05514630748085948300 ) ) ;
#3988 = LINE ( 'NONE', #3382, #3041 ) ;
#3989 = CARTESIAN_POINT ( 'NONE',  ( -0.1814236111111116900, 0.02123417653293388100, 0.03677867261192818700 ) ) ;
#3990 = CARTESIAN_POINT ( 'NONE',  ( 0.04578993055555059100, -0.02856381862225548800, -0.04947398511192854100 ) ) ;
#3991 = CARTESIAN_POINT ( 'NONE',  ( 0.1397569444444387300, -0.04246835306586772100, -0.02451911507461879100 ) ) ;
#3992 = CIRCLE ( 'NONE', #1079, 0.1275000000000000900 ) ;
#3993 = CARTESIAN_POINT ( 'NONE',  ( 0.1324999999999999800, -0.02706329386826374800, 0.01562500000000002100 ) ) ;
#3994 = VECTOR ( 'NONE', #516, 39.37007874015748900 ) ;
#3995 = CARTESIAN_POINT ( 'NONE',  ( 0.1638454861111042500, -0.02856381862225543900, 0.04947398511192856900 ) ) ;
#3996 = CARTESIAN_POINT ( 'NONE',  ( 0.08398437499999440700, -0.05712763724451096200, 0.0000000000000000000 ) ) ;
#3997 = CIRCLE ( 'NONE', #2176, 0.04558333333333353800 ) ;
#3998 =( BOUNDED_CURVE ( )  B_SPLINE_CURVE ( 2, ( #3766, #1657, #4531, #2007, #3836, #966, #4159, #3458, #2765 ),
 .UNSPECIFIED., .F., .F. ) 
 B_SPLINE_CURVE_WITH_KNOTS ( ( 3, 2, 2, 2, 3 ),
 ( 0.6250000000000000000, 0.6296296296296296500, 0.6388888888888888400, 0.6481481481481481400, 0.6527777777777777900 ),
 .UNSPECIFIED. ) 
 CURVE ( )  GEOMETRIC_REPRESENTATION_ITEM ( )  RATIONAL_B_SPLINE_CURVE ( ( 0.9330127018922194100, 0.9330127018922194100, 1.000000000000000000, 0.8660254037844387100, 1.000000000000000000, 0.8660254037844387100, 1.000000000000000000, 0.9330127018922194100, 0.9330127018922194100 ) ) 
 REPRESENTATION_ITEM ( '' )  );
#3999 = CARTESIAN_POINT ( 'NONE',  ( -0.02604166666666974200, -3.002725579405754300E-018, -0.04903823014923761700 ) ) ;
#4000 = AXIS2_PLACEMENT_3D ( 'NONE', #1123, #3257, #812 ) ;
#4001 = CARTESIAN_POINT ( 'NONE',  ( 0.07719462085960890300, 0.01500515477614277600, 0.05600000000000030600 ) ) ;
#4002 = ORIENTED_EDGE ( 'NONE', *, *, #125, .F. ) ;
#4003 = CARTESIAN_POINT ( 'NONE',  ( 0.01996527777777399800, 0.02123417653293385400, -0.03677867261192820100 ) ) ;
#4004 = CARTESIAN_POINT ( 'NONE',  ( 0.1484374999999941700, 0.04246835306586772800, -5.200873264717459100E-018 ) ) ;
#4005 = CARTESIAN_POINT ( 'NONE',  ( 0.1044999999999999700, 0.01803524533641330900, -0.04175098629569018400 ) ) ;
#4006 = VERTEX_POINT ( 'NONE', #4274 ) ;
#4007 = CARTESIAN_POINT ( 'NONE',  ( 0.1324999999999999800, -0.01804219591217583500, -0.03124999999999999000 ) ) ;
#4008 = CARTESIAN_POINT ( 'NONE',  ( 0.05794270833332818000, 1.211763150167741700E-017, 0.06596531348257138300 ) ) ;
#4009 = CARTESIAN_POINT ( 'NONE',  ( 0.1256510416666604400, -0.05712763724451096200, 0.0000000000000000000 ) ) ;
#4010 = CARTESIAN_POINT ( 'NONE',  ( 0.1044999999999999300, 0.04222222853460239800, 0.004565570030018686900 ) ) ;
#4011 = CARTESIAN_POINT ( 'NONE',  ( 0.1874999999999999700, -8.537024980200822600E-017, -0.05600000000000013300 ) ) ;
#4012 = CARTESIAN_POINT ( 'NONE',  ( -0.1475694444444460900, -0.05600000000000019500, 0.03233161507461918700 ) ) ;
#4013 = CARTESIAN_POINT ( 'NONE',  ( -0.01562500000000326500, 9.008176738217260500E-018, 0.04903823014923761700 ) ) ;
#4014 = CARTESIAN_POINT ( 'NONE',  ( 0.1874999999999999700, -8.537024980200822600E-017, 0.0000000000000000000 ) ) ;
#4015 = CARTESIAN_POINT ( 'NONE',  ( -0.03038194444444743800, -0.04246835306586770700, 0.02451911507461881900 ) ) ;
#4016 = CARTESIAN_POINT ( 'NONE',  ( 0.1328124999999943900, 9.008176738217257400E-018, 0.04903823014923759700 ) ) ;
#4017 = CARTESIAN_POINT ( 'NONE',  ( 0.05620659722221706800, 0.02856381862225550900, 0.04947398511192853400 ) ) ;
#4018 = CARTESIAN_POINT ( 'NONE',  ( 0.1005260874717115900, -0.02528473874385648800, 0.05039549880290569700 ) ) ;
#4019 = CARTESIAN_POINT ( 'NONE',  ( 0.1690538194444374800, -0.05712763724451096200, -0.03298265674128569200 ) ) ;
#4020 = CARTESIAN_POINT ( 'NONE',  ( 0.1846788194444372900, -0.02856381862225543900, 0.04947398511192856900 ) ) ;
#4021 = CARTESIAN_POINT ( 'NONE',  ( 0.1020752062704197300, -0.01243916487081602400, 0.05539793599034251900 ) ) ;
#4022 = CARTESIAN_POINT ( 'NONE',  ( -0.02886284722222598500, 0.05712763724451097600, 0.03298265674128567100 ) ) ;
#4023 = CARTESIAN_POINT ( 'NONE',  ( 0.05381944444443955600, 0.05600000000000023000, 0.03233161507461914500 ) ) ;
#4024 = ORIENTED_EDGE ( 'NONE', *, *, #612, .T. ) ;
#4025 = CARTESIAN_POINT ( 'NONE',  ( 0.1059027777777726000, 0.04246835306586775600, 0.02451911507461879100 ) ) ;
#4026 = CARTESIAN_POINT ( 'NONE',  ( -0.005208333333336754800, -3.002725579405754300E-018, -0.04903823014923761700 ) ) ;
#4027 = ORIENTED_EDGE ( 'NONE', *, *, #2252, .T. ) ;
#4028 = CARTESIAN_POINT ( 'NONE',  ( -0.03906250000000283800, 0.04246835306586772800, -5.200873264717459100E-018 ) ) ;
#4029 = EDGE_CURVE ( 'NONE', #131, #1660, #1403, .T. ) ;
#4030 = CARTESIAN_POINT ( 'NONE',  ( -0.1035156250000025800, -0.05712763724451096200, 0.0000000000000000000 ) ) ;
#4031 = EDGE_LOOP ( 'NONE', ( #1789, #3666, #3205 ) ) ;
#4032 = CARTESIAN_POINT ( 'NONE',  ( -0.1299913194444451100, 0.02856381862225550900, 0.04947398511192853400 ) ) ;
#4033 = CARTESIAN_POINT ( 'NONE',  ( 0.1026562333940685000, -0.04741415166081747900, 0.03135942996148414300 ) ) ;
#4034 = CARTESIAN_POINT ( 'NONE',  ( -0.1154513888888905200, -0.02123417653293383300, 0.03677867261192821500 ) ) ;
#4035 = CARTESIAN_POINT ( 'NONE',  ( 0.1059982674332515400, -7.339932734034284100E-017, 0.06800000000000010200 ) ) ;
#4036 = CARTESIAN_POINT ( 'NONE',  ( 0.1001438239129986000, -8.537024980200822600E-017, -0.06035617608700145900 ) ) ;
#4037 = CARTESIAN_POINT ( 'NONE',  ( 0.1044999999999999400, -8.537024980200822600E-017, 0.0000000000000000000 ) ) ;
#4038 = ORIENTED_EDGE ( 'NONE', *, *, #3084, .T. ) ;
#4039 = CARTESIAN_POINT ( 'NONE',  ( 0.09027777777777280800, -0.02123417653293384000, 0.03677867261192822900 ) ) ;
#4040 = CARTESIAN_POINT ( 'NONE',  ( 0.03124999999999597900, -0.04246835306586774200, 0.0000000000000000000 ) ) ;
#4041 = LINE ( 'NONE', #1089, #3761 ) ;
#4042 = CARTESIAN_POINT ( 'NONE',  ( -0.1830326638008993000, -0.04485299907006341100, 0.02320276387581968900 ) ) ;
#4043 = CARTESIAN_POINT ( 'NONE',  ( -0.04253472222222501300, 0.02123417653293385400, -0.03677867261192820100 ) ) ;
#4044 = VECTOR ( 'NONE', #1329, 39.37007874015748100 ) ;
#4045 = DIRECTION ( 'NONE',  ( 1.000000000000000000, -0.0000000000000000000, -0.0000000000000000000 ) ) ;
#4046 = LINE ( 'NONE', #1161, #3994 ) ;
#4047 = CARTESIAN_POINT ( 'NONE',  ( -0.1647135416666667700, -0.05712763724451096200, 0.0000000000000000000 ) ) ;
#4048 = CARTESIAN_POINT ( 'NONE',  ( -0.1605279541929489400, 0.01500515477614292000, -0.05600000000000023000 ) ) ;
#4049 = CARTESIAN_POINT ( 'NONE',  ( 0.1846788194444372900, -0.02856381862225543900, 0.04947398511192856900 ) ) ;
#4050 = CARTESIAN_POINT ( 'NONE',  ( -0.08333333333333600700, -0.05600000000000021600, 0.0000000000000000000 ) ) ;
#4051 = DIRECTION ( 'NONE',  ( 1.000000000000000000, -0.0000000000000000000, -0.0000000000000000000 ) ) ;
#4052 = DIRECTION ( 'NONE',  ( 0.0000000000000000000, -0.4999999999999998900, -0.8660254037844386000 ) ) ;
#4053 = CARTESIAN_POINT ( 'NONE',  ( -0.02511128752628443200, -0.01500515477614307000, 0.05600000000000013300 ) ) ;
#4054 = CARTESIAN_POINT ( 'NONE',  ( 0.09895833333332823600, -3.002725579405754300E-018, -0.04903823014923761700 ) ) ;
#4055 = ORIENTED_EDGE ( 'NONE', *, *, #395, .F. ) ;
#4056 = CARTESIAN_POINT ( 'NONE',  ( 0.07812499999999525400, -3.002725579405754300E-018, -0.04903823014923761700 ) ) ;
#4057 = AXIS2_PLACEMENT_3D ( 'NONE', #4517, #3424, #2397 ) ;
#4058 = CARTESIAN_POINT ( 'NONE',  ( 0.06938212085961008300, -0.01500515477614310100, -0.05600000000000012600 ) ) ;
#4059 = EDGE_CURVE ( 'NONE', #252, #1111, #624, .T. ) ;
#4060 = CARTESIAN_POINT ( 'NONE',  ( -0.1833317499299707800, -0.04108501101321986700, 0.02884979217382627900 ) ) ;
#4061 = B_SPLINE_CURVE_WITH_KNOTS ( 'NONE', 3,
 ( #546, #303, #3029, #2381 ),
 .UNSPECIFIED., .F., .F.,
 ( 4, 4 ),
 ( 0.0008051344146724633500, 0.001409440103492147000 ),
 .UNSPECIFIED. ) ;
#4062 = CARTESIAN_POINT ( 'NONE',  ( -0.06510416666666910000, -3.002725579405752700E-018, -0.04903823014923759700 ) ) ;
#4063 = CARTESIAN_POINT ( 'NONE',  ( -0.1733940972222221800, 0.05712763724451097600, 0.03298265674128567100 ) ) ;
#4064 = AXIS2_PLACEMENT_3D ( 'NONE', #542, #2978, #2606 ) ;
#4065 = CARTESIAN_POINT ( 'NONE',  ( -0.1206597222222237600, 0.04246835306586772800, 0.02451911507461878800 ) ) ;
#4066 = CARTESIAN_POINT ( 'NONE',  ( -0.08506944444444709800, -0.05600000000000019500, 0.03233161507461918700 ) ) ;
#4067 = CARTESIAN_POINT ( 'NONE',  ( 0.1844116989830151000, -0.01217839919556405600, 0.03125000000000003500 ) ) ;
#4068 = CARTESIAN_POINT ( 'NONE',  ( -0.02517361111111367200, 0.02800000000000013200, 0.04849742261192874200 ) ) ;
#4069 = CARTESIAN_POINT ( 'NONE',  ( 0.05989583333332945000, -3.408358534321605800E-016, 0.05600000000000023000 ) ) ;
#4070 = CARTESIAN_POINT ( 'NONE',  ( 0.1753472222222159400, -0.04246835306586772100, 0.02451911507461883300 ) ) ;
#4071 = CARTESIAN_POINT ( 'NONE',  ( -0.1423611111111123300, 0.02123417653293388800, 0.03677867261192820800 ) ) ;
#4072 = CARTESIAN_POINT ( 'NONE',  ( 0.1744451876629005100, -8.537024980200822600E-017, 0.0000000000000000000 ) ) ;
#4073 = CARTESIAN_POINT ( 'NONE',  ( 0.07031249999999590600, -3.682857208226702500E-016, -0.05600000000000023000 ) ) ;
#4074 = AXIS2_PLACEMENT_3D ( 'NONE', #4037, #3333, #876 ) ;
#4075 = CARTESIAN_POINT ( 'NONE',  ( 0.02864583333332939400, 9.008176738217257400E-018, 0.04903823014923759700 ) ) ;
#4076 = ORIENTED_EDGE ( 'NONE', *, *, #2247, .T. ) ;
#4077 = CARTESIAN_POINT ( 'NONE',  ( -0.09136284722222499900, 0.05712763724451097600, 0.03298265674128567100 ) ) ;
#4078 = DIRECTION ( 'NONE',  ( 0.0000000000000000000, -1.000000000000000000, 2.365849761790803000E-016 ) ) ;
#4079 =( BOUNDED_CURVE ( )  B_SPLINE_CURVE ( 2, ( #844, #1441, #484, #1537, #3902, #4367, #2138, #4254, #3190 ),
 .UNSPECIFIED., .F., .F. ) 
 B_SPLINE_CURVE_WITH_KNOTS ( ( 3, 2, 2, 2, 3 ),
 ( 0.5972222222222223200, 0.6018518518518518600, 0.6111111111111111600, 0.6203703703703703500, 0.6250000000000000000 ),
 .UNSPECIFIED. ) 
 CURVE ( )  GEOMETRIC_REPRESENTATION_ITEM ( )  RATIONAL_B_SPLINE_CURVE ( ( 0.9330127018922194100, 0.9330127018922209600, 1.000000000000000000, 0.8660254037844387100, 1.000000000000000000, 0.8660254037844387100, 1.000000000000000000, 0.9330127018922194100, 0.9330127018922194100 ) ) 
 REPRESENTATION_ITEM ( '' )  );
#4080 = CARTESIAN_POINT ( 'NONE',  ( -0.1994357638888884500, 0.02856381862225547100, -0.04947398511192854800 ) ) ;
#4081 = ORIENTED_EDGE ( 'NONE', *, *, #1256, .F. ) ;
#4082 = DIRECTION ( 'NONE',  ( 0.0000000000000000000, 0.4999999999999998900, -0.8660254037844386000 ) ) ;
#4083 = CARTESIAN_POINT ( 'NONE',  ( -0.1935763888888892600, -0.04246835306586772100, -0.02451911507461879100 ) ) ;
#4084 = CARTESIAN_POINT ( 'NONE',  ( 0.1759982638888818200, 0.05712763724451095500, -0.03298265674128571200 ) ) ;
#4085 = CARTESIAN_POINT ( 'NONE',  ( -0.04687500000000327500, 2.173114501748674800E-017, 0.05600000000000020900 ) ) ;
#4086 = CARTESIAN_POINT ( 'NONE',  ( -0.06684027777777966400, 0.02800000000000013200, 0.04849742261192874200 ) ) ;
#4087 = CARTESIAN_POINT ( 'NONE',  ( -0.02083333333333703400, -0.05600000000000021600, 0.0000000000000000000 ) ) ;
#4088 = EDGE_CURVE ( 'NONE', #174, #3413, #4426, .T. ) ;
#4089 = ORIENTED_EDGE ( 'NONE', *, *, #3727, .T. ) ;
#4090 = CARTESIAN_POINT ( 'NONE',  ( 0.1197916666666612600, -3.002725579405754300E-018, -0.04903823014923761700 ) ) ;
#4091 = CARTESIAN_POINT ( 'NONE',  ( -0.09548611111111308900, -0.04246835306586772800, 0.02451911507461883300 ) ) ;
#4092 = CARTESIAN_POINT ( 'NONE',  ( -0.1605902777777787100, 0.02123417653293388100, 0.03677867261192818700 ) ) ;
#4093 = B_SPLINE_CURVE_WITH_KNOTS ( 'NONE', 3,
 ( #3341, #1928, #571, #3728 ),
 .UNSPECIFIED., .F., .F.,
 ( 4, 4 ),
 ( 0.0000000000000000000, 0.0008422978831261751500 ),
 .UNSPECIFIED. ) ;
#4094 = ORIENTED_EDGE ( 'NONE', *, *, #2810, .T. ) ;
#4095 = EDGE_CURVE ( 'NONE', #1154, #4136, #1176, .T. ) ;
#4096 = CARTESIAN_POINT ( 'NONE',  ( -0.1577690972222224600, 0.02856381862225547100, -0.04947398511192854800 ) ) ;
#4097 = CARTESIAN_POINT ( 'NONE',  ( -0.1744791666666668200, 0.05600000000000021600, -6.858022075225205100E-018 ) ) ;
#4098 = CYLINDRICAL_SURFACE ( 'NONE', #2147, 0.05600000000000013300 ) ;
#4099 = CARTESIAN_POINT ( 'NONE',  ( 0.1861044312894212800, -0.03608439182435165000, 1.629632006889839800E-017 ) ) ;
#4100 = CARTESIAN_POINT ( 'NONE',  ( -0.02864583333333636100, -0.04246835306586772800, 0.0000000000000000000 ) ) ;
#4101 = CARTESIAN_POINT ( 'NONE',  ( -0.1458333333333345100, 0.04246835306586774200, -5.200873264717461400E-018 ) ) ;
#4102 = LINE ( 'NONE', #3089, #2060 ) ;
#4103 = CARTESIAN_POINT ( 'NONE',  ( -0.1855468749999997800, -0.05712763724451096200, 0.0000000000000000000 ) ) ;
#4104 = CARTESIAN_POINT ( 'NONE',  ( -0.1822916666666672700, 9.008176738217262000E-018, 0.04903823014923761700 ) ) ;
#4105 = CARTESIAN_POINT ( 'NONE',  ( 0.1545138888888829000, -0.04246835306586772100, 0.02451911507461883300 ) ) ;
#4106 = CARTESIAN_POINT ( 'NONE',  ( -0.1414930555555567700, 0.04246835306586772800, 0.02451911507461879100 ) ) ;
#4107 = ORIENTED_EDGE ( 'NONE', *, *, #2553, .F. ) ;
#4108 = DIRECTION ( 'NONE',  ( 0.0000000000000000000, 0.0000000000000000000, -1.000000000000000000 ) ) ;
#4109 = CARTESIAN_POINT ( 'NONE',  ( -0.09874131944444559900, -0.02856381862225548800, -0.04947398511192854100 ) ) ;
#4110 = ORIENTED_EDGE ( 'NONE', *, *, #3467, .F. ) ;
#4111 = CARTESIAN_POINT ( 'NONE',  ( -0.05468750000000209600, -1.852866048859396600E-016, -0.05600000000000020900 ) ) ;
#4112 = CARTESIAN_POINT ( 'NONE',  ( -0.1614583333333347900, -5.261224583181002700E-017, -0.05600000000000021600 ) ) ;
#4113 = CARTESIAN_POINT ( 'NONE',  ( -0.08072916666666886400, 0.04246835306586772800, -5.200873264717459100E-018 ) ) ;
#4114 = CARTESIAN_POINT ( 'NONE',  ( -0.1111111111111128300, -0.02123417653293387500, -0.03677867261192821500 ) ) ;
#4115 = DIRECTION ( 'NONE',  ( -0.0000000000000000000, 0.0000000000000000000, -1.000000000000000000 ) ) ;
#4116 = EDGE_LOOP ( 'NONE', ( #1480, #1393, #3418, #3558 ) ) ;
#4117 = CARTESIAN_POINT ( 'NONE',  ( -0.1625434027777794000, -0.02856381862225548800, -0.04947398511192854100 ) ) ;
#4118 = CARTESIAN_POINT ( 'NONE',  ( -0.1039496527777788600, -0.05712763724451094800, 0.03298265674128572600 ) ) ;
#4119 = CARTESIAN_POINT ( 'NONE',  ( -0.1319444444444458400, -0.02123417653293387500, -0.03677867261192821500 ) ) ;
#4120 = ADVANCED_FACE ( 'NONE', ( #3487 ), #1665, .T. ) ;
#4121 = CARTESIAN_POINT ( 'NONE',  ( -0.08420138888889101800, 0.02123417653293385400, -0.03677867261192820100 ) ) ;
#4122 = EDGE_CURVE ( 'NONE', #4387, #586, #2551, .T. ) ;
#4123 = B_SPLINE_CURVE_WITH_KNOTS ( 'NONE', 3,
 ( #4246, #4286, #1616, #575, #2040, #1439, #1024, #886, #139, #4337, #1828, #95, #463, #3987, #2564, #2930, #4347, #81, #2523, #1883, #2223, #1865, #2192, #3234, #2903, #2917, #2536, #825, #1509, #4319, #4291, #798, #112, #3971, #3638, #3613, #2180, #1180 ),
 .UNSPECIFIED., .F., .F.,
 ( 4, 2, 2, 2, 2, 2, 2, 2, 2, 2, 2, 2, 2, 2, 2, 2, 2, 2, 4 ),
 ( 0.0000000000000000000, 0.0005320592567809044600, 0.001064118513561808900, 0.001330148141952260900, 0.001596177770342712900, 0.002128237027123617000, 0.002660296283904520900, 0.003192355540685424800, 0.003724414797466329200, 0.004256474054247233100, 0.004522503682637684900, 0.004788533311028138300, 0.005320592567809041000, 0.006384711081370847900, 0.006916770338151752300, 0.007182799966542204000, 0.007448829594932656700, 0.007980888851713559300, 0.008512948108494462800 ),
 .UNSPECIFIED. ) ;
#4124 = CARTESIAN_POINT ( 'NONE',  ( 0.1044999999999999400, -8.537024980200822600E-017, -0.06471235217400282700 ) ) ;
#4125 = CARTESIAN_POINT ( 'NONE',  ( -0.03624131944444662600, -0.02856381862225548800, -0.04947398511192854100 ) ) ;
#4126 = CARTESIAN_POINT ( 'NONE',  ( -0.1702012124737194200, 0.01500515477614288100, 0.05600000000000023000 ) ) ;
#4127 = CARTESIAN_POINT ( 'NONE',  ( -0.08246527777777994100, 0.04246835306586771400, -0.02451911507461881200 ) ) ;
#4128 = CARTESIAN_POINT ( 'NONE',  ( -0.1493055555555566900, 0.02123417653293386400, -0.03677867261192821500 ) ) ;
#4129 = CARTESIAN_POINT ( 'NONE',  ( -0.1207220458070545900, -0.01500515477614276600, -0.05600000000000030600 ) ) ;
#4130 = PERSON_AND_ORGANIZATION_ROLE ( 'classification_officer' ) ;
#4131 = CARTESIAN_POINT ( 'NONE',  ( -0.1469184027777796500, -0.05712763724451094800, 0.03298265674128572600 ) ) ;
#4132 = CARTESIAN_POINT ( 'NONE',  ( -0.1299913194444451100, 0.02856381862225550900, 0.04947398511192853400 ) ) ;
#4133 = CARTESIAN_POINT ( 'NONE',  ( -0.1631944444444453400, 0.02123417653293388800, 0.03677867261192820800 ) ) ;
#4134 = CARTESIAN_POINT ( 'NONE',  ( 0.09895833333332823600, -3.002725579405754300E-018, -0.04903823014923761700 ) ) ;
#4135 = CARTESIAN_POINT ( 'NONE',  ( -0.1328125000000013600, -0.04246835306586772800, 0.0000000000000000000 ) ) ;
#4136 = VERTEX_POINT ( 'NONE', #2189 ) ;
#4137 =( BOUNDED_CURVE ( )  B_SPLINE_CURVE ( 2, ( #4436, #1933, #2612, #2317, #1234, #875, #2257, #848, #3001 ),
 .UNSPECIFIED., .F., .F. ) 
 B_SPLINE_CURVE_WITH_KNOTS ( ( 3, 2, 2, 2, 3 ),
 ( 0.7638888888888888400, 0.7685185185185184900, 0.7777777777777777900, 0.7870370370370369800, 0.7916666666666666300 ),
 .UNSPECIFIED. ) 
 CURVE ( )  GEOMETRIC_REPRESENTATION_ITEM ( )  RATIONAL_B_SPLINE_CURVE ( ( 0.9330127018922193000, 0.9330127018922185200, 1.000000000000000000, 0.8660254037844387100, 1.000000000000000000, 0.8660254037844387100, 1.000000000000000000, 0.9330127018922194100, 0.9330127018922194100 ) ) 
 REPRESENTATION_ITEM ( '' )  );
#4138 = CARTESIAN_POINT ( 'NONE',  ( -0.1847255747865736400, -0.01342368951546649000, 0.04693262313756902500 ) ) ;
#4139 = ORIENTED_EDGE ( 'NONE', *, *, #419, .T. ) ;
#4140 = DIRECTION ( 'NONE',  ( 0.0000000000000000000, 0.0000000000000000000, -1.000000000000000000 ) ) ;
#4141 = CARTESIAN_POINT ( 'NONE',  ( -0.004991319444447093000, 0.02856381862225550900, 0.04947398511192853400 ) ) ;
#4142 = CARTESIAN_POINT ( 'NONE',  ( -0.07378472222222452700, -0.02123417653293383300, 0.03677867261192821500 ) ) ;
#4143 = CARTESIAN_POINT ( 'NONE',  ( -0.1006944444444463300, 0.02123417653293388800, 0.03677867261192820800 ) ) ;
#4144 = ORIENTED_EDGE ( 'NONE', *, *, #1115, .F. ) ;
#4145 = PLANE ( 'NONE',  #1572 ) ;
#4146 = CARTESIAN_POINT ( 'NONE',  ( 0.1324999999999999800, 0.0000000000000000000, 0.0000000000000000000 ) ) ;
#4147 = CARTESIAN_POINT ( 'NONE',  ( -0.1243489583333355900, -0.05712763724451096200, 0.0000000000000000000 ) ) ;
#4148 = EDGE_CURVE ( 'NONE', #1387, #3974, #3161, .T. ) ;
#4149 = CARTESIAN_POINT ( 'NONE',  ( -0.1751302083333332900, 0.05712763724451096200, -6.996117809434148300E-018 ) ) ;
#4150 = CARTESIAN_POINT ( 'NONE',  ( -0.03993055555555841100, 0.04246835306586774900, 0.02451911507461879500 ) ) ;
#4151 = CARTESIAN_POINT ( 'NONE',  ( 0.1844036004556356100, 0.02098812133105820000, -0.02614750749918698700 ) ) ;
#4152 = CARTESIAN_POINT ( 'NONE',  ( -0.1087239583333358300, 1.211763150167741700E-017, 0.06596531348257138300 ) ) ;
#4153 = CARTESIAN_POINT ( 'NONE',  ( -0.1519097222222232600, -0.04246835306586772800, -0.02451911507461879500 ) ) ;
#4154 = CARTESIAN_POINT ( 'NONE',  ( -0.01996527777778039900, -0.05600000000000020200, 0.03233161507461920100 ) ) ;
#4155 = CARTESIAN_POINT ( 'NONE',  ( 0.07725694444443970100, -0.04246835306586772100, -0.02451911507461879100 ) ) ;
#4156 = VECTOR ( 'NONE', #2966, 39.37007874015748100 ) ;
#4157 = CARTESIAN_POINT ( 'NONE',  ( -0.05533854166666853100, -4.039210500559140100E-018, -0.06596531348257138300 ) ) ;
#4158 = FACE_OUTER_BOUND ( 'NONE', #2086, .T. ) ;
#4159 = CARTESIAN_POINT ( 'NONE',  ( 0.03732638888888532200, 0.02800000000000013200, 0.04849742261192874200 ) ) ;
#4160 = CARTESIAN_POINT ( 'NONE',  ( -0.1371527777777790900, -0.04246835306586772100, 0.02451911507461883300 ) ) ;
#4161 = CARTESIAN_POINT ( 'NONE',  ( -0.02365451388889275000, -0.02856381862225543900, 0.04947398511192856900 ) ) ;
#4162 = VECTOR ( 'NONE', #1971, 39.37007874015748900 ) ;
#4163 = CARTESIAN_POINT ( 'NONE',  ( -0.1851128472222234900, -0.05712763724451096200, -0.03298265674128569200 ) ) ;
#4164 = CARTESIAN_POINT ( 'NONE',  ( -0.1699218750000000300, 1.211763150167741700E-017, 0.06596531348257138300 ) ) ;
#4165 = VERTEX_POINT ( 'NONE', #3649 ) ;
#4166 = CARTESIAN_POINT ( 'NONE',  ( -0.05381944444444709800, -0.04246835306586772800, 0.02451911507461883300 ) ) ;
#4167 = CARTESIAN_POINT ( 'NONE',  ( -0.1434461805555575000, -0.05712763724451096200, -0.03298265674128569200 ) ) ;
#4168 = CARTESIAN_POINT ( 'NONE',  ( -0.03385416666666960000, 9.008176738217257400E-018, 0.04903823014923759700 ) ) ;
#4169 = DIRECTION ( 'NONE',  ( 1.000000000000000000, -0.0000000000000000000, -0.0000000000000000000 ) ) ;
#4170 = EDGE_LOOP ( 'NONE', ( #4201, #1270, #749, #502, #2539 ) ) ;
#4171 = ADVANCED_BREP_SHAPE_REPRESENTATION ( '92210A024_18-8 Stainless Steel Hex Drive Flat Head Screw', ( #3573, #307 ), #113 ) ;
#4172 = CARTESIAN_POINT ( 'NONE',  ( 0.1137152777777724500, -0.02123417653293383300, 0.03677867261192821500 ) ) ;
#4173 = DIRECTION ( 'NONE',  ( 0.0000000000000000000, 0.0000000000000000000, -1.000000000000000000 ) ) ;
#4174 = CARTESIAN_POINT ( 'NONE',  ( -0.09006076388889018600, 0.05712763724451097600, 0.03298265674128567100 ) ) ;
#4175 = CARTESIAN_POINT ( 'NONE',  ( -0.1776182308857418600, 0.02823044167580746400, -0.04788161730972842500 ) ) ;
#4176 = AXIS2_PLACEMENT_3D ( 'NONE', #2188, #3244, #834 ) ;
#4177 = CARTESIAN_POINT ( 'NONE',  ( 0.04340277777777307900, -0.05600000000000021600, -0.03233161507461916600 ) ) ;
#4178 = CARTESIAN_POINT ( 'NONE',  ( -0.005208333333336754800, -3.002725579405754300E-018, -0.04903823014923761700 ) ) ;
#4179 = CARTESIAN_POINT ( 'NONE',  ( 0.1874999999999999700, 8.537024980200819500E-018, -0.03850158773652737100 ) ) ;
#4180 = CARTESIAN_POINT ( 'NONE',  ( -0.1486545138888907500, -0.02856381862225543900, 0.04947398511192856900 ) ) ;
#4181 = CARTESIAN_POINT ( 'NONE',  ( -0.01888020833333576100, -0.05712763724451096200, 0.0000000000000000000 ) ) ;
#4182 = CARTESIAN_POINT ( 'NONE',  ( -0.02256944444444758400, 0.04246835306586772800, -0.02451911507461883000 ) ) ;
#4183 = CARTESIAN_POINT ( 'NONE',  ( -0.06532118055555875800, -0.02856381862225543900, 0.04947398511192856900 ) ) ;
#4184 = CARTESIAN_POINT ( 'NONE',  ( -0.04079861111111395000, 0.04246835306586771400, -0.02451911507461881200 ) ) ;
#4185 = EDGE_CURVE ( 'NONE', #3717, #4362, #3699, .T. ) ;
#4186 = DIRECTION ( 'NONE',  ( 1.000000000000000000, -0.0000000000000000000, -0.0000000000000000000 ) ) ;
#4187 = ADVANCED_FACE ( 'NONE', ( #4545 ), #4315, .F. ) ;
#4188 = CARTESIAN_POINT ( 'NONE',  ( 0.08593749999999514300, 0.04246835306586772800, -5.200873264717459100E-018 ) ) ;
#4189 = CARTESIAN_POINT ( 'NONE',  ( 0.1095920138888844100, -0.02856381862225548800, -0.04947398511192854100 ) ) ;
#4190 = ADVANCED_FACE ( 'NONE', ( #3542 ), #2598, .F. ) ;
#4191 = ORIENTED_EDGE ( 'NONE', *, *, #2113, .T. ) ;
#4192 = CARTESIAN_POINT ( 'NONE',  ( 0.04513888888888414900, -0.02800000000000011500, -0.04849742261192874900 ) ) ;
#4193 = CARTESIAN_POINT ( 'NONE',  ( 0.008680555555551914800, -0.04246835306586772100, 0.02451911507461883300 ) ) ;
#4194 = CARTESIAN_POINT ( 'NONE',  ( -0.09895833333333575700, -6.862466847627394900E-018, -0.05600000000000020900 ) ) ;
#4195 = ORIENTED_EDGE ( 'NONE', *, *, #4295, .F. ) ;
#4196 = CARTESIAN_POINT ( 'NONE',  ( -0.004991319444447093000, 0.02856381862225550900, 0.04947398511192853400 ) ) ;
#4197 = CARTESIAN_POINT ( 'NONE',  ( -0.06770833333333575700, -3.002725579405754300E-018, -0.04903823014923761700 ) ) ;
#4198 = CARTESIAN_POINT ( 'NONE',  ( -0.02343750000000258800, 2.058740054288218200E-017, 0.05600000000000020900 ) ) ;
#4199 = CARTESIAN_POINT ( 'NONE',  ( -0.1191406250000023200, -4.039210500559140100E-018, -0.06596531348257138300 ) ) ;
#4200 = CARTESIAN_POINT ( 'NONE',  ( -0.009548611111114420000, -0.04246835306586770700, 0.02451911507461881600 ) ) ;
#4201 = ORIENTED_EDGE ( 'NONE', *, *, #2344, .F. ) ;
#4202 = CARTESIAN_POINT ( 'NONE',  ( 0.1001438239129986000, -7.797875001663619200E-017, 0.06035617608700145900 ) ) ;
#4203 = CARTESIAN_POINT ( 'NONE',  ( 0.04947916666666241100, 9.008176738217257400E-018, 0.04903823014923759700 ) ) ;
#4204 = ORIENTED_EDGE ( 'NONE', *, *, #39, .T. ) ;
#4205 = CARTESIAN_POINT ( 'NONE',  ( 0.07313368055555163900, 0.05712763724451095500, -0.03298265674128571200 ) ) ;
#4206 = CARTESIAN_POINT ( 'NONE',  ( -0.04513888888889166400, 0.02123417653293386400, -0.03677867261192821500 ) ) ;
#4207 = CARTESIAN_POINT ( 'NONE',  ( -0.09027777777778034400, 0.02800000000000013200, 0.04849742261192873500 ) ) ;
#4208 = FACE_OUTER_BOUND ( 'NONE', #2872, .T. ) ;
#4209 = ADVANCED_FACE ( 'NONE', ( #97 ), #143, .T. ) ;
#4210 = EDGE_CURVE ( 'NONE', #2227, #1191, #2218, .T. ) ;
#4211 = CARTESIAN_POINT ( 'NONE',  ( -0.03103298611111335300, 0.05712763724451095500, -0.03298265674128571200 ) ) ;
#4212 = CARTESIAN_POINT ( 'NONE',  ( -0.01041666666666999300, -0.04246835306586774200, 0.0000000000000000000 ) ) ;
#4213 = CARTESIAN_POINT ( 'NONE',  ( -0.1278211805555577500, -0.02856381862225543900, 0.04947398511192856900 ) ) ;
#4214 = CARTESIAN_POINT ( 'NONE',  ( 0.01649305555555180500, -0.02123417653293386800, -0.03677867261192819400 ) ) ;
#4215 = VECTOR ( 'NONE', #1309, 39.37007874015748100 ) ;
#4216 = ORIENTED_EDGE ( 'NONE', *, *, #520, .F. ) ;
#4217 = CONICAL_SURFACE ( 'NONE', #3982, 0.05600000000000013300, 0.7853981633974572700 ) ;
#4218 = CARTESIAN_POINT ( 'NONE',  ( -0.1119791666666678200, 0.05600000000000021600, -6.858022075225205100E-018 ) ) ;
#4219 = CARTESIAN_POINT ( 'NONE',  ( -0.1840277777777783500, 0.02123417653293388800, 0.03677867261192820800 ) ) ;
#4220 = CARTESIAN_POINT ( 'NONE',  ( -0.1701388888888901700, -0.02800000000000006700, 0.04849742261192877700 ) ) ;
#4221 = VERTEX_POINT ( 'NONE', #490 ) ;
#4222 = CARTESIAN_POINT ( 'NONE',  ( 0.06445312499999621100, -0.05712763724451096200, 0.0000000000000000000 ) ) ;
#4223 = ORIENTED_EDGE ( 'NONE', *, *, #291, .F. ) ;
#4224 = CARTESIAN_POINT ( 'NONE',  ( -0.1623263888888892600, -0.05600000000000021600, -0.03233161507461916600 ) ) ;
#4225 = CARTESIAN_POINT ( 'NONE',  ( 0.01388888888888515200, -0.02123417653293387500, -0.03677867261192821500 ) ) ;
#4226 = CARTESIAN_POINT ( 'NONE',  ( 0.03999287914038226300, -0.01500515477614290300, 0.05600000000000023000 ) ) ;
#4227 =( BOUNDED_CURVE ( )  B_SPLINE_CURVE ( 2, ( #3720, #2043, #1695, #2717, #1977, #2399, #635, #4519, #4503 ),
 .UNSPECIFIED., .F., .F. ) 
 B_SPLINE_CURVE_WITH_KNOTS ( ( 3, 2, 2, 2, 3 ),
 ( 0.5416666666666667400, 0.5462962962962962800, 0.5555555555555555800, 0.5648148148148147700, 0.5694444444444444200 ),
 .UNSPECIFIED. ) 
 CURVE ( )  GEOMETRIC_REPRESENTATION_ITEM ( )  RATIONAL_B_SPLINE_CURVE ( ( 0.9330127018922193000, 0.9330127018922200800, 1.000000000000000000, 0.8660254037844387100, 1.000000000000000000, 0.8660254037844387100, 1.000000000000000000, 0.9330127018922194100, 0.9330127018922194100 ) ) 
 REPRESENTATION_ITEM ( '' )  );
#4228 = CARTESIAN_POINT ( 'NONE',  ( -0.08940972222222427800, -0.04246835306586772100, -0.02451911507461879100 ) ) ;
#4229 = VERTEX_POINT ( 'NONE', #849 ) ;
#4230 = CARTESIAN_POINT ( 'NONE',  ( 0.01584201388888589400, 0.02856381862225550900, 0.04947398511192853400 ) ) ;
#4231 = CARTESIAN_POINT ( 'NONE',  ( 0.1044999999999996100, -0.005675167090817115200, 0.05153500331762210500 ) ) ;
#4232 = CARTESIAN_POINT ( 'NONE',  ( -0.04334045419294974700, -0.01500515477614298800, 0.05600000000000018200 ) ) ;
#4233 = CARTESIAN_POINT ( 'NONE',  ( 0.01106770833332890500, 0.05712763724451096200, -6.996117809434148300E-018 ) ) ;
#4234 = CARTESIAN_POINT ( 'NONE',  ( 0.05468749999999564900, -0.04246835306586772800, 0.0000000000000000000 ) ) ;
#4235 = CARTESIAN_POINT ( 'NONE',  ( -0.1085069444444456700, 0.02800000000000013200, 0.04849742261192874200 ) ) ;
#4236 = ADVANCED_FACE ( 'NONE', ( #4262 ), #2652, .T. ) ;
#4237 = CARTESIAN_POINT ( 'NONE',  ( 0.1762152777777715200, -0.02123417653293383300, 0.03677867261192821500 ) ) ;
#4238 = CARTESIAN_POINT ( 'NONE',  ( 0.06098090277777405700, -0.02856381862225543900, 0.04947398511192856900 ) ) ;
#4239 = CARTESIAN_POINT ( 'NONE',  ( -0.1692708333333335900, -1.143744474604566100E-016, 0.05600000000000021600 ) ) ;
#4240 = EDGE_CURVE ( 'NONE', #3042, #1970, #1884, .T. ) ;
#4241 = CARTESIAN_POINT ( 'NONE',  ( -0.02604166666666974200, -3.002725579405754300E-018, -0.04903823014923761700 ) ) ;
#4242 = CARTESIAN_POINT ( 'NONE',  ( -0.08854166666666926600, 2.173114501748674800E-017, 0.05600000000000020900 ) ) ;
#4243 = CARTESIAN_POINT ( 'NONE',  ( 0.05468749999999564900, -0.04246835306586772800, 0.0000000000000000000 ) ) ;
#4244 = CARTESIAN_POINT ( 'NONE',  ( -0.03971354166666878100, -0.05712763724451096200, 0.0000000000000000000 ) ) ;
#4245 = CARTESIAN_POINT ( 'NONE',  ( 0.06597222222221767200, 0.02123417653293388800, 0.03677867261192820800 ) ) ;
#4246 = CARTESIAN_POINT ( 'NONE',  ( 0.1044999999999999300, -0.05682611142190813200, 0.005861740168697128100 ) ) ;
#4247 = CARTESIAN_POINT ( 'NONE',  ( -0.04622395833333682600, 1.211763150167741700E-017, 0.06596531348257138300 ) ) ;
#4248 = AXIS2_PLACEMENT_3D ( 'NONE', #3300, #3634, #3967 ) ;
#4249 = CARTESIAN_POINT ( 'NONE',  ( -0.1371527777777790900, -0.04246835306586772100, 0.02451911507461883300 ) ) ;
#4250 = ORIENTED_EDGE ( 'NONE', *, *, #1115, .T. ) ;
#4251 = CARTESIAN_POINT ( 'NONE',  ( 0.03841145833332999800, 1.211763150167741700E-017, 0.06596531348257138300 ) ) ;
#4252 = CARTESIAN_POINT ( 'NONE',  ( 0.06423611111110659500, 0.04246835306586775600, 0.02451911507461879100 ) ) ;
#4253 = ORIENTED_EDGE ( 'NONE', *, *, #2247, .F. ) ;
#4254 = CARTESIAN_POINT ( 'NONE',  ( -0.04594462085961744500, -0.01500515477614290300, 0.05600000000000023000 ) ) ;
#4255 = CARTESIAN_POINT ( 'NONE',  ( 0.05815972222221781100, -0.02123417653293386800, -0.03677867261192819400 ) ) ;
#4256 = ORIENTED_EDGE ( 'NONE', *, *, #2502, .T. ) ;
#4257 = CARTESIAN_POINT ( 'NONE',  ( 0.02973090277777456000, 0.02856381862225547100, -0.04947398511192854800 ) ) ;
#4258 = CARTESIAN_POINT ( 'NONE',  ( 0.06076388888888440600, 0.04246835306586772800, -0.02451911507461883000 ) ) ;
#4259 = CARTESIAN_POINT ( 'NONE',  ( 0.1030683421713604900, 2.516237844130046200E-017, 0.05712763724451097600 ) ) ;
#4260 = CARTESIAN_POINT ( 'NONE',  ( 0.002387152777773507900, -0.05712763724451096200, -0.03298265674128569200 ) ) ;
#4261 = CARTESIAN_POINT ( 'NONE',  ( 0.09809027777777273900, -0.04246835306586772800, -0.02451911507461879500 ) ) ;
#4262 = FACE_OUTER_BOUND ( 'NONE', #613, .T. ) ;
#4263 = CARTESIAN_POINT ( 'NONE',  ( -0.1718750000000007500, -3.002725579405754300E-018, -0.04903823014923761700 ) ) ;
#4264 = CARTESIAN_POINT ( 'NONE',  ( 0.1668836805555501700, -0.05712763724451094800, 0.03298265674128572600 ) ) ;
#4265 = FACE_OUTER_BOUND ( 'NONE', #4403, .T. ) ;
#4266 = DIRECTION ( 'NONE',  ( 1.000000000000000000, 0.0000000000000000000, 0.0000000000000000000 ) ) ;
#4267 = LINE ( 'NONE', #2244, #522 ) ;
#4268 = CARTESIAN_POINT ( 'NONE',  ( 0.04253472222221806000, 0.04246835306586771400, -0.02451911507461881200 ) ) ;
#4269 = EDGE_CURVE ( 'NONE', #2083, #3535, #11, .T. ) ;
#4270 = CARTESIAN_POINT ( 'NONE',  ( 0.08875868055555138900, -0.02856381862225548800, -0.04947398511192854100 ) ) ;
#4271 = CARTESIAN_POINT ( 'NONE',  ( 0.1043287722738724400, 0.04246835306586774200, 0.002289419157569009100 ) ) ;
#4272 = CARTESIAN_POINT ( 'NONE',  ( -0.1867465012011997600, 0.02925980536291063500, 0.03615067251754822800 ) ) ;
#4273 = CARTESIAN_POINT ( 'NONE',  ( 0.04578993055555059100, -0.02856381862225548800, -0.04947398511192854100 ) ) ;
#4274 = CARTESIAN_POINT ( 'NONE',  ( -0.01302083333333611100, -3.682857208226702500E-016, -0.05600000000000023000 ) ) ;
#4275 = CARTESIAN_POINT ( 'NONE',  ( 0.1030683421713611000, 0.05562751013947980800, -0.01498801077294281300 ) ) ;
#4276 = ORIENTED_EDGE ( 'NONE', *, *, #1922, .F. ) ;
#4277 = ADVANCED_FACE ( 'NONE', ( #1284 ), #2931, .T. ) ;
#4278 = CARTESIAN_POINT ( 'NONE',  ( -0.03125000000000301100, -0.04246835306586774200, 0.0000000000000000000 ) ) ;
#4279 = CARTESIAN_POINT ( 'NONE',  ( 0.1373697916666617400, 0.05712763724451096200, -6.996117809434148300E-018 ) ) ;
#4280 =( BOUNDED_CURVE ( )  B_SPLINE_CURVE ( 2, ( #4242, #2122, #4207, #4553, #3510, #3853, #2105, #323, #4194 ),
 .UNSPECIFIED., .F., .F. ) 
 B_SPLINE_CURVE_WITH_KNOTS ( ( 3, 2, 2, 2, 3 ),
 ( 0.7361111111111111600, 0.7407407407407407000, 0.7500000000000000000, 0.7592592592592593000, 0.7638888888888888400 ),
 .UNSPECIFIED. ) 
 CURVE ( )  GEOMETRIC_REPRESENTATION_ITEM ( )  RATIONAL_B_SPLINE_CURVE ( ( 0.9330127018922194100, 0.9330127018922209600, 1.000000000000000000, 0.8660254037844387100, 1.000000000000000000, 0.8660254037844387100, 1.000000000000000000, 0.9330127018922200800, 0.9330127018922193000 ) ) 
 REPRESENTATION_ITEM ( '' )  );
#4281 = VERTEX_POINT ( 'NONE', #2912 ) ;
#4282 = CARTESIAN_POINT ( 'NONE',  ( -0.1501736111111121900, -0.02123417653293386800, -0.03677867261192819400 ) ) ;
#4283 = CARTESIAN_POINT ( 'NONE',  ( -0.008029513888893001100, 0.05712763724451097600, 0.03298265674128567100 ) ) ;
#4284 = CARTESIAN_POINT ( 'NONE',  ( 0.1085069444444392600, 0.04246835306586772800, 0.02451911507461878800 ) ) ;
#4285 = CARTESIAN_POINT ( 'NONE',  ( 0.08007812499999594800, 1.211763150167741700E-017, 0.06596531348257138300 ) ) ;
#4286 = CARTESIAN_POINT ( 'NONE',  ( 0.1044999999999999300, -0.05755287586158756200, -0.001183812148215418900 ) ) ;
#4287 = CARTESIAN_POINT ( 'NONE',  ( -0.02018229166667059200, -0.05712763724451096200, 0.0000000000000000000 ) ) ;
#4288 = CARTESIAN_POINT ( 'NONE',  ( 0.04427083333332914500, 0.04246835306586772800, -5.200873264717459100E-018 ) ) ;
#4289 = CARTESIAN_POINT ( 'NONE',  ( 0.1030683421713605600, 0.01490060027897894900, -0.05566327901646022500 ) ) ;
#4290 = CARTESIAN_POINT ( 'NONE',  ( -0.04340277777778060000, 0.04246835306586772800, -0.02451911507461882300 ) ) ;
#4291 = CARTESIAN_POINT ( 'NONE',  ( 0.1044999999999999000, -0.005539524406170789400, 0.05696622180402137500 ) ) ;
#4292 = CARTESIAN_POINT ( 'NONE',  ( 0.1252170138888841500, -0.05712763724451094800, 0.03298265674128572600 ) ) ;
#4293 = AXIS2_PLACEMENT_3D ( 'NONE', #2463, #1408, #2426 ) ;
#4294 = CARTESIAN_POINT ( 'NONE',  ( -0.1449652777777789300, 0.04246835306586771400, -0.02451911507461881200 ) ) ;
#4295 = EDGE_CURVE ( 'NONE', #3236, #4533, #2378, .T. ) ;
#4296 = CARTESIAN_POINT ( 'NONE',  ( 0.004340277777774215700, 0.04246835306586772800, 0.02451911507461878800 ) ) ;
#4297 = ORIENTED_EDGE ( 'NONE', *, *, #2338, .T. ) ;
#4298 = CARTESIAN_POINT ( 'NONE',  ( 0.05403645833332974100, 0.05712763724451096200, -6.996117809434148300E-018 ) ) ;
#4299 = CARTESIAN_POINT ( 'NONE',  ( 0.1430121527777712400, -0.02856381862225543900, 0.04947398511192856900 ) ) ;
#4300 = CARTESIAN_POINT ( 'NONE',  ( 0.1117621527777717400, 0.02856381862225547100, -0.04947398511192854800 ) ) ;
#4301 = CARTESIAN_POINT ( 'NONE',  ( 0.06677795419294238500, -0.01500515477614293400, -0.05600000000000021600 ) ) ;
#4302 = CARTESIAN_POINT ( 'NONE',  ( -0.06011284722222550600, -0.05712763724451096200, -0.03298265674128569200 ) ) ;
#4303 = CARTESIAN_POINT ( 'NONE',  ( -0.1206597222222232500, -0.05600000000000021600, -0.03233161507461916600 ) ) ;
#4304 = VERTEX_POINT ( 'NONE', #4373 ) ;
#4305 = CARTESIAN_POINT ( 'NONE',  ( -0.06770833333333574300, -3.002725579405754300E-018, -0.04903823014923761700 ) ) ;
#4306 = ORIENTED_EDGE ( 'NONE', *, *, #4095, .T. ) ;
#4307 = CARTESIAN_POINT ( 'NONE',  ( -0.1050347222222240100, 0.02123417653293385400, -0.03677867261192820100 ) ) ;
#4308 = ORIENTED_EDGE ( 'NONE', *, *, #4538, .F. ) ;
#4309 = CARTESIAN_POINT ( 'NONE',  ( 0.1501736111111052500, 0.04246835306586772800, 0.02451911507461878800 ) ) ;
#4310 = CARTESIAN_POINT ( 'NONE',  ( 0.09570312499999571200, 0.05712763724451096200, -6.996117809434148300E-018 ) ) ;
#4311 = CARTESIAN_POINT ( 'NONE',  ( 0.06835937499999465700, -4.039210500559140100E-018, -0.06596531348257138300 ) ) ;
#4312 = CARTESIAN_POINT ( 'NONE',  ( 0.1551649305555488600, 0.05712763724451095500, -0.03298265674128571200 ) ) ;
#4313 = CARTESIAN_POINT ( 'NONE',  ( 0.06770833333332822200, -6.862466847627394900E-018, -0.05600000000000021600 ) ) ;
#4314 = CARTESIAN_POINT ( 'NONE',  ( -0.04275173611111467200, -0.05712763724451094800, 0.03298265674128572600 ) ) ;
#4315 = CONICAL_SURFACE ( 'NONE', #289, 0.03124999999999996500, 1.047197551196600100 ) ;
#4316 = CARTESIAN_POINT ( 'NONE',  ( -0.06163194444444642500, -0.05600000000000020200, 0.03233161507461920100 ) ) ;
#4317 = CARTESIAN_POINT ( 'NONE',  ( -0.03645833333333625000, 9.008176738217260500E-018, 0.04903823014923761700 ) ) ;
#4318 = AXIS2_PLACEMENT_3D ( 'NONE', #53, #35, #3156 ) ;
#4319 = CARTESIAN_POINT ( 'NONE',  ( 0.1044999999999998800, -0.002055871409608198000, 0.05719839834942709600 ) ) ;
#4320 = EDGE_CURVE ( 'NONE', #568, #610, #739, .T. ) ;
#4321 = LINE ( 'NONE', #3197, #1842 ) ;
#4322 = CARTESIAN_POINT ( 'NONE',  ( -0.1588541666666676300, 9.008176738217257400E-018, 0.04903823014923759700 ) ) ;
#4323 = CARTESIAN_POINT ( 'NONE',  ( 0.03363715277777300200, 0.05712763724451097600, 0.03298265674128567100 ) ) ;
#4324 = ORIENTED_EDGE ( 'NONE', *, *, #2785, .T. ) ;
#4325 = CARTESIAN_POINT ( 'NONE',  ( 0.1623263888888828200, -0.02123417653293386800, -0.03677867261192819400 ) ) ;
#4326 = ORIENTED_EDGE ( 'NONE', *, *, #3522, .T. ) ;
#4327 = EDGE_CURVE ( 'NONE', #1191, #3413, #4511, .T. ) ;
#4328 = CARTESIAN_POINT ( 'NONE',  ( 0.1356336805555506700, 0.05712763724451095500, -0.03298265674128571200 ) ) ;
#4329 = CARTESIAN_POINT ( 'NONE',  ( 0.08224826388888333000, -0.05712763724451094800, 0.03298265674128572600 ) ) ;
#4330 = CARTESIAN_POINT ( 'NONE',  ( 0.1534288194444377000, 0.02856381862225547100, -0.04947398511192854800 ) ) ;
#4331 = DIRECTION ( 'NONE',  ( 1.000000000000000000, -0.0000000000000000000, -0.0000000000000000000 ) ) ;
#4332 = CARTESIAN_POINT ( 'NONE',  ( -0.05664062500000332400, -4.039210500559140100E-018, -0.06596531348257138300 ) ) ;
#4333 = DIRECTION ( 'NONE',  ( 1.000000000000000000, -0.0000000000000000000, -0.0000000000000000000 ) ) ;
#4334 = EDGE_LOOP ( 'NONE', ( #2012, #4038, #4027 ) ) ;
#4335 = DIRECTION ( 'NONE',  ( 1.000000000000000000, -0.0000000000000000000, -0.0000000000000000000 ) ) ;
#4336 = CARTESIAN_POINT ( 'NONE',  ( -0.1232638888888904200, 0.04246835306586775600, 0.02451911507461879100 ) ) ;
#4337 = CARTESIAN_POINT ( 'NONE',  ( 0.1044999999999990700, -0.02483113098692574900, -0.05192314474949522000 ) ) ;
#4338 = CARTESIAN_POINT ( 'NONE',  ( -0.1727430555555562500, -0.04246835306586772100, -0.02451911507461879100 ) ) ;
#4339 = CARTESIAN_POINT ( 'NONE',  ( 0.1519097222222163300, 0.02123417653293388100, 0.03677867261192818700 ) ) ;
#4340 = CARTESIAN_POINT ( 'NONE',  ( 0.09548611111110555400, 0.05600000000000023000, 0.03233161507461914500 ) ) ;
#4341 = CARTESIAN_POINT ( 'NONE',  ( 0.1655815972222153500, -0.05712763724451094800, 0.03298265674128572600 ) ) ;
#4342 = CARTESIAN_POINT ( 'NONE',  ( 0.08051215277777225300, -0.02856381862225543900, 0.04947398511192856900 ) ) ;
#4343 = CARTESIAN_POINT ( 'NONE',  ( 0.06249999999999497600, -0.05600000000000021600, 0.0000000000000000000 ) ) ;
#4344 = DIRECTION ( 'NONE',  ( 0.0000000000000000000, 0.0000000000000000000, -1.000000000000000000 ) ) ;
#4345 = CARTESIAN_POINT ( 'NONE',  ( 0.05902777777777331500, 0.02123417653293386400, -0.03677867261192821500 ) ) ;
#4346 = ORIENTED_EDGE ( 'NONE', *, *, #1547, .F. ) ;
#4347 = CARTESIAN_POINT ( 'NONE',  ( 0.1044999999999999300, 0.04061407376386514500, -0.04077907009880094700 ) ) ;
#4348 = CARTESIAN_POINT ( 'NONE',  ( -0.03732638888889176100, 0.04246835306586772800, 0.02451911507461878800 ) ) ;
#4349 = EDGE_CURVE ( 'NONE', #4362, #1970, #3370, .T. ) ;
#4350 = ORIENTED_EDGE ( 'NONE', *, *, #1523, .T. ) ;
#4351 = CARTESIAN_POINT ( 'NONE',  ( 0.04231770833332840200, -0.05712763724451096200, 0.0000000000000000000 ) ) ;
#4352 = CARTESIAN_POINT ( 'NONE',  ( -0.1093750000000022500, -6.748092400166939000E-017, 0.05600000000000020900 ) ) ;
#4353 = CARTESIAN_POINT ( 'NONE',  ( 0.1044999999999999700, -0.04209792685855377700, -0.03342988939456893700 ) ) ;
#4354 = ORIENTED_EDGE ( 'NONE', *, *, #2691, .T. ) ;
#4355 = DIRECTION ( 'NONE',  ( 1.000000000000000000, 0.0000000000000000000, 0.0000000000000000000 ) ) ;
#4356 = CARTESIAN_POINT ( 'NONE',  ( 0.09613715277777198900, 0.05712763724451097600, 0.03298265674128567100 ) ) ;
#4357 = CARTESIAN_POINT ( 'NONE',  ( 0.07530381944443900700, 0.05712763724451097600, 0.03298265674128567100 ) ) ;
#4358 = CARTESIAN_POINT ( 'NONE',  ( 0.1324999999999999800, 0.02706329386826367500, -0.01562499999999998800 ) ) ;
#4359 = DIRECTION ( 'NONE',  ( 1.000000000000000000, -0.0000000000000000000, -0.0000000000000000000 ) ) ;
#4360 = AXIS2_PLACEMENT_3D ( 'NONE', #2277, #1668, #2823 ) ;
#4361 = CARTESIAN_POINT ( 'NONE',  ( -0.05729166666666978000, -1.852866048859396600E-016, -0.05600000000000020900 ) ) ;
#4362 = VERTEX_POINT ( 'NONE', #1570 ) ;
#4363 = CARTESIAN_POINT ( 'NONE',  ( 0.001736111111107562000, 0.04246835306586775600, 0.02451911507461879100 ) ) ;
#4364 = CARTESIAN_POINT ( 'NONE',  ( -0.04600694444444718800, -0.02123417653293386800, -0.03677867261192819400 ) ) ;
#4365 = CARTESIAN_POINT ( 'NONE',  ( -0.08441840277778066300, -0.05712763724451094800, 0.03298265674128572600 ) ) ;
#4366 = CARTESIAN_POINT ( 'NONE',  ( 0.1189236111111057500, -0.04246835306586772100, -0.02451911507461879100 ) ) ;
#4367 = CARTESIAN_POINT ( 'NONE',  ( -0.04340277777778110700, -0.05600000000000019500, 0.03233161507461918700 ) ) ;
#4368 = LINE ( 'NONE', #3092, #3167 ) ;
#4369 = CARTESIAN_POINT ( 'NONE',  ( 0.1324999999999999800, 0.0000000000000000000, 0.0000000000000000000 ) ) ;
#4370 = CARTESIAN_POINT ( 'NONE',  ( -0.1675347222222230100, 0.02123417653293385400, -0.03677867261192820100 ) ) ;
#4371 = CARTESIAN_POINT ( 'NONE',  ( -0.1944444444444448400, -0.02123417653293387500, -0.03677867261192821500 ) ) ;
#4372 = DIRECTION ( 'NONE',  ( 0.0000000000000000000, 0.4999999999999998900, -0.8660254037844386000 ) ) ;
#4373 = CARTESIAN_POINT ( 'NONE',  ( -0.1067708333333345900, 2.058740054288218200E-017, 0.05600000000000020900 ) ) ;
#4374 = LINE ( 'NONE', #2330, #2507 ) ;
#4375 = ORIENTED_EDGE ( 'NONE', *, *, #3522, .F. ) ;
#4376 = DIRECTION ( 'NONE',  ( 1.000000000000000000, -0.0000000000000000000, -0.0000000000000000000 ) ) ;
#4377 = VECTOR ( 'NONE', #2686, 39.37007874015748900 ) ;
#4378 = CARTESIAN_POINT ( 'NONE',  ( 0.1440972222222164400, 0.04246835306586772800, -0.02451911507461882300 ) ) ;
#4379 = CARTESIAN_POINT ( 'NONE',  ( 0.01215277777777407300, -0.04246835306586774200, -0.02451911507461880500 ) ) ;
#4380 = CARTESIAN_POINT ( 'NONE',  ( 0.06163194444444049900, -0.02800000000000007000, 0.04849742261192877700 ) ) ;
#4381 = EDGE_CURVE ( 'NONE', #946, #3833, #2923, .T. ) ;
#4382 = CARTESIAN_POINT ( 'NONE',  ( -0.1821917756643731700, -0.05083299481912120100, 0.004127183637761226200 ) ) ;
#4383 = ORIENTED_EDGE ( 'NONE', *, *, #3021, .T. ) ;
#4384 = CARTESIAN_POINT ( 'NONE',  ( 0.0008680555555520566800, 0.04246835306586771400, -0.02451911507461881200 ) ) ;
#4385 = CARTESIAN_POINT ( 'NONE',  ( -0.08789062500000283100, 1.211763150167741700E-017, 0.06596531348257138300 ) ) ;
#4386 = CARTESIAN_POINT ( 'NONE',  ( 0.1030683421713604300, -0.04936458353729121500, 0.02875247518615107000 ) ) ;
#4387 = VERTEX_POINT ( 'NONE', #3030 ) ;
#4388 = CARTESIAN_POINT ( 'NONE',  ( 0.1651475694444390900, -0.02856381862225543900, 0.04947398511192856900 ) ) ;
#4389 = CARTESIAN_POINT ( 'NONE',  ( -0.1640625000000008600, 0.04246835306586772800, -5.200873264717459100E-018 ) ) ;
#4390 = CARTESIAN_POINT ( 'NONE',  ( -0.08854166666666926600, 2.173114501748674800E-017, 0.05600000000000020900 ) ) ;
#4391 = DIRECTION ( 'NONE',  ( 1.000000000000000000, -0.0000000000000000000, -0.0000000000000000000 ) ) ;
#4392 = CARTESIAN_POINT ( 'NONE',  ( 0.05121527777777398800, 0.02800000000000009800, -0.04849742261192875600 ) ) ;
#4393 = CARTESIAN_POINT ( 'NONE',  ( 0.1475694444444385900, 0.04246835306586775600, 0.02451911507461879100 ) ) ;
#4394 = CARTESIAN_POINT ( 'NONE',  ( 0.03298611111110709400, -0.04246835306586774200, -0.02451911507461880500 ) ) ;
#4395 = CARTESIAN_POINT ( 'NONE',  ( -0.1853382108882240800, 6.042402059335919700E-015, 0.04774512244510946400 ) ) ;
#4396 = CARTESIAN_POINT ( 'NONE',  ( -0.01822916666666984900, 0.04246835306586772800, -5.200873264717459100E-018 ) ) ;
#4397 = DIRECTION ( 'NONE',  ( 0.0000000000000000000, 0.0000000000000000000, -1.000000000000000000 ) ) ;
#4398 = CARTESIAN_POINT ( 'NONE',  ( -0.1473524305555559400, -0.02856381862225543900, 0.04947398511192856900 ) ) ;
#4399 = CARTESIAN_POINT ( 'NONE',  ( 0.1324999999999999800, 0.01804219591217576900, 0.03125000000000002800 ) ) ;
#4400 = CARTESIAN_POINT ( 'NONE',  ( -0.1692708333333340900, -3.002725579405752700E-018, -0.04903823014923759700 ) ) ;
#4401 = CARTESIAN_POINT ( 'NONE',  ( -0.02604166666667025200, -1.566929930208255100E-016, 0.05600000000000020900 ) ) ;
#4402 = CARTESIAN_POINT ( 'NONE',  ( -0.05555555555555868900, 0.02800000000000009800, -0.04849742261192875600 ) ) ;
#4403 = EDGE_LOOP ( 'NONE', ( #3712, #3767, #203, #1217 ) ) ;
#4404 = AXIS2_PLACEMENT_3D ( 'NONE', #1541, #106, #3289 ) ;
#4405 = CARTESIAN_POINT ( 'NONE',  ( -0.01302083333333611100, -3.682857208226702500E-016, -0.05600000000000023000 ) ) ;
#4406 = CARTESIAN_POINT ( 'NONE',  ( 0.1423611111111053000, 0.02123417653293386400, -0.03677867261192821500 ) ) ;
#4407 = CARTESIAN_POINT ( 'NONE',  ( -0.01215277777778107200, -0.04246835306586772100, 0.02451911507461883300 ) ) ;
#4408 = CARTESIAN_POINT ( 'NONE',  ( 0.1874999999999999700, -8.537024980200822600E-017, 0.0000000000000000000 ) ) ;
#4409 = ORIENTED_EDGE ( 'NONE', *, *, #2822, .T. ) ;
#4410 = CARTESIAN_POINT ( 'NONE',  ( 0.05295138888888457200, -0.04246835306586770700, 0.02451911507461881900 ) ) ;
#4411 = EDGE_CURVE ( 'NONE', #2514, #2722, #3988, .T. ) ;
#4412 = EDGE_LOOP ( 'NONE', ( #4107, #3635, #2042, #439 ) ) ;
#4413 = CARTESIAN_POINT ( 'NONE',  ( 0.1030683421713604900, -0.05448265166692390500, -0.01986355626750389200 ) ) ;
#4414 =( BOUNDED_CURVE ( )  B_SPLINE_CURVE ( 2, ( #4416, #905, #4097, #220, #207, #4126, #558 ),
 .UNSPECIFIED., .F., .F. ) 
 B_SPLINE_CURVE_WITH_KNOTS ( ( 3, 2, 2, 3 ),
 ( 0.07650910830851218000, 0.08333333333333332900, 0.09259259259259258700, 0.09722222222222223800 ),
 .UNSPECIFIED. ) 
 CURVE ( )  GEOMETRIC_REPRESENTATION_ITEM ( )  RATIONAL_B_SPLINE_CURVE ( ( 0.9480652107226166200, 0.9012585384440694500, 1.000000000000000000, 0.8660254037844387100, 1.000000000000000000, 0.9330127018922190800, 0.9330127018922194100 ) ) 
 REPRESENTATION_ITEM ( '' )  );
#4415 = CARTESIAN_POINT ( 'NONE',  ( -0.1560329861111113300, 0.05712763724451095500, -0.03298265674128571200 ) ) ;
#4416 = CARTESIAN_POINT ( 'NONE',  ( -0.1770833333333335400, 0.03995742752749444800, -0.03923523907643552300 ) ) ;
#4417 = CARTESIAN_POINT ( 'NONE',  ( 0.1829427083333261300, 1.211763150167741700E-017, 0.06596531348257138300 ) ) ;
#4418 = CARTESIAN_POINT ( 'NONE',  ( 0.04780537914038104900, 0.01500515477614292000, -0.05600000000000023000 ) ) ;
#4419 = COORDINATED_UNIVERSAL_TIME_OFFSET ( 6, 0, .BEHIND. ) ;
#4420 = ORIENTED_EDGE ( 'NONE', *, *, #3696, .T. ) ;
#4421 =( BOUNDED_CURVE ( )  B_SPLINE_CURVE ( 2, ( #1477, #27, #3243, #718, #3227, #1448, #376, #3182, #3922 ),
 .UNSPECIFIED., .F., .F. ) 
 B_SPLINE_CURVE_WITH_KNOTS ( ( 3, 2, 2, 2, 3 ),
 ( 0.5972222222222222100, 0.6018518518518518600, 0.6111111111111111600, 0.6203703703703703500, 0.6250000000000000000 ),
 .UNSPECIFIED. ) 
 CURVE ( )  GEOMETRIC_REPRESENTATION_ITEM ( )  RATIONAL_B_SPLINE_CURVE ( ( 0.9330127018922194100, 0.9330127018922194100, 1.000000000000000000, 0.8660254037844387100, 1.000000000000000000, 0.8660254037844387100, 1.000000000000000000, 0.9330127018922194100, 0.9330127018922194100 ) ) 
 REPRESENTATION_ITEM ( '' )  );
#4422 = CARTESIAN_POINT ( 'NONE',  ( 0.1038168177293844100, -0.05556253987268373900, 0.01811132059691641200 ) ) ;
#4423 = CARTESIAN_POINT ( 'NONE',  ( -0.2063802083333327600, -0.05712763724451096200, 0.0000000000000000000 ) ) ;
#4424 = CARTESIAN_POINT ( 'NONE',  ( -0.1076388888888906700, 0.02123417653293386400, -0.03677867261192821500 ) ) ;
#4425 = CARTESIAN_POINT ( 'NONE',  ( 0.1006944444444393300, 0.02123417653293386400, -0.03677867261192821500 ) ) ;
#4426 = LINE ( 'NONE', #3578, #3879 ) ;
#4427 = CARTESIAN_POINT ( 'NONE',  ( -0.1623263888888897800, 0.04246835306586772800, 0.02451911507461879100 ) ) ;
#4428 = CARTESIAN_POINT ( 'NONE',  ( 0.02343749999999615600, 0.04246835306586772800, -5.200873264717459100E-018 ) ) ;
#4429 = CARTESIAN_POINT ( 'NONE',  ( -0.07921006944444740300, -0.02856381862225548800, -0.04947398511192854100 ) ) ;
#4430 = CARTESIAN_POINT ( 'NONE',  ( -0.1770833333333335600, -8.537024980200822600E-017, 0.0000000000000000000 ) ) ;
#4431 = FACE_OUTER_BOUND ( 'NONE', #991, .T. ) ;
#4432 = CARTESIAN_POINT ( 'NONE',  ( -0.1595052083333335400, -4.039210500559140100E-018, -0.06596531348257138300 ) ) ;
#4433 = CARTESIAN_POINT ( 'NONE',  ( -0.1510416666666682700, -1.132307029858520300E-016, 0.05600000000000021600 ) ) ;
#4434 = CARTESIAN_POINT ( 'NONE',  ( -0.1501736111111121900, -0.02123417653293386800, -0.03677867261192819400 ) ) ;
#4435 = CARTESIAN_POINT ( 'NONE',  ( 0.1833132938681205100, 1.416250427348138700E-014, -0.03124999999999999700 ) ) ;
#4436 = CARTESIAN_POINT ( 'NONE',  ( -0.09895833333333575700, -6.862466847627394900E-018, -0.05600000000000020900 ) ) ;
#4437 = CARTESIAN_POINT ( 'NONE',  ( 0.04861111111110631000, 0.02800000000000009800, -0.04849742261192875600 ) ) ;
#4438 = ORIENTED_EDGE ( 'NONE', *, *, #3497, .F. ) ;
#4439 = CARTESIAN_POINT ( 'NONE',  ( 0.04947916666666290300, -6.862466847627394900E-018, -0.05600000000000021600 ) ) ;
#4440 = CARTESIAN_POINT ( 'NONE',  ( 0.1336805555555498900, -0.04246835306586772100, 0.02451911507461883300 ) ) ;
#4441 = ORIENTED_EDGE ( 'NONE', *, *, #2879, .T. ) ;
#4442 = CARTESIAN_POINT ( 'NONE',  ( -0.08333333333333550800, 0.04246835306586774200, -5.200873264717461400E-018 ) ) ;
#4443 = CARTESIAN_POINT ( 'NONE',  ( 0.09201388888888392700, -0.04246835306586772100, 0.02451911507461883300 ) ) ;
#4444 = CARTESIAN_POINT ( 'NONE',  ( -0.1467013888888900300, 0.02123417653293385400, -0.03677867261192820100 ) ) ;
#4445 = EDGE_CURVE ( 'NONE', #3154, #2514, #2108, .T. ) ;
#4446 = CARTESIAN_POINT ( 'NONE',  ( 0.1030683421713613200, -0.05711491038749464500, 0.01006335651662300600 ) ) ;
#4447 = CARTESIAN_POINT ( 'NONE',  ( -0.1820746527777776000, -0.02856381862225548800, -0.04947398511192854100 ) ) ;
#4448 =( BOUNDED_CURVE ( )  B_SPLINE_CURVE ( 2, ( #4111, #3376, #2713, #1259, #1292, #1612, #1308, #2329, #2006 ),
 .UNSPECIFIED., .F., .F. ) 
 B_SPLINE_CURVE_WITH_KNOTS ( ( 3, 2, 2, 2, 3 ),
 ( 0.4027777777777777300, 0.4074074074074073800, 0.4166666666666666900, 0.4259259259259259300, 0.4305555555555555800 ),
 .UNSPECIFIED. ) 
 CURVE ( )  GEOMETRIC_REPRESENTATION_ITEM ( )  RATIONAL_B_SPLINE_CURVE ( ( 0.9330127018922194100, 0.9330127018922189700, 1.000000000000000000, 0.8660254037844387100, 1.000000000000000000, 0.8660254037844387100, 1.000000000000000000, 0.9330127018922189700, 0.9330127018922194100 ) ) 
 REPRESENTATION_ITEM ( '' )  );
#4449 = CARTESIAN_POINT ( 'NONE',  ( 0.01562499999999576000, -3.396921089575560800E-016, 0.05600000000000023000 ) ) ;
#4450 = CARTESIAN_POINT ( 'NONE',  ( -0.1519097222222227100, 0.05600000000000023000, 0.03233161507461914500 ) ) ;
#4451 = CARTESIAN_POINT ( 'NONE',  ( -0.07204861111111343600, -0.04246835306586770700, 0.02451911507461881900 ) ) ;
#4452 = CARTESIAN_POINT ( 'NONE',  ( -0.1163194444444461000, -0.04246835306586772100, 0.02451911507461883300 ) ) ;
#4453 = CARTESIAN_POINT ( 'NONE',  ( -0.1284722222222241800, -0.02800000000000006700, 0.04849742261192877700 ) ) ;
#4454 = APPROVAL_STATUS ( 'not_yet_approved' ) ;
#4455 = CARTESIAN_POINT ( 'NONE',  ( -0.1924913194444441100, 0.02856381862225550900, 0.04947398511192853400 ) ) ;
#4456 = CARTESIAN_POINT ( 'NONE',  ( -0.1545138888888899200, -0.04246835306586774200, -0.02451911507461879800 ) ) ;
#4457 = CARTESIAN_POINT ( 'NONE',  ( 0.1718749999999937000, 9.008176738217260500E-018, 0.04903823014923761700 ) ) ;
#4458 = CARTESIAN_POINT ( 'NONE',  ( -0.06705729166666983500, 1.211763150167741700E-017, 0.06596531348257138300 ) ) ;
#4459 = CARTESIAN_POINT ( 'NONE',  ( -0.09461805555555750900, -0.02123417653293383300, 0.03677867261192821500 ) ) ;
#4460 = VERTEX_POINT ( 'NONE', #2289 ) ;
#4461 = CARTESIAN_POINT ( 'NONE',  ( -0.04665798611111309600, 0.02856381862225550900, 0.04947398511192853400 ) ) ;
#4462 = CARTESIAN_POINT ( 'NONE',  ( 0.01041666666666246300, 0.05600000000000021600, -6.858022075225205100E-018 ) ) ;
#4463 = ORIENTED_EDGE ( 'NONE', *, *, #2528, .F. ) ;
#4464 = CARTESIAN_POINT ( 'NONE',  ( -0.08854166666666926600, 2.173114501748674800E-017, 0.05600000000000020900 ) ) ;
#4465 = CARTESIAN_POINT ( 'NONE',  ( -0.05989583333333585400, 0.04246835306586772800, -5.200873264717459100E-018 ) ) ;
#4466 = CARTESIAN_POINT ( 'NONE',  ( -0.1319444444444458400, -0.02123417653293387500, -0.03677867261192821500 ) ) ;
#4467 = CARTESIAN_POINT ( 'NONE',  ( 0.1324999999999999800, 0.01804219591217576900, 0.03125000000000002800 ) ) ;
#4468 = PERSON_AND_ORGANIZATION_ROLE ( 'design_supplier' ) ;
#4469 = CARTESIAN_POINT ( 'NONE',  ( -0.1799045138888902600, 0.02856381862225547100, -0.04947398511192854800 ) ) ;
#4470 = VERTEX_POINT ( 'NONE', #1948 ) ;
#4471 = CARTESIAN_POINT ( 'NONE',  ( -0.1334635416666672700, 0.05712763724451096200, -6.996117809434148300E-018 ) ) ;
#4472 = CARTESIAN_POINT ( 'NONE',  ( -0.1440972222222234000, 0.04246835306586774900, 0.02451911507461879500 ) ) ;
#4473 = CARTESIAN_POINT ( 'NONE',  ( 0.1649305555555493900, 0.04246835306586772800, -0.02451911507461882300 ) ) ;
#4474 = CARTESIAN_POINT ( 'NONE',  ( -0.08246527777777994100, 0.04246835306586771400, -0.02451911507461881200 ) ) ;
#4475 = B_SPLINE_CURVE_WITH_KNOTS ( 'NONE', 3,
 ( #1340, #1690, #1306, #2709 ),
 .UNSPECIFIED., .F., .F.,
 ( 4, 4 ),
 ( 0.001259492000677288800, 0.001723108271600520200 ),
 .UNSPECIFIED. ) ;
#4476 = ORIENTED_EDGE ( 'NONE', *, *, #605, .F. ) ;
#4477 =( BOUNDED_CURVE ( )  B_SPLINE_CURVE ( 2, ( #3109, #1326, #1363, #3074, #286, #2412, #1343, #3783, #2733 ),
 .UNSPECIFIED., .F., .F. ) 
 B_SPLINE_CURVE_WITH_KNOTS ( ( 3, 2, 2, 2, 3 ),
 ( 0.6805555555555555800, 0.6851851851851851200, 0.6944444444444444200, 0.7037037037037037200, 0.7083333333333333700 ),
 .UNSPECIFIED. ) 
 CURVE ( )  GEOMETRIC_REPRESENTATION_ITEM ( )  RATIONAL_B_SPLINE_CURVE ( ( 0.9330127018922193000, 0.9330127018922200800, 1.000000000000000000, 0.8660254037844387100, 1.000000000000000000, 0.8660254037844387100, 1.000000000000000000, 0.9330127018922194100, 0.9330127018922194100 ) ) 
 REPRESENTATION_ITEM ( '' )  );
#4478 = CARTESIAN_POINT ( 'NONE',  ( 0.1030683421713598400, -0.01255091966922890200, 0.05607973275392371500 ) ) ;
#4479 = EDGE_CURVE ( 'NONE', #3974, #1474, #2780, .T. ) ;
#4480 = DIRECTION ( 'NONE',  ( 1.000000000000000000, -0.0000000000000000000, -0.0000000000000000000 ) ) ;
#4481 = CARTESIAN_POINT ( 'NONE',  ( -0.04144965277777986500, -0.05712763724451094800, 0.03298265674128572600 ) ) ;
#4482 = CARTESIAN_POINT ( 'NONE',  ( -0.1087239583333358300, 1.211763150167741700E-017, 0.06596531348257138300 ) ) ;
#4483 = VECTOR ( 'NONE', #4333, 39.37007874015748100 ) ;
#4484 = CARTESIAN_POINT ( 'NONE',  ( -0.07031250000000234500, -0.04246835306586772800, 0.0000000000000000000 ) ) ;
#4485 = CARTESIAN_POINT ( 'NONE',  ( -0.1232638888888904200, 0.04246835306586775600, 0.02451911507461879100 ) ) ;
#4486 = CARTESIAN_POINT ( 'NONE',  ( 0.1874999999999999700, -8.537024980200822600E-017, -0.05600000000000013300 ) ) ;
#4487 = CARTESIAN_POINT ( 'NONE',  ( -0.1449652777777784000, -0.05600000000000020200, 0.03233161507461920100 ) ) ;
#4488 = CARTESIAN_POINT ( 'NONE',  ( -0.1421440972222227100, -0.05712763724451096200, -0.03298265674128569200 ) ) ;
#4489 = CARTESIAN_POINT ( 'NONE',  ( -0.1614583333333342600, 9.008176738217262000E-018, 0.04903823014923761700 ) ) ;
#4490 = CARTESIAN_POINT ( 'NONE',  ( 0.1249999999999945000, 0.04246835306586774200, -5.200873264717461400E-018 ) ) ;
#4491 = CARTESIAN_POINT ( 'NONE',  ( -0.1727430555555562500, -0.04246835306586772800, -0.02451911507461879500 ) ) ;
#4492 = LINE ( 'NONE', #3427, #4044 ) ;
#4493 = ORIENTED_EDGE ( 'NONE', *, *, #39, .F. ) ;
#4494 = ORIENTED_EDGE ( 'NONE', *, *, #3338, .F. ) ;
#4495 = DIRECTION ( 'NONE',  ( 1.000000000000000000, -0.0000000000000000000, -0.0000000000000000000 ) ) ;
#4496 = DIRECTION ( 'NONE',  ( 1.000000000000000000, -0.0000000000000000000, -0.0000000000000000000 ) ) ;
#4497 = CARTESIAN_POINT ( 'NONE',  ( -0.001519097222224934700, -0.02856381862225543900, 0.04947398511192856900 ) ) ;
#4498 = VERTEX_POINT ( 'NONE', #3446 ) ;
#4499 = DIRECTION ( 'NONE',  ( 0.0000000000000000000, 1.000000000000000000, -1.224646799147353200E-016 ) ) ;
#4500 = CARTESIAN_POINT ( 'NONE',  ( 0.1044999999999999500, 0.03306987103752833500, -0.02664478638849335600 ) ) ;
#4501 = CARTESIAN_POINT ( 'NONE',  ( -0.007812500000003339300, -0.04246835306586772800, 0.0000000000000000000 ) ) ;
#4502 = CARTESIAN_POINT ( 'NONE',  ( -0.07986111111111333900, 0.02123417653293388800, 0.03677867261192820800 ) ) ;
#4503 = CARTESIAN_POINT ( 'NONE',  ( 0.007812499999996909600, -6.862466847627394900E-018, -0.05600000000000021600 ) ) ;
#4504 = ORIENTED_EDGE ( 'NONE', *, *, #612, .F. ) ;
#4505 = CARTESIAN_POINT ( 'NONE',  ( -0.1681857638888889200, -0.02856381862225543900, 0.04947398511192856900 ) ) ;
#4506 = CARTESIAN_POINT ( 'NONE',  ( -0.003472222222225675900, 0.02123417653293386400, -0.03677867261192821500 ) ) ;
#4507 = CARTESIAN_POINT ( 'NONE',  ( -0.1538628472222240100, 0.05712763724451097600, 0.03298265674128567100 ) ) ;
#4508 = CARTESIAN_POINT ( 'NONE',  ( -0.06510416666666910000, -3.002725579405752700E-018, -0.04903823014923759700 ) ) ;
#4509 = EDGE_CURVE ( 'NONE', #4470, #2155, #1989, .T. ) ;
#4510 = CARTESIAN_POINT ( 'NONE',  ( -0.1780116470166688300, 0.01807119208356201800, -0.05215097967055287700 ) ) ;
#4511 =( BOUNDED_CURVE ( )  B_SPLINE_CURVE ( 2, ( #3981, #2967, #3015, #1235, #1277, #2613, #4068, #3317, #514 ),
 .UNSPECIFIED., .F., .T. ) 
 B_SPLINE_CURVE_WITH_KNOTS ( ( 3, 2, 2, 2, 3 ),
 ( 0.4583333333333333100, 0.4629629629629629700, 0.4722222222222222100, 0.4814814814814814500, 0.4861111111111111000 ),
 .UNSPECIFIED. ) 
 CURVE ( )  GEOMETRIC_REPRESENTATION_ITEM ( )  RATIONAL_B_SPLINE_CURVE ( ( 0.9330127018922194100, 0.9330127018922189700, 1.000000000000000000, 0.8660254037844387100, 1.000000000000000000, 0.8660254037844387100, 1.000000000000000000, 0.9330127018922194100, 0.9330127018922194100 ) ) 
 REPRESENTATION_ITEM ( '' )  );
#4512 = CARTESIAN_POINT ( 'NONE',  ( 0.1032986111111059700, 0.02123417653293385400, -0.03677867261192820100 ) ) ;
#4513 = CARTESIAN_POINT ( 'NONE',  ( -0.06510416666666857300, 2.058740054288218200E-017, 0.05600000000000020900 ) ) ;
#4514 = CARTESIAN_POINT ( 'NONE',  ( -0.02408854166666903400, 1.211763150167741700E-017, 0.06596531348257138300 ) ) ;
#4515 = CARTESIAN_POINT ( 'NONE',  ( 0.1001438239129986000, -7.797875001663619200E-017, 0.06035617608700145900 ) ) ;
#4516 = ADVANCED_FACE ( 'NONE', ( #3599 ), #896, .T. ) ;
#4517 = CARTESIAN_POINT ( 'NONE',  ( 0.1324999999999999800, 0.0000000000000000000, 0.0000000000000000000 ) ) ;
#4518 = CARTESIAN_POINT ( 'NONE',  ( -0.1024305555555574300, 0.04246835306586775600, 0.02451911507461879100 ) ) ;
#4519 = CARTESIAN_POINT ( 'NONE',  ( 0.006882120859611075300, -0.01500515477614293400, -0.05600000000000021600 ) ) ;
#4520 = CARTESIAN_POINT ( 'NONE',  ( -0.1764322916666680700, 0.05712763724451096200, -6.996117809434148300E-018 ) ) ;
#4521 = CARTESIAN_POINT ( 'NONE',  ( -0.1265190972222229300, -0.02856381862225543900, 0.04947398511192856900 ) ) ;
#4522 = CARTESIAN_POINT ( 'NONE',  ( 0.01736111111110734400, 0.02123417653293386400, -0.03677867261192821500 ) ) ;
#4523 = CARTESIAN_POINT ( 'NONE',  ( -0.07747395833333634000, -4.039210500559140100E-018, -0.06596531348257138300 ) ) ;
#4524 = CARTESIAN_POINT ( 'NONE',  ( 0.01302083333332964600, -0.04246835306586772800, 0.0000000000000000000 ) ) ;
#4525 = ORIENTED_EDGE ( 'NONE', *, *, #2757, .F. ) ;
#4526 = CARTESIAN_POINT ( 'NONE',  ( -0.1067708333333345900, 2.058740054288218200E-017, 0.05600000000000020900 ) ) ;
#4527 = CARTESIAN_POINT ( 'NONE',  ( 0.09114583333332837400, 9.008176738217257400E-018, 0.04903823014923759700 ) ) ;
#4528 = ORIENTED_EDGE ( 'NONE', *, *, #960, .F. ) ;
#4529 = CARTESIAN_POINT ( 'NONE',  ( -0.07790798611111261800, -0.02856381862225548800, -0.04947398511192854100 ) ) ;
#4530 = CARTESIAN_POINT ( 'NONE',  ( -0.1777427378167849000, 0.02491983652516718500, -0.04954780812350319900 ) ) ;
#4531 = CARTESIAN_POINT ( 'NONE',  ( 0.03038194444444100200, 0.02800000000000009800, -0.04849742261192875600 ) ) ;
#4532 = CARTESIAN_POINT ( 'NONE',  ( -0.01215277777778107200, -0.04246835306586772100, 0.02451911507461883300 ) ) ;
#4533 = VERTEX_POINT ( 'NONE', #3046 ) ;
#4534 = DIRECTION ( 'NONE',  ( 0.0000000000000000000, 0.0000000000000000000, 1.000000000000000000 ) ) ;
#4535 = AXIS2_PLACEMENT_3D ( 'NONE', #1770, #1753, #2136 ) ;
#4536 = ADVANCED_FACE ( 'NONE', ( #1458 ), #2438, .F. ) ;
#4537 = CARTESIAN_POINT ( 'NONE',  ( -0.1451822916666685700, -0.05712763724451096200, 0.0000000000000000000 ) ) ;
#4538 = EDGE_CURVE ( 'NONE', #292, #3891, #1838, .T. ) ;
#4539 = CARTESIAN_POINT ( 'NONE',  ( -0.08658854166666803100, 1.211763150167741700E-017, 0.06596531348257138300 ) ) ;
#4540 = CARTESIAN_POINT ( 'NONE',  ( -0.01215277777778107200, -0.04246835306586772800, 0.02451911507461883300 ) ) ;
#4541 = CARTESIAN_POINT ( 'NONE',  ( -0.1345486111111119100, 0.05600000000000020900, -0.03233161507461918700 ) ) ;
#4542 = CARTESIAN_POINT ( 'NONE',  ( -0.06358506944444765300, -0.05712763724451094800, 0.03298265674128572600 ) ) ;
#4543 = CARTESIAN_POINT ( 'NONE',  ( -0.02864583333333636100, -0.04246835306586772800, 0.0000000000000000000 ) ) ;
#4544 = CARTESIAN_POINT ( 'NONE',  ( -0.005208333333337281300, 2.173114501748674800E-017, 0.05600000000000020900 ) ) ;
#4545 = FACE_OUTER_BOUND ( 'NONE', #1396, .T. ) ;
#4546 = CARTESIAN_POINT ( 'NONE',  ( 0.03906249999999590600, -3.002725579405752700E-018, -0.04903823014923759700 ) ) ;
#4547 = CARTESIAN_POINT ( 'NONE',  ( 0.09956943918523618300, -0.009855915179579998300, 0.05600000000000015400 ) ) ;
#4548 = CARTESIAN_POINT ( 'NONE',  ( 0.06618923611110728900, -0.05712763724451096200, -0.03298265674128569200 ) ) ;
#4549 = FACE_OUTER_BOUND ( 'NONE', #3442, .T. ) ;
#4550 = CARTESIAN_POINT ( 'NONE',  ( 0.03738871247371454400, -0.01500515477614290300, 0.05600000000000023000 ) ) ;
#4551 = EDGE_LOOP ( 'NONE', ( #759, #2098, #4409, #2249, #57 ) ) ;
#4552 = CARTESIAN_POINT ( 'NONE',  ( 0.01909722222221842500, 0.04246835306586772800, -0.02451911507461882300 ) ) ;
#4553 = CARTESIAN_POINT ( 'NONE',  ( -0.09201388888889142100, 0.05600000000000023000, 0.03233161507461914500 ) ) ;
#4554 = LINE ( 'NONE', #918, #2273 ) ;
#4555 = AXIS2_PLACEMENT_3D ( 'NONE', #3278, #1175, #2940 ) ;
#4556 = CARTESIAN_POINT ( 'NONE',  ( -0.003255208333336014500, 1.211763150167741700E-017, 0.06596531348257138300 ) ) ;
#4557 = ORIENTED_EDGE ( 'NONE', *, *, #3430, .F. ) ;
#4558 = CARTESIAN_POINT ( 'NONE',  ( -0.04340277777778060000, 0.04246835306586772800, -0.02451911507461883000 ) ) ;
#4559 = CARTESIAN_POINT ( 'NONE',  ( -0.09461805555555699600, 0.02800000000000009800, -0.04849742261192875600 ) ) ;
#4560 = CARTESIAN_POINT ( 'NONE',  ( -0.1590711805555572500, 0.02856381862225547100, -0.04947398511192854800 ) ) ;
#4561 = CARTESIAN_POINT ( 'NONE',  ( -0.07204861111111342300, -0.04246835306586770700, 0.02451911507461881600 ) ) ;
#4562 = DIRECTION ( 'NONE',  ( 0.0000000000000000000, 0.0000000000000000000, -1.000000000000000000 ) ) ;
#4563 = ORIENTED_EDGE ( 'NONE', *, *, #1552, .F. ) ;
#4564 = ADVANCED_FACE ( 'NONE', ( #247 ), #1346, .T. ) ;
#4565 = CARTESIAN_POINT ( 'NONE',  ( 0.1553819444444384800, -0.02123417653293383300, 0.03677867261192821500 ) ) ;
#4566 = CARTESIAN_POINT ( 'NONE',  ( -0.1649305555555569400, -0.05600000000000021600, -0.03233161507461916600 ) ) ;
ENDSEC;
END-ISO-10303-21;
