ISO-10303-21;
HEADER;
FILE_DESCRIPTION (( 'STEP AP203' ),
    '1' );
FILE_NAME ('92196A217_18-8 Stainless Steel Socket Head Screw.STEP',
    '2023-12-19T13:12:56',
    ( 'Administrator' ),
    ( 'Managed by Terraform' ),
    'SwSTEP 2.0',
    'SolidWorks 2017',
    '' );
FILE_SCHEMA (( 'CONFIG_CONTROL_DESIGN' ));
ENDSEC;

DATA;
#1 = CARTESIAN_POINT ( 'NONE',  ( 0.05538908311032394300, -0.03197890204391218300, 0.008101851851852035300 ) ) ;
#2 = CARTESIAN_POINT ( 'NONE',  ( 0.07466742667374690100, -0.09715952115458056900, 0.6640000000000000300 ) ) ;
#3 = CARTESIAN_POINT ( 'NONE',  ( -0.03692605540688265900, -0.06395780408782407400, 0.4976851851851892800 ) ) ;
#4 = CARTESIAN_POINT ( 'NONE',  ( 0.0000000000000000000, 0.06395780408782425500, 0.4340277777777812900 ) ) ;
#5 = CARTESIAN_POINT ( 'NONE',  ( -0.08199999999999996200, 0.02197183377935209300, 0.3147317167017105200 ) ) ;
#6 = CARTESIAN_POINT ( 'NONE',  ( -0.07101408311032393600, -0.04099999999999987000, 0.4849537037037077700 ) ) ;
#7 = CARTESIAN_POINT ( 'NONE',  ( -0.03692605540688263800, 0.06395780408782426900, 0.4606481481481519100 ) ) ;
#8 = CARTESIAN_POINT ( 'NONE',  ( 0.07031249999999998600, -1.104688081465991000E-016, 0.6577199408023956000 ) ) ;
#9 = CARTESIAN_POINT ( 'NONE',  ( -0.07031250000000002800, 0.04059494080239566700, 0.5761093750000000300 ) ) ;
#10 = CARTESIAN_POINT ( 'NONE',  ( 0.1314863113502225400, 0.03533596438850281800, 0.6505000000000000800 ) ) ;
#11 = ADVANCED_FACE ( 'NONE', ( #4831 ), #2785, .T. ) ;
#12 = CARTESIAN_POINT ( 'NONE',  ( -0.03692605540688263800, 0.06395780408782422700, 0.2974537037037061600 ) ) ;
#13 = CARTESIAN_POINT ( 'NONE',  ( 0.05538908311032398500, 0.03197890204391207200, 0.2592592592592614100 ) ) ;
#14 = CARTESIAN_POINT ( 'NONE',  ( -0.08199999999999992000, -4.918101240799632400E-016, 0.3680555555555585200 ) ) ;
#15 = CARTESIAN_POINT ( 'NONE',  ( -0.09715952115457671100, -0.07466742667375420000, 0.6640000000000000300 ) ) ;
#16 = CARTESIAN_POINT ( 'NONE',  ( 0.03692605540688262400, -0.06395780408782411600, 0.5023148148148188800 ) ) ;
#17 = CYLINDRICAL_SURFACE ( 'NONE', #4846, 0.08199999999999993400 ) ;
#18 = EDGE_CURVE ( 'NONE', #2259, #1251, #1834, .T. ) ;
#19 = CARTESIAN_POINT ( 'NONE',  ( -0.05538908311032397100, -0.03197890204391202300, 0.3877314814814846700 ) ) ;
#20 = CARTESIAN_POINT ( 'NONE',  ( 0.08199999999999993400, -1.601242264446392400E-017, 0.2465277777777799600 ) ) ;
#21 = CARTESIAN_POINT ( 'NONE',  ( -0.03692605540688263800, 0.06395780408782428300, 0.4884259259259298700 ) ) ;
#22 = CARTESIAN_POINT ( 'NONE',  ( -3.073328992872296400E-016, 0.08118988160479109800, 0.6640000000000000300 ) ) ;
#23 = CARTESIAN_POINT ( 'NONE',  ( -0.04734272207354926100, 0.08199999999999990600, 0.05787037037037080800 ) ) ;
#24 = CARTESIAN_POINT ( 'NONE',  ( 0.03692605540688268000, 0.06395780408782419900, 0.2372685185185205200 ) ) ;
#25 = CARTESIAN_POINT ( 'NONE',  ( -0.05538908311032397100, -0.03197890204391203700, 0.3287037037037063800 ) ) ;
#26 = EDGE_LOOP ( 'NONE', ( #2465, #2080, #1551, #1669 ) ) ;
#27 = CARTESIAN_POINT ( 'NONE',  ( 0.08296380719661343400, 0.1079550237237542300, 0.5067500000000000300 ) ) ;
#28 = ORIENTED_EDGE ( 'NONE', *, *, #3860, .T. ) ;
#29 = CARTESIAN_POINT ( 'NONE',  ( -0.06118970585792101600, -0.1061650462915533200, 0.6640000000000000300 ) ) ;
#30 = CARTESIAN_POINT ( 'NONE',  ( 0.04734272207354931600, 0.08199999999999987900, 0.1122685185185195900 ) ) ;
#31 = ORIENTED_EDGE ( 'NONE', *, *, #1991, .T. ) ;
#32 = VECTOR ( 'NONE', #1490, 39.37007874015748100 ) ;
#33 = CARTESIAN_POINT ( 'NONE',  ( 0.05538908311032398500, 0.03197890204391209300, 0.3460648148148176000 ) ) ;
#34 = DIRECTION ( 'NONE',  ( 0.0000000000000000000, 0.0000000000000000000, 1.000000000000000000 ) ) ;
#35 = DIRECTION ( 'NONE',  ( -0.0000000000000000000, -0.0000000000000000000, -1.000000000000000000 ) ) ;
#36 = ORIENTED_EDGE ( 'NONE', *, *, #3632, .T. ) ;
#37 = FACE_OUTER_BOUND ( 'NONE', #3698, .T. ) ;
#39 =( BOUNDED_CURVE ( )  B_SPLINE_CURVE ( 2, ( #4859, #4066, #233, #4082, #4457, #724, #1617, #1064, #4791 ),
 .UNSPECIFIED., .F., .F. ) 
 B_SPLINE_CURVE_WITH_KNOTS ( ( 3, 2, 2, 2, 3 ),
 ( 0.8552631578947368400, 0.8596491228070175500, 0.8684210526315789800, 0.8771929824561403000, 0.8815789473684210200 ),
 .UNSPECIFIED. ) 
 CURVE ( )  GEOMETRIC_REPRESENTATION_ITEM ( )  RATIONAL_B_SPLINE_CURVE ( ( 0.9330127018922194100, 0.9330127018922194100, 1.000000000000000000, 0.8660254037844387100, 1.000000000000000000, 0.8660254037844387100, 1.000000000000000000, 0.9330127018922194100, 0.9330127018922194100 ) ) 
 REPRESENTATION_ITEM ( '' )  );
#38 = CARTESIAN_POINT ( 'NONE',  ( 0.05538908311032394300, -0.03197890204391205800, 0.4212962962962997200 ) ) ;
#40 = CARTESIAN_POINT ( 'NONE',  ( -0.07101408311032392200, 0.04099999999999994600, 0.03587962962963011500 ) ) ;
#41 = DIRECTION ( 'NONE',  ( -0.0000000000000000000, -0.0000000000000000000, 1.000000000000000000 ) ) ;
#42 = AXIS2_PLACEMENT_3D ( 'NONE', #3555, #1274, #2056 ) ;
#43 = CARTESIAN_POINT ( 'NONE',  ( 0.0000000000000000000, 0.06395780408782422700, 0.2951388888888913400 ) ) ;
#44 = CARTESIAN_POINT ( 'NONE',  ( -0.08199999999999993400, 3.431233423813696700E-017, 0.2604166666666689100 ) ) ;
#45 = CARTESIAN_POINT ( 'NONE',  ( -0.03692605540688263800, 0.06395780408782414400, 0.01967592592592617300 ) ) ;
#46 = CARTESIAN_POINT ( 'NONE',  ( -0.1349999999999999300, -0.01767145836719864700, 0.6640000000000001500 ) ) ;
#47 = EDGE_CURVE ( 'NONE', #261, #642, #930, .T. ) ;
#48 = CARTESIAN_POINT ( 'NONE',  ( -0.04734272207354930900, -0.08199999999999997600, 0.09837962962963064900 ) ) ;
#49 = CARTESIAN_POINT ( 'NONE',  ( 0.0000000000000000000, 0.06395780408782426900, 0.4618055555555592400 ) ) ;
#50 = CARTESIAN_POINT ( 'NONE',  ( 0.07385211081376529000, 4.906769389224896200E-017, 0.3993055555555588600 ) ) ;
#51 = CARTESIAN_POINT ( 'NONE',  ( 0.0000000000000000000, 7.549139889267777500E-020, 0.0000000000000000000 ) ) ;
#52 = CARTESIAN_POINT ( 'NONE',  ( -0.03764720157263350800, 0.06664600458136824000, 0.4812055889577996300 ) ) ;
#53 = CARTESIAN_POINT ( 'NONE',  ( 0.0000000000000000000, 0.06395780408782426900, 0.4583333333333370300 ) ) ;
#54 = CARTESIAN_POINT ( 'NONE',  ( 0.1349999999999999300, 0.0000000000000000000, 0.6640000000000000300 ) ) ;
#55 = CARTESIAN_POINT ( 'NONE',  ( 0.03533596438850281100, 0.1314863113502225400, 0.6505000000000000800 ) ) ;
#56 = CARTESIAN_POINT ( 'NONE',  ( 0.07101408311032395000, 0.04099999999999988400, 0.07870370370370430300 ) ) ;
#57 = CARTESIAN_POINT ( 'NONE',  ( 0.07385211081376527600, -1.587573820661604900E-019, 0.2326388888888908400 ) ) ;
#58 = CARTESIAN_POINT ( 'NONE',  ( -0.05538908311032396400, 0.03197890204391216900, 0.4074074074074107700 ) ) ;
#59 = CARTESIAN_POINT ( 'NONE',  ( -0.05538908311032396400, 0.03197890204391207900, 0.1053240740740750100 ) ) ;
#60 = CARTESIAN_POINT ( 'NONE',  ( 0.1079550235050846200, 0.08296380741528651400, 0.6640000000000001500 ) ) ;
#61 = CARTESIAN_POINT ( 'NONE',  ( 0.09468544414709857700, -5.731443417657631600E-017, 0.05208333333333396700 ) ) ;
#62 = CARTESIAN_POINT ( 'NONE',  ( -0.05538908311032396400, 0.03197890204391214800, 0.3553240740740769600 ) ) ;
#63 = ORIENTED_EDGE ( 'NONE', *, *, #4099, .F. ) ;
#64 = DIRECTION ( 'NONE',  ( -0.0000000000000000000, -0.0000000000000000000, -1.000000000000000000 ) ) ;
#65 = CARTESIAN_POINT ( 'NONE',  ( 0.05538908311032398500, 0.03197890204391211400, 0.4259259259259293700 ) ) ;
#66 = CARTESIAN_POINT ( 'NONE',  ( -0.04734272207354930900, -0.08199999999999989200, 0.3761574074074106600 ) ) ;
#67 = DIRECTION ( 'NONE',  ( -0.0000000000000000000, -0.0000000000000000000, -1.000000000000000000 ) ) ;
#68 = CARTESIAN_POINT ( 'NONE',  ( -0.08199999999999992000, -4.620727677402445600E-016, 0.4791666666666704600 ) ) ;
#69 = CARTESIAN_POINT ( 'NONE',  ( -0.04734272207354930900, -0.08199999999999996200, 0.1539351851851866200 ) ) ;
#70 = CARTESIAN_POINT ( 'NONE',  ( 0.09468544414709854900, -5.833998524479128500E-017, 0.04861111111111149400 ) ) ;
#71 = FACE_OUTER_BOUND ( 'NONE', #2428, .T. ) ;
#72 = CARTESIAN_POINT ( 'NONE',  ( -0.03692605540688265900, -0.06395780408782410200, 0.4456018518518555200 ) ) ;
#73 = CARTESIAN_POINT ( 'NONE',  ( 0.07385211081376529000, 5.624655136975325800E-017, 0.4236111111111145500 ) ) ;
#74 = EDGE_CURVE ( 'NONE', #2739, #330, #2802, .T. ) ;
#75 = CARTESIAN_POINT ( 'NONE',  ( -0.05538908311032396400, 0.03197890204391205800, 0.04976851851851901000 ) ) ;
#76 = CARTESIAN_POINT ( 'NONE',  ( 0.08296380741528310000, 0.1079550235050811700, 0.6640000000000001500 ) ) ;
#77 = CARTESIAN_POINT ( 'NONE',  ( -0.09468544414709857700, -2.181657613787959000E-017, 0.09375000000000095800 ) ) ;
#78 =( BOUNDED_CURVE ( )  B_SPLINE_CURVE ( 2, ( #729, #2251, #1084, #2945, #2616, #2959, #278, #689, #1453 ),
 .UNSPECIFIED., .F., .F. ) 
 B_SPLINE_CURVE_WITH_KNOTS ( ( 3, 2, 2, 2, 3 ),
 ( 0.2763157894736841800, 0.2807017543859649000, 0.2894736842105263300, 0.2982456140350877000, 0.3026315789473684200 ),
 .UNSPECIFIED. ) 
 CURVE ( )  GEOMETRIC_REPRESENTATION_ITEM ( )  RATIONAL_B_SPLINE_CURVE ( ( 0.9330127018922191900, 0.9330127018922188500, 1.000000000000000000, 0.8660254037844387100, 1.000000000000000000, 0.8660254037844387100, 1.000000000000000000, 0.9330127018922194100, 0.9330127018922194100 ) ) 
 REPRESENTATION_ITEM ( '' )  );
#79 = ADVANCED_FACE ( 'NONE', ( #989 ), #83, .F. ) ;
#80 = CARTESIAN_POINT ( 'NONE',  ( -0.07101408311032390800, 0.04100000000000002900, 0.3379629629629656900 ) ) ;
#81 = CARTESIAN_POINT ( 'NONE',  ( 0.04734272207354931600, 0.08199999999999990600, 0.1400462962962976100 ) ) ;
#82 = ORIENTED_EDGE ( 'NONE', *, *, #3997, .T. ) ;
#83 = TOROIDAL_SURFACE ( 'NONE', #4254, 0.09519444444444448400, 0.01041666666666674900 ) ;
#84 = CARTESIAN_POINT ( 'NONE',  ( -0.08200000000000000300, 0.02197183377935192600, 0.2001483833683760100 ) ) ;
#85 = CARTESIAN_POINT ( 'NONE',  ( -0.01037557114157042600, -0.06311060312833906300, 0.002791137421157812600 ) ) ;
#86 = CARTESIAN_POINT ( 'NONE',  ( 0.08199999999999993400, 3.431233423813696700E-017, 0.4131944444444479200 ) ) ;
#87 = CARTESIAN_POINT ( 'NONE',  ( -1.004210375300828800E-017, -0.08199999999999986500, 0.4027777777777810100 ) ) ;
#88 = VERTEX_POINT ( 'NONE', #4042 ) ;
#89 = VECTOR ( 'NONE', #1539, 39.37007874015748100 ) ;
#90 = CARTESIAN_POINT ( 'NONE',  ( -0.04734272207354930200, -0.08199999999999985100, 0.4282407407407441400 ) ) ;
#91 = CARTESIAN_POINT ( 'NONE',  ( 0.03692605540688268000, 0.06395780408782425500, 0.4594907407407444200 ) ) ;
#92 = CARTESIAN_POINT ( 'NONE',  ( 0.03692605540688268000, 0.06395780408782425500, 0.4560185185185222100 ) ) ;
#93 = CARTESIAN_POINT ( 'NONE',  ( 0.07385211081376527600, -4.938520865638128500E-017, 0.06597222222222286200 ) ) ;
#94 = EDGE_LOOP ( 'NONE', ( #1790, #4113 ) ) ;
#95 = CYLINDRICAL_SURFACE ( 'NONE', #3665, 0.08199999999999993400 ) ;
#96 = CARTESIAN_POINT ( 'NONE',  ( -0.04734272207354927500, 0.08199999999999993400, 0.1446759259259272900 ) ) ;
#97 = ORIENTED_EDGE ( 'NONE', *, *, #2328, .F. ) ;
#98 = LINE ( 'NONE', #1778, #273 ) ;
#99 = CARTESIAN_POINT ( 'NONE',  ( -0.07101408311032390800, 0.04100000000000003600, 0.3657407407407436400 ) ) ;
#100 = CARTESIAN_POINT ( 'NONE',  ( 0.06116238027669004800, 0.1061733221278259700, 0.6640000000000000300 ) ) ;
#101 = CARTESIAN_POINT ( 'NONE',  ( -0.02828672166734704300, -0.06982725849343171500, 0.4805908579459055600 ) ) ;
#102 = VERTEX_POINT ( 'NONE', #4360 ) ;
#103 = CARTESIAN_POINT ( 'NONE',  ( -0.1249037200871747400, -0.03359649211094517500, 0.5000000000000001100 ) ) ;
#104 = CARTESIAN_POINT ( 'NONE',  ( -0.07101408311032390800, 0.04099999999999998100, 0.1712962962962976700 ) ) ;
#105 = CARTESIAN_POINT ( 'NONE',  ( 0.0000000000000000000, 0.06395780408782425500, 0.4062500000000032800 ) ) ;
#106 = CARTESIAN_POINT ( 'NONE',  ( 0.04697562789167249200, -0.04617725306477348000, 0.4748645499135602000 ) ) ;
#107 = CARTESIAN_POINT ( 'NONE',  ( -0.03692605540688263800, 0.06395780408782417200, 0.1307870370370381500 ) ) ;
#108 = CARTESIAN_POINT ( 'NONE',  ( 0.04734272207354931600, 0.08199999999999992000, 0.2199074074074090800 ) ) ;
#109 = EDGE_CURVE ( 'NONE', #2981, #817, #4459, .T. ) ;
#110 = CARTESIAN_POINT ( 'NONE',  ( -0.03692605540688263800, 0.06395780408782415800, 0.07175925925925992500 ) ) ;
#111 = CARTESIAN_POINT ( 'NONE',  ( -0.07101408311032390800, 0.04100000000000002300, 0.3101851851851876700 ) ) ;
#112 = CARTESIAN_POINT ( 'NONE',  ( -0.08199999999999996200, 2.722111849558866300E-016, 0.1215277777777789600 ) ) ;
#113 = CARTESIAN_POINT ( 'NONE',  ( 0.04734272207354925400, -0.08199999999999992000, 0.2939814814814838400 ) ) ;
#114 = CARTESIAN_POINT ( 'NONE',  ( 0.08199999999999992000, -4.117480108576436500E-017, 0.1597222222222234600 ) ) ;
#115 = CARTESIAN_POINT ( 'NONE',  ( 0.05538908311032398500, 0.03197890204391199600, 0.01273148148148168400 ) ) ;
#116 = CARTESIAN_POINT ( 'NONE',  ( -0.08199999999999993400, 0.02197183377935213800, 0.4501483833683780400 ) ) ;
#117 = VECTOR ( 'NONE', #2232, 39.37007874015748100 ) ;
#118 = CARTESIAN_POINT ( 'NONE',  ( -0.08199999999999989200, 0.02197183377935208900, 0.08903727225726398900 ) ) ;
#119 = CARTESIAN_POINT ( 'NONE',  ( -0.04734272207354926100, 0.08199999999999990600, 0.08564814814814880600 ) ) ;
#120 = CARTESIAN_POINT ( 'NONE',  ( 0.05538908311032394300, -0.03197890204391205100, 0.4525462962963000500 ) ) ;
#121 = CARTESIAN_POINT ( 'NONE',  ( 0.08199999999999996200, 6.633717952706482100E-017, 0.05208333333333397400 ) ) ;
#122 = CARTESIAN_POINT ( 'NONE',  ( -0.03692605540688263800, 0.06395780408782415800, 0.1030092592592601700 ) ) ;
#123 = CARTESIAN_POINT ( 'NONE',  ( -0.08041017956152529700, 1.006495137652017900E-016, 0.4835567721470094300 ) ) ;
#124 = LINE ( 'NONE', #1283, #2468 ) ;
#125 = CARTESIAN_POINT ( 'NONE',  ( 0.09468544414709854900, 1.549969166668139800E-017, 0.2986111111111134900 ) ) ;
#126 = PLANE ( 'NONE',  #1150 ) ;
#127 = CARTESIAN_POINT ( 'NONE',  ( -0.04734272207354930200, -0.08199999999999989200, 0.2893518518518541900 ) ) ;
#128 = B_SPLINE_CURVE_WITH_KNOTS ( 'NONE', 3,
 ( #3928, #1606, #3565, #3183, #101, #1235, #4739, #4335, #4675, #3914 ),
 .UNSPECIFIED., .F., .F.,
 ( 4, 3, 3, 4 ),
 ( 0.0000000000000000000, 0.0001479102829262222300, 0.0002958205561298586600, 0.0005337070406174709900 ),
 .UNSPECIFIED. ) ;
#129 = CARTESIAN_POINT ( 'NONE',  ( -1.004210375300829100E-017, -0.08199999999999990600, 0.3784722222222254900 ) ) ;
#130 = CARTESIAN_POINT ( 'NONE',  ( 0.03692605540688262400, -0.06395780408782425500, 0.005787037037037211100 ) ) ;
#131 =( BOUNDED_SURFACE ( )  B_SPLINE_SURFACE ( 2, 3, ( 
 ( #541, #3600, #3641, #1352, #1707, #4376, #2167, #3658, #270, #4105, #1376, #1390, #4430, #665, #2537, #4447, #4051, #4850, #3676, #986, #254, #1762, #1406, #4088, #1832, #2149, #239, #4074, #2196, #2184, #224, #1004, #3308, #4483 ),
 ( #1042, #4828, #1426, #4868, #2522, #1776, #1813, #4885, #2558, #2923, #651, #4463, #2902, #610, #3293, #630, #2575, #1024, #1059, #3696, #2217, #2954, #1801, #3346, #3715, #3728, #1448, #4123, #4497, #2940, #3328, #4902, #2592, #288 ),
 ( #2975, #684, #2628, #2247, #341, #1111, #2229, #4558, #4958, #1464, #3799, #2606, #4143, #1871, #3783, #302, #3767, #1096, #4973, #1128, #2294, #1144, #376, #1079, #1852, #2991, #3424, #702, #4536, #741, #1520, #4994, #3363, #2661 ) ),
 .UNSPECIFIED., .F., .T., .F. ) 
 B_SPLINE_SURFACE_WITH_KNOTS ( ( 3, 3 ),
 ( 4, 2, 2, 2, 2, 2, 2, 2, 2, 2, 2, 2, 2, 2, 2, 2, 4 ),
 ( 0.0000000000000000000, 1.000000000000000000 ),
 ( -3.141592653589793100, -2.748893571891069000, -2.356194490192344800, -1.963495408493620700, -1.570796326794896600, -1.178097245096172400, -0.7853981633974482800, -0.3926990816987241400, 0.0000000000000000000, 0.3926990816987241400, 0.7853981633974482800, 1.178097245096172400, 1.570796326794896600, 1.963495408493620700, 2.356194490192344800, 2.748893571891069000, 3.141592653589793100 ),
 .UNSPECIFIED. ) 
 GEOMETRIC_REPRESENTATION_ITEM ( )  RATIONAL_B_SPLINE_SURFACE ( (
 ( 1.000000000000000000, 1.000000000000000000, 1.000000000000000000, 1.000000000000000000, 1.000000000000000000, 1.000000000000000000, 1.000000000000000000, 1.000000000000000000, 1.000000000000000000, 1.000000000000000000, 1.000000000000000000, 1.000000000000000000, 1.000000000000000000, 1.000000000000000000, 1.000000000000000000, 1.000000000000000000, 1.000000000000000000, 1.000000000000000000, 1.000000000000000000, 1.000000000000000000, 1.000000000000000000, 1.000000000000000000, 1.000000000000000000, 1.000000000000000000, 1.000000000000000000, 1.000000000000000000, 1.000000000000000000, 1.000000000000000000, 1.000000000000000000, 1.000000000000000000, 1.000000000000000000, 1.000000000000000000, 1.000000000000000000, 1.000000000000000000),
 ( 0.3333333333333333100, 0.3333333333333333100, 0.3333333333333333100, 0.3333333333333333100, 0.3333333333333333100, 0.3333333333333333100, 0.3333333333333333100, 0.3333333333333333100, 0.3333333333333333100, 0.3333333333333333100, 0.3333333333333333100, 0.3333333333333333100, 0.3333333333333333100, 0.3333333333333333100, 0.3333333333333333100, 0.3333333333333333100, 0.3333333333333333100, 0.3333333333333333100, 0.3333333333333333100, 0.3333333333333333100, 0.3333333333333333100, 0.3333333333333333100, 0.3333333333333333100, 0.3333333333333333100, 0.3333333333333333100, 0.3333333333333333100, 0.3333333333333333100, 0.3333333333333333100, 0.3333333333333333100, 0.3333333333333333100, 0.3333333333333333100, 0.3333333333333333100, 0.3333333333333333100, 0.3333333333333333100),
 ( 1.000000000000000000, 1.000000000000000000, 1.000000000000000000, 1.000000000000000000, 1.000000000000000000, 1.000000000000000000, 1.000000000000000000, 1.000000000000000000, 1.000000000000000000, 1.000000000000000000, 1.000000000000000000, 1.000000000000000000, 1.000000000000000000, 1.000000000000000000, 1.000000000000000000, 1.000000000000000000, 1.000000000000000000, 1.000000000000000000, 1.000000000000000000, 1.000000000000000000, 1.000000000000000000, 1.000000000000000000, 1.000000000000000000, 1.000000000000000000, 1.000000000000000000, 1.000000000000000000, 1.000000000000000000, 1.000000000000000000, 1.000000000000000000, 1.000000000000000000, 1.000000000000000000, 1.000000000000000000, 1.000000000000000000, 1.000000000000000000) ) ) 
 REPRESENTATION_ITEM ( '' )  SURFACE ( )  );
#132 = CARTESIAN_POINT ( 'NONE',  ( 0.08199999999999993400, -6.862466847627394900E-018, 0.2743055555555579100 ) ) ;
#133 = CARTESIAN_POINT ( 'NONE',  ( 0.04734272207354925400, -0.08199999999999996200, 0.1828703703703718500 ) ) ;
#134 = AXIS2_PLACEMENT_3D ( 'NONE', #1363, #4039, #4419 ) ;
#135 = EDGE_CURVE ( 'NONE', #4064, #1002, #39, .T. ) ;
#136 = CARTESIAN_POINT ( 'NONE',  ( -7.832572005664740100E-018, -0.06395780408782424100, 0.02777777777777812300 ) ) ;
#137 = CARTESIAN_POINT ( 'NONE',  ( 6.146657985744592700E-016, -0.08118988160479130600, 0.6640000000000000300 ) ) ;
#138 = ORIENTED_EDGE ( 'NONE', *, *, #2054, .F. ) ;
#139 = EDGE_LOOP ( 'NONE', ( #3612, #1500, #3876, #2884 ) ) ;
#140 = CARTESIAN_POINT ( 'NONE',  ( -0.04734272207354926100, 0.08199999999999997600, 0.3078703703703728500 ) ) ;
#141 = CARTESIAN_POINT ( 'NONE',  ( -0.07101408311032392200, 0.04099999999999996700, 0.1192129629629641200 ) ) ;
#142 = ORIENTED_EDGE ( 'NONE', *, *, #3566, .F. ) ;
#143 = FACE_OUTER_BOUND ( 'NONE', #1974, .T. ) ;
#144 = CARTESIAN_POINT ( 'NONE',  ( 0.06845954729933771700, -1.336728479804593600E-013, 0.4765675840116717100 ) ) ;
#145 = CARTESIAN_POINT ( 'NONE',  ( -0.07518651481691647500, -0.03272595284610646500, 0.4844865601200417100 ) ) ;
#146 = CARTESIAN_POINT ( 'NONE',  ( -0.08199999999999996200, 1.212369143080840000E-016, 0.09375000000000095800 ) ) ;
#147 = CARTESIAN_POINT ( 'NONE',  ( -0.07031250000000000000, 0.01381215743979834200, 0.6583245971504883000 ) ) ;
#148 = PERSON_AND_ORGANIZATION_ROLE ( 'design_owner' ) ;
#149 = CARTESIAN_POINT ( 'NONE',  ( 0.09468544414709854900, -9.113533970476164600E-018, 0.2152777777777794800 ) ) ;
#150 = ORIENTED_EDGE ( 'NONE', *, *, #4985, .T. ) ;
#151 = FACE_OUTER_BOUND ( 'NONE', #1854, .T. ) ;
#152 = CARTESIAN_POINT ( 'NONE',  ( -0.03692605540688263800, 0.06395780408782415800, 0.07175925925925992500 ) ) ;
#153 = CARTESIAN_POINT ( 'NONE',  ( -0.08199999999999992000, 0.02197183377935209300, 0.09250949447948649000 ) ) ;
#154 = CARTESIAN_POINT ( 'NONE',  ( 0.07101408311032396400, 0.04099999999999996700, 0.3599537037037067700 ) ) ;
#155 = CARTESIAN_POINT ( 'NONE',  ( -7.832572005664740100E-018, -0.06395780408782425500, 1.259211184579621400E-016 ) ) ;
#156 = CARTESIAN_POINT ( 'NONE',  ( -0.07101408311032392200, -0.04099999999999985600, 0.4814814814814852900 ) ) ;
#157 = DIRECTION ( 'NONE',  ( -0.0000000000000000000, -0.0000000000000000000, 1.000000000000000000 ) ) ;
#158 = EDGE_CURVE ( 'NONE', #4062, #4120, #1648, .T. ) ;
#159 = DIRECTION ( 'NONE',  ( 1.000000000000000000, 0.0000000000000000000, 0.0000000000000000000 ) ) ;
#160 = DIRECTION ( 'NONE',  ( 0.0000000000000000000, 0.0000000000000000000, 1.000000000000000000 ) ) ;
#161 = CARTESIAN_POINT ( 'NONE',  ( -0.05538908311032397100, -0.03197890204391210000, 0.1342592592592604400 ) ) ;
#162 = CARTESIAN_POINT ( 'NONE',  ( -0.05538908311032397100, -0.03197890204391212700, 0.05439814814814870200 ) ) ;
#163 = CARTESIAN_POINT ( 'NONE',  ( -0.07031249999999998600, -0.04059494080239580600, 0.6640000000000000300 ) ) ;
#164 = APPROVAL_STATUS ( 'not_yet_approved' ) ;
#165 = CARTESIAN_POINT ( 'NONE',  ( 0.07101408311032389500, -0.04099999999999999500, 0.2129629629629646600 ) ) ;
#166 = CARTESIAN_POINT ( 'NONE',  ( -0.03692605540688265900, -0.06395780408782407400, 0.5011574074074114400 ) ) ;
#167 = CARTESIAN_POINT ( 'NONE',  ( -0.08199999999999996200, -2.630612291590501200E-016, 0.2048611111111129900 ) ) ;
#168 = CARTESIAN_POINT ( 'NONE',  ( 0.08199999999999997600, 0.02197183377935209300, 0.4699905055205184100 ) ) ;
#169 = CARTESIAN_POINT ( 'NONE',  ( -0.03692605540688265900, -0.06395780408782422700, 0.02546296296296328800 ) ) ;
#170 = CARTESIAN_POINT ( 'NONE',  ( -0.07101408311032390800, 0.04100000000000005700, 0.4212962962962996700 ) ) ;
#171 = CARTESIAN_POINT ( 'NONE',  ( 0.08199999999999996200, -0.02197183377935203400, 0.07514838336837503800 ) ) ;
#172 = CARTESIAN_POINT ( 'NONE',  ( -0.04734272207354930200, -0.08199999999999989200, 0.2615740740740761800 ) ) ;
#173 = CARTESIAN_POINT ( 'NONE',  ( -0.04734272207354930200, -0.08199999999999986500, 0.3726851851851882300 ) ) ;
#174 = CARTESIAN_POINT ( 'NONE',  ( -7.832572005664740100E-018, -0.06395780408782421300, 0.1388888888888901200 ) ) ;
#175 = CARTESIAN_POINT ( 'NONE',  ( -0.05538908311032396400, 0.03197890204391210700, 0.1886574074074089900 ) ) ;
#176 = VERTEX_POINT ( 'NONE', #2531 ) ;
#177 = CARTESIAN_POINT ( 'NONE',  ( 0.07101408311032395000, 0.04099999999999989800, 0.1342592592592603000 ) ) ;
#178 = CARTESIAN_POINT ( 'NONE',  ( -1.004210375300829100E-017, -0.08199999999999996200, 0.1840277777777794600 ) ) ;
#179 = CARTESIAN_POINT ( 'NONE',  ( 0.05538908311032394300, -0.03197890204391216200, 0.06018518518518577900 ) ) ;
#180 = CARTESIAN_POINT ( 'NONE',  ( -0.07031249999999998600, -0.04059494080239580600, 0.6640000000000000300 ) ) ;
#181 = CARTESIAN_POINT ( 'NONE',  ( -0.08199999999999992000, 5.718722373022829100E-017, 0.3402777777777805100 ) ) ;
#182 = CARTESIAN_POINT ( 'NONE',  ( -0.06458913398896731800, -0.1120631044073336800, 0.5000000000000000000 ) ) ;
#183 = VECTOR ( 'NONE', #4701, 39.37007874015748100 ) ;
#184 = CARTESIAN_POINT ( 'NONE',  ( -7.832572005664740100E-018, -0.06395780408782422700, 0.08333333333333410600 ) ) ;
#185 = CARTESIAN_POINT ( 'NONE',  ( 0.03692605540688262400, -0.06395780408782424100, 0.08564814814814894500 ) ) ;
#186 = CARTESIAN_POINT ( 'NONE',  ( 0.07101408311032389500, -0.04099999999999991200, 0.4907407407407446400 ) ) ;
#187 = CC_DESIGN_DATE_AND_TIME_ASSIGNMENT ( #2948, #960, ( #4162 ) ) ;
#188 = CARTESIAN_POINT ( 'NONE',  ( -0.08199999999999992000, -2.516237844130044700E-017, 0.06250000000000050000 ) ) ;
#189 = PLANE ( 'NONE',  #4708 ) ;
#190 = CARTESIAN_POINT ( 'NONE',  ( -0.05538908311032396400, 0.03197890204391209300, 0.1574074074074087400 ) ) ;
#191 = CARTESIAN_POINT ( 'NONE',  ( 0.05538908311032398500, 0.03197890204391200900, 0.06828703703703767300 ) ) ;
#192 = DIRECTION ( 'NONE',  ( -1.000000000000000000, 0.0000000000000000000, 0.0000000000000000000 ) ) ;
#193 = VERTEX_POINT ( 'NONE', #4906 ) ;
#194 = PERSON_AND_ORGANIZATION_ROLE ( 'creator' ) ;
#195 = VERTEX_POINT ( 'NONE', #4987 ) ;
#196 = CARTESIAN_POINT ( 'NONE',  ( -0.04734272207354927500, 0.08199999999999999000, 0.3113425925925951700 ) ) ;
#197 = AXIS2_PLACEMENT_3D ( 'NONE', #3226, #2461, #3924 ) ;
#198 = EDGE_CURVE ( 'NONE', #642, #3558, #2898, .T. ) ;
#199 = CARTESIAN_POINT ( 'NONE',  ( 0.03692605540688262400, -0.06395780408782425500, 0.05787037037037095300 ) ) ;
#200 = CARTESIAN_POINT ( 'NONE',  ( 0.05273159909577572500, -0.03811275240541755300, 0.003694077505358698900 ) ) ;
#201 = CARTESIAN_POINT ( 'NONE',  ( -0.1282499999999999200, -0.01678788547895455200, 0.5000000000000000000 ) ) ;
#202 = ORIENTED_EDGE ( 'NONE', *, *, #3034, .F. ) ;
#203 = FACE_OUTER_BOUND ( 'NONE', #3151, .T. ) ;
#204 = CARTESIAN_POINT ( 'NONE',  ( -0.1282499999999999200, -0.01678788547895455200, 0.5000000000000000000 ) ) ;
#205 = CARTESIAN_POINT ( 'NONE',  ( 0.03692605540688268000, 0.06395780408782414400, 0.06712962962963024700 ) ) ;
#206 = ORIENTED_EDGE ( 'NONE', *, *, #4026, .F. ) ;
#207 = CARTESIAN_POINT ( 'NONE',  ( 0.09468544414709854900, 5.652173439527736200E-017, 0.4375000000000034400 ) ) ;
#208 = CARTESIAN_POINT ( 'NONE',  ( 0.0000000000000000000, -5.530426628471140400E-017, 0.4844865601199070900 ) ) ;
#209 = ADVANCED_FACE ( 'NONE', ( #3678 ), #4964, .T. ) ;
#210 = CARTESIAN_POINT ( 'NONE',  ( -0.02313336948739338000, 0.06783382450398158000, 0.5698381207173765000 ) ) ;
#211 = CARTESIAN_POINT ( 'NONE',  ( 0.07385211081376527600, -9.388716996000258900E-018, 0.2013888888888905300 ) ) ;
#212 = CYLINDRICAL_SURFACE ( 'NONE', #3739, 0.08199999999999993400 ) ;
#213 = CARTESIAN_POINT ( 'NONE',  ( -7.832572005664740100E-018, -0.06395780408782418500, 0.1979166666666683800 ) ) ;
#214 = VERTEX_POINT ( 'NONE', #2142 ) ;
#215 = LINE ( 'NONE', #4706, #2038 ) ;
#216 = CARTESIAN_POINT ( 'NONE',  ( -0.05538908311032397100, -0.03197890204391210000, 0.1377314814814827000 ) ) ;
#217 = CARTESIAN_POINT ( 'NONE',  ( -0.08200000000000008700, 0.02197183377935182900, 0.2869539389239324500 ) ) ;
#218 = DIRECTION ( 'NONE',  ( -1.000000000000000000, -1.224646799147354400E-016, 0.0000000000000000000 ) ) ;
#219 = CARTESIAN_POINT ( 'NONE',  ( 0.08199999999999996200, 0.02197183377935203000, 0.2720738388538499500 ) ) ;
#220 = CARTESIAN_POINT ( 'NONE',  ( 0.07101408311032390800, -0.04100000000000000900, 0.1886574074074091300 ) ) ;
#221 = ORIENTED_EDGE ( 'NONE', *, *, #2782, .T. ) ;
#222 = CARTESIAN_POINT ( 'NONE',  ( -0.03692605540688265900, -0.06395780408782418500, 0.1643518518518532800 ) ) ;
#223 = CARTESIAN_POINT ( 'NONE',  ( -0.08199999999999992000, -4.735102124862902300E-016, 0.4236111111111144900 ) ) ;
#224 = CARTESIAN_POINT ( 'NONE',  ( -0.1061650462915505900, 0.06118970585792990500, 0.6640000000000000300 ) ) ;
#225 = CARTESIAN_POINT ( 'NONE',  ( 0.1349999999999999300, 0.01767145839889404700, 0.5000000000000000000 ) ) ;
#226 = CARTESIAN_POINT ( 'NONE',  ( 0.03692605540688262400, -0.06395780408782425500, 0.03009259259259295500 ) ) ;
#227 = CARTESIAN_POINT ( 'NONE',  ( -0.03692605540688265900, -0.06395780408782422700, 0.001157407407407545500 ) ) ;
#228 = CARTESIAN_POINT ( 'NONE',  ( 0.04734272207354925400, -0.08199999999999990600, 0.3495370370370398100 ) ) ;
#229 = CARTESIAN_POINT ( 'NONE',  ( -0.1214999999999999000, 0.01591855464182350200, 0.6640000000000000300 ) ) ;
#230 = CARTESIAN_POINT ( 'NONE',  ( 0.03692605540688268000, 0.06395780408782418500, 0.2060185185185202100 ) ) ;
#231 = CARTESIAN_POINT ( 'NONE',  ( 0.07385211081376529000, -3.297639156494290900E-017, 0.1215277777777788400 ) ) ;
#232 = CARTESIAN_POINT ( 'NONE',  ( 0.08199999999999997600, 0.02197183377935201700, 0.2199905055205164100 ) ) ;
#233 = CARTESIAN_POINT ( 'NONE',  ( -0.07101408311032392200, -0.04099999999999987000, 0.4537037037037073300 ) ) ;
#234 = CARTESIAN_POINT ( 'NONE',  ( 0.05538908311032394300, -0.03197890204391215500, 0.09143518518518602100 ) ) ;
#235 = CARTESIAN_POINT ( 'NONE',  ( -0.07521385097656981000, 0.004681565506921579700, 0.01404718430990352200 ) ) ;
#236 = CARTESIAN_POINT ( 'NONE',  ( -0.09468544414709857700, 1.920546659071635100E-017, 0.2326388888888909800 ) ) ;
#237 = CARTESIAN_POINT ( 'NONE',  ( -0.03692605540688265900, -0.06395780408782417200, 0.1921296296296313200 ) ) ;
#238 = DIRECTION ( 'NONE',  ( -0.0000000000000000000, -0.0000000000000000000, -1.000000000000000000 ) ) ;
#239 = CARTESIAN_POINT ( 'NONE',  ( -0.03180236820678560700, 0.1183376801086925800, 0.6640000000000000300 ) ) ;
#240 = CARTESIAN_POINT ( 'NONE',  ( -0.08296380739286841900, 0.1079550235274956800, 0.5000000000000000000 ) ) ;
#241 = EDGE_LOOP ( 'NONE', ( #4879, #3911, #4853, #4718 ) ) ;
#242 = CARTESIAN_POINT ( 'NONE',  ( 0.1079550235274956000, -0.08296380739286483800, 0.5000000000000000000 ) ) ;
#243 = CARTESIAN_POINT ( 'NONE',  ( -0.05538908311032397100, -0.03197890204391212700, 0.05092592592592645000 ) ) ;
#244 = CARTESIAN_POINT ( 'NONE',  ( -0.07385211081376527600, -4.360327125128941000E-017, 0.02430555555555585400 ) ) ;
#245 = CARTESIAN_POINT ( 'NONE',  ( -0.08199999999999992000, 5.718722373022829100E-017, 0.3402777777777805100 ) ) ;
#246 = CARTESIAN_POINT ( 'NONE',  ( 0.08199999999999993400, 1.011759515190096700E-017, 0.0000000000000000000 ) ) ;
#247 = CARTESIAN_POINT ( 'NONE',  ( 0.03692605540688268000, 0.06395780408782422700, 0.3726851851851881700 ) ) ;
#248 = CARTESIAN_POINT ( 'NONE',  ( -0.05538908311032396400, 0.03197890204391213400, 0.2997685185185209900 ) ) ;
#249 = CARTESIAN_POINT ( 'NONE',  ( -0.05538908311032396400, 0.03197890204391205800, 0.04976851851851901000 ) ) ;
#250 = CARTESIAN_POINT ( 'NONE',  ( -0.03489998988338187400, 0.06359913624540243500, 0.01123098566455489100 ) ) ;
#251 = CARTESIAN_POINT ( 'NONE',  ( -0.04734272207354930900, -0.08199999999999992000, 0.2372685185185206300 ) ) ;
#252 = CARTESIAN_POINT ( 'NONE',  ( 0.0000000000000000000, 0.06395780408782417200, 0.1250000000000010800 ) ) ;
#253 = CARTESIAN_POINT ( 'NONE',  ( 0.0000000000000000000, 7.549139889267777500E-020, 0.0000000000000000000 ) ) ;
#254 = CARTESIAN_POINT ( 'NONE',  ( 0.09715952115457718300, 0.07466742667375718400, 0.6640000000000000300 ) ) ;
#255 = CARTESIAN_POINT ( 'NONE',  ( -0.07031250000000002800, 0.04059494080239566700, 0.5761093750000000300 ) ) ;
#256 = AXIS2_PLACEMENT_3D ( 'NONE', #935, #3604, #1693 ) ;
#257 = CARTESIAN_POINT ( 'NONE',  ( 0.1179611625340374500, -0.06798856209365133900, 0.5067500000000000300 ) ) ;
#258 = CARTESIAN_POINT ( 'NONE',  ( -0.05538908311032396400, 0.03197890204391210700, 0.1851851851851867300 ) ) ;
#259 = CARTESIAN_POINT ( 'NONE',  ( 0.08199999999999993400, 1.143744474604565700E-017, 0.3298611111111139400 ) ) ;
#260 = ORIENTED_EDGE ( 'NONE', *, *, #3131, .F. ) ;
#261 = VERTEX_POINT ( 'NONE', #4424 ) ;
#262 = CARTESIAN_POINT ( 'NONE',  ( -0.1120631044073347300, 0.06458913398896654100, 0.5000000000000000000 ) ) ;
#263 = CARTESIAN_POINT ( 'NONE',  ( 0.03692605540688268000, 0.06395780408782422700, 0.3449074074074102700 ) ) ;
#264 = CARTESIAN_POINT ( 'NONE',  ( 0.0000000000000000000, 0.06395780408782422700, 0.3229166666666692900 ) ) ;
#265 = CARTESIAN_POINT ( 'NONE',  ( -0.05538908311032397100, -0.03197890204391209300, 0.1655092592592606900 ) ) ;
#266 = CARTESIAN_POINT ( 'NONE',  ( -0.04734272207354930900, -0.08199999999999987900, 0.4039351851851886200 ) ) ;
#267 = ORIENTED_EDGE ( 'NONE', *, *, #2716, .T. ) ;
#268 = EDGE_CURVE ( 'NONE', #1655, #578, #2496, .T. ) ;
#269 = CARTESIAN_POINT ( 'NONE',  ( -0.05538908311032397100, -0.03197890204391209300, 0.1620370370370384500 ) ) ;
#270 = CARTESIAN_POINT ( 'NONE',  ( -0.01590431253046781200, -0.1214999999999999100, 0.6640000000000000300 ) ) ;
#271 = CARTESIAN_POINT ( 'NONE',  ( 0.1349999999999999300, 0.01767145839889404700, 0.5000000000000000000 ) ) ;
#272 = ORIENTED_EDGE ( 'NONE', *, *, #3502, .F. ) ;
#273 = VECTOR ( 'NONE', #1608, 39.37007874015749600 ) ;
#274 = CARTESIAN_POINT ( 'NONE',  ( -0.1350000000000035600, -0.01767145839889952900, 0.5000000000000000000 ) ) ;
#275 = CARTESIAN_POINT ( 'NONE',  ( -0.03692605540688265900, -0.06395780408782414400, 0.2476851851851872600 ) ) ;
#276 = PLANE ( 'NONE',  #2965 ) ;
#277 = EDGE_LOOP ( 'NONE', ( #2798, #4970, #303, #4199, #825, #1359, #1073 ) ) ;
#278 = CARTESIAN_POINT ( 'NONE',  ( 0.07101408311032389500, -0.04100000000000000900, 0.1574074074074086300 ) ) ;
#279 = CARTESIAN_POINT ( 'NONE',  ( 0.1249119956818076100, 0.03356916641267992900, 0.5000000000000000000 ) ) ;
#280 = CARTESIAN_POINT ( 'NONE',  ( 0.07385211081376527600, 2.342891718687648900E-017, 0.3125000000000025500 ) ) ;
#281 = CARTESIAN_POINT ( 'NONE',  ( -0.03692605540688265900, -0.06395780408782414400, 0.2511574074074095500 ) ) ;
#282 = CARTESIAN_POINT ( 'NONE',  ( -1.004210375300828800E-017, -0.08199999999999989200, 0.3750000000000029400 ) ) ;
#283 = CARTESIAN_POINT ( 'NONE',  ( -7.832572005664740100E-018, -0.06395780408782422700, 0.05902777777777837300 ) ) ;
#284 = CARTESIAN_POINT ( 'NONE',  ( 0.07101408311032395000, 0.04099999999999994600, 0.3009259259259283200 ) ) ;
#285 = CARTESIAN_POINT ( 'NONE',  ( -0.07101408311032392200, 0.04100000000000005700, 0.3969907407407441400 ) ) ;
#286 = CARTESIAN_POINT ( 'NONE',  ( -0.05538908311032396400, 0.03197890204391208600, 0.1296296296296307300 ) ) ;
#287 = CARTESIAN_POINT ( 'NONE',  ( -0.02166476683025777800, -0.07641183225079269100, 0.01788739665448840400 ) ) ;
#288 = CARTESIAN_POINT ( 'NONE',  ( -0.1349999999999999300, 1.660822318738194000E-017, 0.6640000000000001500 ) ) ;
#289 = CARTESIAN_POINT ( 'NONE',  ( 0.06798856209364978500, 0.1179611625340403200, 0.5000000000000000000 ) ) ;
#290 = AXIS2_PLACEMENT_3D ( 'NONE', #591, #1671, #484 ) ;
#291 = CARTESIAN_POINT ( 'NONE',  ( 0.0000000000000000000, 0.06395780408782417200, 0.1250000000000010800 ) ) ;
#292 = CARTESIAN_POINT ( 'NONE',  ( -0.08199999999999993400, 9.607453586678353600E-017, 0.4826388888888928900 ) ) ;
#293 =( BOUNDED_CURVE ( )  B_SPLINE_CURVE ( 2, ( #1291, #4333, #3211 ),
 .UNSPECIFIED., .F., .F. ) 
 B_SPLINE_CURVE_WITH_KNOTS ( ( 3, 3 ),
 ( 0.0000000000000000000, 1.000000000000000000 ),
 .UNSPECIFIED. ) 
 CURVE ( )  GEOMETRIC_REPRESENTATION_ITEM ( )  RATIONAL_B_SPLINE_CURVE ( ( 1.000000000000000000, 0.3333333333333333100, 1.000000000000000000 ) ) 
 REPRESENTATION_ITEM ( '' )  );
#294 = EDGE_CURVE ( 'NONE', #3234, #88, #4877, .T. ) ;
#295 = CARTESIAN_POINT ( 'NONE',  ( -0.07385211081376527600, 5.382408022912594800E-017, 0.3541666666666695200 ) ) ;
#296 = CARTESIAN_POINT ( 'NONE',  ( 0.07385211081376529000, 2.445446825509139500E-017, 0.3159722222222248200 ) ) ;
#297 = EDGE_CURVE ( 'NONE', #193, #817, #2539, .T. ) ;
#298 = CARTESIAN_POINT ( 'NONE',  ( 0.07385211081376527600, 2.445446825509139500E-017, 0.3159722222222248200 ) ) ;
#299 = CARTESIAN_POINT ( 'NONE',  ( 0.07101408311032390800, -0.04099999999999995300, 0.3831018518518550800 ) ) ;
#300 = CARTESIAN_POINT ( 'NONE',  ( 0.03692605540688262400, -0.06395780408782418500, 0.2800925925925950000 ) ) ;
#301 = CARTESIAN_POINT ( 'NONE',  ( -0.07539609795608782900, 4.712227235370811100E-016, 0.01422943128942151700 ) ) ;
#302 = CARTESIAN_POINT ( 'NONE',  ( 0.1314863112318734600, -0.03533596467422269600, 0.6505000000000000800 ) ) ;
#303 = ORIENTED_EDGE ( 'NONE', *, *, #4805, .F. ) ;
#304 = CARTESIAN_POINT ( 'NONE',  ( -0.1079550235050804200, 0.08296380741528385000, 0.6640000000000001500 ) ) ;
#305 = LOCAL_TIME ( 7, 12, 56.00000000000000000, #612 ) ;
#306 = CARTESIAN_POINT ( 'NONE',  ( -0.05538908311032397100, -0.03197890204391209300, 0.1620370370370384500 ) ) ;
#307 = CARTESIAN_POINT ( 'NONE',  ( 0.08199999999999993400, -3.659982318734610600E-017, 0.1631944444444459700 ) ) ;
#308 = CYLINDRICAL_SURFACE ( 'NONE', #826, 0.08199999999999993400 ) ;
#309 = CARTESIAN_POINT ( 'NONE',  ( 0.04734272207354931600, 0.08199999999999999000, 0.4456018518518555200 ) ) ;
#310 = CARTESIAN_POINT ( 'NONE',  ( -0.05538908311032396400, 0.03197890204391216900, 0.4074074074074107700 ) ) ;
#311 = CARTESIAN_POINT ( 'NONE',  ( -0.05538908311032396400, 0.03197890204391216900, 0.4108796296296329800 ) ) ;
#312 = CARTESIAN_POINT ( 'NONE',  ( -0.01037557114157042600, -0.06311060312833906300, 0.002791137421157812600 ) ) ;
#313 = CARTESIAN_POINT ( 'NONE',  ( -0.03692605540688263800, 0.06395780408782422700, 0.3252314814814840600 ) ) ;
#314 = CARTESIAN_POINT ( 'NONE',  ( 0.0000000000000000000, 0.08199999999999997600, 0.2534722222222244300 ) ) ;
#315 = CARTESIAN_POINT ( 'NONE',  ( 0.09468544414709857700, 4.113846837205393600E-017, 0.3854166666666698500 ) ) ;
#316 = CARTESIAN_POINT ( 'NONE',  ( 0.07385211081376527600, 1.522450864115730100E-017, 0.2847222222222245400 ) ) ;
#317 = CARTESIAN_POINT ( 'NONE',  ( -0.03182969378807738700, -0.1183294042723995200, 0.6639999999999999200 ) ) ;
#318 = CARTESIAN_POINT ( 'NONE',  ( -0.04734272207354930200, -0.08199999999999993400, 0.09490740740740819000 ) ) ;
#319 = CARTESIAN_POINT ( 'NONE',  ( -0.1350000000000035600, -0.01767145839889952900, 0.5000000000000000000 ) ) ;
#320 = CARTESIAN_POINT ( 'NONE',  ( -0.04734272207354927500, 0.08199999999999993400, 0.1724537037037052700 ) ) ;
#321 = ORIENTED_EDGE ( 'NONE', *, *, #939, .T. ) ;
#322 = ORIENTED_EDGE ( 'NONE', *, *, #3901, .T. ) ;
#323 = CARTESIAN_POINT ( 'NONE',  ( 0.03692605540688262400, -0.06395780408782419900, 0.2245370370370390100 ) ) ;
#324 = ORIENTED_EDGE ( 'NONE', *, *, #2477, .T. ) ;
#325 = CARTESIAN_POINT ( 'NONE',  ( -0.08199999999999996200, -0.01707225417209848300, 0.4836027695444992100 ) ) ;
#326 = VECTOR ( 'NONE', #41, 39.37007874015748100 ) ;
#327 = EDGE_CURVE ( 'NONE', #2085, #3558, #553, .T. ) ;
#328 = CARTESIAN_POINT ( 'NONE',  ( -0.07385211081376527600, 8.664171441200271700E-017, 0.4652777777777815100 ) ) ;
#329 = CARTESIAN_POINT ( 'NONE',  ( -0.05538908311032397100, -0.03197890204391200900, 0.4432870370370407000 ) ) ;
#330 = VERTEX_POINT ( 'NONE', #1319 ) ;
#331 = CYLINDRICAL_SURFACE ( 'NONE', #3930, 0.08199999999999993400 ) ;
#332 = ADVANCED_FACE ( 'NONE', ( #1409 ), #2562, .T. ) ;
#333 = CARTESIAN_POINT ( 'NONE',  ( 0.05879202207830817900, -0.04695353844676872900, 0.01389018982639789000 ) ) ;
#334 = CARTESIAN_POINT ( 'NONE',  ( -0.03692605540688265900, -0.06395780408782415800, 0.2233796296296315400 ) ) ;
#335 = CARTESIAN_POINT ( 'NONE',  ( 0.08199999999999993400, 2.287488949209131600E-018, 0.3020833333333358700 ) ) ;
#336 = CARTESIAN_POINT ( 'NONE',  ( 0.07101408311032390800, -0.04099999999999993200, 0.4386574074074111600 ) ) ;
#337 = VERTEX_POINT ( 'NONE', #3205 ) ;
#338 = ORIENTED_EDGE ( 'NONE', *, *, #2054, .T. ) ;
#339 = CARTESIAN_POINT ( 'NONE',  ( 0.05538908311032394300, -0.03197890204391209300, 0.3101851851851877300 ) ) ;
#340 = DIRECTION ( 'NONE',  ( -0.0000000000000000000, -0.0000000000000000000, -1.000000000000000000 ) ) ;
#341 = CARTESIAN_POINT ( 'NONE',  ( -0.1079550235050854600, -0.08296380741528226700, 0.6505000000000000800 ) ) ;
#342 = CARTESIAN_POINT ( 'NONE',  ( 0.03533596464492373000, 0.1314863112440095300, 0.5067500000000000300 ) ) ;
#343 = CARTESIAN_POINT ( 'NONE',  ( -0.08200000000000001700, 0.02197183377935192300, 0.1758428278128205100 ) ) ;
#344 =( BOUNDED_CURVE ( )  B_SPLINE_CURVE ( 2, ( #3879, #1590, #4635, #4250, #1973, #2338, #40, #3814, #421 ),
 .UNSPECIFIED., .F., .F. ) 
 B_SPLINE_CURVE_WITH_KNOTS ( ( 3, 2, 2, 2, 3 ),
 ( 0.09210526315789474600, 0.09649122807017543300, 0.1052631578947368400, 0.1140350877192982400, 0.1184210526315789400 ),
 .UNSPECIFIED. ) 
 CURVE ( )  GEOMETRIC_REPRESENTATION_ITEM ( )  RATIONAL_B_SPLINE_CURVE ( ( 0.9330127018922194100, 0.9330127018922196300, 1.000000000000000000, 0.8660254037844387100, 1.000000000000000000, 0.8660254037844387100, 1.000000000000000000, 0.9330127018922194100, 0.9330127018922194100 ) ) 
 REPRESENTATION_ITEM ( '' )  );
#345 = ORIENTED_EDGE ( 'NONE', *, *, #3240, .T. ) ;
#346 = CARTESIAN_POINT ( 'NONE',  ( 6.146657985744592700E-016, -0.08118988160479130600, 0.6640000000000000300 ) ) ;
#347 = CARTESIAN_POINT ( 'NONE',  ( -0.03692605540688265900, -0.06395780408782411600, 0.3587962962962992200 ) ) ;
#348 = CARTESIAN_POINT ( 'NONE',  ( -0.03692605540688265900, -0.06395780408782410200, 0.4456018518518555200 ) ) ;
#349 = CARTESIAN_POINT ( 'NONE',  ( 0.0000000000000000000, -1.104688079777929600E-016, 0.6640000000000000300 ) ) ;
#350 = CARTESIAN_POINT ( 'NONE',  ( -0.04734272207354930900, -0.08200000000000000300, -0.01273148148148134000 ) ) ;
#351 = CARTESIAN_POINT ( 'NONE',  ( 0.05538908311032394300, -0.03197890204391207200, 0.3692129629629660700 ) ) ;
#352 =( BOUNDED_CURVE ( )  B_SPLINE_CURVE ( 2, ( #2073, #3181, #4720, #127, #4368, #113, #865, #1309, #4689 ),
 .UNSPECIFIED., .F., .F. ) 
 B_SPLINE_CURVE_WITH_KNOTS ( ( 3, 2, 2, 2, 3 ),
 ( 0.5394736842105263300, 0.5438596491228070400, 0.5526315789473684700, 0.5614035087719297900, 0.5657894736842105100 ),
 .UNSPECIFIED. ) 
 CURVE ( )  GEOMETRIC_REPRESENTATION_ITEM ( )  RATIONAL_B_SPLINE_CURVE ( ( 0.9330127018922194100, 0.9330127018922194100, 1.000000000000000000, 0.8660254037844387100, 1.000000000000000000, 0.8660254037844387100, 1.000000000000000000, 0.9330127018922194100, 0.9330127018922194100 ) ) 
 REPRESENTATION_ITEM ( '' )  );
#353 = CARTESIAN_POINT ( 'NONE',  ( 0.05538908311032394300, -0.03197890204391209300, 0.2858796296296319800 ) ) ;
#354 = CARTESIAN_POINT ( 'NONE',  ( 0.1025391696065661200, 0.07883769574368100500, 0.4999999999999999400 ) ) ;
#355 = AXIS2_PLACEMENT_3D ( 'NONE', #4758, #2557, #1800 ) ;
#356 = CARTESIAN_POINT ( 'NONE',  ( 0.03692605540688268000, 0.06395780408782419900, 0.2615740740740762300 ) ) ;
#357 = CARTESIAN_POINT ( 'NONE',  ( -0.07073240068834815700, -0.03029370767408358400, 0.01539186702589501200 ) ) ;
#358 = CARTESIAN_POINT ( 'NONE',  ( 0.0000000000000000000, 0.08199999999999999000, 0.3611111111111139900 ) ) ;
#359 = CARTESIAN_POINT ( 'NONE',  ( 0.08199999999999992000, -0.02197183377935199900, 0.4084817167017109600 ) ) ;
#360 = CARTESIAN_POINT ( 'NONE',  ( 0.03533596467421753300, -0.1314863112318756200, 0.6505000000000000800 ) ) ;
#361 = ADVANCED_FACE ( 'NONE', ( #2915 ), #4781, .F. ) ;
#362 = ORIENTED_EDGE ( 'NONE', *, *, #198, .F. ) ;
#363 = CARTESIAN_POINT ( 'NONE',  ( -0.03692605540688265900, -0.06395780408782415800, 0.2511574074074094900 ) ) ;
#364 = CARTESIAN_POINT ( 'NONE',  ( -0.07385211081376529000, 3.741526313768757900E-017, 0.2986111111111135500 ) ) ;
#365 = DIRECTION ( 'NONE',  ( -0.8660254037844397100, 1.060575238724908000E-016, 0.4999999999999979500 ) ) ;
#366 = CARTESIAN_POINT ( 'NONE',  ( 0.08477777777777773000, -4.492198286527329000E-017, 0.7397877662423713000 ) ) ;
#367 = B_SPLINE_CURVE_WITH_KNOTS ( 'NONE', 3,
 ( #2014, #866, #3961, #1670, #4721, #1256, #2805, #1650, #1236, #4691, #3517, #3929, #2062, #472, #3197, #103, #4359, #1282 ),
 .UNSPECIFIED., .F., .F.,
 ( 4, 2, 2, 2, 2, 2, 2, 2, 4 ),
 ( 0.5000000000000000000, 0.5625000000000000000, 0.6250000000000000000, 0.6875000000000000000, 0.7500000000000000000, 0.8125000000000000000, 0.8750000000000000000, 0.9375000000000000000, 1.000000000000000000 ),
 .UNSPECIFIED. ) ;
#368 = CARTESIAN_POINT ( 'NONE',  ( -0.07101408311032392200, 0.04099999999999992500, -0.01967592592592588100 ) ) ;
#369 = AXIS2_PLACEMENT_3D ( 'NONE', #4717, #157, #1647 ) ;
#370 = EDGE_CURVE ( 'NONE', #4112, #4658, #3970, .T. ) ;
#371 = CARTESIAN_POINT ( 'NONE',  ( 0.05538908311032398500, 0.03197890204391207200, 0.2627314814814836800 ) ) ;
#372 = CARTESIAN_POINT ( 'NONE',  ( 0.09519444444444448400, -4.364630911616145300E-017, 0.5000000000000000000 ) ) ;
#373 = CARTESIAN_POINT ( 'NONE',  ( -0.03359649211098461600, 0.1249037200871710300, 0.4999999999999999400 ) ) ;
#374 = CARTESIAN_POINT ( 'NONE',  ( -0.05538908311032396400, 0.03197890204391212000, 0.2407407407407427500 ) ) ;
#375 = CARTESIAN_POINT ( 'NONE',  ( -0.08199999999999993400, -3.431233423813696700E-017, 0.03819444444444496100 ) ) ;
#376 = CARTESIAN_POINT ( 'NONE',  ( 0.06798856206436841600, 0.1179611625461668000, 0.6505000000000000800 ) ) ;
#377 = CARTESIAN_POINT ( 'NONE',  ( -0.1349999999999999300, 0.01767145836719868200, 0.6640000000000001500 ) ) ;
#378 = CARTESIAN_POINT ( 'NONE',  ( -0.03692605540688265900, -0.06395780408782414400, 0.3067129629629655200 ) ) ;
#379 = CARTESIAN_POINT ( 'NONE',  ( -0.07385211081376529000, 6.202848877484514500E-017, 0.3819444444444474700 ) ) ;
#380 = CARTESIAN_POINT ( 'NONE',  ( -0.02995373990908970300, -0.07633330508669582100, 0.4844865601199070400 ) ) ;
#381 = CARTESIAN_POINT ( 'NONE',  ( 0.07385211081376527600, 8.085977700691081800E-017, 0.5069444444444485300 ) ) ;
#382 = ADVANCED_FACE ( 'NONE', ( #3925 ), #3996, .T. ) ;
#383 = CARTESIAN_POINT ( 'NONE',  ( 0.05538908311032394300, -0.03197890204391203700, 0.4803240740740780100 ) ) ;
#384 = CARTESIAN_POINT ( 'NONE',  ( -0.04734272207354930200, -0.08199999999999992000, 0.1782407407407421700 ) ) ;
#385 = ORIENTED_EDGE ( 'NONE', *, *, #4230, .T. ) ;
#386 = ORIENTED_EDGE ( 'NONE', *, *, #1819, .T. ) ;
#387 = CARTESIAN_POINT ( 'NONE',  ( 0.03692605540688268000, 0.06395780408782425500, 0.4560185185185222100 ) ) ;
#388 = CARTESIAN_POINT ( 'NONE',  ( 0.08199999999999993400, 4.346229003497349700E-017, 0.4409722222222259800 ) ) ;
#389 = DIRECTION ( 'NONE',  ( -1.000000000000000000, 0.0000000000000000000, 0.0000000000000000000 ) ) ;
#390 = CARTESIAN_POINT ( 'NONE',  ( 0.01767145867644256600, 0.1349999999999999500, 0.6504999999999999700 ) ) ;
#391 = VERTEX_POINT ( 'NONE', #2856 ) ;
#392 = LINE ( 'NONE', #3880, #453 ) ;
#393 = CARTESIAN_POINT ( 'NONE',  ( 0.05538908311032398500, 0.03197890204391205100, 0.2071759259259276800 ) ) ;
#394 = CARTESIAN_POINT ( 'NONE',  ( -0.05538908311032397100, -0.03197890204391205100, 0.3009259259259284300 ) ) ;
#395 = CARTESIAN_POINT ( 'NONE',  ( -0.08199999999999978100, -0.02197183377935220400, 0.4804071721871848700 ) ) ;
#396 = ORIENTED_EDGE ( 'NONE', *, *, #4747, .T. ) ;
#397 = ORIENTED_EDGE ( 'NONE', *, *, #894, .F. ) ;
#398 = AXIS2_PLACEMENT_3D ( 'NONE', #253, #2195, #629 ) ;
#399 = FACE_OUTER_BOUND ( 'NONE', #4595, .T. ) ;
#400 = CARTESIAN_POINT ( 'NONE',  ( 0.1183376801086950100, 0.03180236820678634900, 0.6640000000000000300 ) ) ;
#401 = EDGE_CURVE ( 'NONE', #4532, #2904, #1767, .T. ) ;
#402 = EDGE_CURVE ( 'NONE', #4120, #1815, #1467, .T. ) ;
#403 = CARTESIAN_POINT ( 'NONE',  ( -7.832572005664740100E-018, -0.06395780408782411600, 0.4444444444444480300 ) ) ;
#404 = ORIENTED_EDGE ( 'NONE', *, *, #424, .F. ) ;
#405 = CARTESIAN_POINT ( 'NONE',  ( -0.05538908311032397100, -0.03197890204391200900, 0.4432870370370407000 ) ) ;
#406 = CARTESIAN_POINT ( 'NONE',  ( -0.07101408311032393600, -0.04099999999999987700, 0.4571759259259297600 ) ) ;
#407 = CARTESIAN_POINT ( 'NONE',  ( -0.03692605540688265900, -0.06395780408782410200, 0.4421296296296332600 ) ) ;
#408 = CARTESIAN_POINT ( 'NONE',  ( -0.04717913051260673500, -0.05395099790320529600, 0.5698381207173765000 ) ) ;
#409 = CARTESIAN_POINT ( 'NONE',  ( -0.07031250000000011100, 0.01380579052116909200, 0.5704331717045271200 ) ) ;
#410 = CARTESIAN_POINT ( 'NONE',  ( 0.06116666666666647400, 7.549139889267777500E-020, 4.148491032111687600E-018 ) ) ;
#411 = CARTESIAN_POINT ( 'NONE',  ( 0.08199999999999992000, 4.346229003497349700E-017, 0.4375000000000034400 ) ) ;
#412 = CARTESIAN_POINT ( 'NONE',  ( -0.05538908311032397100, -0.03197890204391205100, 0.3043981481481506400 ) ) ;
#413 = CARTESIAN_POINT ( 'NONE',  ( 0.05538908311032394300, -0.03197890204391209300, 0.3101851851851877300 ) ) ;
#414 = CARTESIAN_POINT ( 'NONE',  ( 0.03180236820679593200, -0.1183376801086891400, 0.6640000000000000300 ) ) ;
#415 = CARTESIAN_POINT ( 'NONE',  ( 0.09468544414709857700, -3.270120853941875000E-017, 0.1354166666666679600 ) ) ;
#416 = CARTESIAN_POINT ( 'NONE',  ( -0.07385211081376527600, 5.484963129734083600E-017, 0.3576388888888917800 ) ) ;
#417 = CARTESIAN_POINT ( 'NONE',  ( -0.08199999999999996200, 2.767861628543049000E-016, 0.1493055555555569100 ) ) ;
#418 = CARTESIAN_POINT ( 'NONE',  ( 0.1282471885604900800, 0.01675947289259315000, 0.5000000000000001100 ) ) ;
#419 = VECTOR ( 'NONE', #4907, 39.37007874015748100 ) ;
#420 = CARTESIAN_POINT ( 'NONE',  ( -0.03692605540688263800, 0.06395780408782425500, 0.4050925925925958300 ) ) ;
#421 = CARTESIAN_POINT ( 'NONE',  ( -0.08199999999999993400, -3.431233423813696700E-017, 0.03819444444444496100 ) ) ;
#422 = CARTESIAN_POINT ( 'NONE',  ( -0.04734272207354927500, 0.08199999999999993400, 0.1689814814814828100 ) ) ;
#423 = CARTESIAN_POINT ( 'NONE',  ( -0.08200000000000000300, 0.02197183377935194400, 0.2557039389239320100 ) ) ;
#424 = EDGE_CURVE ( 'NONE', #3629, #1661, #3454, .T. ) ;
#425 = CARTESIAN_POINT ( 'NONE',  ( 0.0000000000000000000, 0.08199999999999990600, 0.05555555555555596900 ) ) ;
#426 = CARTESIAN_POINT ( 'NONE',  ( 0.05538908311032394300, -0.03197890204391209300, 0.3136574074074099900 ) ) ;
#427 = CARTESIAN_POINT ( 'NONE',  ( 0.07031250000000009700, 0.02737988564412672000, 0.5726359142802062200 ) ) ;
#428 = CARTESIAN_POINT ( 'NONE',  ( -0.09715952115457339400, 0.07466742667375408900, 0.6640000000000000300 ) ) ;
#429 = CARTESIAN_POINT ( 'NONE',  ( 0.09468544414709857700, -4.911002563085712600E-017, 0.07986111111111195100 ) ) ;
#430 = CONICAL_SURFACE ( 'NONE', #369, 0.08477777777777773000, 1.041599694822540800 ) ;
#431 = CARTESIAN_POINT ( 'NONE',  ( 0.07385211081376527600, 3.265887680081059200E-017, 0.3437500000000028300 ) ) ;
#432 = CARTESIAN_POINT ( 'NONE',  ( -0.05538908311032397100, -0.03197890204391201600, 0.4155092592592626900 ) ) ;
#433 = CARTESIAN_POINT ( 'NONE',  ( -0.07175375030264476200, 0.03281917595462395500, 0.4825862584396244900 ) ) ;
#434 = CARTESIAN_POINT ( 'NONE',  ( -0.05538908311032397100, -0.03197890204391200300, 0.4675925925925963900 ) ) ;
#435 = DIRECTION ( 'NONE',  ( -0.0000000000000000000, -0.0000000000000000000, -1.000000000000000000 ) ) ;
#436 = CARTESIAN_POINT ( 'NONE',  ( 0.0000000000000000000, 7.549139889267777500E-020, 0.02083333333333370300 ) ) ;
#437 = CARTESIAN_POINT ( 'NONE',  ( -0.1079550237237542600, 0.08296380719661346200, 0.6505000000000000800 ) ) ;
#438 = CARTESIAN_POINT ( 'NONE',  ( -0.1349999999999999300, -1.645724038959658200E-017, 0.5067500000000000300 ) ) ;
#439 = CARTESIAN_POINT ( 'NONE',  ( -0.08199999999999978100, -0.02197183377935221800, 0.4248516166316289600 ) ) ;
#440 =( BOUNDED_CURVE ( )  B_SPLINE_CURVE ( 2, ( #4327, #1706, #4729, #556, #2810, #4375, #3189, #527, #904 ),
 .UNSPECIFIED., .F., .F. ) 
 B_SPLINE_CURVE_WITH_KNOTS ( ( 3, 2, 2, 2, 3 ),
 ( 0.2236842105263157600, 0.2280701754385964800, 0.2368421052631578800, 0.2456140350877192800, 0.2500000000000000000 ),
 .UNSPECIFIED. ) 
 CURVE ( )  GEOMETRIC_REPRESENTATION_ITEM ( )  RATIONAL_B_SPLINE_CURVE ( ( 0.9330127018922191900, 0.9330127018922190800, 1.000000000000000000, 0.8660254037844387100, 1.000000000000000000, 0.8660254037844387100, 1.000000000000000000, 0.9330127018922194100, 0.9330127018922194100 ) ) 
 REPRESENTATION_ITEM ( '' )  );
#441 = CARTESIAN_POINT ( 'NONE',  ( -0.03692605540688263800, 0.06395780408782425500, 0.4085648148148181000 ) ) ;
#442 = CARTESIAN_POINT ( 'NONE',  ( 0.0000000000000000000, 0.06395780408782425500, 0.4305555555555590800 ) ) ;
#443 = ORIENTED_EDGE ( 'NONE', *, *, #3968, .F. ) ;
#444 = CARTESIAN_POINT ( 'NONE',  ( 0.03692605540688268000, 0.06395780408782415800, 0.1261574074074085000 ) ) ;
#445 = ORIENTED_EDGE ( 'NONE', *, *, #655, .F. ) ;
#446 = CARTESIAN_POINT ( 'NONE',  ( -0.08296380741528385000, -0.1079550235050873000, 0.6640000000000001500 ) ) ;
#447 = CARTESIAN_POINT ( 'NONE',  ( -0.07101408311032392200, 0.04099999999999996700, 0.1192129629629641200 ) ) ;
#448 = ORIENTED_EDGE ( 'NONE', *, *, #1173, .T. ) ;
#449 = LINE ( 'NONE', #2432, #4715 ) ;
#450 = CARTESIAN_POINT ( 'NONE',  ( -0.04734272207354930200, -0.08199999999999987900, 0.2893518518518541900 ) ) ;
#451 = CARTESIAN_POINT ( 'NONE',  ( -0.07101408311032392200, 0.04099999999999998100, 0.1469907407407420900 ) ) ;
#452 = ORIENTED_EDGE ( 'NONE', *, *, #659, .T. ) ;
#453 = VECTOR ( 'NONE', #2312, 39.37007874015748100 ) ;
#454 = CARTESIAN_POINT ( 'NONE',  ( 0.0000000000000000000, 0.06395780408782428300, 0.5138888888888930600 ) ) ;
#455 = CARTESIAN_POINT ( 'NONE',  ( -0.07101408311032393600, -0.04099999999999996000, 0.1793981481481497800 ) ) ;
#456 = PRODUCT_DEFINITION_FORMATION_WITH_SPECIFIED_SOURCE ( 'ANY', '', #3030, .NOT_KNOWN. ) ;
#457 = CARTESIAN_POINT ( 'NONE',  ( -0.08200000000000007300, 0.02197183377935187800, 0.4779261611461560500 ) ) ;
#458 = CARTESIAN_POINT ( 'NONE',  ( -0.08199999999999993400, -5.146850135720545700E-016, 0.2881944444444469700 ) ) ;
#459 = ADVANCED_FACE ( 'NONE', ( #827 ), #2861, .T. ) ;
#460 = VERTEX_POINT ( 'NONE', #255 ) ;
#461 = EDGE_CURVE ( 'NONE', #771, #193, #98, .T. ) ;
#462 = CARTESIAN_POINT ( 'NONE',  ( -7.832572005664740100E-018, -0.06395780408782411600, 0.4479166666666703500 ) ) ;
#463 = CARTESIAN_POINT ( 'NONE',  ( -0.07385211081376529000, 7.843730586628351400E-017, 0.4375000000000035500 ) ) ;
#464 = CARTESIAN_POINT ( 'NONE',  ( -0.07385211081376527600, -3.539886270557022600E-017, 0.05208333333333386300 ) ) ;
#465 = CARTESIAN_POINT ( 'NONE',  ( 0.01767145836719867500, 0.1349999999999999300, 0.6640000000000001500 ) ) ;
#466 = ORIENTED_EDGE ( 'NONE', *, *, #1593, .T. ) ;
#467 = EDGE_CURVE ( 'NONE', #176, #4243, #1614, .T. ) ;
#468 = CARTESIAN_POINT ( 'NONE',  ( -0.07101408311032393600, -0.04099999999999998800, 0.09606481481481579700 ) ) ;
#469 = CARTESIAN_POINT ( 'NONE',  ( 0.04734272207354925400, -0.08199999999999992000, 0.2939814814814838400 ) ) ;
#470 = CARTESIAN_POINT ( 'NONE',  ( 0.08199999999999997600, 0.02197183377935199900, 0.1366571721871824000 ) ) ;
#471 = DIRECTION ( 'NONE',  ( -1.000000000000000000, 0.0000000000000000000, 0.0000000000000000000 ) ) ;
#472 = CARTESIAN_POINT ( 'NONE',  ( -0.1025391696066232800, -0.07883769574359680800, 0.5000000000000001100 ) ) ;
#473 = CARTESIAN_POINT ( 'NONE',  ( -0.07518651481691647500, -0.03272595284610646500, 0.4844865601200417100 ) ) ;
#474 = CARTESIAN_POINT ( 'NONE',  ( -0.03692605540688263800, 0.06395780408782425500, 0.3807870370370401400 ) ) ;
#475 = DIRECTION ( 'NONE',  ( -0.0000000000000000000, -0.0000000000000000000, -1.000000000000000000 ) ) ;
#476 = CARTESIAN_POINT ( 'NONE',  ( -0.03692605540688263800, 0.06395780408782415800, 0.07523148148148216300 ) ) ;
#477 = CARTESIAN_POINT ( 'NONE',  ( 0.0000000000000000000, 0.06395780408782414400, 0.01388888888888908800 ) ) ;
#478 = CARTESIAN_POINT ( 'NONE',  ( -0.09468544414709854900, 5.920195825109733100E-017, 0.3680555555555584700 ) ) ;
#479 = CARTESIAN_POINT ( 'NONE',  ( 0.07101408311032390800, -0.04100000000000003600, 0.1053240740740751400 ) ) ;
#480 = COORDINATED_UNIVERSAL_TIME_OFFSET ( 6, 0, .BEHIND. ) ;
#481 = CARTESIAN_POINT ( 'NONE',  ( -0.01587589995978624600, 0.1215028111714740600, 0.6639999999999999200 ) ) ;
#482 = CARTESIAN_POINT ( 'NONE',  ( -0.08296380719661346200, -0.1079550237237543200, 0.5067500000000000300 ) ) ;
#483 = CARTESIAN_POINT ( 'NONE',  ( 0.03692605540688268000, 0.06395780408782413000, 0.04282407407407450700 ) ) ;
#484 = DIRECTION ( 'NONE',  ( -1.000000000000000000, 0.0000000000000000000, 0.0000000000000000000 ) ) ;
#485 = CARTESIAN_POINT ( 'NONE',  ( -0.08199999999999993400, -5.009600798767997900E-016, 0.3437500000000030000 ) ) ;
#486 = CARTESIAN_POINT ( 'NONE',  ( 0.09468544414709854900, -2.552235106191453400E-017, 0.1597222222222234900 ) ) ;
#487 = APPROVAL_PERSON_ORGANIZATION ( #2413, #4399, #4769 ) ;
#488 = AXIS2_PLACEMENT_3D ( 'NONE', #2391, #1636, #3532 ) ;
#489 = CARTESIAN_POINT ( 'NONE',  ( -0.03692605540688265900, -0.06395780408782410200, 0.4178240740740774600 ) ) ;
#490 = CARTESIAN_POINT ( 'NONE',  ( -0.07031249999999998600, -0.04059494080239580600, 0.6640000000000000300 ) ) ;
#491 = EDGE_CURVE ( 'NONE', #2731, #1130, #2345, .T. ) ;
#492 = CARTESIAN_POINT ( 'NONE',  ( -7.832572005664740100E-018, -0.06395780408782421300, 0.1423611111111123500 ) ) ;
#493 = CARTESIAN_POINT ( 'NONE',  ( 0.0000000000000000000, -5.530426628471140400E-017, 0.4861111111111109900 ) ) ;
#494 = CARTESIAN_POINT ( 'NONE',  ( 0.01148066163022236500, 0.07456151852210733700, 0.6601731127898458100 ) ) ;
#495 = CARTESIAN_POINT ( 'NONE',  ( 0.0000000000000000000, 0.06395780408782414400, 0.04166666666666708100 ) ) ;
#496 = CARTESIAN_POINT ( 'NONE',  ( -0.09468544414709854900, 5.099754970537814600E-017, 0.3402777777777804500 ) ) ;
#497 = CARTESIAN_POINT ( 'NONE',  ( -0.1349999999999999300, -1.645724038959658200E-017, 0.5067500000000000300 ) ) ;
#498 = ORIENTED_EDGE ( 'NONE', *, *, #3360, .F. ) ;
#499 = CARTESIAN_POINT ( 'NONE',  ( 0.0000000000000000000, 0.08199999999999993400, 0.1944444444444459500 ) ) ;
#500 = CARTESIAN_POINT ( 'NONE',  ( 0.1314863113502225700, -0.03533596438850278300, 0.5067500000000000300 ) ) ;
#501 = CARTESIAN_POINT ( 'NONE',  ( -0.08199999999999996200, -2.722111849558866300E-016, 0.1770833333333349800 ) ) ;
#502 = CARTESIAN_POINT ( 'NONE',  ( -0.08199999999999992000, 9.378704691757439700E-017, 0.4513888888888924500 ) ) ;
#503 = CARTESIAN_POINT ( 'NONE',  ( -0.07031249999999998600, 0.02738297473991595900, 0.6605272734756014700 ) ) ;
#504 = ORIENTED_EDGE ( 'NONE', *, *, #3219, .T. ) ;
#505 = ORIENTED_EDGE ( 'NONE', *, *, #1083, .T. ) ;
#506 = CARTESIAN_POINT ( 'NONE',  ( -1.004210375300828800E-017, -0.08199999999999993400, 0.1527777777777790100 ) ) ;
#507 = CARTESIAN_POINT ( 'NONE',  ( -0.07385211081376527600, 6.305403984306003900E-017, 0.3854166666666698500 ) ) ;
#508 = CARTESIAN_POINT ( 'NONE',  ( -0.02313336948739288400, -0.06783382450398159300, 0.6577287457173763800 ) ) ;
#509 = CARTESIAN_POINT ( 'NONE',  ( -0.05538908311032396400, 0.03197890204391209300, 0.1608796296296310100 ) ) ;
#510 = CARTESIAN_POINT ( 'NONE',  ( 0.0000000000000000000, 0.08199999999999996200, 0.2222222222222239600 ) ) ;
#511 = ORIENTED_EDGE ( 'NONE', *, *, #1442, .T. ) ;
#512 = CYLINDRICAL_SURFACE ( 'NONE', #2454, 0.08199999999999993400 ) ;
#513 =( BOUNDED_CURVE ( )  B_SPLINE_CURVE ( 2, ( #2028, #2071, #897, #3194, #2827, #3973, #4355, #4750, #2446 ),
 .UNSPECIFIED., .F., .F. ) 
 B_SPLINE_CURVE_WITH_KNOTS ( ( 3, 2, 2, 2, 3 ),
 ( 0.7236842105263158200, 0.7280701754385965300, 0.7368421052631578500, 0.7456140350877192800, 0.7500000000000000000 ),
 .UNSPECIFIED. ) 
 CURVE ( )  GEOMETRIC_REPRESENTATION_ITEM ( )  RATIONAL_B_SPLINE_CURVE ( ( 0.9330127018922194100, 0.9330127018922194100, 1.000000000000000000, 0.8660254037844387100, 1.000000000000000000, 0.8660254037844387100, 1.000000000000000000, 0.9330127018922194100, 0.9330127018922194100 ) ) 
 REPRESENTATION_ITEM ( '' )  );
#514 = DIRECTION ( 'NONE',  ( 0.7071067811865435800, 0.0000000000000000000, 0.7071067811865514600 ) ) ;
#515 = VERTEX_POINT ( 'NONE', #438 ) ;
#516 = ORIENTED_EDGE ( 'NONE', *, *, #3351, .T. ) ;
#517 = FACE_OUTER_BOUND ( 'NONE', #4287, .T. ) ;
#518 = CARTESIAN_POINT ( 'NONE',  ( 0.04734272207354931600, 0.08199999999999993400, 0.2754629629629651300 ) ) ;
#519 = CARTESIAN_POINT ( 'NONE',  ( 0.0000000000000000000, 7.549139889267777500E-020, 0.0000000000000000000 ) ) ;
#520 = B_SPLINE_CURVE_WITH_KNOTS ( 'NONE', 3,
 ( #312, #1104, #4152, #1090, #4552, #4952, #4511, #4919, #2622, #2639, #333, #3741, #2985, #3014, #735, #677 ),
 .UNSPECIFIED., .F., .F.,
 ( 4, 2, 2, 2, 2, 2, 2, 4 ),
 ( 0.0000000000000000000, 0.0004081399789515745000, 0.0008162799579031490000, 0.001224419936854723400, 0.001632559915806297600, 0.002040699894757871900, 0.002448839873709445900, 0.003265119831612593800 ),
 .UNSPECIFIED. ) ;
#521 = CARTESIAN_POINT ( 'NONE',  ( -0.1314863113502225100, -0.03533596438850289400, 0.5067500000000000300 ) ) ;
#522 = EDGE_LOOP ( 'NONE', ( #321, #3280, #2675, #1929 ) ) ;
#523 = CARTESIAN_POINT ( 'NONE',  ( -0.03692605540688263800, 0.06395780408782414400, 0.01967592592592617300 ) ) ;
#524 = CARTESIAN_POINT ( 'NONE',  ( 0.0000000000000000000, -5.530426628471140400E-017, 0.4895833333333332600 ) ) ;
#525 = CARTESIAN_POINT ( 'NONE',  ( 0.0000000000000000000, 0.08199999999999992000, 0.1388888888888899800 ) ) ;
#526 = CARTESIAN_POINT ( 'NONE',  ( -0.05538908311032397100, -0.03197890204391212700, 0.05092592592592645000 ) ) ;
#527 = CARTESIAN_POINT ( 'NONE',  ( 0.08199999999999992000, -0.02197183377935208600, 0.1307039389239310300 ) ) ;
#528 = CARTESIAN_POINT ( 'NONE',  ( 0.08199999999999992000, 1.601242264446392400E-017, 0.3541666666666694100 ) ) ;
#529 = CARTESIAN_POINT ( 'NONE',  ( 0.0000000000000000000, 0.08200000000000004500, 0.4756944444444483600 ) ) ;
#530 = EDGE_CURVE ( 'NONE', #4396, #2746, #4654, .T. ) ;
#531 = CARTESIAN_POINT ( 'NONE',  ( -0.05538908311032397100, -0.03197890204391212700, 0.05092592592592645000 ) ) ;
#532 = CARTESIAN_POINT ( 'NONE',  ( 0.0000000000000000000, 0.08200000000000004500, 0.5277777777777820100 ) ) ;
#533 = DIRECTION ( 'NONE',  ( -0.0000000000000000000, -0.0000000000000000000, -1.000000000000000000 ) ) ;
#534 = CARTESIAN_POINT ( 'NONE',  ( 0.04734272207354925400, -0.08199999999999989200, 0.3773148148148177700 ) ) ;
#535 = CARTESIAN_POINT ( 'NONE',  ( -0.05538908311032396400, 0.03197890204391209300, 0.1608796296296310100 ) ) ;
#536 = VECTOR ( 'NONE', #1214, 39.37007874015748100 ) ;
#537 = CARTESIAN_POINT ( 'NONE',  ( -0.07031250000000001400, -0.006845263958470216300, 0.6577194034924981300 ) ) ;
#538 = CARTESIAN_POINT ( 'NONE',  ( -0.04734272207354926100, 0.08199999999999992000, 0.1412037037037048000 ) ) ;
#539 = CARTESIAN_POINT ( 'NONE',  ( -0.03692605540688263800, 0.06395780408782413000, -0.01157407407407407900 ) ) ;
#540 = CARTESIAN_POINT ( 'NONE',  ( 0.08199999999999993400, -0.02197183377935201000, 0.4119539389239334500 ) ) ;
#541 = CARTESIAN_POINT ( 'NONE',  ( -0.1214999999999999100, 1.495495000853301000E-017, 0.6640000000000000300 ) ) ;
#542 = DIRECTION ( 'NONE',  ( -1.000000000000000000, 0.0000000000000000000, 0.0000000000000000000 ) ) ;
#543 = ORIENTED_EDGE ( 'NONE', *, *, #1759, .F. ) ;
#544 = CARTESIAN_POINT ( 'NONE',  ( 0.0000000000000000000, 0.08200000000000000300, 0.3888888888888919500 ) ) ;
#545 =( BOUNDED_CURVE ( )  B_SPLINE_CURVE ( 2, ( #640, #1417, #3750, #3770, #1132, #2219, #3732, #1065, #4145 ),
 .UNSPECIFIED., .F., .F. ) 
 B_SPLINE_CURVE_WITH_KNOTS ( ( 3, 2, 2, 2, 3 ),
 ( 0.4342105263157894900, 0.4385964912280701500, 0.4473684210526315800, 0.4561403508771929600, 0.4605263157894736700 ),
 .UNSPECIFIED. ) 
 CURVE ( )  GEOMETRIC_REPRESENTATION_ITEM ( )  RATIONAL_B_SPLINE_CURVE ( ( 0.9330127018922194100, 0.9330127018922198500, 1.000000000000000000, 0.8660254037844387100, 1.000000000000000000, 0.8660254037844387100, 1.000000000000000000, 0.9330127018922194100, 0.9330127018922194100 ) ) 
 REPRESENTATION_ITEM ( '' )  );
#546 = CARTESIAN_POINT ( 'NONE',  ( -0.07031250000000009700, 3.422187257832870500E-017, 0.5698293158023957100 ) ) ;
#547 = CARTESIAN_POINT ( 'NONE',  ( -0.08199999999999993400, 7.549139889267777500E-020, 0.0000000000000000000 ) ) ;
#548 = CARTESIAN_POINT ( 'NONE',  ( 0.03692605540688262400, -0.06395780408782422700, 0.1689814814814829500 ) ) ;
#549 = CARTESIAN_POINT ( 'NONE',  ( 0.03692605540688262400, -0.06395780408782422700, 0.1724537037037051900 ) ) ;
#550 = EDGE_CURVE ( 'NONE', #771, #1486, #852, .T. ) ;
#551 = CARTESIAN_POINT ( 'NONE',  ( -0.07031250000000000000, -0.03399871992992040100, 0.6620958350518204600 ) ) ;
#552 = CARTESIAN_POINT ( 'NONE',  ( 0.0000000000000000000, 0.08199999999999993400, 0.1944444444444459500 ) ) ;
#553 =( BOUNDED_CURVE ( )  B_SPLINE_CURVE ( 2, ( #2084, #1660, #4329, #108, #510, #4731, #2835, #2425, #2794 ),
 .UNSPECIFIED., .F., .F. ) 
 B_SPLINE_CURVE_WITH_KNOTS ( ( 3, 2, 2, 2, 3 ),
 ( 0.4078947368421052500, 0.4122807017543859700, 0.4210526315789473500, 0.4298245614035087800, 0.4342105263157894900 ),
 .UNSPECIFIED. ) 
 CURVE ( )  GEOMETRIC_REPRESENTATION_ITEM ( )  RATIONAL_B_SPLINE_CURVE ( ( 0.9330127018922194100, 0.9330127018922194100, 1.000000000000000000, 0.8660254037844387100, 1.000000000000000000, 0.8660254037844387100, 1.000000000000000000, 0.9330127018922189700, 0.9330127018922194100 ) ) 
 REPRESENTATION_ITEM ( '' )  );
#554 = EDGE_CURVE ( 'NONE', #3569, #193, #215, .T. ) ;
#555 = CARTESIAN_POINT ( 'NONE',  ( 0.0000000000000000000, 0.06395780408782414400, 0.01388888888888908800 ) ) ;
#556 = CARTESIAN_POINT ( 'NONE',  ( -0.04734272207354930200, -0.08199999999999993400, 0.1226851851851861700 ) ) ;
#557 = CARTESIAN_POINT ( 'NONE',  ( -0.07101408311032392200, 0.04100000000000004300, 0.3692129629629661300 ) ) ;
#558 = CARTESIAN_POINT ( 'NONE',  ( 0.05538908311032394300, -0.03197890204391215500, 0.08796296296296377000 ) ) ;
#559 = ORIENTED_EDGE ( 'NONE', *, *, #3740, .T. ) ;
#560 = ORIENTED_EDGE ( 'NONE', *, *, #1151, .F. ) ;
#561 = CARTESIAN_POINT ( 'NONE',  ( 0.0000000000000000000, 0.06395780408782415800, 0.06944444444444508600 ) ) ;
#562 = CARTESIAN_POINT ( 'NONE',  ( 0.09468544414709854900, 7.293055148671570600E-017, 0.4930555555555594700 ) ) ;
#563 = CARTESIAN_POINT ( 'NONE',  ( -1.004210375300828800E-017, -0.08199999999999989200, 0.3472222222222249300 ) ) ;
#564 = VERTEX_POINT ( 'NONE', #485 ) ;
#565 = VECTOR ( 'NONE', #365, 39.37007874015748900 ) ;
#566 = CARTESIAN_POINT ( 'NONE',  ( -0.07101408311032392200, 0.04100000000000006400, 0.4247685185185221000 ) ) ;
#567 = CARTESIAN_POINT ( 'NONE',  ( 0.0000000000000000000, 0.08200000000000000300, 0.3923611111111143800 ) ) ;
#568 = CARTESIAN_POINT ( 'NONE',  ( -0.03692605540688265900, -0.06395780408782415800, 0.2476851851851872600 ) ) ;
#569 = CARTESIAN_POINT ( 'NONE',  ( 0.05538908311032398500, 0.03197890204391201600, 0.09606481481481568600 ) ) ;
#570 = DIRECTION ( 'NONE',  ( -0.0000000000000000000, -0.0000000000000000000, -1.000000000000000000 ) ) ;
#571 = APPLICATION_CONTEXT ( 'configuration controlled 3d designs of mechanical parts and assemblies' ) ;
#572 = CARTESIAN_POINT ( 'NONE',  ( 0.04734272207354931600, 0.08199999999999992000, 0.2233796296296315900 ) ) ;
#573 = ORIENTED_EDGE ( 'NONE', *, *, #4346, .T. ) ;
#574 = LINE ( 'NONE', #1318, #4540 ) ;
#575 = CARTESIAN_POINT ( 'NONE',  ( 0.03692605540688268000, 0.06395780408782426900, 0.4872685185185224900 ) ) ;
#576 = CARTESIAN_POINT ( 'NONE',  ( 0.08199999999999997600, -0.02197183377935204800, 0.05084282781281949900 ) ) ;
#577 = CARTESIAN_POINT ( 'NONE',  ( 0.06613824853869530700, -0.01026966081322080800, 0.004971581871960790100 ) ) ;
#578 = VERTEX_POINT ( 'NONE', #458 ) ;
#579 = CARTESIAN_POINT ( 'NONE',  ( -0.03692605540688263800, 0.06395780408782415800, 0.09953703703703792300 ) ) ;
#580 = CARTESIAN_POINT ( 'NONE',  ( -0.07881561702322600900, -0.1025572723511233300, 0.5000000000000000000 ) ) ;
#581 = CARTESIAN_POINT ( 'NONE',  ( 0.05538908311032398500, 0.03197890204391199600, 0.009259259259259432200 ) ) ;
#582 = CARTESIAN_POINT ( 'NONE',  ( -0.09468544414709854900, 8.381518388825489100E-017, 0.4513888888888924500 ) ) ;
#583 = ORIENTED_EDGE ( 'NONE', *, *, #3566, .T. ) ;
#584 = CARTESIAN_POINT ( 'NONE',  ( 0.07101408311032389500, -0.04099999999999995300, 0.3518518518518546400 ) ) ;
#585 = CARTESIAN_POINT ( 'NONE',  ( -1.004210375300828800E-017, -0.08199999999999990600, 0.2638888888888910000 ) ) ;
#586 = B_SPLINE_CURVE_WITH_KNOTS ( 'NONE', 3,
 ( #4219, #1143, #408, #4585, #3842, #4236, #4266, #3054 ),
 .UNSPECIFIED., .F., .F.,
 ( 4, 2, 2, 4 ),
 ( 2.380752338454030900E-007, 0.001041607109884973700, 0.001562291627210537800, 0.002082976144536101700 ),
 .UNSPECIFIED. ) ;
#587 = CARTESIAN_POINT ( 'NONE',  ( 0.04734272207354931600, 0.08199999999999997600, 0.3900462962962995600 ) ) ;
#588 = CARTESIAN_POINT ( 'NONE',  ( 0.07385211081376527600, -1.184308450281066200E-018, 0.2291666666666685700 ) ) ;
#589 = CARTESIAN_POINT ( 'NONE',  ( 0.03692605540688268000, 0.06395780408782414400, 0.1261574074074085000 ) ) ;
#590 = PERSON_AND_ORGANIZATION_ROLE ( 'classification_officer' ) ;
#591 = CARTESIAN_POINT ( 'NONE',  ( 0.0000000000000000000, -5.530426628471140400E-017, 0.7397877662423713000 ) ) ;
#592 = CARTESIAN_POINT ( 'NONE',  ( 0.04734272207354931600, 0.08199999999999993400, 0.2789351851851876200 ) ) ;
#593 = CARTESIAN_POINT ( 'NONE',  ( -0.05538908311032396400, 0.03197890204391219700, 0.4942129629629669600 ) ) ;
#594 = CARTESIAN_POINT ( 'NONE',  ( 0.0000000000000000000, 7.549139889267777500E-020, 0.0000000000000000000 ) ) ;
#595 = CARTESIAN_POINT ( 'NONE',  ( 0.04184784596527698500, -0.04895507689247297800, 0.003027890157376875900 ) ) ;
#596 = CARTESIAN_POINT ( 'NONE',  ( -0.1349999999999962900, 0.01767145839889951200, 0.5000000000000000000 ) ) ;
#597 = ADVANCED_FACE ( 'NONE', ( #2439 ), #2272, .T. ) ;
#598 = CARTESIAN_POINT ( 'NONE',  ( 0.06798856209365054800, 0.1179611625340377500, 0.5067500000000000300 ) ) ;
#599 = CARTESIAN_POINT ( 'NONE',  ( 0.1079550237237543000, -0.08296380719661346200, 0.6505000000000000800 ) ) ;
#600 = CARTESIAN_POINT ( 'NONE',  ( 0.07101408311032395000, 0.04100000000000000900, 0.5231481481481522500 ) ) ;
#601 = ORIENTED_EDGE ( 'NONE', *, *, #2328, .T. ) ;
#602 = DIRECTION ( 'NONE',  ( -0.0000000000000000000, -0.0000000000000000000, 1.000000000000000000 ) ) ;
#603 = CARTESIAN_POINT ( 'NONE',  ( -0.03692605540688263800, 0.06395780408782419900, 0.2106481481481498900 ) ) ;
#604 = CARTESIAN_POINT ( 'NONE',  ( -7.832572005664740100E-018, -0.06395780408782419900, 0.1701388888888903900 ) ) ;
#605 = CARTESIAN_POINT ( 'NONE',  ( 0.0000000000000000000, 0.06395780408782418500, 0.1840277777777793200 ) ) ;
#606 = CARTESIAN_POINT ( 'NONE',  ( 0.08199999999999992000, 4.346229003497349700E-017, 0.4375000000000034400 ) ) ;
#607 = CARTESIAN_POINT ( 'NONE',  ( -0.09468544414709857700, 2.740987513643555100E-017, 0.2604166666666689600 ) ) ;
#608 = CARTESIAN_POINT ( 'NONE',  ( -0.07385211081376527600, -3.606779590908370700E-018, 0.1597222222222235400 ) ) ;
#609 = CARTESIAN_POINT ( 'NONE',  ( -0.08199999999999978100, -0.02197183377935225900, 0.3137405055205169700 ) ) ;
#610 = CARTESIAN_POINT ( 'NONE',  ( 0.1079550235050950300, -0.08296380741527956100, 0.6640000000000001500 ) ) ;
#611 = CARTESIAN_POINT ( 'NONE',  ( 0.06458913398896756800, 0.1120631044073372200, 0.5000000000000000000 ) ) ;
#612 = COORDINATED_UNIVERSAL_TIME_OFFSET ( 6, 0, .BEHIND. ) ;
#613 = CARTESIAN_POINT ( 'NONE',  ( -0.1179611625340402800, -0.06798856209365174200, 0.5000000000000000000 ) ) ;
#614 = CARTESIAN_POINT ( 'NONE',  ( 0.03692605540688268000, 0.06395780408782411600, 0.01157407407407425200 ) ) ;
#615 = CARTESIAN_POINT ( 'NONE',  ( 0.0000000000000000000, 0.06395780408782414400, 0.01736111111111134100 ) ) ;
#616 = CARTESIAN_POINT ( 'NONE',  ( 0.08199999999999993400, 1.011759515190096700E-017, 0.0000000000000000000 ) ) ;
#617 = ADVANCED_FACE ( 'NONE', ( #2153 ), #3161, .T. ) ;
#618 = CARTESIAN_POINT ( 'NONE',  ( -0.01148066163022252800, 0.07456151852210725400, 0.5722824877898452500 ) ) ;
#619 = CARTESIAN_POINT ( 'NONE',  ( 0.05538908311032398500, 0.03197890204391203700, 0.1481481481481494200 ) ) ;
#620 = CARTESIAN_POINT ( 'NONE',  ( 0.03692605540688262400, -0.06395780408782418500, 0.2557870370370391400 ) ) ;
#621 = CARTESIAN_POINT ( 'NONE',  ( 0.04734272207354931600, 0.08199999999999992000, 0.2233796296296315400 ) ) ;
#622 = CARTESIAN_POINT ( 'NONE',  ( 0.01661700014507008400, -0.06234854651453887500, 0.4739347919089640400 ) ) ;
#623 = CARTESIAN_POINT ( 'NONE',  ( 0.05538908311032394300, -0.03197890204391214100, 0.1469907407407420000 ) ) ;
#624 = VECTOR ( 'NONE', #1019, 39.37007874015748100 ) ;
#625 = CARTESIAN_POINT ( 'NONE',  ( -0.05035689199488083800, 0.05325075299825030000, 0.01197636467094562700 ) ) ;
#626 = CARTESIAN_POINT ( 'NONE',  ( 0.04734272207354926100, -0.08199999999999996200, 0.2418981481481503000 ) ) ;
#627 = EDGE_CURVE ( 'NONE', #3339, #4413, #4244, .T. ) ;
#628 = CARTESIAN_POINT ( 'NONE',  ( 0.07385211081376527600, -2.579753408743862800E-017, 0.1458333333333346200 ) ) ;
#629 = DIRECTION ( 'NONE',  ( -1.000000000000000000, 0.0000000000000000000, 0.0000000000000000000 ) ) ;
#630 = CARTESIAN_POINT ( 'NONE',  ( 0.1314863112318703500, -0.03533596467422139800, 0.6640000000000001500 ) ) ;
#631 = CARTESIAN_POINT ( 'NONE',  ( -0.03533596464492437500, 0.1314863112440142500, 0.5000000000000000000 ) ) ;
#632 = ORIENTED_EDGE ( 'NONE', *, *, #4094, .T. ) ;
#633 = ORIENTED_EDGE ( 'NONE', *, *, #1369, .F. ) ;
#634 = CARTESIAN_POINT ( 'NONE',  ( -0.1282499999999999200, 7.549139889267777500E-020, 0.5000000000000000000 ) ) ;
#635 = CARTESIAN_POINT ( 'NONE',  ( -0.07385211081376529000, -4.462882231950431700E-017, 0.02083333333333359900 ) ) ;
#636 = VERTEX_POINT ( 'NONE', #3963 ) ;
#637 = LINE ( 'NONE', #3714, #1918 ) ;
#638 = CARTESIAN_POINT ( 'NONE',  ( -0.05538908311032396400, 0.03197890204391204400, -0.005787037037036985500 ) ) ;
#639 = CARTESIAN_POINT ( 'NONE',  ( 0.07101408311032389500, -0.04100000000000003600, 0.04629629629629667500 ) ) ;
#640 = CARTESIAN_POINT ( 'NONE',  ( -0.08199999999999993400, -2.539112733622136200E-016, 0.2291666666666685200 ) ) ;
#641 = CARTESIAN_POINT ( 'NONE',  ( 0.05538908311032398500, 0.03197890204391211400, 0.3981481481481514200 ) ) ;
#642 = VERTEX_POINT ( 'NONE', #2482 ) ;
#643 = CARTESIAN_POINT ( 'NONE',  ( 0.05538908311032394300, -0.03197890204391209300, 0.3136574074074099900 ) ) ;
#644 = EDGE_LOOP ( 'NONE', ( #1328, #2078, #3402, #2431 ) ) ;
#645 = LINE ( 'NONE', #2088, #1430 ) ;
#646 = CARTESIAN_POINT ( 'NONE',  ( 0.03692605540688262400, -0.06395780408782425500, 0.06134259259259320500 ) ) ;
#647 = CARTESIAN_POINT ( 'NONE',  ( 0.005758817097440375500, 0.07114971429893303400, 0.009613999014456727300 ) ) ;
#648 = CARTESIAN_POINT ( 'NONE',  ( -0.07101408311032392200, 0.04100000000000000900, 0.2581018518518540800 ) ) ;
#649 = EDGE_LOOP ( 'NONE', ( #3693, #150, #2907, #2483 ) ) ;
#650 = CARTESIAN_POINT ( 'NONE',  ( -0.03692605540688265900, -0.06395780408782419900, 0.1087962962962972800 ) ) ;
#651 = CARTESIAN_POINT ( 'NONE',  ( 0.03533596467421694400, -0.1314863112318784000, 0.6640000000000001500 ) ) ;
#652 = CARTESIAN_POINT ( 'NONE',  ( 0.03356916641267798700, 0.1249119956818076800, 0.5000000000000000000 ) ) ;
#653 = CARTESIAN_POINT ( 'NONE',  ( 0.1079550235274992600, -0.08296380739286848800, 0.5067500000000000300 ) ) ;
#654 = CARTESIAN_POINT ( 'NONE',  ( -0.05538908311032397100, -0.03197890204391210000, 0.1342592592592604400 ) ) ;
#655 = EDGE_CURVE ( 'NONE', #1798, #1783, #3081, .T. ) ;
#656 = CARTESIAN_POINT ( 'NONE',  ( 0.01678788547894931300, 0.1282499999999999200, 0.5000000000000000000 ) ) ;
#657 = CARTESIAN_POINT ( 'NONE',  ( 0.07385211081376527600, 3.163332573259568600E-017, 0.3402777777777805700 ) ) ;
#658 = CARTESIAN_POINT ( 'NONE',  ( -0.07385211081376529000, 4.664522275162166400E-017, 0.3298611111111138800 ) ) ;
#659 = EDGE_CURVE ( 'NONE', #1597, #1655, #4809, .T. ) ;
#660 = CARTESIAN_POINT ( 'NONE',  ( -0.03692605540688263800, 0.06395780408782415800, 0.04745370370370417800 ) ) ;
#661 = CARTESIAN_POINT ( 'NONE',  ( 0.08199999999999997600, 0.02197183377935202700, 0.2477682832982944200 ) ) ;
#662 = CARTESIAN_POINT ( 'NONE',  ( -0.04734272207354930900, -0.08199999999999987900, 0.4317129629629666300 ) ) ;
#663 = CARTESIAN_POINT ( 'NONE',  ( 0.05538908311032394300, -0.03197890204391212700, 0.1712962962962977800 ) ) ;
#664 = CARTESIAN_POINT ( 'NONE',  ( 0.08199999999999992000, 3.431233423813696700E-017, 0.4097222222222254300 ) ) ;
#665 = CARTESIAN_POINT ( 'NONE',  ( 0.09715952115458413600, -0.07466742667375023100, 0.6640000000000000300 ) ) ;
#666 =( BOUNDED_CURVE ( )  B_SPLINE_CURVE ( 2, ( #4605, #1169, #2694, #2339, #776, #422, #3843, #4220, #2723 ),
 .UNSPECIFIED., .F., .F. ) 
 B_SPLINE_CURVE_WITH_KNOTS ( ( 3, 2, 2, 2, 3 ),
 ( 0.3026315789473684200, 0.3070175438596491300, 0.3157894736842105100, 0.3245614035087719400, 0.3289473684210526500 ),
 .UNSPECIFIED. ) 
 CURVE ( )  GEOMETRIC_REPRESENTATION_ITEM ( )  RATIONAL_B_SPLINE_CURVE ( ( 0.9330127018922194100, 0.9330127018922194100, 1.000000000000000000, 0.8660254037844387100, 1.000000000000000000, 0.8660254037844387100, 1.000000000000000000, 0.9330127018922189700, 0.9330127018922194100 ) ) 
 REPRESENTATION_ITEM ( '' )  );
#667 = CARTESIAN_POINT ( 'NONE',  ( 0.08296380739287197200, -0.1079550235275030100, 0.5000000000000000000 ) ) ;
#668 = CARTESIAN_POINT ( 'NONE',  ( 0.03692605540688268000, 0.06395780408782418500, 0.2060185185185202400 ) ) ;
#669 = CARTESIAN_POINT ( 'NONE',  ( 0.05538908311032398500, 0.03197890204391212700, 0.4571759259259295900 ) ) ;
#670 =( BOUNDED_CURVE ( )  B_SPLINE_CURVE ( 2, ( #1587, #470, #3529, #81, #3892, #799, #451, #814, #417 ),
 .UNSPECIFIED., .F., .F. ) 
 B_SPLINE_CURVE_WITH_KNOTS ( ( 3, 2, 2, 2, 3 ),
 ( 0.3026315789473684200, 0.3070175438596491300, 0.3157894736842105100, 0.3245614035087719400, 0.3289473684210526000 ),
 .UNSPECIFIED. ) 
 CURVE ( )  GEOMETRIC_REPRESENTATION_ITEM ( )  RATIONAL_B_SPLINE_CURVE ( ( 0.9330127018922194100, 0.9330127018922194100, 1.000000000000000000, 0.8660254037844387100, 1.000000000000000000, 0.8660254037844387100, 1.000000000000000000, 0.9330127018922197400, 0.9330127018922191900 ) ) 
 REPRESENTATION_ITEM ( '' )  );
#671 = CARTESIAN_POINT ( 'NONE',  ( -0.08199999999999993400, -4.666477456386628800E-016, 0.4548611111111149900 ) ) ;
#672 = ADVANCED_FACE ( 'NONE', ( #151 ), #3699, .T. ) ;
#673 = CARTESIAN_POINT ( 'NONE',  ( 0.1120631044073371500, 0.06458913398896587400, 0.5000000000000000000 ) ) ;
#674 = CARTESIAN_POINT ( 'NONE',  ( -0.05538908311032396400, 0.03197890204391214800, 0.3518518518518546900 ) ) ;
#675 = DATE_AND_TIME ( #3187, #1531 ) ;
#676 = CARTESIAN_POINT ( 'NONE',  ( -0.07385211081376529000, 3.844081420590246700E-017, 0.3020833333333359200 ) ) ;
#677 = CARTESIAN_POINT ( 'NONE',  ( 0.08199999999999993400, 3.607370072902799900E-015, 0.02083333333333370700 ) ) ;
#678 = CARTESIAN_POINT ( 'NONE',  ( -7.832572005664740100E-018, -0.06395780408782417200, 0.2812500000000023900 ) ) ;
#679 = CARTESIAN_POINT ( 'NONE',  ( 0.05007197932208665900, 0.04724159423766442800, 0.007516158037484848800 ) ) ;
#680 = CARTESIAN_POINT ( 'NONE',  ( -0.09468544414709857700, 6.022750931931231100E-017, 0.3715277777777810100 ) ) ;
#681 = FACE_BOUND ( 'NONE', #277, .T. ) ;
#682 = CARTESIAN_POINT ( 'NONE',  ( -0.05538908311032397100, -0.03197890204391207200, 0.2175925925925944500 ) ) ;
#683 = CARTESIAN_POINT ( 'NONE',  ( -0.09713744263476148400, -0.07468552959675101000, 0.6640000000000002600 ) ) ;
#684 = CARTESIAN_POINT ( 'NONE',  ( -0.1349999999999999300, -0.01767145836719864700, 0.6505000000000000800 ) ) ;
#685 = CARTESIAN_POINT ( 'NONE',  ( 0.08296380739286833600, -0.1079550235274993600, 0.5067500000000000300 ) ) ;
#686 = CARTESIAN_POINT ( 'NONE',  ( -0.03692605540688265900, -0.06395780408782418500, 0.1365740740740752900 ) ) ;
#687 = DIRECTION ( 'NONE',  ( 1.000000000000000000, 0.0000000000000000000, 0.0000000000000000000 ) ) ;
#688 = EDGE_CURVE ( 'NONE', #1661, #4418, #4402, .T. ) ;
#689 = CARTESIAN_POINT ( 'NONE',  ( 0.08199999999999992000, -0.02197183377935208300, 0.1584817167017090200 ) ) ;
#690 = ORIENTED_EDGE ( 'NONE', *, *, #402, .T. ) ;
#691 = ORIENTED_EDGE ( 'NONE', *, *, #1435, .F. ) ;
#692 = CARTESIAN_POINT ( 'NONE',  ( -0.05538908311032397100, -0.03197890204391203000, 0.3564814814814844000 ) ) ;
#693 = CARTESIAN_POINT ( 'NONE',  ( 0.03692605540688262400, -0.06395780408782419900, 0.2280092592592612200 ) ) ;
#694 = PLANE ( 'NONE',  #3018 ) ;
#695 = CARTESIAN_POINT ( 'NONE',  ( 0.05538908311032398500, 0.03197890204391208600, 0.3182870370370396400 ) ) ;
#696 = DIRECTION ( 'NONE',  ( 0.0000000000000000000, 0.0000000000000000000, -1.000000000000000000 ) ) ;
#697 = CARTESIAN_POINT ( 'NONE',  ( 0.09468544414709857700, 5.754728546349234200E-017, 0.4409722222222259300 ) ) ;
#698 = ORIENTED_EDGE ( 'NONE', *, *, #1599, .F. ) ;
#699 = CYLINDRICAL_SURFACE ( 'NONE', #3936, 0.1349999999999999300 ) ;
#700 = CARTESIAN_POINT ( 'NONE',  ( -0.07385211081376527600, 4.561967168340675700E-017, 0.3263888888888915600 ) ) ;
#701 = CARTESIAN_POINT ( 'NONE',  ( 0.0000000000000000000, -5.530426628471140400E-017, 0.4895833333333332600 ) ) ;
#702 = CARTESIAN_POINT ( 'NONE',  ( -0.06798856206436824900, 0.1179611625461668600, 0.6505000000000000800 ) ) ;
#703 = CARTESIAN_POINT ( 'NONE',  ( 0.1179611625340374500, -0.06798856209365133900, 0.5067500000000000300 ) ) ;
#704 = ADVANCED_FACE ( 'NONE', ( #2799 ), #4918, .T. ) ;
#705 = CARTESIAN_POINT ( 'NONE',  ( -0.1349999999999999300, 1.660822318738194000E-017, 0.6640000000000001500 ) ) ;
#706 = ORIENTED_EDGE ( 'NONE', *, *, #1935, .F. ) ;
#707 = FACE_OUTER_BOUND ( 'NONE', #1288, .T. ) ;
#708 = CARTESIAN_POINT ( 'NONE',  ( 0.05538908311032394300, -0.03197890204391214100, 0.1435185185185197700 ) ) ;
#709 = CARTESIAN_POINT ( 'NONE',  ( 0.05538908311032394300, -0.03197890204391212700, 0.1747685185185200400 ) ) ;
#710 = ORIENTED_EDGE ( 'NONE', *, *, #1403, .F. ) ;
#711 = ORIENTED_EDGE ( 'NONE', *, *, #1898, .T. ) ;
#712 = CARTESIAN_POINT ( 'NONE',  ( 0.05538908311032398500, 0.03197890204391213400, 0.4814814814814854000 ) ) ;
#713 = CARTESIAN_POINT ( 'NONE',  ( -0.03692605540688265900, -0.06395780408782410200, 0.4178240740740775100 ) ) ;
#714 = ORIENTED_EDGE ( 'NONE', *, *, #2871, .F. ) ;
#715 = CARTESIAN_POINT ( 'NONE',  ( -0.07539609795608782900, 4.712227235370811100E-016, 0.01422943128942151700 ) ) ;
#716 = CARTESIAN_POINT ( 'NONE',  ( 0.03692605540688268000, 0.06395780408782419900, 0.2372685185185205200 ) ) ;
#717 = CARTESIAN_POINT ( 'NONE',  ( 0.0000000000000000000, 0.08199999999999999000, 0.3090277777777804000 ) ) ;
#718 = CARTESIAN_POINT ( 'NONE',  ( 0.07101408311032396400, 0.04099999999999998100, 0.3877314814814847900 ) ) ;
#719 = CARTESIAN_POINT ( 'NONE',  ( 0.05538908311032398500, 0.03197890204391210700, 0.3703703703703734000 ) ) ;
#720 = CARTESIAN_POINT ( 'NONE',  ( 0.0000000000000000000, 0.06395780408782428300, 0.5173611111111152700 ) ) ;
#721 = CARTESIAN_POINT ( 'NONE',  ( 0.05883183836977747000, 0.04722330388507965700, 0.5722824877898452500 ) ) ;
#722 = CARTESIAN_POINT ( 'NONE',  ( -0.1349999999999999300, 7.549139889267777500E-020, 0.5000000000000000000 ) ) ;
#723 =( BOUNDED_CURVE ( )  B_SPLINE_CURVE ( 2, ( #4639, #439, #1221, #90, #3917, #3158, #3844, #4623, #411 ),
 .UNSPECIFIED., .F., .F. ) 
 B_SPLINE_CURVE_WITH_KNOTS ( ( 3, 2, 2, 2, 3 ),
 ( 0.8026315789473684700, 0.8070175438596490800, 0.8157894736842105100, 0.8245614035087719400, 0.8289473684210526500 ),
 .UNSPECIFIED. ) 
 CURVE ( )  GEOMETRIC_REPRESENTATION_ITEM ( )  RATIONAL_B_SPLINE_CURVE ( ( 0.9330127018922194100, 0.9330127018922201900, 1.000000000000000000, 0.8660254037844387100, 1.000000000000000000, 0.8660254037844387100, 1.000000000000000000, 0.9330127018922194100, 0.9330127018922194100 ) ) 
 REPRESENTATION_ITEM ( '' )  );
#724 = CARTESIAN_POINT ( 'NONE',  ( 0.04734272207354925400, -0.08199999999999986500, 0.4606481481481518000 ) ) ;
#725 = CC_DESIGN_APPROVAL ( #3311, ( #456 ) ) ;
#726 = CARTESIAN_POINT ( 'NONE',  ( 0.04717913051260697000, -0.05395099790320486600, 0.6577287457173765000 ) ) ;
#727 = CARTESIAN_POINT ( 'NONE',  ( 0.07385211081376529000, -2.579753408743862800E-017, 0.1458333333333346200 ) ) ;
#728 = CARTESIAN_POINT ( 'NONE',  ( -0.04472408376657168600, -0.05045122276997968800, 0.4724019464531092900 ) ) ;
#729 = CARTESIAN_POINT ( 'NONE',  ( -0.08199999999999993400, 2.767861628543049000E-016, 0.1458333333333344800 ) ) ;
#730 = B_SPLINE_CURVE_WITH_KNOTS ( 'NONE', 3,
 ( #3374, #235, #1092, #1827, #2178, #4864, #4881, #1846, #2918, #625, #3304, #2553, #250, #1773, #4513, #647, #1037, #4443, #2968, #2935, #1444, #679, #1076, #3358, #4118, #3325, #2164, #3743, #4898, #1020 ),
 .UNSPECIFIED., .F., .F.,
 ( 4, 2, 2, 2, 2, 2, 2, 2, 2, 2, 2, 2, 2, 2, 4 ),
 ( 0.004689275794860660500, 0.005042901189352819700, 0.005396526583844979800, 0.005750151978337139000, 0.006103777372829298200, 0.006457402767321457300, 0.006811028161813616500, 0.007518278950797934100, 0.008225529739782253300, 0.008579155134274412500, 0.008932780528766570000, 0.009286405923258729200, 0.009640031317750888400, 0.009993656712243045900, 0.01034728210673520500 ),
 .UNSPECIFIED. ) ;
#731 = CARTESIAN_POINT ( 'NONE',  ( -0.07385211081376527600, 9.484612295772189600E-017, 0.4930555555555596300 ) ) ;
#732 = CARTESIAN_POINT ( 'NONE',  ( -0.07385211081376529000, 7.125844838877924200E-017, 0.4131944444444478600 ) ) ;
#733 = AXIS2_PLACEMENT_3D ( 'NONE', #4961, #3803, #1523 ) ;
#734 = EDGE_CURVE ( 'NONE', #636, #3769, #873, .T. ) ;
#735 = CARTESIAN_POINT ( 'NONE',  ( 0.08057929854609130500, -0.01063533134994272400, 0.01941263187942463000 ) ) ;
#736 =( BOUNDED_SURFACE ( )  B_SPLINE_SURFACE ( 1, 2, ( 
 ( #4211, #3487, #3098, #2317, #3080, #1195, #1160, #3866, #1, #1581, #4257, #1978, #4644, #45, #3164, #2780, #4663, #4730, #1273, #2361, #1995, #4271, #4286, #4684, #3190, #3955, #75, #464, #905, #2410, #2006, #871, #2380, #93, #1631, #4305, #2398, #476, #3539, #1209, #2022, #2763, #3921, #1596, #1659, #892, #1262, #1613, #2424, #122, #59, #3142, #3129, #3939, #3888, #1643, #860, #2750, #4316, #444, #2041, #107, #4711, #845, #2793, #2811, #492, #3506, #3176, #3554, #1225, #3904, #4328, #2055, #509, #3524, #1244, #4697, #2458, #4177, #709, #4433, #1193, #4610, #3059, #1594, #3471, #3818, #807, #3096, #3112, #823, #3863, #1579, #393, #1537, #4624, #2727, #3845, #3078, #4255, #2359, #2695, #4209, #3486, #57, #4224, #24, #760, #1207, #780, #3886, #4588, #363, #3459, #1977, #3832, #1962, #4642, #3428, #4270, #791, #1174, #1930, #1993, #2298, #4997, #3047, #1146, #2710, #1570, #4240, #43, #12, #2331, #2681, #412, #378, #3441, #1945, #426, #2342, #4661, #1158, #1552, #2314, #3902, #3504, #843, #858, #1242, #4743, #2809, #1629, #2019, #2440, #3953, #3522, #2408, #3919, #1641, #3162, #869, #3937, #4314, #2039, #2747, #3536, #4303, #474, #3127, #507, #2422, #4709, #3139, #3965, #1285, #1611, #4694, #4682, #105, #441, #2791, #2396, #1223, #489, #4284, #3174, #1657, #890, #2378, #3552, #4344, #1270, #2003, #4326, #2052, #72, #462, #4728, #120, #3188, #2762, #91, #2778, #1260, #903, #3571, #1674, #2066, #4374, #2833, #1374, #3249, #3584, #575, #2872, #2888, #593, #962, #3639, #166, #1302, #4389, #2507, #3614, #2853, #1350, #2147 ),
 ( #3272, #539, #984, #4363, #4826, #3232, #4030, #3598, #1724, #1741, #3203, #3656, #555, #950, #3979, #4049, #1690, #2082, #136, #2821, #4794, #1334, #4013, #4810, #4773, #2114, #4757, #2487, #526, #919, #1705, #199, #179, #4411, #2456, #1760, #4429, #152, #3220, #931, #1316, #3998, #2100, #2469, #2128, #1799, #2228, #3726, #3306, #2194, #1022, #1425, #2938, #650, #3713, #4103, #1811, #4516, #3327, #1404, #252, #2901, #286, #2216, #4482, #2921, #3745, #1078, #1388, #628, #4445, #4884, #2520, #2574, #3694, #608, #269, #222, #2952, #1446, #663, #2166, #3345, #4141, #1057, #3291, #4122, #1831, #3674, #237, #4495, #4900, #4866, #2590, #4072, #4087, #1003, #1775, #4848, #4461, #682, #2973, #2182, #2556, #1463, #3361, #2535, #1850, #1040, #2676, #374, #2659, #3422, #4956, #3376, #4195, #2292, #3411, #2643, #356, #1940, #2262, #1094, #3053, #4603, #3781, #4569, #300, #774, #316, #3436, #4157, #4925, #3019, #3041, #3392, #1518, #1142, #2989, #1155, #339, #739, #3765, #3826, #1481, #1869, #2604, #700, #2280, #1126, #3797, #4584, #4556, #1904, #4534, #4972, #2245, #4939, #1502, #4992, #753, #3813, #2626, #1548, #4218, #3005, #719, #1109, #4175, #1886, #1532, #4206, #1926, #1577, #2012, #3495, #3088, #1988, #801, #1203, #2721, #420, #3482, #3878, #1589, #4295, #3108, #1188, #38, #2692, #65, #2000, #4265, #2704, #3514, #851, #1167, #407, #4235, #4653, #2310, #2352, #3466, #387, #53, #7, #2740, #1216, #434, #1955, #3120, #3913, #837, #3071, #3894, #1605, #3455, #21, #4279, #4674, #4634, #2370, #3841, #3856, #787, #1565, #4621, #4249, #454 ) ),
 .UNSPECIFIED., .F., .F., .F. ) 
 B_SPLINE_SURFACE_WITH_KNOTS ( ( 2, 2 ),
 ( 3, 2, 2, 2, 2, 2, 2, 2, 2, 2, 2, 2, 2, 2, 2, 2, 2, 2, 2, 2, 2, 2, 2, 2, 2, 2, 2, 2, 2, 2, 2, 2, 2, 2, 2, 2, 2, 2, 2, 2, 2, 2, 2, 2, 2, 2, 2, 2, 2, 2, 2, 2, 2, 2, 2, 2, 2, 2, 2, 2, 2, 2, 2, 2, 2, 2, 2, 2, 2, 2, 2, 2, 2, 2, 2, 2, 2, 2, 2, 2, 2, 2, 2, 2, 2, 2, 2, 2, 2, 2, 2, 2, 2, 2, 2, 2, 2, 2, 2, 2, 2, 2, 2, 2, 2, 2, 2, 2, 2, 2, 2, 2, 2, 2, 3 ),
 ( 0.0000000000000000000, 1.000000000000000000 ),
 ( 0.0000000000000000000, 0.008771929824561403000, 0.01754385964912280600, 0.02631578947368420900, 0.03508771929824561200, 0.04385964912280701500, 0.05263157894736841800, 0.06140350877192982100, 0.07017543859649122400, 0.07894736842105262700, 0.08771929824561403000, 0.09649122807017543300, 0.1052631578947368400, 0.1140350877192982400, 0.1228070175438596400, 0.1315789473684210500, 0.1403508771929824500, 0.1491228070175438500, 0.1578947368421052500, 0.1666666666666666600, 0.1754385964912280600, 0.1842105263157894600, 0.1929824561403508700, 0.2017543859649122700, 0.2105263157894736700, 0.2192982456140350800, 0.2280701754385964800, 0.2368421052631578800, 0.2456140350877192800, 0.2543859649122807200, 0.2631578947368420900, 0.2719298245614035200, 0.2807017543859649000, 0.2894736842105263300, 0.2982456140350877000, 0.3070175438596491300, 0.3157894736842105100, 0.3245614035087719400, 0.3333333333333333100, 0.3421052631578947500, 0.3508771929824561200, 0.3596491228070175500, 0.3684210526315789300, 0.3771929824561403600, 0.3859649122807017300, 0.3947368421052631600, 0.4035087719298245400, 0.4122807017543859700, 0.4210526315789473500, 0.4298245614035087800, 0.4385964912280701500, 0.4473684210526315800, 0.4561403508771929600, 0.4649122807017543900, 0.4736842105263157600, 0.4824561403508771900, 0.4912280701754385700, 0.5000000000000000000, 0.5087719298245614300, 0.5175438596491228600, 0.5263157894736841800, 0.5350877192982456100, 0.5438596491228070400, 0.5526315789473684700, 0.5614035087719297900, 0.5701754385964912200, 0.5789473684210526500, 0.5877192982456140900, 0.5964912280701754100, 0.6052631578947368400, 0.6140350877192982700, 0.6228070175438597000, 0.6315789473684210200, 0.6403508771929824500, 0.6491228070175438800, 0.6578947368421053100, 0.6666666666666666300, 0.6754385964912280600, 0.6842105263157894900, 0.6929824561403509200, 0.7017543859649122400, 0.7105263157894736700, 0.7192982456140351000, 0.7280701754385965300, 0.7368421052631578500, 0.7456140350877192800, 0.7543859649122807200, 0.7631578947368421500, 0.7719298245614034700, 0.7807017543859649000, 0.7894736842105263300, 0.7982456140350877600, 0.8070175438596490800, 0.8157894736842105100, 0.8245614035087719400, 0.8333333333333333700, 0.8421052631578946900, 0.8508771929824561200, 0.8596491228070175500, 0.8684210526315789800, 0.8771929824561403000, 0.8859649122807017300, 0.8947368421052631600, 0.9035087719298245900, 0.9122807017543859100, 0.9210526315789473500, 0.9298245614035087800, 0.9385964912280702100, 0.9473684210526315300, 0.9561403508771929600, 0.9649122807017543900, 0.9736842105263158200, 0.9824561403508771400, 0.9912280701754385700, 1.000000000000000000 ),
 .UNSPECIFIED. ) 
 GEOMETRIC_REPRESENTATION_ITEM ( )  RATIONAL_B_SPLINE_SURFACE ( (
 ( 1.000000000000000000, 0.8660254037844387100, 1.000000000000000000, 0.8660254037844387100, 1.000000000000000000, 0.8660254037844387100, 1.000000000000000000, 0.8660254037844387100, 1.000000000000000000, 0.8660254037844387100, 1.000000000000000000, 0.8660254037844387100, 1.000000000000000000, 0.8660254037844387100, 1.000000000000000000, 0.8660254037844387100, 1.000000000000000000, 0.8660254037844387100, 1.000000000000000000, 0.8660254037844387100, 1.000000000000000000, 0.8660254037844387100, 1.000000000000000000, 0.8660254037844387100, 1.000000000000000000, 0.8660254037844387100, 1.000000000000000000, 0.8660254037844387100, 1.000000000000000000, 0.8660254037844387100, 1.000000000000000000, 0.8660254037844387100, 1.000000000000000000, 0.8660254037844387100, 1.000000000000000000, 0.8660254037844387100, 1.000000000000000000, 0.8660254037844387100, 1.000000000000000000, 0.8660254037844387100, 1.000000000000000000, 0.8660254037844387100, 1.000000000000000000, 0.8660254037844387100, 1.000000000000000000, 0.8660254037844387100, 1.000000000000000000, 0.8660254037844387100, 1.000000000000000000, 0.8660254037844387100, 1.000000000000000000, 0.8660254037844387100, 1.000000000000000000, 0.8660254037844387100, 1.000000000000000000, 0.8660254037844387100, 1.000000000000000000, 0.8660254037844387100, 1.000000000000000000, 0.8660254037844387100, 1.000000000000000000, 0.8660254037844387100, 1.000000000000000000, 0.8660254037844387100, 1.000000000000000000, 0.8660254037844387100, 1.000000000000000000, 0.8660254037844387100, 1.000000000000000000, 0.8660254037844387100, 1.000000000000000000, 0.8660254037844387100, 1.000000000000000000, 0.8660254037844387100, 1.000000000000000000, 0.8660254037844387100, 1.000000000000000000, 0.8660254037844387100, 1.000000000000000000, 0.8660254037844387100, 1.000000000000000000, 0.8660254037844387100, 1.000000000000000000, 0.8660254037844387100, 1.000000000000000000, 0.8660254037844387100, 1.000000000000000000, 0.8660254037844387100, 1.000000000000000000, 0.8660254037844387100, 1.000000000000000000, 0.8660254037844387100, 1.000000000000000000, 0.8660254037844387100, 1.000000000000000000, 0.8660254037844387100, 1.000000000000000000, 0.8660254037844387100, 1.000000000000000000, 0.8660254037844387100, 1.000000000000000000, 0.8660254037844387100, 1.000000000000000000, 0.8660254037844387100, 1.000000000000000000, 0.8660254037844387100, 1.000000000000000000, 0.8660254037844387100, 1.000000000000000000, 0.8660254037844387100, 1.000000000000000000, 0.8660254037844387100, 1.000000000000000000, 0.8660254037844387100, 1.000000000000000000, 0.8660254037844387100, 1.000000000000000000, 0.8660254037844387100, 1.000000000000000000, 0.8660254037844387100, 1.000000000000000000, 0.8660254037844387100, 1.000000000000000000, 0.8660254037844387100, 1.000000000000000000, 0.8660254037844387100, 1.000000000000000000, 0.8660254037844387100, 1.000000000000000000, 0.8660254037844387100, 1.000000000000000000, 0.8660254037844387100, 1.000000000000000000, 0.8660254037844387100, 1.000000000000000000, 0.8660254037844387100, 1.000000000000000000, 0.8660254037844387100, 1.000000000000000000, 0.8660254037844387100, 1.000000000000000000, 0.8660254037844387100, 1.000000000000000000, 0.8660254037844387100, 1.000000000000000000, 0.8660254037844387100, 1.000000000000000000, 0.8660254037844387100, 1.000000000000000000, 0.8660254037844387100, 1.000000000000000000, 0.8660254037844387100, 1.000000000000000000, 0.8660254037844387100, 1.000000000000000000, 0.8660254037844387100, 1.000000000000000000, 0.8660254037844387100, 1.000000000000000000, 0.8660254037844387100, 1.000000000000000000, 0.8660254037844387100, 1.000000000000000000, 0.8660254037844387100, 1.000000000000000000, 0.8660254037844387100, 1.000000000000000000, 0.8660254037844387100, 1.000000000000000000, 0.8660254037844387100, 1.000000000000000000, 0.8660254037844387100, 1.000000000000000000, 0.8660254037844387100, 1.000000000000000000, 0.8660254037844387100, 1.000000000000000000, 0.8660254037844387100, 1.000000000000000000, 0.8660254037844387100, 1.000000000000000000, 0.8660254037844387100, 1.000000000000000000, 0.8660254037844387100, 1.000000000000000000, 0.8660254037844387100, 1.000000000000000000, 0.8660254037844387100, 1.000000000000000000, 0.8660254037844387100, 1.000000000000000000, 0.8660254037844387100, 1.000000000000000000, 0.8660254037844387100, 1.000000000000000000, 0.8660254037844387100, 1.000000000000000000, 0.8660254037844387100, 1.000000000000000000, 0.8660254037844387100, 1.000000000000000000, 0.8660254037844387100, 1.000000000000000000, 0.8660254037844387100, 1.000000000000000000, 0.8660254037844387100, 1.000000000000000000, 0.8660254037844387100, 1.000000000000000000, 0.8660254037844387100, 1.000000000000000000, 0.8660254037844387100, 1.000000000000000000, 0.8660254037844387100, 1.000000000000000000, 0.8660254037844387100, 1.000000000000000000, 0.8660254037844387100, 1.000000000000000000, 0.8660254037844387100, 1.000000000000000000, 0.8660254037844387100, 1.000000000000000000, 0.8660254037844387100, 1.000000000000000000, 0.8660254037844387100, 1.000000000000000000, 0.8660254037844387100, 1.000000000000000000),
 ( 1.000000000000000000, 0.8660254037844387100, 1.000000000000000000, 0.8660254037844387100, 1.000000000000000000, 0.8660254037844387100, 1.000000000000000000, 0.8660254037844387100, 1.000000000000000000, 0.8660254037844387100, 1.000000000000000000, 0.8660254037844387100, 1.000000000000000000, 0.8660254037844387100, 1.000000000000000000, 0.8660254037844387100, 1.000000000000000000, 0.8660254037844387100, 1.000000000000000000, 0.8660254037844387100, 1.000000000000000000, 0.8660254037844387100, 1.000000000000000000, 0.8660254037844387100, 1.000000000000000000, 0.8660254037844387100, 1.000000000000000000, 0.8660254037844387100, 1.000000000000000000, 0.8660254037844387100, 1.000000000000000000, 0.8660254037844387100, 1.000000000000000000, 0.8660254037844387100, 1.000000000000000000, 0.8660254037844387100, 1.000000000000000000, 0.8660254037844387100, 1.000000000000000000, 0.8660254037844387100, 1.000000000000000000, 0.8660254037844387100, 1.000000000000000000, 0.8660254037844387100, 1.000000000000000000, 0.8660254037844387100, 1.000000000000000000, 0.8660254037844387100, 1.000000000000000000, 0.8660254037844387100, 1.000000000000000000, 0.8660254037844387100, 1.000000000000000000, 0.8660254037844387100, 1.000000000000000000, 0.8660254037844387100, 1.000000000000000000, 0.8660254037844387100, 1.000000000000000000, 0.8660254037844387100, 1.000000000000000000, 0.8660254037844387100, 1.000000000000000000, 0.8660254037844387100, 1.000000000000000000, 0.8660254037844387100, 1.000000000000000000, 0.8660254037844387100, 1.000000000000000000, 0.8660254037844387100, 1.000000000000000000, 0.8660254037844387100, 1.000000000000000000, 0.8660254037844387100, 1.000000000000000000, 0.8660254037844387100, 1.000000000000000000, 0.8660254037844387100, 1.000000000000000000, 0.8660254037844387100, 1.000000000000000000, 0.8660254037844387100, 1.000000000000000000, 0.8660254037844387100, 1.000000000000000000, 0.8660254037844387100, 1.000000000000000000, 0.8660254037844387100, 1.000000000000000000, 0.8660254037844387100, 1.000000000000000000, 0.8660254037844387100, 1.000000000000000000, 0.8660254037844387100, 1.000000000000000000, 0.8660254037844387100, 1.000000000000000000, 0.8660254037844387100, 1.000000000000000000, 0.8660254037844387100, 1.000000000000000000, 0.8660254037844387100, 1.000000000000000000, 0.8660254037844387100, 1.000000000000000000, 0.8660254037844387100, 1.000000000000000000, 0.8660254037844387100, 1.000000000000000000, 0.8660254037844387100, 1.000000000000000000, 0.8660254037844387100, 1.000000000000000000, 0.8660254037844387100, 1.000000000000000000, 0.8660254037844387100, 1.000000000000000000, 0.8660254037844387100, 1.000000000000000000, 0.8660254037844387100, 1.000000000000000000, 0.8660254037844387100, 1.000000000000000000, 0.8660254037844387100, 1.000000000000000000, 0.8660254037844387100, 1.000000000000000000, 0.8660254037844387100, 1.000000000000000000, 0.8660254037844387100, 1.000000000000000000, 0.8660254037844387100, 1.000000000000000000, 0.8660254037844387100, 1.000000000000000000, 0.8660254037844387100, 1.000000000000000000, 0.8660254037844387100, 1.000000000000000000, 0.8660254037844387100, 1.000000000000000000, 0.8660254037844387100, 1.000000000000000000, 0.8660254037844387100, 1.000000000000000000, 0.8660254037844387100, 1.000000000000000000, 0.8660254037844387100, 1.000000000000000000, 0.8660254037844387100, 1.000000000000000000, 0.8660254037844387100, 1.000000000000000000, 0.8660254037844387100, 1.000000000000000000, 0.8660254037844387100, 1.000000000000000000, 0.8660254037844387100, 1.000000000000000000, 0.8660254037844387100, 1.000000000000000000, 0.8660254037844387100, 1.000000000000000000, 0.8660254037844387100, 1.000000000000000000, 0.8660254037844387100, 1.000000000000000000, 0.8660254037844387100, 1.000000000000000000, 0.8660254037844387100, 1.000000000000000000, 0.8660254037844387100, 1.000000000000000000, 0.8660254037844387100, 1.000000000000000000, 0.8660254037844387100, 1.000000000000000000, 0.8660254037844387100, 1.000000000000000000, 0.8660254037844387100, 1.000000000000000000, 0.8660254037844387100, 1.000000000000000000, 0.8660254037844387100, 1.000000000000000000, 0.8660254037844387100, 1.000000000000000000, 0.8660254037844387100, 1.000000000000000000, 0.8660254037844387100, 1.000000000000000000, 0.8660254037844387100, 1.000000000000000000, 0.8660254037844387100, 1.000000000000000000, 0.8660254037844387100, 1.000000000000000000, 0.8660254037844387100, 1.000000000000000000, 0.8660254037844387100, 1.000000000000000000, 0.8660254037844387100, 1.000000000000000000, 0.8660254037844387100, 1.000000000000000000, 0.8660254037844387100, 1.000000000000000000, 0.8660254037844387100, 1.000000000000000000, 0.8660254037844387100, 1.000000000000000000, 0.8660254037844387100, 1.000000000000000000, 0.8660254037844387100, 1.000000000000000000, 0.8660254037844387100, 1.000000000000000000, 0.8660254037844387100, 1.000000000000000000, 0.8660254037844387100, 1.000000000000000000, 0.8660254037844387100, 1.000000000000000000, 0.8660254037844387100, 1.000000000000000000, 0.8660254037844387100, 1.000000000000000000, 0.8660254037844387100, 1.000000000000000000) ) ) 
 REPRESENTATION_ITEM ( '' )  SURFACE ( )  );
#737 = CARTESIAN_POINT ( 'NONE',  ( -0.05538908311032396400, 0.03197890204391211400, 0.2164351851851870100 ) ) ;
#738 = CARTESIAN_POINT ( 'NONE',  ( 0.1249037200871243300, 0.03359649211108171200, 0.5000000000000001100 ) ) ;
#739 = CARTESIAN_POINT ( 'NONE',  ( 0.07385211081376527600, 2.342891718687648900E-017, 0.3125000000000025500 ) ) ;
#740 = CARTESIAN_POINT ( 'NONE',  ( -0.05923250888439533100, -0.05031938177690586200, 0.01617349482823370400 ) ) ;
#741 = CARTESIAN_POINT ( 'NONE',  ( -0.1079550235050821300, 0.08296380741528557000, 0.6505000000000000800 ) ) ;
#742 = CARTESIAN_POINT ( 'NONE',  ( 0.03533596464492643600, -0.1314863112440068400, 0.5000000000000000000 ) ) ;
#743 = ORIENTED_EDGE ( 'NONE', *, *, #4317, .F. ) ;
#744 = CARTESIAN_POINT ( 'NONE',  ( 0.06798856206435671700, -0.1179611625461716300, 0.6505000000000000800 ) ) ;
#745 = CARTESIAN_POINT ( 'NONE',  ( 0.07031250000000033300, -0.04059494080239524300, 0.6640000000000000300 ) ) ;
#746 = CARTESIAN_POINT ( 'NONE',  ( 0.03692605540688268000, 0.06395780408782422700, 0.3449074074074102700 ) ) ;
#747 = CARTESIAN_POINT ( 'NONE',  ( -0.02510616247214322500, -0.05882415583464701400, 0.4739347919089972900 ) ) ;
#748 = APPROVAL_DATE_TIME ( #675, #4399 ) ;
#749 = CARTESIAN_POINT ( 'NONE',  ( 0.0000000000000000000, 0.08199999999999990600, 0.05555555555555596900 ) ) ;
#750 = CARTESIAN_POINT ( 'NONE',  ( -0.04734272207354930900, -0.08199999999999999000, 0.01504629629629665500 ) ) ;
#751 = CARTESIAN_POINT ( 'NONE',  ( 0.0000000000000000000, 0.06395780408782419900, 0.2118055555555573600 ) ) ;
#752 = CARTESIAN_POINT ( 'NONE',  ( -0.08199999999999979500, -0.02197183377935221400, 0.4561016166316294000 ) ) ;
#753 = CARTESIAN_POINT ( 'NONE',  ( -0.05538908311032397100, -0.03197890204391203000, 0.3564814814814844000 ) ) ;
#754 = CARTESIAN_POINT ( 'NONE',  ( -0.08199999999999993400, -2.630612291590501200E-016, 0.2013888888888905300 ) ) ;
#755 = CARTESIAN_POINT ( 'NONE',  ( -0.08199999999999993400, 1.212369143080840000E-016, 0.09027777777777849800 ) ) ;
#756 = CARTESIAN_POINT ( 'NONE',  ( 0.08199999999999993400, 1.143744474604565700E-017, 0.3298611111111139400 ) ) ;
#757 = CARTESIAN_POINT ( 'NONE',  ( 0.1314863112318734600, -0.03533596467422269600, 0.6505000000000000800 ) ) ;
#758 = ORIENTED_EDGE ( 'NONE', *, *, #2235, .F. ) ;
#759 = EDGE_CURVE ( 'NONE', #4413, #3339, #3182, .T. ) ;
#760 = CARTESIAN_POINT ( 'NONE',  ( 0.0000000000000000000, 0.06395780408782421300, 0.2395833333333353400 ) ) ;
#761 = CARTESIAN_POINT ( 'NONE',  ( -0.03692605540688265900, -0.06395780408782414400, 0.2754629629629653000 ) ) ;
#762 = EDGE_LOOP ( 'NONE', ( #1848, #3344, #2330, #1240 ) ) ;
#763 = CYLINDRICAL_SURFACE ( 'NONE', #1965, 0.08199999999999993400 ) ;
#764 = CARTESIAN_POINT ( 'NONE',  ( -0.1183376801086919600, -0.03180236820678511400, 0.6640000000000000300 ) ) ;
#765 = B_SPLINE_CURVE_WITH_KNOTS ( 'NONE', 3,
 ( #3580, #4297, #3915, #1624, #1297, #4336 ),
 .UNSPECIFIED., .F., .F.,
 ( 4, 2, 4 ),
 ( 0.001768157104786709300, 0.002289383866937777100, 0.002810610629088845100 ),
 .UNSPECIFIED. ) ;
#766 = CARTESIAN_POINT ( 'NONE',  ( 0.03692605540688262400, -0.06395780408782413000, 0.4467592592592628500 ) ) ;
#767 = ORIENTED_EDGE ( 'NONE', *, *, #401, .T. ) ;
#768 = CIRCLE ( 'NONE', #4308, 0.06116666666666647400 ) ;
#769 = CARTESIAN_POINT ( 'NONE',  ( 0.0000000000000000000, 0.06395780408782424100, 0.3784722222222252600 ) ) ;
#770 = CARTESIAN_POINT ( 'NONE',  ( 0.07101408311032390800, -0.04099999999999992500, 0.4664351851851891200 ) ) ;
#771 = VERTEX_POINT ( 'NONE', #123 ) ;
#772 = ORIENTED_EDGE ( 'NONE', *, *, #4747, .F. ) ;
#773 = VECTOR ( 'NONE', #4620, 39.37007874015748100 ) ;
#774 = CARTESIAN_POINT ( 'NONE',  ( 0.05538908311032394300, -0.03197890204391209300, 0.2824074074074097700 ) ) ;
#775 = CARTESIAN_POINT ( 'NONE',  ( 0.03182754221058092800, -0.1183242099048244400, 0.6640000000000000300 ) ) ;
#776 = CARTESIAN_POINT ( 'NONE',  ( 0.0000000000000000000, 0.08199999999999993400, 0.1666666666666679600 ) ) ;
#777 = CARTESIAN_POINT ( 'NONE',  ( 0.1314863113502225400, 0.03533596438850281800, 0.5067500000000000300 ) ) ;
#778 = EDGE_LOOP ( 'NONE', ( #1006, #2688, #28, #3275 ) ) ;
#779 = ADVANCED_FACE ( 'NONE', ( #1135 ), #889, .T. ) ;
#780 = CARTESIAN_POINT ( 'NONE',  ( -0.05538908311032396400, 0.03197890204391212000, 0.2442129629629649900 ) ) ;
#781 = CARTESIAN_POINT ( 'NONE',  ( 0.03692605540688262400, -0.06395780408782414400, 0.3634259259259288700 ) ) ;
#782 = DIRECTION ( 'NONE',  ( -0.0000000000000000000, -0.0000000000000000000, -1.000000000000000000 ) ) ;
#783 = CARTESIAN_POINT ( 'NONE',  ( -0.05538908311032396400, 0.03197890204391219700, 0.4907407407407447500 ) ) ;
#784 = CARTESIAN_POINT ( 'NONE',  ( 0.03692605540688262400, -0.06395780408782411600, 0.4780092592592631300 ) ) ;
#785 = CARTESIAN_POINT ( 'NONE',  ( 0.07101408311032390800, -0.04100000000000005700, 0.02199074074074114700 ) ) ;
#786 = CARTESIAN_POINT ( 'NONE',  ( 0.06874168487993495600, 0.004848700207372214100, 0.4767325888907032500 ) ) ;
#788 =( BOUNDED_CURVE ( )  B_SPLINE_CURVE ( 2, ( #4795, #963, #3599, #4744, #1725, #4390, #2470, #540, #2441 ),
 .UNSPECIFIED., .F., .F. ) 
 B_SPLINE_CURVE_WITH_KNOTS ( ( 3, 2, 2, 2, 3 ),
 ( 0.8026315789473684700, 0.8070175438596490800, 0.8157894736842105100, 0.8245614035087719400, 0.8289473684210526500 ),
 .UNSPECIFIED. ) 
 CURVE ( )  GEOMETRIC_REPRESENTATION_ITEM ( )  RATIONAL_B_SPLINE_CURVE ( ( 0.9330127018922194100, 0.9330127018922201900, 1.000000000000000000, 0.8660254037844387100, 1.000000000000000000, 0.8660254037844387100, 1.000000000000000000, 0.9330127018922194100, 0.9330127018922194100 ) ) 
 REPRESENTATION_ITEM ( '' )  );
#787 = CARTESIAN_POINT ( 'NONE',  ( 0.05538908311032394300, -0.03197890204391203000, 0.5046296296296337600 ) ) ;
#789 = CARTESIAN_POINT ( 'NONE',  ( 0.07031250000000001400, 0.03403200664985542300, 0.6621054441001788000 ) ) ;
#790 = CARTESIAN_POINT ( 'NONE',  ( -0.04717913051260667200, 0.05395099790320526800, 0.6577287457173762700 ) ) ;
#791 = CARTESIAN_POINT ( 'NONE',  ( -0.03692605540688263800, 0.06395780408782422700, 0.2696759259259282100 ) ) ;
#792 = CARTESIAN_POINT ( 'NONE',  ( 0.0000000000000000000, 0.06395780408782422700, 0.3472222222222251000 ) ) ;
#793 = VECTOR ( 'NONE', #3787, 39.37007874015748100 ) ;
#794 = CARTESIAN_POINT ( 'NONE',  ( -2.859903368367273100E-016, -0.08118988160479116700, 0.5761093750000000300 ) ) ;
#795 = CARTESIAN_POINT ( 'NONE',  ( 0.04734272207354927500, -0.08199999999999993400, 0.2974537037037062700 ) ) ;
#796 = CARTESIAN_POINT ( 'NONE',  ( 0.07101408311032390800, -0.04100000000000002300, 0.1608796296296311500 ) ) ;
#797 = EDGE_CURVE ( 'NONE', #4976, #1858, #645, .T. ) ;
#798 = CARTESIAN_POINT ( 'NONE',  ( -0.05538908311032396400, 0.03197890204391216900, 0.4108796296296329800 ) ) ;
#799 = CARTESIAN_POINT ( 'NONE',  ( -0.04734272207354927500, 0.08199999999999993400, 0.1446759259259272900 ) ) ;
#800 = CARTESIAN_POINT ( 'NONE',  ( 0.1282499999999999200, 1.600692183787654200E-017, 0.5000000000000000000 ) ) ;
#801 = CARTESIAN_POINT ( 'NONE',  ( 0.05538908311032398500, 0.03197890204391211400, 0.3981481481481514200 ) ) ;
#802 = CARTESIAN_POINT ( 'NONE',  ( 0.07031250000000000000, -0.02723980209580250500, 0.6604970716018224700 ) ) ;
#803 = DIRECTION ( 'NONE',  ( -0.0000000000000000000, -0.0000000000000000000, -1.000000000000000000 ) ) ;
#804 = CARTESIAN_POINT ( 'NONE',  ( 0.08199999999999992000, -1.601242264446392400E-017, 0.2430555555555574700 ) ) ;
#805 = CARTESIAN_POINT ( 'NONE',  ( 0.04734272207354925400, -0.08199999999999999000, 0.04398148148148185000 ) ) ;
#806 = CYLINDRICAL_SURFACE ( 'NONE', #197, 0.08199999999999993400 ) ;
#807 = CARTESIAN_POINT ( 'NONE',  ( -0.05538908311032397100, -0.03197890204391208600, 0.1932870370370386700 ) ) ;
#808 = CARTESIAN_POINT ( 'NONE',  ( -7.832572005664740100E-018, -0.06395780408782417200, 0.2777777777777801200 ) ) ;
#809 = CARTESIAN_POINT ( 'NONE',  ( 0.08199999999999993400, 1.011759515190096700E-017, 0.0000000000000000000 ) ) ;
#810 = DIRECTION ( 'NONE',  ( 0.0000000000000000000, 0.0000000000000000000, -1.000000000000000000 ) ) ;
#811 = CARTESIAN_POINT ( 'NONE',  ( 0.04734272207354926100, -0.08200000000000001700, 0.04745370370370431000 ) ) ;
#812 = CARTESIAN_POINT ( 'NONE',  ( -7.832572005664740100E-018, -0.06395780408782411600, 0.4201388888888923400 ) ) ;
#813 = CARTESIAN_POINT ( 'NONE',  ( -0.03692605540688263800, 0.06395780408782425500, 0.3807870370370401400 ) ) ;
#814 = CARTESIAN_POINT ( 'NONE',  ( -0.08199999999999986500, 0.02197183377935216900, 0.1480650500350424400 ) ) ;
#815 = CARTESIAN_POINT ( 'NONE',  ( -0.04201198405135957200, 0.06429235550279650800, 0.4813563132627936600 ) ) ;
#816 = ORIENTED_EDGE ( 'NONE', *, *, #4171, .F. ) ;
#817 = VERTEX_POINT ( 'NONE', #4318 ) ;
#818 = ORIENTED_EDGE ( 'NONE', *, *, #829, .T. ) ;
#819 = LINE ( 'NONE', #1932, #89 ) ;
#820 = CARTESIAN_POINT ( 'NONE',  ( -0.09468544414709854900, -3.925094429753293400E-017, 0.03472222222222249400 ) ) ;
#821 = ADVANCED_FACE ( 'NONE', ( #4065 ), #4353, .F. ) ;
#822 = AXIS2_PLACEMENT_3D ( 'NONE', #1686, #3216, #4754 ) ;
#823 = CARTESIAN_POINT ( 'NONE',  ( 0.03692605540688262400, -0.06395780408782421300, 0.2002314814814832300 ) ) ;
#824 = CARTESIAN_POINT ( 'NONE',  ( -0.07101408311032392200, -0.04099999999999985600, 0.4814814814814852900 ) ) ;
#825 = ORIENTED_EDGE ( 'NONE', *, *, #4346, .F. ) ;
#826 = AXIS2_PLACEMENT_3D ( 'NONE', #1970, #4619, #3106 ) ;
#827 = FACE_OUTER_BOUND ( 'NONE', #4592, .T. ) ;
#828 = CARTESIAN_POINT ( 'NONE',  ( -0.1079550235050837200, -0.08296380741528053300, 0.6640000000000001500 ) ) ;
#829 = EDGE_CURVE ( 'NONE', #4525, #2767, #2211, .T. ) ;
#830 = CARTESIAN_POINT ( 'NONE',  ( 0.07101408311032396400, 0.04099999999999991200, 0.1377314814814827600 ) ) ;
#831 =( BOUNDED_CURVE ( )  B_SPLINE_CURVE ( 2, ( #956, #1787, #1748, #972, #1396, #3647, #639, #2545, #2105 ),
 .UNSPECIFIED., .F., .F. ) 
 B_SPLINE_CURVE_WITH_KNOTS ( ( 3, 2, 2, 2, 3 ),
 ( 0.06578947368421052300, 0.07017543859649122400, 0.07894736842105262700, 0.08771929824561403000, 0.09210526315789474600 ),
 .UNSPECIFIED. ) 
 CURVE ( )  GEOMETRIC_REPRESENTATION_ITEM ( )  RATIONAL_B_SPLINE_CURVE ( ( 0.9330127018922194100, 0.9330127018922194100, 1.000000000000000000, 0.8660254037844387100, 1.000000000000000000, 0.8660254037844387100, 1.000000000000000000, 0.9330127018922191900, 0.9330127018922194100 ) ) 
 REPRESENTATION_ITEM ( '' )  );
#832 = ORIENTED_EDGE ( 'NONE', *, *, #1180, .F. ) ;
#833 = ORIENTED_EDGE ( 'NONE', *, *, #550, .T. ) ;
#834 = CARTESIAN_POINT ( 'NONE',  ( -0.05538908311032397100, -0.03197890204391201600, 0.4155092592592626900 ) ) ;
#835 = CARTESIAN_POINT ( 'NONE',  ( 0.1349999999999999300, 1.684113657389179100E-017, 0.5067500000000000300 ) ) ;
#836 = CARTESIAN_POINT ( 'NONE',  ( 0.04084827531515891600, 0.05965637091638184600, 0.4787187344033936900 ) ) ;
#837 = CARTESIAN_POINT ( 'NONE',  ( 0.05538908311032394300, -0.03197890204391203700, 0.4768518518518556900 ) ) ;
#838 = CARTESIAN_POINT ( 'NONE',  ( 0.1079550237237542800, -0.08296380719661343400, 0.5067500000000000300 ) ) ;
#839 = ORIENTED_EDGE ( 'NONE', *, *, #1514, .T. ) ;
#840 = CARTESIAN_POINT ( 'NONE',  ( 0.04734272207354925400, -0.08199999999999997600, 0.09953703703703784000 ) ) ;
#841 = DIRECTION ( 'NONE',  ( -0.0000000000000000000, -0.0000000000000000000, -1.000000000000000000 ) ) ;
#842 = CARTESIAN_POINT ( 'NONE',  ( 0.08199999999999993400, -0.02197183377935203000, 0.3286206055905994700 ) ) ;
#843 = CARTESIAN_POINT ( 'NONE',  ( -0.05538908311032397100, -0.03197890204391203700, 0.3321759259259287100 ) ) ;
#844 = CARTESIAN_POINT ( 'NONE',  ( 0.01273679383727693200, -0.06395780408782410200, 0.4730206643721633400 ) ) ;
#845 = CARTESIAN_POINT ( 'NONE',  ( -0.07385211081376527600, -1.078563706841265800E-017, 0.1354166666666678500 ) ) ;
#846 = CARTESIAN_POINT ( 'NONE',  ( 0.1079550235050950300, -0.08296380741527956100, 0.6640000000000001500 ) ) ;
#847 = CARTESIAN_POINT ( 'NONE',  ( 0.07101408311032396400, 0.04099999999999989800, 0.1099537037037047700 ) ) ;
#848 = ADVANCED_FACE ( 'NONE', ( #4983 ), #4069, .T. ) ;
#849 = CARTESIAN_POINT ( 'NONE',  ( -0.09468544414709854900, 4.279314115965896100E-017, 0.3125000000000025000 ) ) ;
#850 = CARTESIAN_POINT ( 'NONE',  ( 0.04734272207354931600, 0.08199999999999989200, 0.1122685185185195900 ) ) ;
#851 = CARTESIAN_POINT ( 'NONE',  ( -0.07385211081376527600, 7.843730586628351400E-017, 0.4375000000000035500 ) ) ;
#852 = B_SPLINE_CURVE_WITH_KNOTS ( 'NONE', 3,
 ( #3550, #4299, #2374, #3951, #2774, #473 ),
 .UNSPECIFIED., .F., .F.,
 ( 4, 2, 4 ),
 ( 0.007899896454961476500, 0.008322015851884119100, 0.008744135248806761800 ),
 .UNSPECIFIED. ) ;
#853 = CARTESIAN_POINT ( 'NONE',  ( 0.03692605540688268000, 0.06395780408782411600, 0.01504629629629650400 ) ) ;
#854 = ORIENTED_EDGE ( 'NONE', *, *, #4230, .F. ) ;
#855 = CARTESIAN_POINT ( 'NONE',  ( 0.08199999999999996200, 0.02197183377935202000, 0.2442960610760719400 ) ) ;
#856 = CARTESIAN_POINT ( 'NONE',  ( -1.004210375300829100E-017, -0.08199999999999992000, 0.3229166666666694100 ) ) ;
#857 = CARTESIAN_POINT ( 'NONE',  ( -0.07101408311032392200, -0.04100000000000000200, 0.009259259259259345500 ) ) ;
#858 = CARTESIAN_POINT ( 'NONE',  ( -0.03692605540688265900, -0.06395780408782413000, 0.3344907407407434800 ) ) ;
#859 = CARTESIAN_POINT ( 'NONE',  ( -0.05538908311032396400, 0.03197890204391217600, 0.4351851851851887300 ) ) ;
#860 = CARTESIAN_POINT ( 'NONE',  ( 0.05538908311032394300, -0.03197890204391214800, 0.1192129629629640300 ) ) ;
#861 = CARTESIAN_POINT ( 'NONE',  ( -0.03180236820678560700, 0.1183376801086925800, 0.6640000000000000300 ) ) ;
#862 = CARTESIAN_POINT ( 'NONE',  ( 0.0000000000000000000, 0.08199999999999993400, 0.1701388888888904200 ) ) ;
#863 = CARTESIAN_POINT ( 'NONE',  ( 0.07101408311032389500, -0.04099999999999996700, 0.2962962962962986700 ) ) ;
#864 = CARTESIAN_POINT ( 'NONE',  ( -0.01037557114157042600, -0.06311060312833906300, 0.002791137421157812600 ) ) ;
#865 = CARTESIAN_POINT ( 'NONE',  ( 0.07101408311032389500, -0.04099999999999996700, 0.2962962962962986700 ) ) ;
#866 = CARTESIAN_POINT ( 'NONE',  ( 0.1282528114395097600, -0.01675947289259311800, 0.5000000000000001100 ) ) ;
#867 = CARTESIAN_POINT ( 'NONE',  ( -0.08199999999999992000, 4.346229003497349700E-017, 0.2847222222222244300 ) ) ;
#868 = CARTESIAN_POINT ( 'NONE',  ( -1.004210375300828800E-017, -0.08199999999999999000, 0.01388888888888902500 ) ) ;
#869 = CARTESIAN_POINT ( 'NONE',  ( -7.832572005664740100E-018, -0.06395780408782414400, 0.3645833333333363700 ) ) ;
#870 = DIRECTION ( 'NONE',  ( -1.000000000000000000, 0.0000000000000000000, 0.0000000000000000000 ) ) ;
#871 = CARTESIAN_POINT ( 'NONE',  ( 0.03692605540688262400, -0.06395780408782425500, 0.06134259259259320500 ) ) ;
#872 = CONICAL_SURFACE ( 'NONE', #2051, 0.08118988160479118100, 1.047197551196600100 ) ;
#873 =( BOUNDED_CURVE ( )  B_SPLINE_CURVE ( 2, ( #1298, #4361, #2420, #947, #3594, #2097, #4789, #118, #3185 ),
 .UNSPECIFIED., .F., .F. ) 
 B_SPLINE_CURVE_WITH_KNOTS ( ( 3, 2, 2, 2, 3 ),
 ( 0.1447368421052631600, 0.1491228070175438500, 0.1578947368421052500, 0.1666666666666666600, 0.1710526315789473500 ),
 .UNSPECIFIED. ) 
 CURVE ( )  GEOMETRIC_REPRESENTATION_ITEM ( )  RATIONAL_B_SPLINE_CURVE ( ( 0.9330127018922194100, 0.9330127018922196300, 1.000000000000000000, 0.8660254037844387100, 1.000000000000000000, 0.8660254037844387100, 1.000000000000000000, 0.9330127018922195200, 0.9330127018922191900 ) ) 
 REPRESENTATION_ITEM ( '' )  );
#874 = CARTESIAN_POINT ( 'NONE',  ( -0.05538908311032396400, 0.03197890204391207200, 0.07407407407407475000 ) ) ;
#875 = ORIENTED_EDGE ( 'NONE', *, *, #1796, .T. ) ;
#876 = CIRCLE ( 'NONE', #3835, 0.08118988160479118100 ) ;
#877 = AXIS2_PLACEMENT_3D ( 'NONE', #2662, #1239, #3157 ) ;
#878 = CARTESIAN_POINT ( 'NONE',  ( 0.04734272207354931600, 0.08199999999999992000, 0.2476851851851871200 ) ) ;
#879 = CARTESIAN_POINT ( 'NONE',  ( 0.08199999999999993400, -5.489973478101915900E-017, 0.1076388888888899500 ) ) ;
#880 = ORIENTED_EDGE ( 'NONE', *, *, #3322, .F. ) ;
#881 = LINE ( 'NONE', #4379, #2796 ) ;
#882 = CARTESIAN_POINT ( 'NONE',  ( -0.03182754221050361500, 0.1183242099048575100, 0.6639999999999999200 ) ) ;
#883 = CARTESIAN_POINT ( 'NONE',  ( 0.08199999999999993400, -3.202484528892784700E-017, 0.1909722222222239300 ) ) ;
#884 = CARTESIAN_POINT ( 'NONE',  ( 0.08199999999999993400, 1.011759515190096700E-017, 0.0000000000000000000 ) ) ;
#885 =( BOUNDED_CURVE ( )  B_SPLINE_CURVE ( 2, ( #167, #1692, #1335, #2101, #4347, #2442, #4745, #4364, #2488 ),
 .UNSPECIFIED., .F., .F. ) 
 B_SPLINE_CURVE_WITH_KNOTS ( ( 3, 2, 2, 2, 3 ),
 ( 0.4342105263157894900, 0.4385964912280701500, 0.4473684210526315800, 0.4561403508771929600, 0.4605263157894736700 ),
 .UNSPECIFIED. ) 
 CURVE ( )  GEOMETRIC_REPRESENTATION_ITEM ( )  RATIONAL_B_SPLINE_CURVE ( ( 0.9330127018922194100, 0.9330127018922198500, 1.000000000000000000, 0.8660254037844387100, 1.000000000000000000, 0.8660254037844387100, 1.000000000000000000, 0.9330127018922194100, 0.9330127018922194100 ) ) 
 REPRESENTATION_ITEM ( '' )  );
#886 = CARTESIAN_POINT ( 'NONE',  ( 0.07101408311032389500, -0.04100000000000000200, 0.1851851851851866700 ) ) ;
#887 = ORIENTED_EDGE ( 'NONE', *, *, #2477, .F. ) ;
#888 = VERTEX_POINT ( 'NONE', #1954 ) ;
#889 = CYLINDRICAL_SURFACE ( 'NONE', #256, 0.08199999999999993400 ) ;
#890 = CARTESIAN_POINT ( 'NONE',  ( 0.07385211081376527600, 5.727210243796816500E-017, 0.4270833333333368100 ) ) ;
#891 = CARTESIAN_POINT ( 'NONE',  ( -7.832572005664740100E-018, -0.06395780408782411600, 0.4444444444444480300 ) ) ;
#892 = CARTESIAN_POINT ( 'NONE',  ( 0.07385211081376527600, -4.118080011066210000E-017, 0.09375000000000086000 ) ) ;
#893 = ORIENTED_EDGE ( 'NONE', *, *, #1898, .F. ) ;
#894 = EDGE_CURVE ( 'NONE', #4963, #4112, #4738, .T. ) ;
#895 = CARTESIAN_POINT ( 'NONE',  ( -0.05538908311032397100, -0.03197890204391214100, -0.004629629629629551300 ) ) ;
#896 = CARTESIAN_POINT ( 'NONE',  ( 0.04734272207354931600, 0.08199999999999996200, 0.3587962962962991700 ) ) ;
#897 = CARTESIAN_POINT ( 'NONE',  ( 0.07101408311032395000, 0.04099999999999996700, 0.3842592592592623000 ) ) ;
#898 = CARTESIAN_POINT ( 'NONE',  ( 0.08199999999999992000, -3.202484528892784700E-017, 0.1875000000000014400 ) ) ;
#899 = DIRECTION ( 'NONE',  ( -1.000000000000000000, 0.0000000000000000000, 0.0000000000000000000 ) ) ;
#900 = CARTESIAN_POINT ( 'NONE',  ( -0.08199999999999993400, 1.303868701049205300E-016, 0.1180555555555564800 ) ) ;
#901 = DIRECTION ( 'NONE',  ( -0.0000000000000000000, -0.0000000000000000000, -1.000000000000000000 ) ) ;
#902 = CARTESIAN_POINT ( 'NONE',  ( 0.04734272207354925400, -0.08199999999999997600, 0.1273148148148158200 ) ) ;
#903 = CARTESIAN_POINT ( 'NONE',  ( -0.05538908311032396400, 0.03197890204391218300, 0.4664351851851889500 ) ) ;
#904 = CARTESIAN_POINT ( 'NONE',  ( 0.08199999999999992000, -4.574977898418262900E-017, 0.1319444444444454700 ) ) ;
#905 = CARTESIAN_POINT ( 'NONE',  ( -0.05538908311032397100, -0.03197890204391212700, 0.05439814814814870200 ) ) ;
#906 = CARTESIAN_POINT ( 'NONE',  ( 0.08199999999999993400, 1.601242264446392400E-017, 0.3576388888888919500 ) ) ;
#907 = CARTESIAN_POINT ( 'NONE',  ( -0.07385211081376527600, -4.462882231950431700E-017, 0.02083333333333359900 ) ) ;
#908 = LINE ( 'NONE', #2308, #536 ) ;
#909 = CARTESIAN_POINT ( 'NONE',  ( 0.0000000000000000000, 0.08199999999999997600, 0.3055555555555579700 ) ) ;
#910 = ORIENTED_EDGE ( 'NONE', *, *, #3589, .T. ) ;
#911 = CARTESIAN_POINT ( 'NONE',  ( 0.08199999999999997600, 0.02197183377935206900, 0.3866571721871843700 ) ) ;
#912 = EDGE_CURVE ( 'NONE', #214, #4064, #3877, .T. ) ;
#913 = CARTESIAN_POINT ( 'NONE',  ( -0.07101408311032393600, -0.04099999999999996000, 0.1793981481481497800 ) ) ;
#914 = CARTESIAN_POINT ( 'NONE',  ( 0.06798856235007134900, 0.1179611624278247100, 0.5067499999999998100 ) ) ;
#915 = DIRECTION ( 'NONE',  ( -1.000000000000000000, 0.0000000000000000000, 0.0000000000000000000 ) ) ;
#916 = CARTESIAN_POINT ( 'NONE',  ( 0.04734272207354931600, 0.08199999999999990600, 0.1921296296296311500 ) ) ;
#917 = ORGANIZATION ( 'UNSPECIFIED', 'UNSPECIFIED', '' ) ;
#918 = EDGE_CURVE ( 'NONE', #214, #3234, #2133, .T. ) ;
#919 = CARTESIAN_POINT ( 'NONE',  ( -0.03692605540688265900, -0.06395780408782422700, 0.05324074074074128900 ) ) ;
#920 = CARTESIAN_POINT ( 'NONE',  ( 0.04734272207354931600, 0.08199999999999989200, 0.08449074074074160200 ) ) ;
#921 = CARTESIAN_POINT ( 'NONE',  ( 0.0000000000000000000, -1.104688079777929600E-016, 0.6640000000000000300 ) ) ;
#922 = LINE ( 'NONE', #616, #4166 ) ;
#923 = CARTESIAN_POINT ( 'NONE',  ( -7.832572005664740100E-018, -0.06395780408782422700, 0.05555555555555611500 ) ) ;
#924 = CARTESIAN_POINT ( 'NONE',  ( 0.09468544414709854900, 6.472614294099655200E-017, 0.4652777777777814500 ) ) ;
#925 = CARTESIAN_POINT ( 'NONE',  ( -0.05538908311032396400, 0.03197890204391210700, 0.1851851851851867300 ) ) ;
#926 = CARTESIAN_POINT ( 'NONE',  ( 0.0000000000000000000, 0.06395780408782417200, 0.1284722222222233200 ) ) ;
#927 = EDGE_LOOP ( 'NONE', ( #2685, #1423, #1547, #1501 ) ) ;
#928 = ORIENTED_EDGE ( 'NONE', *, *, #3316, .T. ) ;
#929 = CARTESIAN_POINT ( 'NONE',  ( -0.07101408311032390800, 0.04099999999999996700, 0.1435185185185196300 ) ) ;
#930 =( BOUNDED_CURVE ( )  B_SPLINE_CURVE ( 2, ( #2161, #232, #2916, #621, #3302, #1017, #3688, #1399, #4081 ),
 .UNSPECIFIED., .F., .F. ) 
 B_SPLINE_CURVE_WITH_KNOTS ( ( 3, 2, 2, 2, 3 ),
 ( 0.4605263157894736700, 0.4649122807017543900, 0.4736842105263157600, 0.4824561403508771900, 0.4868421052631579100 ),
 .UNSPECIFIED. ) 
 CURVE ( )  GEOMETRIC_REPRESENTATION_ITEM ( )  RATIONAL_B_SPLINE_CURVE ( ( 0.9330127018922194100, 0.9330127018922194100, 1.000000000000000000, 0.8660254037844387100, 1.000000000000000000, 0.8660254037844387100, 1.000000000000000000, 0.9330127018922189700, 0.9330127018922194100 ) ) 
 REPRESENTATION_ITEM ( '' )  );
#931 = CARTESIAN_POINT ( 'NONE',  ( -0.07385211081376527600, -2.822000522806592900E-017, 0.07638888888888960300 ) ) ;
#932 = CARTESIAN_POINT ( 'NONE',  ( 0.07101408311032396400, 0.04100000000000000200, 0.4710648148148188200 ) ) ;
#933 = ORIENTED_EDGE ( 'NONE', *, *, #2276, .F. ) ;
#934 = FACE_OUTER_BOUND ( 'NONE', #2130, .T. ) ;
#935 = CARTESIAN_POINT ( 'NONE',  ( 0.0000000000000000000, 7.549139889267777500E-020, 0.0000000000000000000 ) ) ;
#936 = ORIENTED_EDGE ( 'NONE', *, *, #2519, .F. ) ;
#937 = CARTESIAN_POINT ( 'NONE',  ( 0.09468544414709854900, 4.831732584955815200E-017, 0.4097222222222254300 ) ) ;
#938 = CARTESIAN_POINT ( 'NONE',  ( -0.08199999999999993400, -2.447613175653770600E-016, 0.2569444444444464700 ) ) ;
#939 = EDGE_CURVE ( 'NONE', #3569, #4293, #1666, .T. ) ;
#940 = CARTESIAN_POINT ( 'NONE',  ( -0.08199999999999985100, -0.02197183377935213800, 0.2581849499649608900 ) ) ;
#941 = CARTESIAN_POINT ( 'NONE',  ( -0.07101408311032392200, 0.04099999999999995300, 0.06365740740740812000 ) ) ;
#942 = CARTESIAN_POINT ( 'NONE',  ( 0.03692605540688262400, -0.06395780408782421300, 0.1967592592592609700 ) ) ;
#943 = VERTEX_POINT ( 'NONE', #1186 ) ;
#944 = CARTESIAN_POINT ( 'NONE',  ( -0.05538908311032396400, 0.03197890204391208600, 0.1331018518518530000 ) ) ;
#945 = ORIENTED_EDGE ( 'NONE', *, *, #158, .F. ) ;
#946 = EDGE_CURVE ( 'NONE', #2981, #771, #3927, .T. ) ;
#947 = CARTESIAN_POINT ( 'NONE',  ( 0.04734272207354931600, 0.08199999999999986500, 0.08101851851851914200 ) ) ;
#948 = CARTESIAN_POINT ( 'NONE',  ( -0.1282499999999999200, 3.774569944633888700E-020, 0.5000000000000000000 ) ) ;
#949 = CARTESIAN_POINT ( 'NONE',  ( -1.004210375300829100E-017, -0.08199999999999993400, 0.2395833333333354800 ) ) ;
#950 = CARTESIAN_POINT ( 'NONE',  ( -0.03692605540688263800, 0.06395780408782414400, 0.01620370370370391800 ) ) ;
#951 = CARTESIAN_POINT ( 'NONE',  ( -0.04734272207354930900, -0.08199999999999999000, 0.04282407407407466000 ) ) ;
#952 = CARTESIAN_POINT ( 'NONE',  ( -0.08199999999999979500, -0.02197183377935224900, 0.3449905055205174700 ) ) ;
#953 = CARTESIAN_POINT ( 'NONE',  ( -7.832572005664740100E-018, -0.06395780408782421300, 0.1111111111111121200 ) ) ;
#954 = CARTESIAN_POINT ( 'NONE',  ( -7.832572005664740100E-018, -0.06395780408782422700, 0.05555555555555611500 ) ) ;
#955 = CARTESIAN_POINT ( 'NONE',  ( -0.04734272207354930200, -0.08199999999999986500, 0.4004629629629661800 ) ) ;
#956 = CARTESIAN_POINT ( 'NONE',  ( -0.08199999999999992000, -3.431233423813696700E-017, 0.03472222222222249400 ) ) ;
#957 = DIRECTION ( 'NONE',  ( 1.051488783018134800E-016, -1.000000000000000000, 0.0000000000000000000 ) ) ;
#958 = CARTESIAN_POINT ( 'NONE',  ( 0.05538908311032398500, 0.03197890204391207200, 0.2592592592592614100 ) ) ;
#959 = CARTESIAN_POINT ( 'NONE',  ( -7.832572005664740100E-018, -0.06395780408782421300, 0.1423611111111123500 ) ) ;
#960 = DATE_TIME_ROLE ( 'creation_date' ) ;
#961 = CARTESIAN_POINT ( 'NONE',  ( 0.07101408311032390800, -0.04099999999999999500, 0.2442129629629651300 ) ) ;
#962 = CARTESIAN_POINT ( 'NONE',  ( -0.07385211081376527600, 9.587167402593680200E-017, 0.4965277777777819000 ) ) ;
#963 = CARTESIAN_POINT ( 'NONE',  ( -0.08199999999999979500, -0.02197183377935223200, 0.4005460610760734300 ) ) ;
#964 = CARTESIAN_POINT ( 'NONE',  ( -0.08199999999999996200, 1.212369143080840000E-016, 0.09375000000000095800 ) ) ;
#965 = CARTESIAN_POINT ( 'NONE',  ( 0.04734272207354931600, 0.08199999999999985100, 0.02546296296296313800 ) ) ;
#966 = ORIENTED_EDGE ( 'NONE', *, *, #3809, .F. ) ;
#967 = CARTESIAN_POINT ( 'NONE',  ( 0.03692605540688268000, 0.06395780408782415800, 0.09490740740740825900 ) ) ;
#968 = CARTESIAN_POINT ( 'NONE',  ( -0.03356916641267773000, -0.1249119956818114100, 0.5000000000000000000 ) ) ;
#969 = CARTESIAN_POINT ( 'NONE',  ( 0.05538908311032394300, -0.03197890204391216200, 0.06018518518518577900 ) ) ;
#970 = CARTESIAN_POINT ( 'NONE',  ( -0.04734272207354930200, -0.08199999999999982300, 0.5115740740740780700 ) ) ;
#971 = SECURITY_CLASSIFICATION ( '', '', #1739 ) ;
#972 = CARTESIAN_POINT ( 'NONE',  ( -0.04734272207354930200, -0.08199999999999996200, 0.03935185185185217900 ) ) ;
#973 = PLANE ( 'NONE',  #134 ) ;
#974 = CARTESIAN_POINT ( 'NONE',  ( 0.07101408311032396400, 0.04099999999999988400, 0.05439814814814877800 ) ) ;
#975 =( BOUNDED_CURVE ( )  B_SPLINE_CURVE ( 2, ( #3719, #1821, #3368, #309, #1414, #2998, #4488, #2206, #671 ),
 .UNSPECIFIED., .F., .F. ) 
 B_SPLINE_CURVE_WITH_KNOTS ( ( 3, 2, 2, 2, 3 ),
 ( 0.8815789473684210200, 0.8859649122807017300, 0.8947368421052631600, 0.9035087719298245900, 0.9078947368421053100 ),
 .UNSPECIFIED. ) 
 CURVE ( )  GEOMETRIC_REPRESENTATION_ITEM ( )  RATIONAL_B_SPLINE_CURVE ( ( 0.9330127018922194100, 0.9330127018922194100, 1.000000000000000000, 0.8660254037844387100, 1.000000000000000000, 0.8660254037844387100, 1.000000000000000000, 0.9330127018922185200, 0.9330127018922194100 ) ) 
 REPRESENTATION_ITEM ( '' )  );
#976 = CARTESIAN_POINT ( 'NONE',  ( 0.03692605540688268000, 0.06395780408782415800, 0.1504629629629642700 ) ) ;
#977 = FACE_OUTER_BOUND ( 'NONE', #1733, .T. ) ;
#978 = CARTESIAN_POINT ( 'NONE',  ( -0.07385211081376529000, -2.719445415985103500E-017, 0.07986111111111185400 ) ) ;
#979 = CARTESIAN_POINT ( 'NONE',  ( -0.05538908311032397100, -0.03197890204391211400, 0.08217592592592670700 ) ) ;
#980 = CARTESIAN_POINT ( 'NONE',  ( -0.04734272207354927500, 0.08199999999999997600, 0.2835648148148173200 ) ) ;
#981 = CARTESIAN_POINT ( 'NONE',  ( 0.09519444444444448400, -4.364630911616145300E-017, 0.4895833333333332600 ) ) ;
#982 = CARTESIAN_POINT ( 'NONE',  ( -0.09468544414709857700, 4.381869222787392300E-017, 0.3159722222222249900 ) ) ;
#983 = EDGE_CURVE ( 'NONE', #2023, #1007, #723, .T. ) ;
#984 = CARTESIAN_POINT ( 'NONE',  ( -0.05538908311032396400, 0.03197890204391204400, -0.009259259259259237900 ) ) ;
#985 = CARTESIAN_POINT ( 'NONE',  ( -1.004210375300828800E-017, -0.08199999999999992000, 0.2083333333333350100 ) ) ;
#986 = CARTESIAN_POINT ( 'NONE',  ( 0.1061650462915475400, 0.06118970585793039700, 0.6640000000000000300 ) ) ;
#987 = CARTESIAN_POINT ( 'NONE',  ( -0.07031250000000000000, -0.04059494080239542400, 0.5761093750000000300 ) ) ;
#988 = ORIENTED_EDGE ( 'NONE', *, *, #2113, .F. ) ;
#989 = FACE_OUTER_BOUND ( 'NONE', #3763, .T. ) ;
#990 = CARTESIAN_POINT ( 'NONE',  ( 0.01767145839889402000, 0.1349999999999999300, 0.5000000000000000000 ) ) ;
#991 = CARTESIAN_POINT ( 'NONE',  ( -0.1349999999999999300, 8.341857293137307000E-018, 0.6505000000000000800 ) ) ;
#992 = CARTESIAN_POINT ( 'NONE',  ( 0.04734272207354931600, 0.08200000000000000300, 0.5254629629629672400 ) ) ;
#993 = DIRECTION ( 'NONE',  ( -0.0000000000000000000, -0.0000000000000000000, 1.000000000000000000 ) ) ;
#994 = ORIENTED_EDGE ( 'NONE', *, *, #3809, .T. ) ;
#995 = LINE ( 'NONE', #2372, #326 ) ;
#996 = CARTESIAN_POINT ( 'NONE',  ( -0.06456501988622422000, 0.04391324999324613300, 0.5741935482953671700 ) ) ;
#997 = CARTESIAN_POINT ( 'NONE',  ( -7.832572005664740100E-018, -0.06395780408782418500, 0.1944444444444461100 ) ) ;
#998 = CARTESIAN_POINT ( 'NONE',  ( -0.07385211081376529000, -1.078563706841265800E-017, 0.1354166666666678500 ) ) ;
#999 = CARTESIAN_POINT ( 'NONE',  ( 0.03692605540688268000, 0.06395780408782417200, 0.1817129629629644900 ) ) ;
#1000 = DIRECTION ( 'NONE',  ( -0.0000000000000000000, -0.0000000000000000000, -1.000000000000000000 ) ) ;
#1001 = CARTESIAN_POINT ( 'NONE',  ( -0.04734272207354930900, -0.08199999999999993400, 0.2094907407407426100 ) ) ;
#1002 = VERTEX_POINT ( 'NONE', #1627 ) ;
#1003 = CARTESIAN_POINT ( 'NONE',  ( 0.0000000000000000000, 0.06395780408782419900, 0.2083333333333350900 ) ) ;
#1004 = CARTESIAN_POINT ( 'NONE',  ( -0.1183376801086918200, 0.03180236820678717500, 0.6640000000000000300 ) ) ;
#1005 = CARTESIAN_POINT ( 'NONE',  ( 0.06458913398896587400, -0.1120631044073371600, 0.5000000000000000000 ) ) ;
#1006 = ORIENTED_EDGE ( 'NONE', *, *, #2335, .F. ) ;
#1007 = VERTEX_POINT ( 'NONE', #1530 ) ;
#1008 = CARTESIAN_POINT ( 'NONE',  ( -0.1349999999999999300, 0.01767145839889950800, 0.5067500000000000300 ) ) ;
#1009 = CARTESIAN_POINT ( 'NONE',  ( 0.03692605540688268000, 0.06395780408782413000, 0.03935185185185224900 ) ) ;
#1010 = CARTESIAN_POINT ( 'NONE',  ( 0.05538908311032398500, 0.03197890204391199600, 0.01273148148148168400 ) ) ;
#1011 = EDGE_LOOP ( 'NONE', ( #2271, #2494, #2610, #4301 ) ) ;
#1012 = CARTESIAN_POINT ( 'NONE',  ( -0.07101408311032393600, -0.04099999999999999500, 0.06828703703703781200 ) ) ;
#1013 = CARTESIAN_POINT ( 'NONE',  ( 0.08199999999999993400, 1.011759515190096700E-017, 0.0000000000000000000 ) ) ;
#1014 = CARTESIAN_POINT ( 'NONE',  ( 0.07031249999999998600, -0.04059494080239541000, 0.5761093750000000300 ) ) ;
#1015 = CARTESIAN_POINT ( 'NONE',  ( -7.832572005664740100E-018, -0.06395780408782411600, 0.4166666666666701300 ) ) ;
#1016 = CARTESIAN_POINT ( 'NONE',  ( -0.07385211081376529000, 1.382758856874490500E-017, 0.2187500000000018300 ) ) ;
#1017 = CARTESIAN_POINT ( 'NONE',  ( -0.04734272207354927500, 0.08199999999999996200, 0.2280092592592613000 ) ) ;
#1018 = CARTESIAN_POINT ( 'NONE',  ( -7.832572005664740100E-018, -0.06395780408782421300, 0.1145833333333343700 ) ) ;
#1019 = DIRECTION ( 'NONE',  ( -0.0000000000000000000, -0.0000000000000000000, -1.000000000000000000 ) ) ;
#1020 = CARTESIAN_POINT ( 'NONE',  ( 0.06659089523089117800, 4.416981036696388500E-013, 0.005424228564224777700 ) ) ;
#1021 = CARTESIAN_POINT ( 'NONE',  ( 0.0000000000000000000, 0.08199999999999996200, 0.2256944444444464200 ) ) ;
#1022 = CARTESIAN_POINT ( 'NONE',  ( -0.05538908311032396400, 0.03197890204391207900, 0.1018518518518527600 ) ) ;
#1023 = CARTESIAN_POINT ( 'NONE',  ( 0.08199999999999996200, 0.02197183377935207200, 0.4109627277427399000 ) ) ;
#1024 = CARTESIAN_POINT ( 'NONE',  ( 0.1349999999999999300, 0.01767145836719704500, 0.6640000000000001500 ) ) ;
#1025 = CARTESIAN_POINT ( 'NONE',  ( 0.01678788547894931300, 0.1282499999999999200, 0.5000000000000000000 ) ) ;
#1026 = CARTESIAN_POINT ( 'NONE',  ( -0.1249119956818076100, -0.03356916641267811100, 0.5000000000000000000 ) ) ;
#1027 = CARTESIAN_POINT ( 'NONE',  ( -0.05538908311032397100, -0.03197890204391211400, 0.07870370370370444200 ) ) ;
#1028 = CARTESIAN_POINT ( 'NONE',  ( 0.03692605540688262400, -0.06395780408782425500, 0.03356481481481520700 ) ) ;
#1029 = CARTESIAN_POINT ( 'NONE',  ( -0.07031250000000009700, 3.422187257832870500E-017, 0.5698293158023957100 ) ) ;
#1030 = ADVANCED_FACE ( 'NONE', ( #3100 ), #4854, .F. ) ;
#1031 = CYLINDRICAL_SURFACE ( 'NONE', #733, 0.08199999999999993400 ) ;
#1032 = CARTESIAN_POINT ( 'NONE',  ( -0.04734272207354927500, 0.08199999999999999000, 0.3391203703703732900 ) ) ;
#1033 = CARTESIAN_POINT ( 'NONE',  ( 0.03692605540688262400, -0.06395780408782417200, 0.3078703703703730100 ) ) ;
#1034 = CARTESIAN_POINT ( 'NONE',  ( -0.05538908311032397100, -0.03197890204391207200, 0.2210648148148166800 ) ) ;
#1035 = CARTESIAN_POINT ( 'NONE',  ( 0.05538908311032398500, 0.03197890204391203000, 0.1238425925925936800 ) ) ;
#1036 = APPROVAL_STATUS ( 'not_yet_approved' ) ;
#1037 = CARTESIAN_POINT ( 'NONE',  ( 0.01514440300810595800, 0.06939987091414695500, 0.009260898071250368500 ) ) ;
#1038 = CARTESIAN_POINT ( 'NONE',  ( 0.04734272207354931600, 0.08200000000000000300, 0.4733796296296335400 ) ) ;
#1039 = DATE_AND_TIME ( #3540, #4093 ) ;
#1040 = CARTESIAN_POINT ( 'NONE',  ( 0.0000000000000000000, 0.06395780408782421300, 0.2361111111111130800 ) ) ;
#1041 = CARTESIAN_POINT ( 'NONE',  ( 0.08199999999999993400, -5.489973478101915900E-017, 0.1076388888888899500 ) ) ;
#1042 = CARTESIAN_POINT ( 'NONE',  ( -0.1349999999999999300, 1.660822318738194000E-017, 0.6640000000000001500 ) ) ;
#1043 =( BOUNDED_CURVE ( )  B_SPLINE_CURVE ( 2, ( #2939, #609, #3292, #3695, #1389, #2508, #4849, #1405, #1742 ),
 .UNSPECIFIED., .F., .F. ) 
 B_SPLINE_CURVE_WITH_KNOTS ( ( 3, 2, 2, 2, 3 ),
 ( 0.5921052631578948000, 0.5964912280701754100, 0.6052631578947368400, 0.6140350877192982700, 0.6184210526315789800 ),
 .UNSPECIFIED. ) 
 CURVE ( )  GEOMETRIC_REPRESENTATION_ITEM ( )  RATIONAL_B_SPLINE_CURVE ( ( 0.9330127018922194100, 0.9330127018922201900, 1.000000000000000000, 0.8660254037844387100, 1.000000000000000000, 0.8660254037844387100, 1.000000000000000000, 0.9330127018922194100, 0.9330127018922194100 ) ) 
 REPRESENTATION_ITEM ( '' )  );
#1044 = DIRECTION ( 'NONE',  ( -0.0000000000000000000, -0.0000000000000000000, 1.000000000000000000 ) ) ;
#1045 = VECTOR ( 'NONE', #2405, 39.37007874015748100 ) ;
#1046 = CARTESIAN_POINT ( 'NONE',  ( -0.1349999999999999300, 7.549139889267777500E-020, 0.5000000000000000000 ) ) ;
#1047 = CARTESIAN_POINT ( 'NONE',  ( 0.0000000000000000000, 0.06395780408782421300, 0.2361111111111130800 ) ) ;
#1048 =( BOUNDED_CURVE ( )  B_SPLINE_CURVE ( 2, ( #4947, #4873, #1510, #1526, #4563, #795, #2668, #4578, #4187 ),
 .UNSPECIFIED., .F., .F. ) 
 B_SPLINE_CURVE_WITH_KNOTS ( ( 3, 2, 2, 2, 3 ),
 ( 0.5921052631578948000, 0.5964912280701754100, 0.6052631578947368400, 0.6140350877192982700, 0.6184210526315789800 ),
 .UNSPECIFIED. ) 
 CURVE ( )  GEOMETRIC_REPRESENTATION_ITEM ( )  RATIONAL_B_SPLINE_CURVE ( ( 0.9330127018922194100, 0.9330127018922201900, 1.000000000000000000, 0.8660254037844387100, 1.000000000000000000, 0.8660254037844387100, 1.000000000000000000, 0.9330127018922194100, 0.9330127018922194100 ) ) 
 REPRESENTATION_ITEM ( '' )  );
#1049 = LINE ( 'NONE', #2419, #3918 ) ;
#1050 = CARTESIAN_POINT ( 'NONE',  ( 0.04734272207354927500, -0.08200000000000000300, 0.07523148148148231500 ) ) ;
#1051 = CARTESIAN_POINT ( 'NONE',  ( -0.1249119956818101600, 0.03356916641267892300, 0.5000000000000000000 ) ) ;
#1052 = CARTESIAN_POINT ( 'NONE',  ( -0.03692605540688263800, 0.06395780408782424100, 0.3495370370370398700 ) ) ;
#1053 = CARTESIAN_POINT ( 'NONE',  ( -7.832572005664740100E-018, -0.06395780408782414400, 0.3368055555555583600 ) ) ;
#1054 = CARTESIAN_POINT ( 'NONE',  ( 0.05538908311032394300, -0.03197890204391214800, 0.1192129629629640300 ) ) ;
#1055 = CARTESIAN_POINT ( 'NONE',  ( -0.04734272207354927500, 0.08199999999999999000, 0.3391203703703731800 ) ) ;
#1056 = EDGE_CURVE ( 'NONE', #3569, #2566, #1925, .T. ) ;
#1057 = CARTESIAN_POINT ( 'NONE',  ( 0.0000000000000000000, 0.06395780408782418500, 0.1805555555555570500 ) ) ;
#1058 = CARTESIAN_POINT ( 'NONE',  ( -0.07481503468279350500, -0.01539599349841300200, 0.01482513473168159900 ) ) ;
#1059 = CARTESIAN_POINT ( 'NONE',  ( 0.1314863112318841500, 0.03533596467420591100, 0.6640000000000001500 ) ) ;
#1060 = CARTESIAN_POINT ( 'NONE',  ( -0.1349999999999999300, -0.01767145839889952600, 0.5067500000000000300 ) ) ;
#1061 = ADVANCED_FACE ( 'NONE', ( #4727 ), #3169, .T. ) ;
#1062 = ORIENTED_EDGE ( 'NONE', *, *, #2621, .T. ) ;
#1063 = VERTEX_POINT ( 'NONE', #754 ) ;
#1064 = CARTESIAN_POINT ( 'NONE',  ( 0.08199999999999992000, -0.02197183377935198200, 0.4640372722572669900 ) ) ;
#1065 = CARTESIAN_POINT ( 'NONE',  ( 0.08199999999999992000, -0.02197183377935205500, 0.2418150500350430300 ) ) ;
#1066 = CARTESIAN_POINT ( 'NONE',  ( -7.832572005664740100E-018, -0.06395780408782419900, 0.1666666666666681300 ) ) ;
#1067 = ORIENTED_EDGE ( 'NONE', *, *, #1151, .T. ) ;
#1068 = CARTESIAN_POINT ( 'NONE',  ( -0.04734272207354927500, 0.08199999999999992000, 0.1134259259259268200 ) ) ;
#1069 = DIRECTION ( 'NONE',  ( -0.4999999999999996100, -0.8660254037844388200, 0.0000000000000000000 ) ) ;
#1070 = DIRECTION ( 'NONE',  ( -0.0000000000000000000, -0.0000000000000000000, -1.000000000000000000 ) ) ;
#1071 = CARTESIAN_POINT ( 'NONE',  ( 0.05538908311032398500, 0.03197890204391210700, 0.3703703703703734000 ) ) ;
#1072 = CARTESIAN_POINT ( 'NONE',  ( 0.07385211081376529000, 8.045651163653024600E-018, 0.2604166666666688500 ) ) ;
#1073 = ORIENTED_EDGE ( 'NONE', *, *, #4367, .F. ) ;
#1074 = CARTESIAN_POINT ( 'NONE',  ( 0.0000000000000000000, 7.549139889267777500E-020, 0.0000000000000000000 ) ) ;
#1075 = CARTESIAN_POINT ( 'NONE',  ( -0.03692605540688263800, 0.06395780408782422700, 0.2696759259259282100 ) ) ;
#1076 = CARTESIAN_POINT ( 'NONE',  ( 0.05304610723787234200, 0.04357304510885636600, 0.007324754964415882400 ) ) ;
#1077 = CARTESIAN_POINT ( 'NONE',  ( 0.09468544414709857700, 4.934287691777313900E-017, 0.4131944444444479700 ) ) ;
#1078 = CARTESIAN_POINT ( 'NONE',  ( 0.03692605540688262400, -0.06395780408782422700, 0.1412037037037049700 ) ) ;
#1079 = CARTESIAN_POINT ( 'NONE',  ( 0.03533596467420567500, 0.1314863112318805100, 0.6505000000000000800 ) ) ;
#1080 = CARTESIAN_POINT ( 'NONE',  ( 0.01767145839889402000, 0.1349999999999999300, 0.5000000000000000000 ) ) ;
#1081 = CARTESIAN_POINT ( 'NONE',  ( 0.0000000000000000000, 0.06395780408782418500, 0.1527777777777790700 ) ) ;
#1082 = CARTESIAN_POINT ( 'NONE',  ( -0.08199999999999993400, 1.303868701049205300E-016, 0.1180555555555564800 ) ) ;
#1083 = EDGE_CURVE ( 'NONE', #4293, #3569, #4602, .T. ) ;
#1084 = CARTESIAN_POINT ( 'NONE',  ( -0.07101408311032392200, -0.04099999999999996000, 0.1481481481481493300 ) ) ;
#1085 = ADVANCED_FACE ( 'NONE', ( #37 ), #4194, .T. ) ;
#1086 = B_SPLINE_CURVE_WITH_KNOTS ( 'NONE', 3,
 ( #4838, #618, #210, #3284, #2121, #3607, #996, #4438 ),
 .UNSPECIFIED., .F., .F.,
 ( 4, 2, 2, 4 ),
 ( 2.380752338434765400E-007, 0.001041607109884975400, 0.001562291627210541300, 0.002082976144536107300 ),
 .UNSPECIFIED. ) ;
#1087 = CARTESIAN_POINT ( 'NONE',  ( -0.03692605540688263800, 0.06395780408782425500, 0.4050925925925958300 ) ) ;
#1088 = CARTESIAN_POINT ( 'NONE',  ( 0.03692605540688268000, 0.06395780408782418500, 0.2372685185185205200 ) ) ;
#1089 = EDGE_CURVE ( 'NONE', #3538, #1560, #1749, .T. ) ;
#1090 = CARTESIAN_POINT ( 'NONE',  ( 0.01054279005777522400, -0.06649469422362218300, 0.005952803557268522600 ) ) ;
#1091 = CARTESIAN_POINT ( 'NONE',  ( -0.05538908311032397100, -0.03197890204391203700, 0.3321759259259287100 ) ) ;
#1092 = CARTESIAN_POINT ( 'NONE',  ( -0.07460142480618882400, 0.009276417133057778700, 0.01386699175069882600 ) ) ;
#1093 = CARTESIAN_POINT ( 'NONE',  ( -0.07101408311032393600, -0.04099999999999989100, 0.4016203703703737900 ) ) ;
#1094 = CARTESIAN_POINT ( 'NONE',  ( -0.05538908311032396400, 0.03197890204391212700, 0.2685185185185207100 ) ) ;
#1095 = DIRECTION ( 'NONE',  ( 0.0000000000000000000, 0.0000000000000000000, 1.000000000000000000 ) ) ;
#1096 = CARTESIAN_POINT ( 'NONE',  ( 0.1349999999999999300, 0.01767145836719704500, 0.6505000000000000800 ) ) ;
#1097 = CARTESIAN_POINT ( 'NONE',  ( 0.1349999999999999300, 0.01767145836719704500, 0.6505000000000000800 ) ) ;
#1098 =( BOUNDED_CURVE ( )  B_SPLINE_CURVE ( 2, ( #2585, #1750, #1325, #173, #282, #534, #3213, #1310, #4007 ),
 .UNSPECIFIED., .F., .F. ) 
 B_SPLINE_CURVE_WITH_KNOTS ( ( 3, 2, 2, 2, 3 ),
 ( 0.6973684210526316400, 0.7017543859649122400, 0.7105263157894736700, 0.7192982456140351000, 0.7236842105263158200 ),
 .UNSPECIFIED. ) 
 CURVE ( )  GEOMETRIC_REPRESENTATION_ITEM ( )  RATIONAL_B_SPLINE_CURVE ( ( 0.9330127018922194100, 0.9330127018922201900, 1.000000000000000000, 0.8660254037844387100, 1.000000000000000000, 0.8660254037844387100, 1.000000000000000000, 0.9330127018922194100, 0.9330127018922194100 ) ) 
 REPRESENTATION_ITEM ( '' )  );
#1099 = CARTESIAN_POINT ( 'NONE',  ( 0.08296380739286833600, -0.1079550235274993600, 0.5067500000000000300 ) ) ;
#1100 = CARTESIAN_POINT ( 'NONE',  ( 0.03692605540688262400, -0.06395780408782422700, 0.1412037037037049400 ) ) ;
#1101 = CARTESIAN_POINT ( 'NONE',  ( 0.08199999999999993400, 6.633717952706482100E-017, 0.04861111111111150000 ) ) ;
#1102 = CARTESIAN_POINT ( 'NONE',  ( 0.05538908311032394300, -0.03197890204391203000, 0.5046296296296337600 ) ) ;
#1103 = CARTESIAN_POINT ( 'NONE',  ( 0.0000000000000000000, 0.06395780408782425500, 0.4062500000000032800 ) ) ;
#1104 = CARTESIAN_POINT ( 'NONE',  ( -0.005288342768136151600, -0.06480686635291509100, 0.003639654596495981100 ) ) ;
#1105 = CARTESIAN_POINT ( 'NONE',  ( -0.05538908311032397100, -0.03197890204391206500, 0.2488425925925946700 ) ) ;
#1106 = CARTESIAN_POINT ( 'NONE',  ( -0.07031249999999998600, -0.04059494080239566700, 0.5761093750000000300 ) ) ;
#1107 = CARTESIAN_POINT ( 'NONE',  ( 0.09468544414709857700, 6.575169400921148400E-017, 0.4687500000000038900 ) ) ;
#1108 = CIRCLE ( 'NONE', #1332, 0.08199999999999993400 ) ;
#1109 = CARTESIAN_POINT ( 'NONE',  ( 0.03692605540688268000, 0.06395780408782422700, 0.3726851851851881700 ) ) ;
#1110 = CARTESIAN_POINT ( 'NONE',  ( 0.05538908311032398500, 0.03197890204391213400, 0.4849537037037076600 ) ) ;
#1111 = CARTESIAN_POINT ( 'NONE',  ( -0.08296380741528211500, -0.1079550235050855700, 0.6505000000000000800 ) ) ;
#1112 = CARTESIAN_POINT ( 'NONE',  ( 0.06798856209364755000, -0.1179611625340389300, 0.5067500000000000300 ) ) ;
#1113 = ADVANCED_FACE ( 'NONE', ( #3276 ), #2325, .T. ) ;
#1114 = CARTESIAN_POINT ( 'NONE',  ( 0.1179611625461669300, 0.06798856206436809700, 0.6505000000000000800 ) ) ;
#1115 = CARTESIAN_POINT ( 'NONE',  ( 0.03692605540688268000, 0.06395780408782418500, 0.2337962962962982500 ) ) ;
#1116 = EDGE_CURVE ( 'NONE', #2960, #1979, #1234, .T. ) ;
#1117 = ORIENTED_EDGE ( 'NONE', *, *, #4343, .T. ) ;
#1118 = ORIENTED_EDGE ( 'NONE', *, *, #198, .T. ) ;
#1119 = CARTESIAN_POINT ( 'NONE',  ( 0.03692605540688268000, 0.06395780408782426900, 0.5115740740740782900 ) ) ;
#1120 = CARTESIAN_POINT ( 'NONE',  ( 0.05538908311032394300, -0.03197890204391206500, 0.3969907407407440300 ) ) ;
#1121 = CARTESIAN_POINT ( 'NONE',  ( 0.07385211081376527600, -1.587573820661604900E-019, 0.2326388888888908400 ) ) ;
#1122 = CARTESIAN_POINT ( 'NONE',  ( -0.08200000000000004500, -0.02197183377935193300, 0.1227682832982934200 ) ) ;
#1123 = CARTESIAN_POINT ( 'NONE',  ( 0.08199999999999993400, 5.261224583181002000E-017, 0.4687500000000038300 ) ) ;
#1124 = EDGE_LOOP ( 'NONE', ( #1654, #2368 ) ) ;
#1125 = VECTOR ( 'NONE', #782, 39.37007874015748100 ) ;
#1126 = CARTESIAN_POINT ( 'NONE',  ( -0.03692605540688265900, -0.06395780408782413000, 0.3310185185185212700 ) ) ;
#1127 = CARTESIAN_POINT ( 'NONE',  ( 0.03692605540688262400, -0.06395780408782411600, 0.5057870370370413100 ) ) ;
#1128 = CARTESIAN_POINT ( 'NONE',  ( 0.1179611625461669300, 0.06798856206436809700, 0.6505000000000000800 ) ) ;
#1129 = CARTESIAN_POINT ( 'NONE',  ( -0.03533596464492243200, -0.1314863112440100300, 0.5067500000000000300 ) ) ;
#1130 = VERTEX_POINT ( 'NONE', #2311 ) ;
#1131 = VECTOR ( 'NONE', #4662, 39.37007874015748100 ) ;
#1132 = CARTESIAN_POINT ( 'NONE',  ( -1.004210375300828800E-017, -0.08199999999999992000, 0.2361111111111129900 ) ) ;
#1133 = CARTESIAN_POINT ( 'NONE',  ( 0.0000000000000000000, 0.06395780408782421300, 0.2638888888888910600 ) ) ;
#1134 = EDGE_LOOP ( 'NONE', ( #928, #511 ) ) ;
#1135 = FACE_OUTER_BOUND ( 'NONE', #1354, .T. ) ;
#1136 = CARTESIAN_POINT ( 'NONE',  ( -0.08199999999999993400, 0.02197183377935201700, 0.06125949447948603200 ) ) ;
#1137 = CARTESIAN_POINT ( 'NONE',  ( -0.05538908311032396400, 0.03197890204391218300, 0.4629629629629667400 ) ) ;
#1138 = ORIENTED_EDGE ( 'NONE', *, *, #1796, .F. ) ;
#1139 = CARTESIAN_POINT ( 'NONE',  ( 0.03692605540688262400, -0.06395780408782419900, 0.2280092592592612200 ) ) ;
#1140 = CARTESIAN_POINT ( 'NONE',  ( 0.04734272207354931600, 0.08199999999999993400, 0.2511574074074096100 ) ) ;
#1141 = CARTESIAN_POINT ( 'NONE',  ( -0.08199999999999993400, -4.666477456386628800E-016, 0.4548611111111149900 ) ) ;
#1142 = CARTESIAN_POINT ( 'NONE',  ( -0.03692605540688265900, -0.06395780408782414400, 0.3032407407407432500 ) ) ;
#1143 = CARTESIAN_POINT ( 'NONE',  ( -0.05883183836977757400, -0.04722330388507967700, 0.5722824877898452500 ) ) ;
#1144 = CARTESIAN_POINT ( 'NONE',  ( 0.08296380741528482100, 0.1079550235050828800, 0.6505000000000000800 ) ) ;
#1145 = CARTESIAN_POINT ( 'NONE',  ( 0.1349999999999999300, -0.01767145836719704500, 0.6505000000000000800 ) ) ;
#1146 = CARTESIAN_POINT ( 'NONE',  ( 0.05538908311032394300, -0.03197890204391209300, 0.2858796296296319800 ) ) ;
#1147 = CARTESIAN_POINT ( 'NONE',  ( 0.03692605540688262400, -0.06395780408782417200, 0.3078703703703730100 ) ) ;
#1148 = CARTESIAN_POINT ( 'NONE',  ( -0.03180236820679607800, -0.1183376801086890900, 0.6640000000000000300 ) ) ;
#1149 = CARTESIAN_POINT ( 'NONE',  ( -0.05538908311032397100, -0.03197890204391199600, 0.4953703703703744000 ) ) ;
#1150 = AXIS2_PLACEMENT_3D ( 'NONE', #4366, #4763, #1278 ) ;
#1151 = EDGE_CURVE ( 'NONE', #3397, #4676, #4136, .T. ) ;
#1152 = CARTESIAN_POINT ( 'NONE',  ( -0.07385211081376527600, 7.125844838877923000E-017, 0.4131944444444478600 ) ) ;
#1153 = CARTESIAN_POINT ( 'NONE',  ( 0.07101408311032390800, -0.04099999999999991800, 0.4942129629629671300 ) ) ;
#1154 = CYLINDRICAL_SURFACE ( 'NONE', #2362, 0.08199999999999993400 ) ;
#1155 = CARTESIAN_POINT ( 'NONE',  ( 0.03692605540688262400, -0.06395780408782417200, 0.3078703703703730100 ) ) ;
#1156 = CARTESIAN_POINT ( 'NONE',  ( 0.07031249999999998600, -0.006853191035270386200, 0.6577199408023956000 ) ) ;
#1157 = CARTESIAN_POINT ( 'NONE',  ( -0.03533596467421769300, -0.1314863112318755700, 0.6505000000000000800 ) ) ;
#1158 = CARTESIAN_POINT ( 'NONE',  ( 0.03692605540688268000, 0.06395780408782421300, 0.3206018518518544700 ) ) ;
#1159 = CARTESIAN_POINT ( 'NONE',  ( 0.05538908311032398500, 0.03197890204391207900, 0.2870370370370394200 ) ) ;
#1160 = CARTESIAN_POINT ( 'NONE',  ( -7.832572005664740100E-018, -0.06395780408782425500, 0.003472222222222378600 ) ) ;
#1161 = VECTOR ( 'NONE', #4741, 39.37007874015748100 ) ;
#1162 = CARTESIAN_POINT ( 'NONE',  ( 0.1061650462915578600, -0.06118970585791658900, 0.6640000000000000300 ) ) ;
#1163 = CARTESIAN_POINT ( 'NONE',  ( -0.04734272207354927500, 0.08199999999999987900, -0.02199074074074072400 ) ) ;
#1164 = FACE_OUTER_BOUND ( 'NONE', #3637, .T. ) ;
#1165 = CARTESIAN_POINT ( 'NONE',  ( 0.03692605540688268000, 0.06395780408782424100, 0.4317129629629664600 ) ) ;
#1166 = CARTESIAN_POINT ( 'NONE',  ( 0.1179611624278247600, 0.06798856235007140500, 0.5067500000000000300 ) ) ;
#1167 = CARTESIAN_POINT ( 'NONE',  ( -0.05538908311032397100, -0.03197890204391200900, 0.4398148148148184300 ) ) ;
#1168 = CARTESIAN_POINT ( 'NONE',  ( 0.07031250000000000000, -0.01366972051031268100, 0.6583085898779781300 ) ) ;
#1169 = CARTESIAN_POINT ( 'NONE',  ( 0.08199999999999996200, 0.02197183377935199900, 0.1609627277427379300 ) ) ;
#1170 = AXIS2_PLACEMENT_3D ( 'NONE', #2098, #2466, #2079 ) ;
#1171 = CARTESIAN_POINT ( 'NONE',  ( 0.0000000000000000000, 0.08199999999999996200, 0.2500000000000019400 ) ) ;
#1172 = DIRECTION ( 'NONE',  ( 0.0000000000000000000, -1.000000000000000000, 0.0000000000000000000 ) ) ;
#1173 = EDGE_CURVE ( 'NONE', #3339, #4976, #4801, .T. ) ;
#1174 = CARTESIAN_POINT ( 'NONE',  ( -0.05538908311032396400, 0.03197890204391212700, 0.2719907407407429800 ) ) ;
#1175 = CARTESIAN_POINT ( 'NONE',  ( -0.05538908311032397100, -0.03197890204391202300, 0.3842592592592623500 ) ) ;
#1176 = VERTEX_POINT ( 'NONE', #375 ) ;
#1177 = PLANE ( 'NONE',  #4982 ) ;
#1178 = EDGE_LOOP ( 'NONE', ( #3066, #1924, #3697, #260 ) ) ;
#1179 = CARTESIAN_POINT ( 'NONE',  ( 0.04734272207354931600, 0.08199999999999986500, 0.05324074074074113700 ) ) ;
#1180 = EDGE_CURVE ( 'NONE', #3629, #2839, #586, .T. ) ;
#1181 = CARTESIAN_POINT ( 'NONE',  ( -0.04734272207354930900, -0.08199999999999999000, 0.04282407407407466000 ) ) ;
#1182 = ORIENTED_EDGE ( 'NONE', *, *, #1294, .T. ) ;
#1183 = CYLINDRICAL_SURFACE ( 'NONE', #3774, 0.08199999999999993400 ) ;
#1184 = CARTESIAN_POINT ( 'NONE',  ( 0.03692605540688262400, -0.06395780408782415800, 0.3946759259259292100 ) ) ;
#1185 = CARTESIAN_POINT ( 'NONE',  ( 0.08199999999999993400, 2.287488949209131600E-018, 0.3020833333333358700 ) ) ;
#1186 = CARTESIAN_POINT ( 'NONE',  ( -0.08199999999999992000, -5.101100356736363400E-016, 0.3125000000000025000 ) ) ;
#1187 = ORIENTED_EDGE ( 'NONE', *, *, #3219, .F. ) ;
#1188 = CARTESIAN_POINT ( 'NONE',  ( 0.03692605540688262400, -0.06395780408782414400, 0.4189814814814849500 ) ) ;
#1189 = CARTESIAN_POINT ( 'NONE',  ( -0.07031250000000011100, 0.006856375251635618200, 0.5698293158023957100 ) ) ;
#1190 = CARTESIAN_POINT ( 'NONE',  ( -0.07031249999999993100, 0.04059494080239572200, 0.6640000000000000300 ) ) ;
#1191 = CARTESIAN_POINT ( 'NONE',  ( -0.04734272207354926100, 0.08199999999999987900, 0.002314814814814809900 ) ) ;
#1192 = ORIENTED_EDGE ( 'NONE', *, *, #2205, .T. ) ;
#1193 = CARTESIAN_POINT ( 'NONE',  ( 0.05538908311032398500, 0.03197890204391204400, 0.1793981481481496900 ) ) ;
#1194 = CARTESIAN_POINT ( 'NONE',  ( 0.07385211081376529000, 3.163332573259568600E-017, 0.3402777777777805700 ) ) ;
#1195 = CARTESIAN_POINT ( 'NONE',  ( -0.03692605540688265900, -0.06395780408782422700, 0.001157407407407545500 ) ) ;
#1196 = CARTESIAN_POINT ( 'NONE',  ( -0.06798856206436766600, 0.1179611625461654400, 0.6640000000000001500 ) ) ;
#1197 = CARTESIAN_POINT ( 'NONE',  ( -0.07101408311032393600, -0.04099999999999999500, 0.06828703703703781200 ) ) ;
#1198 =( BOUNDED_CURVE ( )  B_SPLINE_CURVE ( 2, ( #3068, #2242, #785, #4204, #4554 ),
 .UNSPECIFIED., .F., .F. ) 
 B_SPLINE_CURVE_WITH_KNOTS ( ( 3, 2, 3 ),
 ( 0.08541242370772503300, 0.08771929824561403000, 0.09210526315789474600 ),
 .UNSPECIFIED. ) 
 CURVE ( )  GEOMETRIC_REPRESENTATION_ITEM ( )  RATIONAL_B_SPLINE_CURVE ( ( 0.9480652107226128500, 0.9647668653403652600, 1.000000000000000000, 0.9330127018922191900, 0.9330127018922194100 ) ) 
 REPRESENTATION_ITEM ( '' )  );
#1199 = CARTESIAN_POINT ( 'NONE',  ( -0.07385211081376527600, 7.946285693449842100E-017, 0.4409722222222258200 ) ) ;
#1200 = CARTESIAN_POINT ( 'NONE',  ( -0.03692605540688263800, 0.06395780408782424100, 0.3530092592592621300 ) ) ;
#1201 = CARTESIAN_POINT ( 'NONE',  ( -0.07101408311032393600, -0.04099999999999994600, 0.2349537037037058000 ) ) ;
#1202 = CARTESIAN_POINT ( 'NONE',  ( -0.01443242597600732200, 0.07435757056827047000, 0.4804633169066482300 ) ) ;
#1203 = CARTESIAN_POINT ( 'NONE',  ( 0.03692605540688268000, 0.06395780408782422700, 0.4004629629629662400 ) ) ;
#1204 = CARTESIAN_POINT ( 'NONE',  ( -0.01767145867644258400, 0.1349999999999999500, 0.6505000000000000800 ) ) ;
#1205 = EDGE_CURVE ( 'NONE', #4976, #102, #2353, .T. ) ;
#1206 = DIRECTION ( 'NONE',  ( 1.000000000000000000, 0.0000000000000000000, 0.0000000000000000000 ) ) ;
#1207 = CARTESIAN_POINT ( 'NONE',  ( -0.03692605540688263800, 0.06395780408782421300, 0.2418981481481501700 ) ) ;
#1208 = CARTESIAN_POINT ( 'NONE',  ( -0.03692605540688263800, 0.06395780408782425500, 0.4050925925925958900 ) ) ;
#1209 = CARTESIAN_POINT ( 'NONE',  ( -0.07385211081376527600, -2.719445415985103500E-017, 0.07986111111111185400 ) ) ;
#1210 = CARTESIAN_POINT ( 'NONE',  ( 0.01767145836718664700, -0.1349999999999999300, 0.6640000000000001500 ) ) ;
#1211 = CARTESIAN_POINT ( 'NONE',  ( 0.0000000000000000000, 0.08199999999999990600, 0.05902777777777843500 ) ) ;
#1212 = CARTESIAN_POINT ( 'NONE',  ( -7.832572005664740100E-018, -0.06395780408782414400, 0.3645833333333363700 ) ) ;
#1213 = EDGE_LOOP ( 'NONE', ( #1434, #2752, #4285, #4858 ) ) ;
#1214 = DIRECTION ( 'NONE',  ( -0.0000000000000000000, -0.0000000000000000000, -1.000000000000000000 ) ) ;
#1215 = CARTESIAN_POINT ( 'NONE',  ( 0.06571694248622464400, 0.02413065521663378800, 0.4773731087796920800 ) ) ;
#1216 = CARTESIAN_POINT ( 'NONE',  ( -0.07385211081376527600, 8.664171441200271700E-017, 0.4652777777777815100 ) ) ;
#1217 = CARTESIAN_POINT ( 'NONE',  ( 0.1349999999999999300, 1.684113657389179100E-017, 0.5067500000000000300 ) ) ;
#1218 = CARTESIAN_POINT ( 'NONE',  ( -0.1349999999999999300, 7.549139889267777500E-020, 0.0000000000000000000 ) ) ;
#1219 = CARTESIAN_POINT ( 'NONE',  ( -0.04734272207354927500, 0.08200000000000001700, 0.4745370370370408700 ) ) ;
#1220 = CARTESIAN_POINT ( 'NONE',  ( -0.08199999999999993400, 4.803726793339176800E-017, 0.3159722222222249900 ) ) ;
#1221 = CARTESIAN_POINT ( 'NONE',  ( -0.07101408311032392200, -0.04099999999999987700, 0.4259259259259293200 ) ) ;
#1222 = CIRCLE ( 'NONE', #3731, 0.09519444444444448400 ) ;
#1223 = CARTESIAN_POINT ( 'NONE',  ( -0.05538908311032397100, -0.03197890204391201600, 0.4155092592592626900 ) ) ;
#1224 = CARTESIAN_POINT ( 'NONE',  ( 0.0000000000000000000, 7.549139889267777500E-020, 0.0000000000000000000 ) ) ;
#1225 = CARTESIAN_POINT ( 'NONE',  ( 0.05538908311032398500, 0.03197890204391203700, 0.1516203703703716800 ) ) ;
#1226 = CARTESIAN_POINT ( 'NONE',  ( -0.06798856206435573100, -0.1179611625461688100, 0.6640000000000001500 ) ) ;
#1227 = CARTESIAN_POINT ( 'NONE',  ( 0.08477777777777773000, -6.568654970414951900E-017, 0.4861111111111109900 ) ) ;
#1228 = CARTESIAN_POINT ( 'NONE',  ( -0.04734272207354930900, -0.08199999999999996200, 0.1539351851851866200 ) ) ;
#1229 = CARTESIAN_POINT ( 'NONE',  ( 0.09468544414709854900, -9.091254247569715100E-019, 0.2430555555555575000 ) ) ;
#1230 = CARTESIAN_POINT ( 'NONE',  ( 0.01058124014115224100, -0.06321701088082347400, 0.002791137421157826000 ) ) ;
#1231 = VERTEX_POINT ( 'NONE', #2722 ) ;
#1232 = EDGE_LOOP ( 'NONE', ( #966, #3757, #4988, #443 ) ) ;
#1233 = DIRECTION ( 'NONE',  ( -0.0000000000000000000, -0.0000000000000000000, -1.000000000000000000 ) ) ;
#1234 = B_SPLINE_CURVE_WITH_KNOTS ( 'NONE', 3,
 ( #3766, #4158, #2974, #1447, #683, #1870, #2246, #317, #3798, #3006, #775, #4604, #3072, #1956, #2293, #4622, #3121, #3423 ),
 .UNSPECIFIED., .F., .F.,
 ( 4, 2, 2, 2, 2, 2, 2, 2, 4 ),
 ( 0.0000000000000000000, 0.06250000000000000000, 0.1249999999999999900, 0.1875000000000000000, 0.2500000000000000000, 0.3125000000000000000, 0.3750000000000000000, 0.4375000000000000000, 0.5000000000000000000 ),
 .UNSPECIFIED. ) ;
#1235 = CARTESIAN_POINT ( 'NONE',  ( -0.02784681478557831200, -0.06820713762598501500, 0.4796162515842465900 ) ) ;
#1236 = CARTESIAN_POINT ( 'NONE',  ( 0.01675947289258796600, -0.1282471885604834500, 0.5000000000000001100 ) ) ;
#1237 = CC_DESIGN_PERSON_AND_ORGANIZATION_ASSIGNMENT ( #2658, #590, ( #971 ) ) ;
#1238 = CARTESIAN_POINT ( 'NONE',  ( -0.02924542777157637300, 0.06430502600830587100, 0.6577155752916163900 ) ) ;
#1239 = DIRECTION ( 'NONE',  ( -0.0000000000000000000, -0.0000000000000000000, -1.000000000000000000 ) ) ;
#1240 = ORIENTED_EDGE ( 'NONE', *, *, #1272, .T. ) ;
#1241 = VECTOR ( 'NONE', #3367, 39.37007874015748900 ) ;
#1242 = CARTESIAN_POINT ( 'NONE',  ( -7.832572005664740100E-018, -0.06395780408782414400, 0.3368055555555583600 ) ) ;
#1243 = CARTESIAN_POINT ( 'NONE',  ( -0.07385211081376529000, 7.023289732056433600E-017, 0.4097222222222256000 ) ) ;
#1244 = CARTESIAN_POINT ( 'NONE',  ( -0.05538908311032397100, -0.03197890204391209300, 0.1655092592592606900 ) ) ;
#1245 = ORIENTED_EDGE ( 'NONE', *, *, #2451, .T. ) ;
#1246 = LINE ( 'NONE', #1375, #4719 ) ;
#1247 = CARTESIAN_POINT ( 'NONE',  ( -0.03533596467420661200, 0.1314863112318818100, 0.6640000000000001500 ) ) ;
#1248 = EDGE_CURVE ( 'NONE', #4062, #1176, #344, .T. ) ;
#1249 = CARTESIAN_POINT ( 'NONE',  ( -0.04734272207354927500, 0.08199999999999993400, 0.1724537037037052700 ) ) ;
#1250 = ADVANCED_FACE ( 'NONE', ( #517 ), #3040, .T. ) ;
#1251 = VERTEX_POINT ( 'NONE', #3546 ) ;
#1252 = CARTESIAN_POINT ( 'NONE',  ( 0.09468544414709854900, 3.190850875811978300E-017, 0.3541666666666694600 ) ) ;
#1253 = CARTESIAN_POINT ( 'NONE',  ( -0.04734272207354930900, -0.08199999999999992000, 0.2372685185185206300 ) ) ;
#1254 = CARTESIAN_POINT ( 'NONE',  ( -0.01767145867644255200, -0.1349999999999999500, 0.5067500000000000300 ) ) ;
#1255 = VERTEX_POINT ( 'NONE', #3515 ) ;
#1256 = CARTESIAN_POINT ( 'NONE',  ( 0.07883769574367451000, -0.1025391696065657700, 0.4999999999999998300 ) ) ;
#1257 = DIRECTION ( 'NONE',  ( 0.0000000000000000000, 0.0000000000000000000, 1.000000000000000000 ) ) ;
#1258 =( BOUNDED_CURVE ( )  B_SPLINE_CURVE ( 2, ( #664, #1023, #4827, #4104, #1812, #4867, #2922, #2521, #223 ),
 .UNSPECIFIED., .F., .F. ) 
 B_SPLINE_CURVE_WITH_KNOTS ( ( 3, 2, 2, 2, 3 ),
 ( 0.7763157894736841800, 0.7807017543859649000, 0.7894736842105263300, 0.7982456140350877600, 0.8026315789473684700 ),
 .UNSPECIFIED. ) 
 CURVE ( )  GEOMETRIC_REPRESENTATION_ITEM ( )  RATIONAL_B_SPLINE_CURVE ( ( 0.9330127018922194100, 0.9330127018922194100, 1.000000000000000000, 0.8660254037844387100, 1.000000000000000000, 0.8660254037844387100, 1.000000000000000000, 0.9330127018922185200, 0.9330127018922194100 ) ) 
 REPRESENTATION_ITEM ( '' )  );
#1259 = CARTESIAN_POINT ( 'NONE',  ( -0.04734272207354926100, 0.08199999999999996200, 0.2245370370370387600 ) ) ;
#1260 = CARTESIAN_POINT ( 'NONE',  ( -0.03692605540688263800, 0.06395780408782426900, 0.4641203703703741800 ) ) ;
#1261 = CARTESIAN_POINT ( 'NONE',  ( -0.03692605540688263800, 0.06395780408782425500, 0.4328703703703738500 ) ) ;
#1262 = CARTESIAN_POINT ( 'NONE',  ( 0.05538908311032398500, 0.03197890204391201600, 0.09606481481481568600 ) ) ;
#1263 = CARTESIAN_POINT ( 'NONE',  ( 0.04106707222842371400, 0.05747979639888099700, 0.6577155752916162800 ) ) ;
#1264 = CARTESIAN_POINT ( 'NONE',  ( -1.004210375300828800E-017, -0.08199999999999989200, 0.3750000000000029400 ) ) ;
#1265 = CARTESIAN_POINT ( 'NONE',  ( -0.06116453185421320800, 0.1061785164953850100, 0.6639999999999999200 ) ) ;
#1266 = CARTESIAN_POINT ( 'NONE',  ( -0.03692605540688263800, 0.06395780408782414400, 0.04745370370370417800 ) ) ;
#1267 = CARTESIAN_POINT ( 'NONE',  ( 0.0000000000000000000, 7.549139889267777500E-020, 0.0000000000000000000 ) ) ;
#1268 = CARTESIAN_POINT ( 'NONE',  ( -0.07101408311032393600, -0.04099999999999996700, 0.1516203703703717900 ) ) ;
#1269 = CARTESIAN_POINT ( 'NONE',  ( -0.04734272207354930200, -0.08199999999999993400, 0.09490740740740819000 ) ) ;
#1270 = CARTESIAN_POINT ( 'NONE',  ( -0.03692605540688263800, 0.06395780408782426900, 0.4363425925925961700 ) ) ;
#1271 = ORIENTED_EDGE ( 'NONE', *, *, #688, .T. ) ;
#1272 = EDGE_CURVE ( 'NONE', #515, #4658, #3959, .T. ) ;
#1273 = CARTESIAN_POINT ( 'NONE',  ( -7.832572005664740100E-018, -0.06395780408782424100, 0.03125000000000037500 ) ) ;
#1274 = DIRECTION ( 'NONE',  ( 0.0000000000000000000, 0.0000000000000000000, -1.000000000000000000 ) ) ;
#1275 = CARTESIAN_POINT ( 'NONE',  ( 0.05538908311032394300, -0.03197890204391216900, 0.03240740740740778700 ) ) ;
#1276 = CYLINDRICAL_SURFACE ( 'NONE', #3469, 0.08477777777777773000 ) ;
#1277 = CARTESIAN_POINT ( 'NONE',  ( 0.0000000000000000000, 0.08199999999999999000, 0.3333333333333359800 ) ) ;
#1278 = DIRECTION ( 'NONE',  ( 1.000000000000000000, 0.0000000000000000000, -0.0000000000000000000 ) ) ;
#1279 = CARTESIAN_POINT ( 'NONE',  ( 0.07101408311032395000, 0.04099999999999991800, 0.1898148148148163200 ) ) ;
#1280 = CARTESIAN_POINT ( 'NONE',  ( -0.08199999999999993400, 6.633717952706479600E-017, 0.3715277777777809500 ) ) ;
#1281 = CIRCLE ( 'NONE', #2518, 0.09519444444444448400 ) ;
#1282 = CARTESIAN_POINT ( 'NONE',  ( -0.1282499999999999200, 3.774569944633888700E-020, 0.5000000000000000000 ) ) ;
#1283 = CARTESIAN_POINT ( 'NONE',  ( 3.316843690440176100E-017, -0.08118988160479095900, 0.5761093750000000300 ) ) ;
#1284 = CARTESIAN_POINT ( 'NONE',  ( -0.04734272207354926100, 0.08199999999999993400, 0.1689814814814828100 ) ) ;
#1285 = CARTESIAN_POINT ( 'NONE',  ( 0.05538908311032394300, -0.03197890204391206500, 0.3969907407407440300 ) ) ;
#1286 = CARTESIAN_POINT ( 'NONE',  ( -0.04734272207354930900, -0.08199999999999990600, 0.3483796296296326500 ) ) ;
#1287 = CARTESIAN_POINT ( 'NONE',  ( -0.05538908311032397100, -0.03197890204391212700, 0.02314814814814844500 ) ) ;
#1288 = EDGE_LOOP ( 'NONE', ( #1556, #2485, #3570, #711 ) ) ;
#1289 = EDGE_LOOP ( 'NONE', ( #3146, #4358, #1428, #386 ) ) ;
#1290 = CARTESIAN_POINT ( 'NONE',  ( 0.04734272207354931600, 0.08199999999999996200, 0.3310185185185211500 ) ) ;
#1291 = CARTESIAN_POINT ( 'NONE',  ( -0.1214999999999999100, 1.601449998446732600E-017, 0.6640000000000000300 ) ) ;
#1292 = VERTEX_POINT ( 'NONE', #3895 ) ;
#1294 = EDGE_CURVE ( 'NONE', #1595, #2739, #128, .T. ) ;
#1293 = FACE_OUTER_BOUND ( 'NONE', #241, .T. ) ;
#1295 = CARTESIAN_POINT ( 'NONE',  ( 0.0000000000000000000, 7.549139889267777500E-020, 0.0000000000000000000 ) ) ;
#1296 = CARTESIAN_POINT ( 'NONE',  ( 0.0000000000000000000, 7.549139889267777500E-020, 0.0000000000000000000 ) ) ;
#1297 = CARTESIAN_POINT ( 'NONE',  ( 0.07031250000000012500, -0.006853191035270326400, 0.5698293158023957100 ) ) ;
#1298 = CARTESIAN_POINT ( 'NONE',  ( 0.08199999999999993400, 7.548713532390135000E-017, 0.07638888888888949200 ) ) ;
#1299 = CARTESIAN_POINT ( 'NONE',  ( -0.08199999999999996200, -2.630612291590501200E-016, 0.2048611111111129900 ) ) ;
#1300 = CARTESIAN_POINT ( 'NONE',  ( 0.07101408311032389500, -0.04100000000000000900, 0.1574074074074086300 ) ) ;
#1301 = ORIENTED_EDGE ( 'NONE', *, *, #461, .T. ) ;
#1302 = CARTESIAN_POINT ( 'NONE',  ( -7.832572005664740100E-018, -0.06395780408782410200, 0.5034722222222263200 ) ) ;
#1303 = CARTESIAN_POINT ( 'NONE',  ( 0.08199999999999992000, -4.574977898418262900E-017, 0.1319444444444454700 ) ) ;
#1304 = CARTESIAN_POINT ( 'NONE',  ( -0.07101408311032392200, 0.04100000000000007100, 0.4803240740740781200 ) ) ;
#1305 = EDGE_LOOP ( 'NONE', ( #4409, #4780, #404, #1792, #1665 ) ) ;
#1306 = EDGE_CURVE ( 'NONE', #2546, #4470, #3224, .T. ) ;
#1307 = CARTESIAN_POINT ( 'NONE',  ( 0.07385211081376527600, -5.041075972459619100E-017, 0.06250000000000059700 ) ) ;
#1308 = CARTESIAN_POINT ( 'NONE',  ( -0.03692605540688263800, 0.06395780408782413000, -0.008101851851851827100 ) ) ;
#1309 = CARTESIAN_POINT ( 'NONE',  ( 0.08199999999999992000, -0.02197183377935203400, 0.2973706055905990200 ) ) ;
#1310 = CARTESIAN_POINT ( 'NONE',  ( 0.08199999999999992000, -0.02197183377935201300, 0.3807039389239330100 ) ) ;
#1311 = CARTESIAN_POINT ( 'NONE',  ( 0.0000000000000000000, 0.06395780408782419900, 0.2083333333333350900 ) ) ;
#1312 = CARTESIAN_POINT ( 'NONE',  ( 0.07385211081376529000, -4.938520865638128500E-017, 0.06597222222222286200 ) ) ;
#1313 = CARTESIAN_POINT ( 'NONE',  ( 0.04734272207354931600, 0.08199999999999989200, 0.1365740740740751500 ) ) ;
#1314 = CARTESIAN_POINT ( 'NONE',  ( -0.01767145867644259000, 0.1349999999999999000, 0.5067500000000000300 ) ) ;
#1315 = CARTESIAN_POINT ( 'NONE',  ( 0.04734272207354931600, 0.08199999999999992000, 0.2199074074074090800 ) ) ;
#1316 = CARTESIAN_POINT ( 'NONE',  ( -0.05538908311032397100, -0.03197890204391211400, 0.07870370370370444200 ) ) ;
#1317 = CARTESIAN_POINT ( 'NONE',  ( 0.0000000000000000000, -1.104688079777929600E-016, 0.6640000000000000300 ) ) ;
#1318 = CARTESIAN_POINT ( 'NONE',  ( -0.08199999999999993400, 7.549139889267777500E-020, 0.0000000000000000000 ) ) ;
#1319 = CARTESIAN_POINT ( 'NONE',  ( 0.02450188661675115800, -0.05907840769652109700, 0.4739347919089639800 ) ) ;
#1320 = CARTESIAN_POINT ( 'NONE',  ( -0.03692605540688263800, 0.06395780408782413000, -0.01157407407407407900 ) ) ;
#1321 = LINE ( 'NONE', #1468, #793 ) ;
#1322 = CARTESIAN_POINT ( 'NONE',  ( 0.04734272207354931600, 0.08199999999999997600, 0.3865740740740771200 ) ) ;
#1323 =( GEOMETRIC_REPRESENTATION_CONTEXT ( 3 ) GLOBAL_UNCERTAINTY_ASSIGNED_CONTEXT ( ( #4086 ) ) GLOBAL_UNIT_ASSIGNED_CONTEXT ( ( #1703, #2110, #1687 ) ) REPRESENTATION_CONTEXT ( 'NONE', 'WORKASPACE' ) );
#1324 = DIRECTION ( 'NONE',  ( -0.0000000000000000000, -0.0000000000000000000, -1.000000000000000000 ) ) ;
#1325 = CARTESIAN_POINT ( 'NONE',  ( -0.07101408311032392200, -0.04099999999999989100, 0.3703703703703733500 ) ) ;
#1326 = CARTESIAN_POINT ( 'NONE',  ( -0.07385211081376527600, 1.280203750053000500E-017, 0.2152777777777795900 ) ) ;
#1327 = CARTESIAN_POINT ( 'NONE',  ( -0.05538908311032397100, -0.03197890204391211400, 0.08217592592592670700 ) ) ;
#1328 = ORIENTED_EDGE ( 'NONE', *, *, #401, .F. ) ;
#1329 = CARTESIAN_POINT ( 'NONE',  ( -0.07031249999999998600, 0.03403353061853901100, 0.6621058840320432900 ) ) ;
#1330 = CARTESIAN_POINT ( 'NONE',  ( -0.04734272207354927500, 0.08199999999999996200, 0.2002314814814832600 ) ) ;
#1331 = CARTESIAN_POINT ( 'NONE',  ( -0.07101408311032393600, -0.04099999999999993200, 0.2627314814814837900 ) ) ;
#1332 = AXIS2_PLACEMENT_3D ( 'NONE', #208, #993, #4436 ) ;
#1333 = EDGE_CURVE ( 'NONE', #4525, #1917, #2852, .T. ) ;
#1334 = CARTESIAN_POINT ( 'NONE',  ( 0.07385211081376527600, -5.861516827031538800E-017, 0.03472222222222259800 ) ) ;
#1335 = CARTESIAN_POINT ( 'NONE',  ( -0.07101408311032393600, -0.04099999999999995300, 0.2071759259259278200 ) ) ;
#1336 = FACE_OUTER_BOUND ( 'NONE', #139, .T. ) ;
#1337 = CARTESIAN_POINT ( 'NONE',  ( -0.05538908311032396400, 0.03197890204391207900, 0.1018518518518527600 ) ) ;
#1338 = CARTESIAN_POINT ( 'NONE',  ( 0.07385211081376529000, -4.220635117887700700E-017, 0.09027777777777859500 ) ) ;
#1339 = CARTESIAN_POINT ( 'NONE',  ( -0.04734272207354930200, -0.08199999999999982300, 0.4837962962963002200 ) ) ;
#1340 = CARTESIAN_POINT ( 'NONE',  ( 0.1282499999999999200, 1.600692183787654200E-017, 0.5000000000000000000 ) ) ;
#1341 = DIRECTION ( 'NONE',  ( -0.0000000000000000000, -0.0000000000000000000, 1.000000000000000000 ) ) ;
#1342 = CARTESIAN_POINT ( 'NONE',  ( 0.0000000000000000000, 0.08199999999999990600, 0.05902777777777843500 ) ) ;
#1343 = CARTESIAN_POINT ( 'NONE',  ( -7.832572005664740100E-018, -0.06395780408782419900, 0.1666666666666681300 ) ) ;
#1344 = CARTESIAN_POINT ( 'NONE',  ( -0.05538908311032397100, -0.03197890204391208600, 0.1932870370370386700 ) ) ;
#1345 = CARTESIAN_POINT ( 'NONE',  ( 0.0000000000000000000, 7.549139889267777500E-020, 0.0000000000000000000 ) ) ;
#1346 = VERTEX_POINT ( 'NONE', #2433 ) ;
#1347 = PERSON_AND_ORGANIZATION_ROLE ( 'design_supplier' ) ;
#1348 = ORIENTED_EDGE ( 'NONE', *, *, #2999, .F. ) ;
#1349 = CARTESIAN_POINT ( 'NONE',  ( -0.07101408311032392200, 0.04100000000000002300, 0.2858796296296320900 ) ) ;
#1350 = CARTESIAN_POINT ( 'NONE',  ( 0.03692605540688268000, 0.06395780408782426900, 0.5150462962963005000 ) ) ;
#1351 = DIRECTION ( 'NONE',  ( -0.0000000000000000000, -0.0000000000000000000, -1.000000000000000000 ) ) ;
#1352 = CARTESIAN_POINT ( 'NONE',  ( -0.1061650462915507300, -0.06118970585793129200, 0.6640000000000000300 ) ) ;
#1353 = CARTESIAN_POINT ( 'NONE',  ( 0.1025572723511231600, 0.07881561702322617500, 0.5000000000000000000 ) ) ;
#1354 = EDGE_LOOP ( 'NONE', ( #1753, #1138, #3143, #3511 ) ) ;
#1355 = VECTOR ( 'NONE', #3497, 39.37007874015748100 ) ;
#1356 = CARTESIAN_POINT ( 'NONE',  ( 0.03692605540688262400, -0.06395780408782422700, 0.1134259259259269600 ) ) ;
#1357 = CARTESIAN_POINT ( 'NONE',  ( 0.08296380739286848800, 0.1079550235274956000, 0.5000000000000000000 ) ) ;
#1358 = CARTESIAN_POINT ( 'NONE',  ( 0.07385211081376529000, -5.041075972459619100E-017, 0.06250000000000061100 ) ) ;
#1359 = ORIENTED_EDGE ( 'NONE', *, *, #627, .F. ) ;
#1360 = LINE ( 'NONE', #2053, #4058 ) ;
#1361 = DESIGN_CONTEXT ( 'detailed design', #3217, 'design' ) ;
#1362 = CARTESIAN_POINT ( 'NONE',  ( -0.09468544414709854900, 7.561077534253571200E-017, 0.4236111111111145500 ) ) ;
#1363 = CARTESIAN_POINT ( 'NONE',  ( -3.295631491865439600E-017, 0.08118988160479123600, 0.5761093750000000300 ) ) ;
#1364 = CARTESIAN_POINT ( 'NONE',  ( 0.05538908311032394300, -0.03197890204391212000, 0.1990740740740757900 ) ) ;
#1365 = ORIENTED_EDGE ( 'NONE', *, *, #734, .T. ) ;
#1366 = CARTESIAN_POINT ( 'NONE',  ( 0.07385211081376529000, -1.656757447350453700E-017, 0.1770833333333348700 ) ) ;
#1367 = VERTEX_POINT ( 'NONE', #114 ) ;
#1368 = CARTESIAN_POINT ( 'NONE',  ( 0.03692605540688262400, -0.06395780408782422700, 0.1168981481481491900 ) ) ;
#1369 = EDGE_CURVE ( 'NONE', #2904, #391, #1996, .T. ) ;
#1370 = CARTESIAN_POINT ( 'NONE',  ( -0.03533596438850281100, 0.1314863113502225400, 0.5067499999999998100 ) ) ;
#1371 = CARTESIAN_POINT ( 'NONE',  ( 0.0000000000000000000, 0.08200000000000001700, 0.4444444444444479700 ) ) ;
#1372 = CARTESIAN_POINT ( 'NONE',  ( 0.0000000000000000000, 0.08199999999999996200, 0.1979166666666684300 ) ) ;
#1373 = ORIENTED_EDGE ( 'NONE', *, *, #1830, .T. ) ;
#1374 = CARTESIAN_POINT ( 'NONE',  ( 0.05538908311032394300, -0.03197890204391203700, 0.4803240740740780100 ) ) ;
#1375 = CARTESIAN_POINT ( 'NONE',  ( 0.08199999999999993400, 1.011759515190096700E-017, 0.0000000000000000000 ) ) ;
#1376 = CARTESIAN_POINT ( 'NONE',  ( 0.03180236820679593200, -0.1183376801086891400, 0.6640000000000000300 ) ) ;
#1377 = CARTESIAN_POINT ( 'NONE',  ( -0.1179611625340379200, 0.06798856209364861900, 0.5000000000000000000 ) ) ;
#1378 = CARTESIAN_POINT ( 'NONE',  ( 0.1079550235274993900, 0.08296380739287195800, 0.5000000000000000000 ) ) ;
#1379 = CARTESIAN_POINT ( 'NONE',  ( 0.1314863113502225700, -0.03533596438850278300, 0.6505000000000001900 ) ) ;
#1380 = CARTESIAN_POINT ( 'NONE',  ( 0.0000000000000000000, 0.08200000000000001700, 0.4444444444444479700 ) ) ;
#1381 = CARTESIAN_POINT ( 'NONE',  ( 0.04734272207354925400, -0.08199999999999999000, 0.07175925925925984200 ) ) ;
#1382 = ADVANCED_FACE ( 'NONE', ( #3821 ), #3508, .F. ) ;
#1383 = CARTESIAN_POINT ( 'NONE',  ( 0.0000000000000000000, 0.08200000000000001700, 0.4201388888888923900 ) ) ;
#1384 = CARTESIAN_POINT ( 'NONE',  ( -7.832572005664740100E-018, -0.06395780408782418500, 0.2222222222222241000 ) ) ;
#1385 = CARTESIAN_POINT ( 'NONE',  ( -0.03692605540688263800, 0.06395780408782414400, 0.07523148148148216300 ) ) ;
#1386 = CARTESIAN_POINT ( 'NONE',  ( -0.07385211081376527600, -1.078563706841265800E-017, 0.1354166666666678500 ) ) ;
#1387 = CARTESIAN_POINT ( 'NONE',  ( 0.07101408311032390800, -0.04099999999999998800, 0.2719907407407431400 ) ) ;
#1388 = CARTESIAN_POINT ( 'NONE',  ( 0.05538908311032394300, -0.03197890204391214100, 0.1435185185185197700 ) ) ;
#1389 = CARTESIAN_POINT ( 'NONE',  ( -1.004210375300828800E-017, -0.08199999999999989200, 0.3194444444444469700 ) ) ;
#1390 = CARTESIAN_POINT ( 'NONE',  ( 0.06118970585792087000, -0.1061650462915533600, 0.6640000000000000300 ) ) ;
#1391 = CARTESIAN_POINT ( 'NONE',  ( -0.1120631044073371600, -0.06458913398896770600, 0.5000000000000000000 ) ) ;
#1392 = AXIS2_PLACEMENT_3D ( 'NONE', #2744, #1172, #3503 ) ;
#1393 = CARTESIAN_POINT ( 'NONE',  ( 0.01767145839889402000, 0.1349999999999999300, 0.5067500000000000300 ) ) ;
#1394 = CARTESIAN_POINT ( 'NONE',  ( -0.08296380719661346200, -0.1079550237237542800, 0.6505000000000000800 ) ) ;
#1395 = CARTESIAN_POINT ( 'NONE',  ( -0.03692605540688263800, 0.06395780408782414400, 0.01967592592592617300 ) ) ;
#1396 = CARTESIAN_POINT ( 'NONE',  ( -1.004210375300828800E-017, -0.08199999999999997600, 0.04166666666666702500 ) ) ;
#1397 = CARTESIAN_POINT ( 'NONE',  ( -0.03692605540688265900, -0.06395780408782414400, 0.3032407407407432500 ) ) ;
#1398 = CARTESIAN_POINT ( 'NONE',  ( 0.05538908311032398500, 0.03197890204391205100, 0.2071759259259276800 ) ) ;
#1399 = CARTESIAN_POINT ( 'NONE',  ( -0.08200000000000001700, 0.02197183377935194000, 0.2313983833683765100 ) ) ;
#1400 = CARTESIAN_POINT ( 'NONE',  ( 0.03692605540688268000, 0.06395780408782415800, 0.09837962962963051100 ) ) ;
#1401 = CARTESIAN_POINT ( 'NONE',  ( 0.04734272207354931600, 0.08199999999999993400, 0.3032407407407430900 ) ) ;
#1402 = CARTESIAN_POINT ( 'NONE',  ( 0.0000000000000000000, 0.08199999999999997600, 0.2534722222222244300 ) ) ;
#1403 = EDGE_CURVE ( 'NONE', #2838, #888, #1098, .T. ) ;
#1404 = CARTESIAN_POINT ( 'NONE',  ( 0.03692605540688268000, 0.06395780408782415800, 0.1226851851851862400 ) ) ;
#1405 = CARTESIAN_POINT ( 'NONE',  ( 0.08199999999999992000, -0.02197183377935203000, 0.3251483833683769800 ) ) ;
#1406 = CARTESIAN_POINT ( 'NONE',  ( 0.06118970585793114700, 0.1061650462915499500, 0.6640000000000000300 ) ) ;
#1407 = CARTESIAN_POINT ( 'NONE',  ( 0.07101408311032395000, 0.04099999999999987000, 0.02314814814814832000 ) ) ;
#1408 = ADVANCED_FACE ( 'NONE', ( #4350 ), #3334, .T. ) ;
#1409 = FACE_OUTER_BOUND ( 'NONE', #3023, .T. ) ;
#1410 = CARTESIAN_POINT ( 'NONE',  ( 0.08296380739287197200, -0.1079550235275030100, 0.5000000000000000000 ) ) ;
#1411 = CARTESIAN_POINT ( 'NONE',  ( 0.05538908311032394300, -0.03197890204391215500, 0.08796296296296377000 ) ) ;
#1412 =( BOUNDED_CURVE ( )  B_SPLINE_CURVE ( 2, ( #3479, #3912, #1201, #1253, #3150, #1563, #4673, #2337, #20 ),
 .UNSPECIFIED., .F., .F. ) 
 B_SPLINE_CURVE_WITH_KNOTS ( ( 3, 2, 2, 2, 3 ),
 ( 0.4868421052631579100, 0.4912280701754385700, 0.5000000000000000000, 0.5087719298245614300, 0.5131578947368421500 ),
 .UNSPECIFIED. ) 
 CURVE ( )  GEOMETRIC_REPRESENTATION_ITEM ( )  RATIONAL_B_SPLINE_CURVE ( ( 0.9330127018922194100, 0.9330127018922198500, 1.000000000000000000, 0.8660254037844387100, 1.000000000000000000, 0.8660254037844387100, 1.000000000000000000, 0.9330127018922194100, 0.9330127018922194100 ) ) 
 REPRESENTATION_ITEM ( '' )  );
#1413 = CARTESIAN_POINT ( 'NONE',  ( -0.05538908311032397100, -0.03197890204391214100, -0.001157407407407299100 ) ) ;
#1414 = CARTESIAN_POINT ( 'NONE',  ( 0.0000000000000000000, 0.08200000000000001700, 0.4479166666666703500 ) ) ;
#1415 = ORIENTED_EDGE ( 'NONE', *, *, #3638, .F. ) ;
#1416 = ORIENTED_EDGE ( 'NONE', *, *, #829, .F. ) ;
#1417 = CARTESIAN_POINT ( 'NONE',  ( -0.08199999999999985100, -0.02197183377935214500, 0.2304071721871829300 ) ) ;
#1418 = CARTESIAN_POINT ( 'NONE',  ( 0.05538908311032394300, -0.03197890204391209300, 0.2824074074074097700 ) ) ;
#1419 = CARTESIAN_POINT ( 'NONE',  ( -0.03692605540688265900, -0.06395780408782417200, 0.2233796296296315400 ) ) ;
#1420 = CARTESIAN_POINT ( 'NONE',  ( 0.03692605540688262400, -0.06395780408782422700, 0.1446759259259272100 ) ) ;
#1421 = DIRECTION ( 'NONE',  ( -0.0000000000000000000, -0.0000000000000000000, -1.000000000000000000 ) ) ;
#1422 = CARTESIAN_POINT ( 'NONE',  ( 0.04734272207354931600, 0.08199999999999996200, 0.3344907407407436400 ) ) ;
#1423 = ORIENTED_EDGE ( 'NONE', *, *, #2335, .T. ) ;
#1424 = FACE_OUTER_BOUND ( 'NONE', #4180, .T. ) ;
#1425 = CARTESIAN_POINT ( 'NONE',  ( -0.07385211081376527600, -2.001559668234674800E-017, 0.1041666666666675900 ) ) ;
#1426 = CARTESIAN_POINT ( 'NONE',  ( -0.1314863112318807300, -0.03533596467420893600, 0.6640000000000001500 ) ) ;
#1427 = CARTESIAN_POINT ( 'NONE',  ( 0.01678788547894913300, -0.1282499999999999200, 0.5000000000000000000 ) ) ;
#1428 = ORIENTED_EDGE ( 'NONE', *, *, #3968, .T. ) ;
#1429 = ORIENTED_EDGE ( 'NONE', *, *, #1471, .T. ) ;
#1430 = VECTOR ( 'NONE', #1677, 39.37007874015748900 ) ;
#1431 = CARTESIAN_POINT ( 'NONE',  ( 0.1179611625340331600, -0.06798856209364956300, 0.5000000000000000000 ) ) ;
#1432 = CARTESIAN_POINT ( 'NONE',  ( 0.07385211081376529000, -1.759312554171944300E-017, 0.1736111111111125800 ) ) ;
#1433 = CARTESIAN_POINT ( 'NONE',  ( -0.05538908311032397100, -0.03197890204391200300, 0.4710648148148186600 ) ) ;
#1434 = ORIENTED_EDGE ( 'NONE', *, *, #268, .F. ) ;
#1435 = EDGE_CURVE ( 'NONE', #391, #2561, #4428, .T. ) ;
#1436 = CARTESIAN_POINT ( 'NONE',  ( -0.08199999999999993400, 7.549139889267777500E-020, 0.0000000000000000000 ) ) ;
#1437 = CARTESIAN_POINT ( 'NONE',  ( -0.1282499999999999200, 7.549139889267777500E-020, 0.5000000000000000000 ) ) ;
#1438 = B_SPLINE_CURVE_WITH_KNOTS ( 'NONE', 3,
 ( #1190, #3881, #790, #1238, #4267, #2707, #3518, #22 ),
 .UNSPECIFIED., .F., .F.,
 ( 4, 2, 2, 4 ),
 ( 2.380752338493430400E-007, 0.001041607109884975600, 0.001562291627210538900, 0.002082976144536101700 ),
 .UNSPECIFIED. ) ;
#1439 = CARTESIAN_POINT ( 'NONE',  ( 0.0000000000000000000, 0.06395780408782422700, 0.3194444444444470800 ) ) ;
#1440 = CARTESIAN_POINT ( 'NONE',  ( 0.07385211081376529000, 3.265887680081059200E-017, 0.3437500000000028300 ) ) ;
#1441 = AXIS2_PLACEMENT_3D ( 'NONE', #1913, #1964, #3049 ) ;
#1442 = EDGE_CURVE ( 'NONE', #337, #102, #3622, .T. ) ;
#1443 = CARTESIAN_POINT ( 'NONE',  ( 0.05538908311032398500, 0.03197890204391200900, 0.06828703703703767300 ) ) ;
#1444 = CARTESIAN_POINT ( 'NONE',  ( 0.04350706538022459200, 0.05384576816223180000, 0.007902795159624964900 ) ) ;
#1445 = CARTESIAN_POINT ( 'NONE',  ( 0.07101408311032396400, 0.04099999999999996700, 0.3599537037037067700 ) ) ;
#1446 = CARTESIAN_POINT ( 'NONE',  ( 0.03692605540688262400, -0.06395780408782422700, 0.1689814814814829500 ) ) ;
#1447 = CARTESIAN_POINT ( 'NONE',  ( -0.1061785164953896700, -0.06116453185419871300, 0.6639999999999999200 ) ) ;
#1448 = CARTESIAN_POINT ( 'NONE',  ( -0.03533596467420661200, 0.1314863112318818100, 0.6640000000000001500 ) ) ;
#1449 = CARTESIAN_POINT ( 'NONE',  ( 0.03533596464492448600, 0.1314863112440069500, 0.5000000000000000000 ) ) ;
#1450 = CARTESIAN_POINT ( 'NONE',  ( 0.01767145839889382500, -0.1349999999999999500, 0.5067500000000000300 ) ) ;
#1451 = CARTESIAN_POINT ( 'NONE',  ( 0.03692605540688262400, -0.06395780408782418500, 0.2523148148148169300 ) ) ;
#1452 = CARTESIAN_POINT ( 'NONE',  ( -0.02510616247214322500, -0.05882415583464701400, 0.4739347919089972900 ) ) ;
#1453 = CARTESIAN_POINT ( 'NONE',  ( 0.08199999999999992000, -4.117480108576436500E-017, 0.1597222222222234600 ) ) ;
#1454 = LINE ( 'NONE', #4522, #117 ) ;
#1455 = CARTESIAN_POINT ( 'NONE',  ( 0.1249119956818114100, -0.03356916641267775800, 0.5000000000000000000 ) ) ;
#1456 = CARTESIAN_POINT ( 'NONE',  ( 0.03692605540688268000, 0.06395780408782422700, 0.4004629629629662400 ) ) ;
#1457 = CARTESIAN_POINT ( 'NONE',  ( 0.03692605540688262400, -0.06395780408782417200, 0.3113425925925951700 ) ) ;
#1458 = CARTESIAN_POINT ( 'NONE',  ( 0.0000000000000000000, 7.549139889267777500E-020, 0.0000000000000000000 ) ) ;
#1459 = VERTEX_POINT ( 'NONE', #4383 ) ;
#1460 = CARTESIAN_POINT ( 'NONE',  ( -0.03692605540688265900, -0.06395780408782414400, 0.3067129629629655200 ) ) ;
#1461 = DIRECTION ( 'NONE',  ( -1.000000000000000000, 0.0000000000000000000, 0.0000000000000000000 ) ) ;
#1462 = CARTESIAN_POINT ( 'NONE',  ( -1.004210375300829100E-017, -0.08199999999999992000, 0.3506944444444474700 ) ) ;
#1463 = CARTESIAN_POINT ( 'NONE',  ( 0.05538908311032394300, -0.03197890204391211400, 0.2268518518518537800 ) ) ;
#1464 = CARTESIAN_POINT ( 'NONE',  ( 0.01767145836718664700, -0.1349999999999999000, 0.6505000000000000800 ) ) ;
#1465 = CARTESIAN_POINT ( 'NONE',  ( 0.1179611625340402500, 0.06798856209364810600, 0.5000000000000000000 ) ) ;
#1466 = LINE ( 'NONE', #4705, #1045 ) ;
#1467 =( BOUNDED_CURVE ( )  B_SPLINE_CURVE ( 2, ( #4089, #1814, #1407, #965, #4869, #4052, #2559, #2509, #4829 ),
 .UNSPECIFIED., .F., .F. ) 
 B_SPLINE_CURVE_WITH_KNOTS ( ( 3, 2, 2, 2, 3 ),
 ( 0.03947368421052668100, 0.04385964912280701500, 0.05263157894736841800, 0.06140350877192982100, 0.06578947368421052300 ),
 .UNSPECIFIED. ) 
 CURVE ( )  GEOMETRIC_REPRESENTATION_ITEM ( )  RATIONAL_B_SPLINE_CURVE ( ( 0.9330127018922194100, 0.9330127018922249600, 1.000000000000000000, 0.8660254037844387100, 1.000000000000000000, 0.8660254037844387100, 1.000000000000000000, 0.9330127018922194100, 0.9330127018922194100 ) ) 
 REPRESENTATION_ITEM ( '' )  );
#1468 = CARTESIAN_POINT ( 'NONE',  ( 0.08199999999999993400, 1.011759515190096700E-017, 0.0000000000000000000 ) ) ;
#1469 = CARTESIAN_POINT ( 'NONE',  ( 0.05538908311032398500, 0.03197890204391203700, 0.1481481481481494200 ) ) ;
#1470 = DIRECTION ( 'NONE',  ( -1.000000000000000000, 0.0000000000000000000, 0.0000000000000000000 ) ) ;
#1471 = EDGE_CURVE ( 'NONE', #2259, #3988, #2321, .T. ) ;
#1472 = FACE_OUTER_BOUND ( 'NONE', #2318, .T. ) ;
#1473 = CARTESIAN_POINT ( 'NONE',  ( -0.04734272207354927500, 0.08199999999999999000, 0.3356481481481508000 ) ) ;
#1474 = EDGE_CURVE ( 'NONE', #195, #2259, #3530, .T. ) ;
#1475 = B_SPLINE_CURVE_WITH_KNOTS ( 'NONE', 3,
 ( #745, #3415, #726, #1507, #2994, #4501, #4945, #346 ),
 .UNSPECIFIED., .F., .F.,
 ( 4, 2, 2, 4 ),
 ( 2.380752338380022700E-007, 0.001041607109884970400, 0.001562291627210536700, 0.002082976144536103000 ),
 .UNSPECIFIED. ) ;
#1476 = CARTESIAN_POINT ( 'NONE',  ( 0.07385211081376527600, 1.522450864115730100E-017, 0.2847222222222245400 ) ) ;
#1477 = CARTESIAN_POINT ( 'NONE',  ( 0.03692605540688268000, 0.06395780408782418500, 0.2094907407407425000 ) ) ;
#1478 = DIRECTION ( 'NONE',  ( -0.0000000000000000000, -0.0000000000000000000, -1.000000000000000000 ) ) ;
#1479 = CARTESIAN_POINT ( 'NONE',  ( -0.05538908311032397100, -0.03197890204391207200, 0.2210648148148166800 ) ) ;
#1480 = CARTESIAN_POINT ( 'NONE',  ( -0.04734272207354927500, 0.08200000000000001700, 0.4502314814814852300 ) ) ;
#1481 = CARTESIAN_POINT ( 'NONE',  ( 0.0000000000000000000, 0.06395780408782422700, 0.3194444444444470800 ) ) ;
#1482 = CARTESIAN_POINT ( 'NONE',  ( -0.08200000000000007300, 0.02197183377935184700, 0.3668150500350440000 ) ) ;
#1483 = CARTESIAN_POINT ( 'NONE',  ( 0.1079550235274993900, 0.08296380739287195800, 0.5000000000000000000 ) ) ;
#1484 = CARTESIAN_POINT ( 'NONE',  ( 0.07101408311032396400, 0.04099999999999991800, 0.1655092592592607700 ) ) ;
#1485 = ORIENTED_EDGE ( 'NONE', *, *, #2743, .F. ) ;
#1486 = VERTEX_POINT ( 'NONE', #145 ) ;
#1487 = CARTESIAN_POINT ( 'NONE',  ( -0.1079550235274972500, -0.08296380739287057000, 0.5067500000000000300 ) ) ;
#1488 = CARTESIAN_POINT ( 'NONE',  ( 0.0000000000000000000, 0.06395780408782419900, 0.2083333333333350900 ) ) ;
#1489 = ORIENTED_EDGE ( 'NONE', *, *, #3712, .T. ) ;
#1490 = DIRECTION ( 'NONE',  ( -0.0000000000000000000, -0.0000000000000000000, -1.000000000000000000 ) ) ;
#1491 = FACE_OUTER_BOUND ( 'NONE', #4526, .T. ) ;
#1492 = ADVANCED_FACE ( 'NONE', ( #3152 ), #4596, .T. ) ;
#1493 = CARTESIAN_POINT ( 'NONE',  ( 0.0000000000000000000, 0.06395780408782426900, 0.4583333333333370300 ) ) ;
#1494 = CARTESIAN_POINT ( 'NONE',  ( 0.03692605540688268000, 0.06395780408782424100, 0.4317129629629664600 ) ) ;
#1495 = ORIENTED_EDGE ( 'NONE', *, *, #2828, .F. ) ;
#1496 = CARTESIAN_POINT ( 'NONE',  ( -0.07385211081376527600, 5.623180023025720500E-018, 0.1909722222222238200 ) ) ;
#1497 = CARTESIAN_POINT ( 'NONE',  ( -0.08199999999999996200, 0.02197183377935208300, 0.2591761611461544400 ) ) ;
#1498 = CARTESIAN_POINT ( 'NONE',  ( 0.07101408311032396400, 0.04100000000000000200, 0.4710648148148188200 ) ) ;
#1499 = AXIS2_PLACEMENT_3D ( 'NONE', #3085, #35, #3465 ) ;
#1500 = ORIENTED_EDGE ( 'NONE', *, *, #4638, .T. ) ;
#1501 = ORIENTED_EDGE ( 'NONE', *, *, #3860, .F. ) ;
#1502 = CARTESIAN_POINT ( 'NONE',  ( -0.05538908311032396400, 0.03197890204391214800, 0.3518518518518546900 ) ) ;
#1503 = CARTESIAN_POINT ( 'NONE',  ( 0.07385211081376527600, 8.188532807512573700E-017, 0.5104166666666708500 ) ) ;
#1504 = CARTESIAN_POINT ( 'NONE',  ( 0.02924542777157619600, 0.06430502600830595400, 0.5698249502916162800 ) ) ;
#1505 = CARTESIAN_POINT ( 'NONE',  ( -0.01767145839889425500, -0.1349999999999999000, 0.5067500000000000300 ) ) ;
#1506 = ORIENTED_EDGE ( 'NONE', *, *, #18, .T. ) ;
#1507 = CARTESIAN_POINT ( 'NONE',  ( 0.02924542777157653300, -0.06430502600830551000, 0.6577155752916160600 ) ) ;
#1508 = CARTESIAN_POINT ( 'NONE',  ( -7.832572005664740100E-018, -0.06395780408782413000, 0.3888888888888921700 ) ) ;
#1509 = CARTESIAN_POINT ( 'NONE',  ( 0.03692605540688268000, 0.06395780408782425500, 0.4594907407407443600 ) ) ;
#1510 = CARTESIAN_POINT ( 'NONE',  ( -0.07101408311032393600, -0.04099999999999992500, 0.2905092592592617400 ) ) ;
#1511 = CARTESIAN_POINT ( 'NONE',  ( -0.05538908311032397100, -0.03197890204391200900, 0.4398148148148184300 ) ) ;
#1512 = CARTESIAN_POINT ( 'NONE',  ( 0.03692605540688262400, -0.06395780408782414400, 0.3946759259259292100 ) ) ;
#1513 = ADVANCED_FACE ( 'NONE', ( #1293 ), #694, .F. ) ;
#1514 = EDGE_CURVE ( 'NONE', #1459, #2005, #2266, .T. ) ;
#1515 = CARTESIAN_POINT ( 'NONE',  ( 0.05538908311032394300, -0.03197890204391212000, 0.2025462962962980000 ) ) ;
#1516 = CARTESIAN_POINT ( 'NONE',  ( -0.04734272207354930900, -0.08199999999999996200, 0.1261574074074086600 ) ) ;
#1517 = CARTESIAN_POINT ( 'NONE',  ( -1.004210375300829100E-017, -0.08199999999999986500, 0.4895833333333374200 ) ) ;
#1518 = CARTESIAN_POINT ( 'NONE',  ( -0.05538908311032397100, -0.03197890204391205100, 0.3009259259259284300 ) ) ;
#1519 = CARTESIAN_POINT ( 'NONE',  ( 0.02413760189274823100, -0.07730724617737619300, 0.01945425592380729100 ) ) ;
#1520 = CARTESIAN_POINT ( 'NONE',  ( -0.1179611625461672600, 0.06798856206436723600, 0.6505000000000000800 ) ) ;
#1521 = CARTESIAN_POINT ( 'NONE',  ( 0.1314863112440100000, -0.03533596464492246000, 0.5067500000000000300 ) ) ;
#1522 = CARTESIAN_POINT ( 'NONE',  ( -0.1349999999999999300, 1.660822318738193700E-017, 0.6505000000000000800 ) ) ;
#1523 = DIRECTION ( 'NONE',  ( -1.000000000000000000, 0.0000000000000000000, 0.0000000000000000000 ) ) ;
#1524 = CARTESIAN_POINT ( 'NONE',  ( -0.03692605540688263800, 0.06395780408782425500, 0.3773148148148179300 ) ) ;
#1525 = DIRECTION ( 'NONE',  ( 0.8660254037844386000, 0.5000000000000000000, 0.0000000000000000000 ) ) ;
#1526 = CARTESIAN_POINT ( 'NONE',  ( -0.04734272207354930900, -0.08199999999999992000, 0.2928240740740766800 ) ) ;
#1527 = ORIENTED_EDGE ( 'NONE', *, *, #1662, .F. ) ;
#1528 = CARTESIAN_POINT ( 'NONE',  ( 0.04734272207354926100, -0.08200000000000001700, 0.01967592592592632200 ) ) ;
#1529 = CARTESIAN_POINT ( 'NONE',  ( 0.07385211081376527600, 8.045651163653024600E-018, 0.2604166666666688500 ) ) ;
#1530 = CARTESIAN_POINT ( 'NONE',  ( 0.08199999999999992000, 4.346229003497349700E-017, 0.4375000000000034400 ) ) ;
#1531 = LOCAL_TIME ( 7, 12, 56.00000000000000000, #2300 ) ;
#1532 = CARTESIAN_POINT ( 'NONE',  ( -0.05538908311032396400, 0.03197890204391216200, 0.3796296296296327600 ) ) ;
#1533 = CARTESIAN_POINT ( 'NONE',  ( 0.08199999999999993400, -0.02197183377935199900, 0.4397317167017115700 ) ) ;
#1534 = CARTESIAN_POINT ( 'NONE',  ( 0.07031249999999998600, 0.04059494080239570100, 0.5761093750000000300 ) ) ;
#1535 = CARTESIAN_POINT ( 'NONE',  ( -0.1179611625461672600, 0.06798856206436723600, 0.6505000000000000800 ) ) ;
#1536 = ADVANCED_FACE ( 'NONE', ( #1424 ), #95, .T. ) ;
#1537 = CARTESIAN_POINT ( 'NONE',  ( 0.03692605540688268000, 0.06395780408782418500, 0.2094907407407425000 ) ) ;
#1538 = CARTESIAN_POINT ( 'NONE',  ( -7.832572005664740100E-018, -0.06395780408782414400, 0.3333333333333360900 ) ) ;
#1539 = DIRECTION ( 'NONE',  ( -0.0000000000000000000, -0.0000000000000000000, -1.000000000000000000 ) ) ;
#1540 = AXIS2_PLACEMENT_3D ( 'NONE', #1877, #2634, #1470 ) ;
#1541 = EDGE_CURVE ( 'NONE', #1779, #4120, #520, .T. ) ;
#1542 = ORIENTED_EDGE ( 'NONE', *, *, #4580, .F. ) ;
#1543 = CARTESIAN_POINT ( 'NONE',  ( 0.04734272207354926100, -0.08200000000000003100, -0.008101851851851676200 ) ) ;
#1544 = CARTESIAN_POINT ( 'NONE',  ( 0.0000000000000000000, 0.06395780408782422700, 0.3506944444444473100 ) ) ;
#1545 = CARTESIAN_POINT ( 'NONE',  ( 0.03359434032833015500, 0.1248985252243349200, 0.5000000000000000000 ) ) ;
#1546 = VERTEX_POINT ( 'NONE', #3759 ) ;
#1547 = ORIENTED_EDGE ( 'NONE', *, *, #4615, .F. ) ;
#1548 = CARTESIAN_POINT ( 'NONE',  ( 0.03692605540688262400, -0.06395780408782415800, 0.3634259259259288700 ) ) ;
#1549 = CARTESIAN_POINT ( 'NONE',  ( 0.08199999999999996200, -0.02197183377935202400, 0.1029261611461530200 ) ) ;
#1550 = DIRECTION ( 'NONE',  ( -0.0000000000000000000, -0.0000000000000000000, -1.000000000000000000 ) ) ;
#1551 = ORIENTED_EDGE ( 'NONE', *, *, #2276, .T. ) ;
#1552 = CARTESIAN_POINT ( 'NONE',  ( 0.0000000000000000000, 0.06395780408782422700, 0.3229166666666692900 ) ) ;
#1553 = CARTESIAN_POINT ( 'NONE',  ( 0.03692605540688268000, 0.06395780408782422700, 0.4004629629629662400 ) ) ;
#1554 = CARTESIAN_POINT ( 'NONE',  ( 0.03750793963531760800, -0.05180497242591561300, 0.002791137421157789200 ) ) ;
#1555 = ORIENTED_EDGE ( 'NONE', *, *, #3475, .T. ) ;
#1556 = ORIENTED_EDGE ( 'NONE', *, *, #2579, .F. ) ;
#1557 = VECTOR ( 'NONE', #514, 39.37007874015748100 ) ;
#1558 = CARTESIAN_POINT ( 'NONE',  ( 0.1214999999999999100, 0.01590431253047733900, 0.6640000000000000300 ) ) ;
#1559 = CARTESIAN_POINT ( 'NONE',  ( -1.004210375300829100E-017, -0.08200000000000001700, -0.01041666666666650800 ) ) ;
#1560 = VERTEX_POINT ( 'NONE', #715 ) ;
#1561 = ADVANCED_FACE ( 'NONE', ( #3758 ), #331, .T. ) ;
#1562 = CARTESIAN_POINT ( 'NONE',  ( -0.05538908311032397100, -0.03197890204391203000, 0.3599537037037067200 ) ) ;
#1563 = CARTESIAN_POINT ( 'NONE',  ( 0.04734272207354927500, -0.08199999999999996200, 0.2418981481481502800 ) ) ;
#1564 = CARTESIAN_POINT ( 'NONE',  ( -0.07101408311032392200, -0.04099999999999993200, 0.2314814814814833400 ) ) ;
#1565 = CARTESIAN_POINT ( 'NONE',  ( 0.07385211081376527600, 8.085977700691081800E-017, 0.5069444444444485300 ) ) ;
#1566 = CARTESIAN_POINT ( 'NONE',  ( -0.08199999999999996200, 1.120869585112474700E-016, 0.06597222222222295900 ) ) ;
#1567 = CARTESIAN_POINT ( 'NONE',  ( -0.1314863113502225400, 0.03533596438850281800, 0.6505000000000001900 ) ) ;
#1568 = EDGE_CURVE ( 'NONE', #3444, #1231, #1622, .T. ) ;
#1569 =( BOUNDED_CURVE ( )  B_SPLINE_CURVE ( 2, ( #3980, #1658, #4014, #951, #2457, #3204, #2873, #576, #121 ),
 .UNSPECIFIED., .F., .F. ) 
 B_SPLINE_CURVE_WITH_KNOTS ( ( 3, 2, 2, 2, 3 ),
 ( 0.1184210526315789400, 0.1228070175438596400, 0.1315789473684210500, 0.1403508771929824500, 0.1447368421052631600 ),
 .UNSPECIFIED. ) 
 CURVE ( )  GEOMETRIC_REPRESENTATION_ITEM ( )  RATIONAL_B_SPLINE_CURVE ( ( 0.9330127018922194100, 0.9330127018922194100, 1.000000000000000000, 0.8660254037844387100, 1.000000000000000000, 0.8660254037844387100, 1.000000000000000000, 0.9330127018922191900, 0.9330127018922194100 ) ) 
 REPRESENTATION_ITEM ( '' )  );
#1570 = CARTESIAN_POINT ( 'NONE',  ( 0.05538908311032398500, 0.03197890204391207900, 0.2905092592592616900 ) ) ;
#1571 = CARTESIAN_POINT ( 'NONE',  ( -7.832572005664740100E-018, -0.06395780408782415800, 0.3055555555555581300 ) ) ;
#1572 = CARTESIAN_POINT ( 'NONE',  ( 0.02313336948739323400, -0.06783382450398170400, 0.5698381207173765000 ) ) ;
#1573 = CARTESIAN_POINT ( 'NONE',  ( -0.07101408311032390800, 0.04099999999999994600, 0.06018518518518565400 ) ) ;
#1574 = CARTESIAN_POINT ( 'NONE',  ( -0.04734272207354927500, 0.08199999999999990600, 0.03356481481481526900 ) ) ;
#1575 = EDGE_CURVE ( 'NONE', #2914, #330, #2653, .T. ) ;
#1576 = CARTESIAN_POINT ( 'NONE',  ( -0.05538908311032397100, -0.03197890204391200300, 0.4710648148148186600 ) ) ;
#1577 = CARTESIAN_POINT ( 'NONE',  ( -0.03692605540688265900, -0.06395780408782411600, 0.3865740740740773500 ) ) ;
#1578 = CARTESIAN_POINT ( 'NONE',  ( 0.04734272207354931600, 0.08199999999999992000, 0.2476851851851871200 ) ) ;
#1579 = CARTESIAN_POINT ( 'NONE',  ( 0.07385211081376527600, -8.363165927785352300E-018, 0.2048611111111128300 ) ) ;
#1580 = CARTESIAN_POINT ( 'NONE',  ( 0.03692605540688268000, 0.06395780408782424100, 0.4282407407407442500 ) ) ;
#1581 = CARTESIAN_POINT ( 'NONE',  ( 0.07385211081376527600, -6.579402574781966000E-017, 0.01041666666666685700 ) ) ;
#1582 = CALENDAR_DATE ( 2023, 19, 12 ) ;
#1583 = CARTESIAN_POINT ( 'NONE',  ( -0.1214999999999999100, 0.01590431253047881000, 0.6640000000000000300 ) ) ;
#1584 = CARTESIAN_POINT ( 'NONE',  ( -0.07101408311032393600, -0.04100000000000000200, 0.04050925925925980700 ) ) ;
#1585 = CARTESIAN_POINT ( 'NONE',  ( 0.05538908311032394300, -0.03197890204391205100, 0.4525462962963000500 ) ) ;
#1586 = CARTESIAN_POINT ( 'NONE',  ( -0.05538908311032396400, 0.03197890204391216200, 0.3831018518518549700 ) ) ;
#1587 = CARTESIAN_POINT ( 'NONE',  ( 0.08199999999999993400, -4.574977898418262900E-017, 0.1354166666666679300 ) ) ;
#1588 = CARTESIAN_POINT ( 'NONE',  ( -0.06394100808105215900, 0.04510981642073619300, 0.4822063932624512900 ) ) ;
#1589 = CARTESIAN_POINT ( 'NONE',  ( -0.05538908311032397100, -0.03197890204391201600, 0.4120370370370404200 ) ) ;
#1590 = CARTESIAN_POINT ( 'NONE',  ( 0.08199999999999993400, 0.02197183377935202700, 0.02554606107607043000 ) ) ;
#1591 = CARTESIAN_POINT ( 'NONE',  ( 0.08199999999999992000, 5.261224583181002000E-017, 0.4652777777777814500 ) ) ;
#1592 = CARTESIAN_POINT ( 'NONE',  ( -0.07101408311032390800, 0.04099999999999993200, 0.03240740740740764800 ) ) ;
#1593 = EDGE_CURVE ( 'NONE', #1255, #4664, #1681, .T. ) ;
#1594 = CARTESIAN_POINT ( 'NONE',  ( -0.03692605540688263800, 0.06395780408782419900, 0.1863425925925941700 ) ) ;
#1595 = VERTEX_POINT ( 'NONE', #1642 ) ;
#1596 = CARTESIAN_POINT ( 'NONE',  ( 0.03692605540688262400, -0.06395780408782424100, 0.08912037037037119600 ) ) ;
#1597 = VERTEX_POINT ( 'NONE', #44 ) ;
#1598 = CARTESIAN_POINT ( 'NONE',  ( 0.03180236820678552400, 0.1183376801086926200, 0.6640000000000000300 ) ) ;
#1599 = EDGE_CURVE ( 'NONE', #2746, #1367, #881, .T. ) ;
#1600 = CARTESIAN_POINT ( 'NONE',  ( 0.0000000000000000000, 0.08199999999999993400, 0.1423611111111124400 ) ) ;
#1601 = ORIENTED_EDGE ( 'NONE', *, *, #402, .F. ) ;
#1602 = CARTESIAN_POINT ( 'NONE',  ( -0.03692605540688263800, 0.06395780408782424100, 0.3530092592592621300 ) ) ;
#1603 = CARTESIAN_POINT ( 'NONE',  ( 0.05494849559462618900, 0.04612753680031362500, 0.4780957901383319800 ) ) ;
#1604 = EDGE_LOOP ( 'NONE', ( #1616, #4395, #3008, #3823, #4651, #936 ) ) ;
#1605 = CARTESIAN_POINT ( 'NONE',  ( 0.03692605540688268000, 0.06395780408782426900, 0.4837962962963002200 ) ) ;
#1606 = CARTESIAN_POINT ( 'NONE',  ( -0.02955355651781516000, -0.07470233163419333400, 0.4835131281752336800 ) ) ;
#1607 = CARTESIAN_POINT ( 'NONE',  ( -0.06798856235007140500, 0.1179611624278247600, 0.6505000000000000800 ) ) ;
#1608 = DIRECTION ( 'NONE',  ( -0.8632129213663993800, 0.0000000000000000000, 0.5048400265292821700 ) ) ;
#1609 = CARTESIAN_POINT ( 'NONE',  ( 0.0000000000000000000, 0.08199999999999989200, 0.02777777777777797700 ) ) ;
#1610 = ORIENTED_EDGE ( 'NONE', *, *, #4686, .F. ) ;
#1611 = CARTESIAN_POINT ( 'NONE',  ( 0.07385211081376527600, 4.906769389224896800E-017, 0.3993055555555588000 ) ) ;
#1612 = CARTESIAN_POINT ( 'NONE',  ( 0.07031250000000012500, 0.01380579052116912200, 0.5704331717045272300 ) ) ;
#1613 = CARTESIAN_POINT ( 'NONE',  ( 0.03692605540688268000, 0.06395780408782415800, 0.09837962962963051100 ) ) ;
#1614 =( BOUNDED_CURVE ( )  B_SPLINE_CURVE ( 2, ( #1220, #2355, #3932, #4282, #856, #1990, #1638, #842, #756 ),
 .UNSPECIFIED., .F., .F. ) 
 B_SPLINE_CURVE_WITH_KNOTS ( ( 3, 2, 2, 2, 3 ),
 ( 0.6447368421052631600, 0.6491228070175438800, 0.6578947368421053100, 0.6666666666666666300, 0.6710526315789473500 ),
 .UNSPECIFIED. ) 
 CURVE ( )  GEOMETRIC_REPRESENTATION_ITEM ( )  RATIONAL_B_SPLINE_CURVE ( ( 0.9330127018922194100, 0.9330127018922194100, 1.000000000000000000, 0.8660254037844387100, 1.000000000000000000, 0.8660254037844387100, 1.000000000000000000, 0.9330127018922194100, 0.9330127018922194100 ) ) 
 REPRESENTATION_ITEM ( '' )  );
#1615 = CARTESIAN_POINT ( 'NONE',  ( 0.03533596467421694400, -0.1314863112318784000, 0.6640000000000001500 ) ) ;
#1616 = ORIENTED_EDGE ( 'NONE', *, *, #3104, .T. ) ;
#1617 = CARTESIAN_POINT ( 'NONE',  ( 0.07101408311032389500, -0.04099999999999991800, 0.4629629629629666800 ) ) ;
#1618 = CARTESIAN_POINT ( 'NONE',  ( 0.07101408311032396400, 0.04099999999999989100, 0.08217592592592679000 ) ) ;
#1619 = CARTESIAN_POINT ( 'NONE',  ( -0.04734272207354930200, -0.08199999999999987900, 0.3171296296296321500 ) ) ;
#1620 = CARTESIAN_POINT ( 'NONE',  ( -0.04734272207354927500, 0.08199999999999992000, 0.1168981481481492800 ) ) ;
#1621 = CARTESIAN_POINT ( 'NONE',  ( -0.08199999999999993400, 7.549139889267777500E-020, 0.0000000000000000000 ) ) ;
#1622 = B_SPLINE_CURVE_WITH_KNOTS ( 'NONE', 3,
 ( #1866, #3386, #1379, #2493, #599, #2132, #4815, #2892, #3278, #2511, #1711, #3257, #1394, #4416, #2103, #4451, #4076, #991 ),
 .UNSPECIFIED., .F., .F.,
 ( 4, 2, 2, 2, 2, 2, 2, 2, 4 ),
 ( 0.5000000000000000000, 0.5625000000000000000, 0.6250000000000000000, 0.6875000000000000000, 0.7500000000000000000, 0.8125000000000000000, 0.8750000000000000000, 0.9375000000000000000, 1.000000000000000000 ),
 .UNSPECIFIED. ) ;
#1623 = CARTESIAN_POINT ( 'NONE',  ( -0.1079550237237542500, -0.08296380719661347600, 0.5067500000000000300 ) ) ;
#1624 = CARTESIAN_POINT ( 'NONE',  ( 0.07031250000000011100, -0.01366972051031270000, 0.5704179648779781300 ) ) ;
#1625 = AXIS2_PLACEMENT_3D ( 'NONE', #1296, #3975, #2092 ) ;
#1626 = CARTESIAN_POINT ( 'NONE',  ( 0.08199999999999996200, 0.02197183377935208900, 0.4665182832982959800 ) ) ;
#1627 = CARTESIAN_POINT ( 'NONE',  ( 0.08199999999999992000, 5.261224583181002000E-017, 0.4652777777777814500 ) ) ;
#1628 = ADVANCED_FACE ( 'NONE', ( #3448 ), #4665, .T. ) ;
#1629 = CARTESIAN_POINT ( 'NONE',  ( 0.07385211081376527600, 3.265887680081059200E-017, 0.3437500000000028300 ) ) ;
#1630 = CARTESIAN_POINT ( 'NONE',  ( -0.05538908311032397100, -0.03197890204391201600, 0.4120370370370404200 ) ) ;
#1631 = CARTESIAN_POINT ( 'NONE',  ( 0.05538908311032398500, 0.03197890204391200900, 0.06828703703703767300 ) ) ;
#1632 = CARTESIAN_POINT ( 'NONE',  ( 0.04734272207354926100, -0.08200000000000000300, 0.1030092592592603300 ) ) ;
#1633 = CARTESIAN_POINT ( 'NONE',  ( 0.07101408311032395000, 0.04099999999999996000, 0.3564814814814842900 ) ) ;
#1634 = VERTEX_POINT ( 'NONE', #3938 ) ;
#1635 = CARTESIAN_POINT ( 'NONE',  ( 0.01767145867644260400, -0.1349999999999999300, 0.5067500000000000300 ) ) ;
#1636 = DIRECTION ( 'NONE',  ( -0.0000000000000000000, -0.0000000000000000000, -1.000000000000000000 ) ) ;
#1637 = DIRECTION ( 'NONE',  ( -0.0000000000000000000, -0.0000000000000000000, -1.000000000000000000 ) ) ;
#1638 = CARTESIAN_POINT ( 'NONE',  ( 0.07101408311032390800, -0.04099999999999996700, 0.3275462962962991100 ) ) ;
#1639 = CARTESIAN_POINT ( 'NONE',  ( -0.09468544414709854900, -2.284212720609454600E-017, 0.09027777777777849800 ) ) ;
#1640 = PERSON_AND_ORGANIZATION ( #1861, #917 ) ;
#1641 = CARTESIAN_POINT ( 'NONE',  ( -0.05538908311032397100, -0.03197890204391203000, 0.3599537037037067200 ) ) ;
#1642 = CARTESIAN_POINT ( 'NONE',  ( -0.02995373990908970300, -0.07633330508669582100, 0.4844865601199070400 ) ) ;
#1643 = CARTESIAN_POINT ( 'NONE',  ( 0.03692605540688262400, -0.06395780408782422700, 0.1168981481481491900 ) ) ;
#1644 = CARTESIAN_POINT ( 'NONE',  ( -0.03692605540688265900, -0.06395780408782422700, -0.002314814814814706700 ) ) ;
#1645 = AXIS2_PLACEMENT_3D ( 'NONE', #4322, #2371, #2865 ) ;
#1646 = CARTESIAN_POINT ( 'NONE',  ( 0.07101408311032389500, -0.04099999999999994600, 0.3796296296296326500 ) ) ;
#1647 = DIRECTION ( 'NONE',  ( -1.000000000000000000, 0.0000000000000000000, 0.0000000000000000000 ) ) ;
#1648 = LINE ( 'NONE', #1794, #624 ) ;
#1649 = CARTESIAN_POINT ( 'NONE',  ( -0.07468552959670624000, 0.09713744263480626800, 0.6640000000000002600 ) ) ;
#1650 = CARTESIAN_POINT ( 'NONE',  ( 0.03359649211100729900, -0.1249037200871613400, 0.4999999999999999400 ) ) ;
#1651 = ORIENTED_EDGE ( 'NONE', *, *, #268, .T. ) ;
#1652 = CARTESIAN_POINT ( 'NONE',  ( -0.08199999999999993400, 0.02197183377935208600, 0.2834817167017100200 ) ) ;
#1653 = CARTESIAN_POINT ( 'NONE',  ( 0.04734272207354927500, -0.08199999999999999000, 0.1585648148148163000 ) ) ;
#1654 = ORIENTED_EDGE ( 'NONE', *, *, #1759, .T. ) ;
#1655 = VERTEX_POINT ( 'NONE', #3903 ) ;
#1656 = CARTESIAN_POINT ( 'NONE',  ( -0.07101408311032390800, 0.04099999999999996000, 0.1157407407407416400 ) ) ;
#1657 = CARTESIAN_POINT ( 'NONE',  ( 0.05538908311032394300, -0.03197890204391205800, 0.4247685185185220400 ) ) ;
#1658 = CARTESIAN_POINT ( 'NONE',  ( -0.08199999999999996200, -0.02197183377935208300, 0.03943494996495943600 ) ) ;
#1659 = CARTESIAN_POINT ( 'NONE',  ( 0.05538908311032394300, -0.03197890204391215500, 0.09143518518518602100 ) ) ;
#1660 = CARTESIAN_POINT ( 'NONE',  ( 0.08199999999999996200, 0.02197183377935201700, 0.2165182832982939800 ) ) ;
#1661 = VERTEX_POINT ( 'NONE', #490 ) ;
#1662 = EDGE_CURVE ( 'NONE', #330, #2981, #2388, .T. ) ;
#1663 = CARTESIAN_POINT ( 'NONE',  ( 0.05538908311032394300, -0.03197890204391218300, 0.004629629629629782900 ) ) ;
#1664 = ORIENTED_EDGE ( 'NONE', *, *, #2966, .T. ) ;
#1665 = ORIENTED_EDGE ( 'NONE', *, *, #2302, .F. ) ;
#1666 = CIRCLE ( 'NONE', #1499, 0.08477777777777773000 ) ;
#1667 = CARTESIAN_POINT ( 'NONE',  ( 0.07101408311032389500, -0.04099999999999996000, 0.3240740740740766200 ) ) ;
#1668 = CARTESIAN_POINT ( 'NONE',  ( 0.07101408311032390800, -0.04099999999999995300, 0.3831018518518550800 ) ) ;
#1669 = ORIENTED_EDGE ( 'NONE', *, *, #3991, .T. ) ;
#1670 = CARTESIAN_POINT ( 'NONE',  ( 0.1120765748648828300, -0.06456396007318147800, 0.5000000000000000000 ) ) ;
#1671 = DIRECTION ( 'NONE',  ( 0.0000000000000000000, 0.0000000000000000000, -1.000000000000000000 ) ) ;
#1672 = CARTESIAN_POINT ( 'NONE',  ( -0.07101408311032393600, -0.04099999999999993200, 0.2627314814814837900 ) ) ;
#1673 = CARTESIAN_POINT ( 'NONE',  ( 0.07101408311032395000, 0.04099999999999989100, 0.1064814814814823200 ) ) ;
#1674 = CARTESIAN_POINT ( 'NONE',  ( -0.05538908311032397100, -0.03197890204391200300, 0.4710648148148186600 ) ) ;
#1675 = CARTESIAN_POINT ( 'NONE',  ( -0.04106707222842342200, -0.05747979639888089300, 0.6577155752916160600 ) ) ;
#1676 = CARTESIAN_POINT ( 'NONE',  ( 0.1349999999999999300, 1.760761402166419200E-017, 0.5000000000000000000 ) ) ;
#1677 = DIRECTION ( 'NONE',  ( 0.8660254037844397100, 0.0000000000000000000, 0.4999999999999979500 ) ) ;
#1678 = CARTESIAN_POINT ( 'NONE',  ( 0.04734272207354925400, -0.08199999999999993400, 0.2384259259259278500 ) ) ;
#1679 = AXIS2_PLACEMENT_3D ( 'NONE', #349, #3063, #3461 ) ;
#1680 = CARTESIAN_POINT ( 'NONE',  ( -0.1183294042724285600, 0.03182969378800085800, 0.6639999999999999200 ) ) ;
#1681 = B_SPLINE_CURVE_WITH_KNOTS ( 'NONE', 3,
 ( #3505, #4304, #1612, #427, #2020, #2397 ),
 .UNSPECIFIED., .F., .F.,
 ( 4, 2, 4 ),
 ( 0.002810610629088845100, 0.003332079570215738300, 0.003853548511342631500 ),
 .UNSPECIFIED. ) ;
#1682 = CARTESIAN_POINT ( 'NONE',  ( -0.07101408311032392200, 0.04100000000000005700, 0.3969907407407441400 ) ) ;
#1683 = CARTESIAN_POINT ( 'NONE',  ( -0.05538908311032396400, 0.03197890204391205100, 0.02199074074074101500 ) ) ;
#1684 = EDGE_CURVE ( 'NONE', #3159, #4413, #1784, .T. ) ;
#1685 = FACE_OUTER_BOUND ( 'NONE', #1729, .T. ) ;
#1686 = CARTESIAN_POINT ( 'NONE',  ( 0.0000000000000000000, -1.104688079777929600E-016, 0.6640000000000000300 ) ) ;
#1687 =( NAMED_UNIT ( * ) SI_UNIT ( $, .STERADIAN. ) SOLID_ANGLE_UNIT ( ) );
#1688 = CARTESIAN_POINT ( 'NONE',  ( -0.07101408311032392200, -0.04099999999999994600, 0.2037037037037053000 ) ) ;
#1689 = EDGE_CURVE ( 'NONE', #2561, #4712, #788, .T. ) ;
#1690 = CARTESIAN_POINT ( 'NONE',  ( -0.05538908311032397100, -0.03197890204391212700, 0.02314814814814844500 ) ) ;
#1691 = CARTESIAN_POINT ( 'NONE',  ( -0.01148066163022194700, -0.07456151852210732300, 0.6601731127898454700 ) ) ;
#1692 = CARTESIAN_POINT ( 'NONE',  ( -0.08199999999999985100, -0.02197183377935215900, 0.2061016166316274300 ) ) ;
#1693 = DIRECTION ( 'NONE',  ( -1.000000000000000000, 0.0000000000000000000, 0.0000000000000000000 ) ) ;
#1694 = FACE_OUTER_BOUND ( 'NONE', #2649, .T. ) ;
#1695 = CARTESIAN_POINT ( 'NONE',  ( -0.07101408311032390800, 0.04100000000000006400, 0.4490740740740776200 ) ) ;
#1696 = CARTESIAN_POINT ( 'NONE',  ( -0.08199999999999996200, 1.212369143080840000E-016, 0.09375000000000095800 ) ) ;
#1697 = CARTESIAN_POINT ( 'NONE',  ( 0.04734272207354931600, 0.08199999999999990600, 0.1921296296296311500 ) ) ;
#1698 = CARTESIAN_POINT ( 'NONE',  ( 0.08199999999999993400, -0.02197183377935201700, 0.3841761611461554400 ) ) ;
#1699 = CARTESIAN_POINT ( 'NONE',  ( -0.05538908311032397100, -0.03197890204391209300, 0.1620370370370384500 ) ) ;
#1700 = CARTESIAN_POINT ( 'NONE',  ( 0.03692605540688262400, -0.06395780408782422700, 0.1168981481481491900 ) ) ;
#1701 = DIRECTION ( 'NONE',  ( -0.0000000000000000000, -0.0000000000000000000, -1.000000000000000000 ) ) ;
#1702 = CARTESIAN_POINT ( 'NONE',  ( 0.07101408311032390800, -0.04099999999999998800, 0.2719907407407431400 ) ) ;
#1703 =( CONVERSION_BASED_UNIT ( 'INCH', #3730 ) LENGTH_UNIT ( ) NAMED_UNIT ( #4221 ) );
#1704 = CARTESIAN_POINT ( 'NONE',  ( 0.0000000000000000000, 0.08199999999999996200, 0.2222222222222239600 ) ) ;
#1705 = CARTESIAN_POINT ( 'NONE',  ( -7.832572005664740100E-018, -0.06395780408782422700, 0.05555555555555611500 ) ) ;
#1706 = CARTESIAN_POINT ( 'NONE',  ( -0.08199999999999997600, -0.02197183377935198200, 0.1192960610760709500 ) ) ;
#1707 = CARTESIAN_POINT ( 'NONE',  ( -0.09715952115457671100, -0.07466742667375420000, 0.6640000000000000300 ) ) ;
#1708 = DIRECTION ( 'NONE',  ( -0.0000000000000000000, -0.0000000000000000000, -1.000000000000000000 ) ) ;
#1709 = ORIENTED_EDGE ( 'NONE', *, *, #1180, .T. ) ;
#1710 = ORIENTED_EDGE ( 'NONE', *, *, #2113, .T. ) ;
#1711 = CARTESIAN_POINT ( 'NONE',  ( -0.03533596438850283200, -0.1314863113502224800, 0.6505000000000000800 ) ) ;
#1712 = CARTESIAN_POINT ( 'NONE',  ( 0.07101408311032389500, -0.04099999999999993200, 0.4074074074074106000 ) ) ;
#1713 = ORIENTED_EDGE ( 'NONE', *, *, #4129, .T. ) ;
#1715 = EDGE_CURVE ( 'NONE', #176, #943, #1360, .T. ) ;
#1714 = LINE ( 'NONE', #4751, #3501 ) ;
#1716 = CARTESIAN_POINT ( 'NONE',  ( -3.295631491865439600E-017, 0.08118988160479123600, 0.5761093750000000300 ) ) ;
#1717 =( BOUNDED_CURVE ( )  B_SPLINE_CURVE ( 2, ( #3410, #1122, #4530, #1516, #1902, #4599, #4968, #2655, #3036 ),
 .UNSPECIFIED., .F., .F. ) 
 B_SPLINE_CURVE_WITH_KNOTS ( ( 3, 2, 2, 2, 3 ),
 ( 0.2763157894736841800, 0.2807017543859649000, 0.2894736842105263300, 0.2982456140350877000, 0.3026315789473684200 ),
 .UNSPECIFIED. ) 
 CURVE ( )  GEOMETRIC_REPRESENTATION_ITEM ( )  RATIONAL_B_SPLINE_CURVE ( ( 0.9330127018922191900, 0.9330127018922188500, 1.000000000000000000, 0.8660254037844387100, 1.000000000000000000, 0.8660254037844387100, 1.000000000000000000, 0.9330127018922194100, 0.9330127018922194100 ) ) 
 REPRESENTATION_ITEM ( '' )  );
#1718 = CARTESIAN_POINT ( 'NONE',  ( 0.05538908311032394300, -0.03197890204391214100, 0.1435185185185197700 ) ) ;
#1719 = CARTESIAN_POINT ( 'NONE',  ( 0.05538908311032394300, -0.03197890204391214100, 0.1469907407407420000 ) ) ;
#1720 = CARTESIAN_POINT ( 'NONE',  ( -0.08199999999999993400, 3.431233423813696700E-017, 0.2604166666666689100 ) ) ;
#1721 = CARTESIAN_POINT ( 'NONE',  ( 0.07101408311032396400, 0.04099999999999992500, 0.1932870370370387600 ) ) ;
#1722 = ORIENTED_EDGE ( 'NONE', *, *, #3735, .F. ) ;
#1723 = CONICAL_SURFACE ( 'NONE', #355, 0.08118988160479118100, 1.047197551196600100 ) ;
#1724 = CARTESIAN_POINT ( 'NONE',  ( 0.05538908311032394300, -0.03197890204391218300, 0.004629629629629782900 ) ) ;
#1725 = CARTESIAN_POINT ( 'NONE',  ( -1.004210375300829100E-017, -0.08199999999999990600, 0.4062500000000034400 ) ) ;
#1726 = CARTESIAN_POINT ( 'NONE',  ( 0.04734272207354927500, -0.08199999999999992000, 0.3530092592592623000 ) ) ;
#1727 = CARTESIAN_POINT ( 'NONE',  ( -0.08199999999999996200, 0.02197183377935214100, 0.4813983833683784800 ) ) ;
#1728 = ORIENTED_EDGE ( 'NONE', *, *, #2519, .T. ) ;
#1729 = EDGE_LOOP ( 'NONE', ( #3254, #4732, #1923, #4183 ) ) ;
#1730 = CARTESIAN_POINT ( 'NONE',  ( -0.03692605540688265900, -0.06395780408782419900, 0.1087962962962972800 ) ) ;
#1731 = CARTESIAN_POINT ( 'NONE',  ( 0.0000000000000000000, 0.06395780408782417200, 0.09722222222222308400 ) ) ;
#1732 = CARTESIAN_POINT ( 'NONE',  ( 0.04734272207354931600, 0.08200000000000000300, 0.4976851851851890600 ) ) ;
#1733 = EDGE_LOOP ( 'NONE', ( #3039, #3617, #1245, #4340 ) ) ;
#1734 = CARTESIAN_POINT ( 'NONE',  ( -0.08199999999999992000, 9.378704691757439700E-017, 0.4513888888888924500 ) ) ;
#1735 = CARTESIAN_POINT ( 'NONE',  ( 0.04734272207354931600, 0.08199999999999999000, 0.4178240740740775700 ) ) ;
#1736 = CARTESIAN_POINT ( 'NONE',  ( -0.04734272207354927500, 0.08199999999999990600, 0.06134259259259327400 ) ) ;
#1737 = CARTESIAN_POINT ( 'NONE',  ( 0.0000000000000000000, 0.06395780408782421300, 0.2638888888888910600 ) ) ;
#1738 = CARTESIAN_POINT ( 'NONE',  ( -0.03692605540688263800, 0.06395780408782418500, 0.1863425925925941700 ) ) ;
#1739 = SECURITY_CLASSIFICATION_LEVEL ( 'unclassified' ) ;
#1740 = CARTESIAN_POINT ( 'NONE',  ( 0.04734272207354931600, 0.08199999999999996200, 0.3067129629629656300 ) ) ;
#1741 = CARTESIAN_POINT ( 'NONE',  ( 0.07385211081376527600, -6.681957681603457900E-017, 0.006944444444444605400 ) ) ;
#1742 = CARTESIAN_POINT ( 'NONE',  ( 0.08199999999999992000, 6.862466847627394900E-018, 0.3263888888888914500 ) ) ;
#1743 = CARTESIAN_POINT ( 'NONE',  ( 0.05579354296874217800, -0.03386104562179643300, 0.003897390431878284600 ) ) ;
#1744 = CARTESIAN_POINT ( 'NONE',  ( -0.1249119956818076100, -0.03356916641267811100, 0.5000000000000000000 ) ) ;
#1745 = CARTESIAN_POINT ( 'NONE',  ( -0.1349999999999999300, 7.549139889267777500E-020, 0.5067500000000000300 ) ) ;
#1746 = CARTESIAN_POINT ( 'NONE',  ( 0.0000000000000000000, 0.06395780408782414400, 0.04166666666666708100 ) ) ;
#1747 = CARTESIAN_POINT ( 'NONE',  ( 0.0000000000000000000, 0.08200000000000001700, 0.4722222222222259300 ) ) ;
#1748 = CARTESIAN_POINT ( 'NONE',  ( -0.07101408311032392200, -0.04099999999999999500, 0.03703703703703734000 ) ) ;
#1749 = B_SPLINE_CURVE_WITH_KNOTS ( 'NONE', 3,
 ( #3377, #2627, #4142, #2660, #1519, #3042, #3727, #4496, #287, #4196, #4517, #2263, #740, #1905, #357, #1058, #4570, #301 ),
 .UNSPECIFIED., .F., .F.,
 ( 4, 2, 2, 2, 2, 2, 2, 2, 4 ),
 ( 2.997186652343147200E-017, 0.0005861594743576081500, 0.001172318948715186600, 0.001758478423072765400, 0.002344637897430344600, 0.002930797371787923100, 0.003516956846145502100, 0.004103116320503081100, 0.004689275794860660500 ),
 .UNSPECIFIED. ) ;
#1750 = CARTESIAN_POINT ( 'NONE',  ( -0.08199999999999978100, -0.02197183377935223500, 0.3692960610760729900 ) ) ;
#1751 = CARTESIAN_POINT ( 'NONE',  ( -0.05538908311032396400, 0.03197890204391212000, 0.2407407407407427500 ) ) ;
#1752 = CARTESIAN_POINT ( 'NONE',  ( 0.05538908311032398500, 0.03197890204391204400, 0.1793981481481496900 ) ) ;
#1753 = ORIENTED_EDGE ( 'NONE', *, *, #4094, .F. ) ;
#1754 = CARTESIAN_POINT ( 'NONE',  ( -0.05538908311032397100, -0.03197890204391212700, 0.05439814814814870200 ) ) ;
#1755 = CARTESIAN_POINT ( 'NONE',  ( 0.0000000000000000000, 7.549139889267777500E-020, 0.0000000000000000000 ) ) ;
#1756 = CARTESIAN_POINT ( 'NONE',  ( 0.01767145867644256600, 0.1349999999999999500, 0.5067500000000000300 ) ) ;
#1757 = CARTESIAN_POINT ( 'NONE',  ( -0.04734272207354930900, -0.08199999999999990600, 0.3206018518518546400 ) ) ;
#1758 = AXIS2_PLACEMENT_3D ( 'NONE', #2476, #3239, #2580 ) ;
#1759 = EDGE_CURVE ( 'NONE', #337, #1661, #2769, .T. ) ;
#1760 = CARTESIAN_POINT ( 'NONE',  ( 0.03692605540688268000, 0.06395780408782414400, 0.06712962962963024700 ) ) ;
#1761 = CARTESIAN_POINT ( 'NONE',  ( 0.08199999999999992000, -0.02197183377935206900, 0.2140372722572649900 ) ) ;
#1762 = CARTESIAN_POINT ( 'NONE',  ( 0.07466742667375374200, 0.09715952115457372800, 0.6640000000000000300 ) ) ;
#1763 = CARTESIAN_POINT ( 'NONE',  ( -0.06458913398896748400, 0.1120631044073336100, 0.5000000000000000000 ) ) ;
#1764 = ADVANCED_FACE ( 'NONE', ( #2146 ), #4238, .F. ) ;
#1765 = CARTESIAN_POINT ( 'NONE',  ( -0.06798856209364952100, -0.1179611625340331600, 0.5000000000000000000 ) ) ;
#1766 = CARTESIAN_POINT ( 'NONE',  ( 0.05538908311032398500, 0.03197890204391200900, 0.06481481481481542200 ) ) ;
#1767 =( BOUNDED_CURVE ( )  B_SPLINE_CURVE ( 2, ( #906, #4392, #154, #4775, #2116, #3573, #557, #3233, #3616 ),
 .UNSPECIFIED., .F., .F. ) 
 B_SPLINE_CURVE_WITH_KNOTS ( ( 3, 2, 2, 2, 3 ),
 ( 0.7236842105263158200, 0.7280701754385965300, 0.7368421052631578500, 0.7456140350877192800, 0.7500000000000000000 ),
 .UNSPECIFIED. ) 
 CURVE ( )  GEOMETRIC_REPRESENTATION_ITEM ( )  RATIONAL_B_SPLINE_CURVE ( ( 0.9330127018922194100, 0.9330127018922194100, 1.000000000000000000, 0.8660254037844387100, 1.000000000000000000, 0.8660254037844387100, 1.000000000000000000, 0.9330127018922194100, 0.9330127018922194100 ) ) 
 REPRESENTATION_ITEM ( '' )  );
#1768 = CARTESIAN_POINT ( 'NONE',  ( -0.04734272207354926100, 0.08200000000000003100, 0.5023148148148187700 ) ) ;
#1769 = CARTESIAN_POINT ( 'NONE',  ( 0.03692605540688262400, -0.06395780408782419900, 0.2245370370370389500 ) ) ;
#1770 = CARTESIAN_POINT ( 'NONE',  ( 0.03692605540688262400, -0.06395780408782421300, 0.2002314814814832300 ) ) ;
#1771 = CARTESIAN_POINT ( 'NONE',  ( 0.05538908311032394300, -0.03197890204391216200, 0.06365740740740803700 ) ) ;
#1772 = ORIENTED_EDGE ( 'NONE', *, *, #2937, .T. ) ;
#1773 = CARTESIAN_POINT ( 'NONE',  ( -0.02208194216514671600, 0.06898136284944633700, 0.01066844412572903900 ) ) ;
#1774 = CARTESIAN_POINT ( 'NONE',  ( -0.04734272207354927500, 0.08199999999999997600, 0.2835648148148173200 ) ) ;
#1775 = CARTESIAN_POINT ( 'NONE',  ( -0.03692605540688263800, 0.06395780408782419900, 0.2106481481481498900 ) ) ;
#1776 = CARTESIAN_POINT ( 'NONE',  ( -0.08296380741528385000, -0.1079550235050873000, 0.6640000000000001500 ) ) ;
#1777 =( BOUNDED_CURVE ( )  B_SPLINE_CURVE ( 2, ( #4031, #2129, #4811, #3273, #985, #3657, #4050, #1761, #2591 ),
 .UNSPECIFIED., .F., .F. ) 
 B_SPLINE_CURVE_WITH_KNOTS ( ( 3, 2, 2, 2, 3 ),
 ( 0.3815789473684210700, 0.3859649122807017300, 0.3947368421052631600, 0.4035087719298245400, 0.4078947368421052500 ),
 .UNSPECIFIED. ) 
 CURVE ( )  GEOMETRIC_REPRESENTATION_ITEM ( )  RATIONAL_B_SPLINE_CURVE ( ( 0.9330127018922194100, 0.9330127018922198500, 1.000000000000000000, 0.8660254037844387100, 1.000000000000000000, 0.8660254037844387100, 1.000000000000000000, 0.9330127018922194100, 0.9330127018922194100 ) ) 
 REPRESENTATION_ITEM ( '' )  );
#1778 = CARTESIAN_POINT ( 'NONE',  ( -0.08477777777777773000, -5.530426628471140400E-017, 0.4861111111111109900 ) ) ;
#1779 = VERTEX_POINT ( 'NONE', #4774 ) ;
#1780 = FACE_OUTER_BOUND ( 'NONE', #3865, .T. ) ;
#1781 = CARTESIAN_POINT ( 'NONE',  ( 0.1079550235274975700, 0.08296380739287014000, 0.5067500000000000300 ) ) ;
#1782 = CARTESIAN_POINT ( 'NONE',  ( -0.03692605540688263800, 0.06395780408782414400, 0.01620370370370391800 ) ) ;
#1783 = VERTEX_POINT ( 'NONE', #2067 ) ;
#1784 = LINE ( 'NONE', #3887, #1131 ) ;
#1785 =( BOUNDED_SURFACE ( )  B_SPLINE_SURFACE ( 2, 3, ( 
 ( #4212, #4227, #764, #3445, #15, #3432, #29, #1148, #1933, #4593, #414, #2301, #2, #3789, #1162, #3836, #4245, #1558, #400, #3082, #3101, #4258, #2363, #1598, #3144, #3868, #861, #3130, #2732, #428, #1997, #2382, #1583, #1981 ),
 ( #4645, #46, #2346, #3114, #828, #446, #1226, #2764, #3488, #1210, #1615, #4288, #2007, #846, #3889, #3474, #4685, #3905, #4273, #4666, #60, #76, #2751, #3509, #465, #3525, #1247, #1196, #3801, #304, #4960, #2646, #377, #705 ),
 ( #1522, #4521, #2284, #3426, #4975, #4161, #4573, #1157, #2663, #2231, #360, #744, #3379, #2249, #3045, #757, #1145, #1097, #1874, #1114, #2609, #3768, #4929, #2630, #3022, #3396, #3816, #4222, #1908, #2264, #1535, #4208, #1928, #2295 ) ),
 .UNSPECIFIED., .F., .T., .F. ) 
 B_SPLINE_SURFACE_WITH_KNOTS ( ( 3, 3 ),
 ( 4, 2, 2, 2, 2, 2, 2, 2, 2, 2, 2, 2, 2, 2, 2, 2, 4 ),
 ( 0.0000000000000000000, 1.000000000000000000 ),
 ( -3.141592653589793100, -2.748893571891069000, -2.356194490192344800, -1.963495408493620700, -1.570796326794896600, -1.178097245096172400, -0.7853981633974482800, -0.3926990816987241400, 0.0000000000000000000, 0.3926990816987241400, 0.7853981633974482800, 1.178097245096172400, 1.570796326794896600, 1.963495408493620700, 2.356194490192344800, 2.748893571891069000, 3.141592653589793100 ),
 .UNSPECIFIED. ) 
 GEOMETRIC_REPRESENTATION_ITEM ( )  RATIONAL_B_SPLINE_SURFACE ( (
 ( 1.000000000000000000, 1.000000000000000000, 1.000000000000000000, 1.000000000000000000, 1.000000000000000000, 1.000000000000000000, 1.000000000000000000, 1.000000000000000000, 1.000000000000000000, 1.000000000000000000, 1.000000000000000000, 1.000000000000000000, 1.000000000000000000, 1.000000000000000000, 1.000000000000000000, 1.000000000000000000, 1.000000000000000000, 1.000000000000000000, 1.000000000000000000, 1.000000000000000000, 1.000000000000000000, 1.000000000000000000, 1.000000000000000000, 1.000000000000000000, 1.000000000000000000, 1.000000000000000000, 1.000000000000000000, 1.000000000000000000, 1.000000000000000000, 1.000000000000000000, 1.000000000000000000, 1.000000000000000000, 1.000000000000000000, 1.000000000000000000),
 ( 0.3333333333333333100, 0.3333333333333333100, 0.3333333333333333100, 0.3333333333333333100, 0.3333333333333333100, 0.3333333333333333100, 0.3333333333333333100, 0.3333333333333333100, 0.3333333333333333100, 0.3333333333333333100, 0.3333333333333333100, 0.3333333333333333100, 0.3333333333333333100, 0.3333333333333333100, 0.3333333333333333100, 0.3333333333333333100, 0.3333333333333333100, 0.3333333333333333100, 0.3333333333333333100, 0.3333333333333333100, 0.3333333333333333100, 0.3333333333333333100, 0.3333333333333333100, 0.3333333333333333100, 0.3333333333333333100, 0.3333333333333333100, 0.3333333333333333100, 0.3333333333333333100, 0.3333333333333333100, 0.3333333333333333100, 0.3333333333333333100, 0.3333333333333333100, 0.3333333333333333100, 0.3333333333333333100),
 ( 1.000000000000000000, 1.000000000000000000, 1.000000000000000000, 1.000000000000000000, 1.000000000000000000, 1.000000000000000000, 1.000000000000000000, 1.000000000000000000, 1.000000000000000000, 1.000000000000000000, 1.000000000000000000, 1.000000000000000000, 1.000000000000000000, 1.000000000000000000, 1.000000000000000000, 1.000000000000000000, 1.000000000000000000, 1.000000000000000000, 1.000000000000000000, 1.000000000000000000, 1.000000000000000000, 1.000000000000000000, 1.000000000000000000, 1.000000000000000000, 1.000000000000000000, 1.000000000000000000, 1.000000000000000000, 1.000000000000000000, 1.000000000000000000, 1.000000000000000000, 1.000000000000000000, 1.000000000000000000, 1.000000000000000000, 1.000000000000000000) ) ) 
 REPRESENTATION_ITEM ( '' )  SURFACE ( )  );
#1786 = CARTESIAN_POINT ( 'NONE',  ( 0.07385211081376527600, -5.758961720210048200E-017, 0.03819444444444485700 ) ) ;
#1787 = CARTESIAN_POINT ( 'NONE',  ( -0.08199999999999993400, -0.02197183377935207600, 0.03596272774273696900 ) ) ;
#1788 = CARTESIAN_POINT ( 'NONE',  ( 0.08199999999999992000, -0.02197183377935204400, 0.2695928278128210100 ) ) ;
#1789 = CARTESIAN_POINT ( 'NONE',  ( -0.03692605540688263800, 0.06395780408782422700, 0.2939814814814839000 ) ) ;
#1790 = ORIENTED_EDGE ( 'NONE', *, *, #1116, .T. ) ;
#1791 = CARTESIAN_POINT ( 'NONE',  ( 0.0000000000000000000, 0.06395780408782421300, 0.2395833333333353400 ) ) ;
#1792 = ORIENTED_EDGE ( 'NONE', *, *, #3997, .F. ) ;
#1793 = AXIS2_PLACEMENT_3D ( 'NONE', #519, #533, #3153 ) ;
#1794 = CARTESIAN_POINT ( 'NONE',  ( 0.08199999999999993400, 1.011759515190096700E-017, 0.0000000000000000000 ) ) ;
#1795 = CARTESIAN_POINT ( 'NONE',  ( 0.05538908311032394300, -0.03197890204391212700, 0.1747685185185200400 ) ) ;
#1796 = EDGE_CURVE ( 'NONE', #1176, #195, #1569, .T. ) ;
#1797 = CARTESIAN_POINT ( 'NONE',  ( -0.04734272207354927500, 0.08199999999999997600, 0.2557870370370392600 ) ) ;
#1798 = VERTEX_POINT ( 'NONE', #1303 ) ;
#1799 = CARTESIAN_POINT ( 'NONE',  ( 0.07385211081376527600, -4.220635117887700700E-017, 0.09027777777777860900 ) ) ;
#1800 = DIRECTION ( 'NONE',  ( 1.000000000000000000, 0.0000000000000000000, 0.0000000000000000000 ) ) ;
#1801 = CARTESIAN_POINT ( 'NONE',  ( 0.06798856206436756900, 0.1179611625461689000, 0.6640000000000001500 ) ) ;
#1802 = CARTESIAN_POINT ( 'NONE',  ( 0.1282499999999999200, 0.01678788547894933700, 0.5000000000000000000 ) ) ;
#1803 = CARTESIAN_POINT ( 'NONE',  ( -0.06798856209365146400, 0.1179611625340373800, 0.5067500000000000300 ) ) ;
#1804 = CARTESIAN_POINT ( 'NONE',  ( -7.832572005664740100E-018, -0.06395780408782421300, 0.1388888888888901200 ) ) ;
#1805 = CARTESIAN_POINT ( 'NONE',  ( 0.08199999999999996200, 7.548713532390135000E-017, 0.07986111111111196500 ) ) ;
#1806 = CARTESIAN_POINT ( 'NONE',  ( 0.03356916641267798700, 0.1249119956818076800, 0.5000000000000000000 ) ) ;
#1807 = CARTESIAN_POINT ( 'NONE',  ( -0.05538908311032397100, -0.03197890204391205100, 0.3009259259259284300 ) ) ;
#1808 = CARTESIAN_POINT ( 'NONE',  ( 0.05538908311032394300, -0.03197890204391211400, 0.2303240740740760100 ) ) ;
#1809 = CARTESIAN_POINT ( 'NONE',  ( 0.0000000000000000000, 0.06395780408782418500, 0.1562500000000013300 ) ) ;
#1810 = CARTESIAN_POINT ( 'NONE',  ( 0.07101408311032396400, 0.04099999999999998800, 0.4155092592592627400 ) ) ;
#1811 = CARTESIAN_POINT ( 'NONE',  ( 0.05538908311032394300, -0.03197890204391214800, 0.1157407407407417800 ) ) ;
#1812 = CARTESIAN_POINT ( 'NONE',  ( 0.0000000000000000000, 0.08200000000000000300, 0.4166666666666699600 ) ) ;
#1813 = CARTESIAN_POINT ( 'NONE',  ( -0.06798856206435573100, -0.1179611625461688100, 0.6640000000000001500 ) ) ;
#1814 = CARTESIAN_POINT ( 'NONE',  ( 0.08199999999999896300, 0.02197183377935366800, 0.02207383885384805700 ) ) ;
#1815 = VERTEX_POINT ( 'NONE', #2423 ) ;
#1816 = CARTESIAN_POINT ( 'NONE',  ( -0.08296380739286814100, -0.1079550235274959500, 0.5000000000000000000 ) ) ;
#1817 = CARTESIAN_POINT ( 'NONE',  ( -0.05538908311032396400, 0.03197890204391212000, 0.2407407407407427500 ) ) ;
#1818 = CARTESIAN_POINT ( 'NONE',  ( 0.08118988160479118100, 2.561107494060246800E-017, 0.5761093750000000300 ) ) ;
#1819 = EDGE_CURVE ( 'NONE', #4714, #1798, #440, .T. ) ;
#1820 = CARTESIAN_POINT ( 'NONE',  ( -0.04734272207354930900, -0.08199999999999997600, 0.07060185185185266500 ) ) ;
#1821 = CARTESIAN_POINT ( 'NONE',  ( 0.08199999999999997600, 0.02197183377935208600, 0.4422127277427404500 ) ) ;
#1822 = CARTESIAN_POINT ( 'NONE',  ( -0.03356916641267788200, 0.1249119956818113600, 0.5000000000000000000 ) ) ;
#1823 = CARTESIAN_POINT ( 'NONE',  ( 0.05538908311032394300, -0.03197890204391207200, 0.3657407407407437500 ) ) ;
#1824 = LINE ( 'NONE', #2719, #2065 ) ;
#1825 = CARTESIAN_POINT ( 'NONE',  ( 0.03692605540688268000, 0.06395780408782422700, 0.3483796296296324800 ) ) ;
#1826 = CARTESIAN_POINT ( 'NONE',  ( -0.03692605540688265900, -0.06395780408782422700, 0.05671296296296354800 ) ) ;
#1827 = CARTESIAN_POINT ( 'NONE',  ( -0.07254803476979684900, 0.01829910994182248900, 0.01351064026908533000 ) ) ;
#1828 = CARTESIAN_POINT ( 'NONE',  ( 0.07101408311032396400, 0.04099999999999996000, 0.3321759259259287600 ) ) ;
#1829 = VECTOR ( 'NONE', #4111, 39.37007874015748100 ) ;
#1830 = EDGE_CURVE ( 'NONE', #1917, #4525, #768, .T. ) ;
#1831 = CARTESIAN_POINT ( 'NONE',  ( -0.07385211081376527600, 4.597628954810821600E-018, 0.1875000000000015800 ) ) ;
#1832 = CARTESIAN_POINT ( 'NONE',  ( 0.01590431253047880400, 0.1214999999999999100, 0.6640000000000000300 ) ) ;
#1833 = CARTESIAN_POINT ( 'NONE',  ( 0.08296380739286848800, 0.1079550235274956000, 0.5000000000000000000 ) ) ;
#1834 =( BOUNDED_CURVE ( )  B_SPLINE_CURVE ( 2, ( #2204, #4892, #1012, #1820, #2929, #1050, #4110, #2543, #1805 ),
 .UNSPECIFIED., .F., .F. ) 
 B_SPLINE_CURVE_WITH_KNOTS ( ( 3, 2, 2, 2, 3 ),
 ( 0.1710526315789473500, 0.1754385964912280600, 0.1842105263157894600, 0.1929824561403508700, 0.1973684210526315800 ),
 .UNSPECIFIED. ) 
 CURVE ( )  GEOMETRIC_REPRESENTATION_ITEM ( )  RATIONAL_B_SPLINE_CURVE ( ( 0.9330127018922191900, 0.9330127018922190800, 1.000000000000000000, 0.8660254037844387100, 1.000000000000000000, 0.8660254037844387100, 1.000000000000000000, 0.9330127018922191900, 0.9330127018922194100 ) ) 
 REPRESENTATION_ITEM ( '' )  );
#1835 = CARTESIAN_POINT ( 'NONE',  ( -0.01767145839889425500, -0.1349999999999999000, 0.5067500000000000300 ) ) ;
#1836 = CARTESIAN_POINT ( 'NONE',  ( -0.03692605540688263800, 0.06395780408782419900, 0.2106481481481498600 ) ) ;
#1837 = CARTESIAN_POINT ( 'NONE',  ( 0.08199999999999993400, 0.02197183377935204800, 0.1054071721871819400 ) ) ;
#1838 = CARTESIAN_POINT ( 'NONE',  ( 0.08477777777777773000, -4.492198286527329000E-017, 0.4895833333333332600 ) ) ;
#1839 = ORIENTED_EDGE ( 'NONE', *, *, #2451, .F. ) ;
#1840 = ORIENTED_EDGE ( 'NONE', *, *, #4259, .F. ) ;
#1841 = CARTESIAN_POINT ( 'NONE',  ( 0.07881561702322618900, -0.1025572723511267700, 0.5000000000000000000 ) ) ;
#1842 = CARTESIAN_POINT ( 'NONE',  ( 0.05538908311032398500, 0.03197890204391209300, 0.3425925925925953900 ) ) ;
#1843 = CARTESIAN_POINT ( 'NONE',  ( -0.05538908311032396400, 0.03197890204391212000, 0.2442129629629649900 ) ) ;
#1844 = CARTESIAN_POINT ( 'NONE',  ( 0.04856415004007891300, -0.04380003287983361100, 0.003773948945243540600 ) ) ;
#1845 = CARTESIAN_POINT ( 'NONE',  ( 0.05538908311032394300, -0.03197890204391210700, 0.2581018518518540300 ) ) ;
#1846 = CARTESIAN_POINT ( 'NONE',  ( -0.05996118211074166100, 0.04305495888314788500, 0.01250585680164060000 ) ) ;
#1847 = CARTESIAN_POINT ( 'NONE',  ( -1.004210375300829100E-017, -0.08199999999999989200, 0.4340277777777814500 ) ) ;
#1848 = ORIENTED_EDGE ( 'NONE', *, *, #1961, .F. ) ;
#1849 = FACE_OUTER_BOUND ( 'NONE', #3494, .T. ) ;
#1850 = CARTESIAN_POINT ( 'NONE',  ( 0.03692605540688268000, 0.06395780408782419900, 0.2337962962962982500 ) ) ;
#1851 = CARTESIAN_POINT ( 'NONE',  ( 0.03692605540688268000, 0.06395780408782426900, 0.5150462962963005000 ) ) ;
#1852 = CARTESIAN_POINT ( 'NONE',  ( 0.01767145836719867500, 0.1349999999999999300, 0.6505000000000000800 ) ) ;
#1853 = CARTESIAN_POINT ( 'NONE',  ( 0.01767145839889383200, -0.1349999999999999300, 0.5000000000000000000 ) ) ;
#1854 = EDGE_LOOP ( 'NONE', ( #2265, #632, #2631, #3984 ) ) ;
#1855 = CC_DESIGN_PERSON_AND_ORGANIZATION_ASSIGNMENT ( #2776, #148, ( #3030 ) ) ;
#1856 = CARTESIAN_POINT ( 'NONE',  ( 0.03692605540688268000, 0.06395780408782417200, 0.1782407407407422800 ) ) ;
#1857 = DIRECTION ( 'NONE',  ( -1.000000000000000000, 0.0000000000000000000, 0.0000000000000000000 ) ) ;
#1858 = VERTEX_POINT ( 'NONE', #3954 ) ;
#1859 = ORIENTED_EDGE ( 'NONE', *, *, #2235, .T. ) ;
#1860 = AXIS2_PLACEMENT_3D ( 'NONE', #3577, #3972, #2415 ) ;
#1861 = PERSON ( 'UNSPECIFIED', 'UNSPECIFIED', 'UNSPECIFIED', ('UNSPECIFIED'), ('UNSPECIFIED'), ('UNSPECIFIED') ) ;
#1862 = CARTESIAN_POINT ( 'NONE',  ( 0.03692605540688262400, -0.06395780408782415800, 0.3634259259259288700 ) ) ;
#1863 = CARTESIAN_POINT ( 'NONE',  ( -7.832572005664740100E-018, -0.06395780408782417200, 0.2812500000000023900 ) ) ;
#1864 = ORIENTED_EDGE ( 'NONE', *, *, #2871, .T. ) ;
#1865 = EDGE_CURVE ( 'NONE', #1130, #2023, #1258, .T. ) ;
#1866 = CARTESIAN_POINT ( 'NONE',  ( 0.1349999999999999300, 8.304111593690968400E-018, 0.6505000000000000800 ) ) ;
#1867 = CARTESIAN_POINT ( 'NONE',  ( -0.03692605540688265900, -0.06395780408782415800, 0.2789351851851875600 ) ) ;
#1868 = CARTESIAN_POINT ( 'NONE',  ( -0.07101408311032393600, -0.04099999999999989800, 0.3738425925925957800 ) ) ;
#1869 = CARTESIAN_POINT ( 'NONE',  ( -0.03692605540688263800, 0.06395780408782422700, 0.3217592592592618500 ) ) ;
#1870 = CARTESIAN_POINT ( 'NONE',  ( -0.07468950519356930300, -0.09714141823157998500, 0.6639999999999998100 ) ) ;
#1871 = CARTESIAN_POINT ( 'NONE',  ( 0.1079550235050915600, -0.08296380741527612000, 0.6505000000000000800 ) ) ;
#1872 = CARTESIAN_POINT ( 'NONE',  ( -0.1079550235274990300, -0.08296380739287233200, 0.5000000000000000000 ) ) ;
#1873 = ADVANCED_FACE ( 'NONE', ( #4294 ), #1723, .F. ) ;
#1874 = CARTESIAN_POINT ( 'NONE',  ( 0.1314863112318803700, 0.03533596467420607000, 0.6505000000000000800 ) ) ;
#1875 = CARTESIAN_POINT ( 'NONE',  ( -0.1349999999999999300, 7.549139889267777500E-020, 0.5067500000000000300 ) ) ;
#1876 = CARTESIAN_POINT ( 'NONE',  ( -0.05538908311032396400, 0.03197890204391209300, 0.1574074074074087400 ) ) ;
#1877 = CARTESIAN_POINT ( 'NONE',  ( 0.0000000000000000000, 7.549139889267777500E-020, 0.0000000000000000000 ) ) ;
#1878 = CARTESIAN_POINT ( 'NONE',  ( -0.07101408311032390800, 0.04100000000000002900, 0.3379629629629656900 ) ) ;
#1879 = CARTESIAN_POINT ( 'NONE',  ( 0.0000000000000000000, 0.08199999999999989200, -0.02430555555555555900 ) ) ;
#1880 = CARTESIAN_POINT ( 'NONE',  ( 0.07385211081376529000, 5.727210243796816500E-017, 0.4270833333333367600 ) ) ;
#1881 = DIRECTION ( 'NONE',  ( -1.000000000000000000, 0.0000000000000000000, 0.0000000000000000000 ) ) ;
#1882 = CARTESIAN_POINT ( 'NONE',  ( -0.05538908311032396400, 0.03197890204391213400, 0.2997685185185209900 ) ) ;
#1883 = CARTESIAN_POINT ( 'NONE',  ( -0.04734272207354927500, 0.08199999999999997600, 0.2557870370370392600 ) ) ;
#1884 = CARTESIAN_POINT ( 'NONE',  ( -0.04734272207354927500, 0.08200000000000000300, 0.3946759259259292100 ) ) ;
#1885 =( BOUNDED_CURVE ( )  B_SPLINE_CURVE ( 2, ( #4005, #4783, #4453, #3625, #4020, #1381, #4060, #171, #2158 ),
 .UNSPECIFIED., .F., .F. ) 
 B_SPLINE_CURVE_WITH_KNOTS ( ( 3, 2, 2, 2, 3 ),
 ( 0.1184210526315789400, 0.1228070175438596400, 0.1315789473684210500, 0.1403508771929824500, 0.1447368421052631600 ),
 .UNSPECIFIED. ) 
 CURVE ( )  GEOMETRIC_REPRESENTATION_ITEM ( )  RATIONAL_B_SPLINE_CURVE ( ( 0.9330127018922194100, 0.9330127018922194100, 1.000000000000000000, 0.8660254037844387100, 1.000000000000000000, 0.8660254037844387100, 1.000000000000000000, 0.9330127018922191900, 0.9330127018922194100 ) ) 
 REPRESENTATION_ITEM ( '' )  );
#1886 = CARTESIAN_POINT ( 'NONE',  ( -0.03692605540688263800, 0.06395780408782425500, 0.3773148148148179300 ) ) ;
#1887 = CARTESIAN_POINT ( 'NONE',  ( -0.03692605540688263800, 0.06395780408782428300, 0.4918981481481520800 ) ) ;
#1888 = CARTESIAN_POINT ( 'NONE',  ( -1.004210375300828800E-017, -0.08199999999999996200, 0.09722222222222300100 ) ) ;
#1889 = CARTESIAN_POINT ( 'NONE',  ( -0.01767145839889403700, 0.1349999999999999300, 0.5067500000000000300 ) ) ;
#1890 = VERTEX_POINT ( 'NONE', #1041 ) ;
#1891 = CARTESIAN_POINT ( 'NONE',  ( 0.0000000000000000000, 7.549139889267777500E-020, 0.0000000000000000000 ) ) ;
#1892 = ADVANCED_FACE ( 'NONE', ( #2030 ), #3563, .T. ) ;
#1893 = DIRECTION ( 'NONE',  ( -0.0000000000000000000, -0.0000000000000000000, -1.000000000000000000 ) ) ;
#1894 = CARTESIAN_POINT ( 'NONE',  ( 0.05538908311032394300, -0.03197890204391206500, 0.3935185185185217100 ) ) ;
#1895 = CARTESIAN_POINT ( 'NONE',  ( -0.07101408311032390800, 0.04099999999999996000, 0.1157407407407416400 ) ) ;
#1896 = CYLINDRICAL_SURFACE ( 'NONE', #4500, 0.08199999999999993400 ) ;
#1897 = CARTESIAN_POINT ( 'NONE',  ( -0.08199999999999992000, -2.516237844130044700E-017, 0.06250000000000050000 ) ) ;
#1898 = EDGE_CURVE ( 'NONE', #943, #2912, #1043, .T. ) ;
#1899 = CARTESIAN_POINT ( 'NONE',  ( -0.03692605540688265900, -0.06395780408782410200, 0.4699074074074113300 ) ) ;
#1900 = CARTESIAN_POINT ( 'NONE',  ( -0.03692605540688263800, 0.06395780408782425500, 0.4363425925925961100 ) ) ;
#1901 = CARTESIAN_POINT ( 'NONE',  ( -0.03692605540688265900, -0.06395780408782415800, 0.2511574074074094900 ) ) ;
#1902 = CARTESIAN_POINT ( 'NONE',  ( -1.004210375300829100E-017, -0.08199999999999997600, 0.1284722222222234900 ) ) ;
#1903 = CARTESIAN_POINT ( 'NONE',  ( -0.1282499999999999200, 3.774569944633888700E-020, 0.5000000000000000000 ) ) ;
#1904 = CARTESIAN_POINT ( 'NONE',  ( 0.07385211081376527600, 3.163332573259568600E-017, 0.3402777777777805700 ) ) ;
#1905 = CARTESIAN_POINT ( 'NONE',  ( -0.06753975889185023800, -0.03738152287879064500, 0.01564457972872845800 ) ) ;
#1906 = CARTESIAN_POINT ( 'NONE',  ( 0.02327370331748317500, 0.06775280272940284500, 0.5704242982476568400 ) ) ;
#1907 = CARTESIAN_POINT ( 'NONE',  ( -0.08296380739286814100, -0.1079550235274959500, 0.5000000000000000000 ) ) ;
#1908 = CARTESIAN_POINT ( 'NONE',  ( -0.08296380741528575100, 0.1079550235050820000, 0.6505000000000000800 ) ) ;
#1909 = VECTOR ( 'NONE', #1701, 39.37007874015748100 ) ;
#1910 = CARTESIAN_POINT ( 'NONE',  ( 0.03533596464492698400, -0.1314863112440081700, 0.5067500000000000300 ) ) ;
#1911 = CARTESIAN_POINT ( 'NONE',  ( -0.03692605540688265900, -0.06395780408782413000, 0.3310185185185212700 ) ) ;
#1912 = ORIENTED_EDGE ( 'NONE', *, *, #3104, .F. ) ;
#1913 = CARTESIAN_POINT ( 'NONE',  ( 0.0000000000000000000, 0.1349999999999999300, 0.5000000000000000000 ) ) ;
#1914 = CYLINDRICAL_SURFACE ( 'NONE', #1540, 0.08199999999999993400 ) ;
#1915 = DIRECTION ( 'NONE',  ( -0.0000000000000000000, -0.0000000000000000000, 1.000000000000000000 ) ) ;
#1916 = CARTESIAN_POINT ( 'NONE',  ( 0.09468544414709857700, -6.551884272229550700E-017, 0.02430555555555595800 ) ) ;
#1917 = VERTEX_POINT ( 'NONE', #2536 ) ;
#1918 = VECTOR ( 'NONE', #3307, 39.37007874015748100 ) ;
#1919 = CARTESIAN_POINT ( 'NONE',  ( -0.05538908311032397100, -0.03197890204391208600, 0.1932870370370386700 ) ) ;
#1920 = CARTESIAN_POINT ( 'NONE',  ( -0.08199999999999985100, -0.02197183377935216200, 0.1748516166316269300 ) ) ;
#1921 = CARTESIAN_POINT ( 'NONE',  ( 0.04734272207354931600, 0.08200000000000000300, 0.5011574074074115500 ) ) ;
#1922 = AXIS2_PLACEMENT_3D ( 'NONE', #4253, #4300, #1206 ) ;
#1923 = ORIENTED_EDGE ( 'NONE', *, *, #4547, .T. ) ;
#1924 = ORIENTED_EDGE ( 'NONE', *, *, #4614, .F. ) ;
#1925 = CIRCLE ( 'NONE', #1392, 0.01041666666666674900 ) ;
#1926 = CARTESIAN_POINT ( 'NONE',  ( -0.05538908311032397100, -0.03197890204391202300, 0.3842592592592623500 ) ) ;
#1927 = CARTESIAN_POINT ( 'NONE',  ( -0.04734272207354930900, -0.08199999999999986500, 0.4317129629629666300 ) ) ;
#1928 = CARTESIAN_POINT ( 'NONE',  ( -0.1349999999999999300, 0.01767145836719868200, 0.6505000000000000800 ) ) ;
#1929 = ORIENTED_EDGE ( 'NONE', *, *, #554, .F. ) ;
#1930 = CARTESIAN_POINT ( 'NONE',  ( -0.07385211081376527600, 3.023640566018328800E-017, 0.2743055555555578600 ) ) ;
#1931 = CARTESIAN_POINT ( 'NONE',  ( -0.03692605540688263800, 0.06395780408782424100, 0.3495370370370399200 ) ) ;
#1932 = CARTESIAN_POINT ( 'NONE',  ( -0.08199999999999993400, 7.549139889267777500E-020, 0.0000000000000000000 ) ) ;
#1933 = CARTESIAN_POINT ( 'NONE',  ( -0.01590431253046781200, -0.1214999999999999100, 0.6640000000000000300 ) ) ;
#1934 = CARTESIAN_POINT ( 'NONE',  ( -0.09468544414709857700, -5.463421032075634100E-017, -0.01736111111111103200 ) ) ;
#1935 = EDGE_CURVE ( 'NONE', #1597, #3885, #637, .T. ) ;
#1936 = CARTESIAN_POINT ( 'NONE',  ( 0.05538908311032398500, 0.03197890204391211400, 0.4293981481481515800 ) ) ;
#1937 = CARTESIAN_POINT ( 'NONE',  ( 0.08199999999999992000, -3.202484528892784700E-017, 0.1875000000000014400 ) ) ;
#1938 = CARTESIAN_POINT ( 'NONE',  ( -0.04734272207354927500, 0.08200000000000003100, 0.4780092592592631300 ) ) ;
#1939 =( BOUNDED_CURVE ( )  B_SPLINE_CURVE ( 2, ( #2192, #661, #3724, #1140, #314, #1883, #3779, #1497, #4173 ),
 .UNSPECIFIED., .F., .F. ) 
 B_SPLINE_CURVE_WITH_KNOTS ( ( 3, 2, 2, 2, 3 ),
 ( 0.5131578947368421500, 0.5175438596491228600, 0.5263157894736841800, 0.5350877192982456100, 0.5394736842105263300 ),
 .UNSPECIFIED. ) 
 CURVE ( )  GEOMETRIC_REPRESENTATION_ITEM ( )  RATIONAL_B_SPLINE_CURVE ( ( 0.9330127018922194100, 0.9330127018922194100, 1.000000000000000000, 0.8660254037844387100, 1.000000000000000000, 0.8660254037844387100, 1.000000000000000000, 0.9330127018922194100, 0.9330127018922194100 ) ) 
 REPRESENTATION_ITEM ( '' )  );
#1940 = CARTESIAN_POINT ( 'NONE',  ( 0.0000000000000000000, 0.06395780408782421300, 0.2638888888888910600 ) ) ;
#1941 = CARTESIAN_POINT ( 'NONE',  ( 0.07101408311032390800, -0.04099999999999993200, 0.4386574074074111600 ) ) ;
#1942 = CARTESIAN_POINT ( 'NONE',  ( 0.07101408311032389500, -0.04100000000000002300, 0.1018518518518526800 ) ) ;
#1943 = CARTESIAN_POINT ( 'NONE',  ( -0.04734272207354927500, 0.08199999999999996200, 0.2523148148148167700 ) ) ;
#1944 = ADVANCED_FACE ( 'NONE', ( #3271 ), #3941, .T. ) ;
#1945 = CARTESIAN_POINT ( 'NONE',  ( 0.03692605540688262400, -0.06395780408782417200, 0.3113425925925951700 ) ) ;
#1946 = CARTESIAN_POINT ( 'NONE',  ( 0.03692605540688268000, 0.06395780408782421300, 0.3171296296296322600 ) ) ;
#1947 = VECTOR ( 'NONE', #1893, 39.37007874015748100 ) ;
#1948 = CARTESIAN_POINT ( 'NONE',  ( 0.1079550237237542800, 0.08296380719661347600, 0.5067500000000000300 ) ) ;
#1949 = CARTESIAN_POINT ( 'NONE',  ( 0.0000000000000000000, -1.104688079777929600E-016, 0.6640000000000000300 ) ) ;
#1950 = CARTESIAN_POINT ( 'NONE',  ( 0.0000000000000000000, 0.08199999999999989200, 0.003472222222222440200 ) ) ;
#1951 =( BOUNDED_CURVE ( )  B_SPLINE_CURVE ( 2, ( #1696, #3588, #2815, #4320, #2841, #3606, #479, #2045, #879 ),
 .UNSPECIFIED., .F., .F. ) 
 B_SPLINE_CURVE_WITH_KNOTS ( ( 3, 2, 2, 2, 3 ),
 ( 0.2236842105263157600, 0.2280701754385964800, 0.2368421052631578800, 0.2456140350877192800, 0.2500000000000000000 ),
 .UNSPECIFIED. ) 
 CURVE ( )  GEOMETRIC_REPRESENTATION_ITEM ( )  RATIONAL_B_SPLINE_CURVE ( ( 0.9330127018922191900, 0.9330127018922190800, 1.000000000000000000, 0.8660254037844387100, 1.000000000000000000, 0.8660254037844387100, 1.000000000000000000, 0.9330127018922194100, 0.9330127018922194100 ) ) 
 REPRESENTATION_ITEM ( '' )  );
#1952 = CARTESIAN_POINT ( 'NONE',  ( 0.05538908311032398500, 0.03197890204391210700, 0.3738425925925956100 ) ) ;
#1953 = CARTESIAN_POINT ( 'NONE',  ( 0.03063192837850430000, -0.05678335583348653700, 0.002791137421171971000 ) ) ;
#1954 = CARTESIAN_POINT ( 'NONE',  ( 0.08199999999999992000, 2.516237844130044700E-017, 0.3819444444444474700 ) ) ;
#1955 = CARTESIAN_POINT ( 'NONE',  ( -0.03692605540688265900, -0.06395780408782410200, 0.4699074074074113300 ) ) ;
#1956 = CARTESIAN_POINT ( 'NONE',  ( 0.09714141823156377500, -0.07468950519359191000, 0.6639999999999999200 ) ) ;
#1957 = DIRECTION ( 'NONE',  ( -1.000000000000000000, 0.0000000000000000000, 0.0000000000000000000 ) ) ;
#1958 = CARTESIAN_POINT ( 'NONE',  ( 0.1079550237237542800, 0.08296380719661349000, 0.6504999999999999700 ) ) ;
#1959 = CARTESIAN_POINT ( 'NONE',  ( 0.07101408311032395000, 0.04099999999999987000, 0.02314814814814832000 ) ) ;
#1960 = FACE_OUTER_BOUND ( 'NONE', #3086, .T. ) ;
#1961 = EDGE_CURVE ( 'NONE', #3444, #4658, #2495, .T. ) ;
#1962 = CARTESIAN_POINT ( 'NONE',  ( 0.07385211081376527600, 8.045651163653024600E-018, 0.2604166666666688500 ) ) ;
#1963 = CARTESIAN_POINT ( 'NONE',  ( -0.03692605540688263800, 0.06395780408782422700, 0.2662037037037059400 ) ) ;
#1964 = DIRECTION ( 'NONE',  ( -0.0000000000000000000, 0.0000000000000000000, -1.000000000000000000 ) ) ;
#1965 = AXIS2_PLACEMENT_3D ( 'NONE', #2758, #1233, #2031 ) ;
#1966 = CARTESIAN_POINT ( 'NONE',  ( 0.07101408311032395000, 0.04099999999999987700, 0.05092592592592631900 ) ) ;
#1967 = EDGE_CURVE ( 'NONE', #4532, #3092, #1246, .T. ) ;
#1968 = CARTESIAN_POINT ( 'NONE',  ( 0.09468544414709857700, -4.090561708513792900E-017, 0.1076388888888899500 ) ) ;
#1969 = CARTESIAN_POINT ( 'NONE',  ( -0.03692605540688265900, -0.06395780408782411600, 0.3900462962962995600 ) ) ;
#1970 = CARTESIAN_POINT ( 'NONE',  ( 0.0000000000000000000, 7.549139889267777500E-020, 0.0000000000000000000 ) ) ;
#1971 = ORIENTED_EDGE ( 'NONE', *, *, #1089, .T. ) ;
#1972 = ORIENTED_EDGE ( 'NONE', *, *, #2426, .F. ) ;
#1973 = CARTESIAN_POINT ( 'NONE',  ( 0.0000000000000000000, 0.08199999999999990600, 0.03125000000000043700 ) ) ;
#1974 = EDGE_LOOP ( 'NONE', ( #4339, #2619, #1365, #2555 ) ) ;
#1975 = LINE ( 'NONE', #1218, #3871 ) ;
#1976 = CARTESIAN_POINT ( 'NONE',  ( -0.07767350635148649600, 0.01934182589347013800, 0.4829911256505957700 ) ) ;
#1977 = CARTESIAN_POINT ( 'NONE',  ( 0.03692605540688262400, -0.06395780408782419900, 0.2557870370370392000 ) ) ;
#1978 = CARTESIAN_POINT ( 'NONE',  ( 0.03692605540688268000, 0.06395780408782411600, 0.01504629629629650400 ) ) ;
#1979 = VERTEX_POINT ( 'NONE', #4462 ) ;
#1980 = VECTOR ( 'NONE', #1044, 39.37007874015748100 ) ;
#1981 = CARTESIAN_POINT ( 'NONE',  ( -0.1214999999999999100, 1.495495000853301000E-017, 0.6640000000000000300 ) ) ;
#1982 = CARTESIAN_POINT ( 'NONE',  ( -0.09468544414709857700, -3.002098468359877500E-017, 0.06597222222222295900 ) ) ;
#1983 = ORIENTED_EDGE ( 'NONE', *, *, #655, .T. ) ;
#1984 = ORIENTED_EDGE ( 'NONE', *, *, #2024, .T. ) ;
#1985 = CARTESIAN_POINT ( 'NONE',  ( -0.03692605540688263800, 0.06395780408782425500, 0.3807870370370401400 ) ) ;
#1986 = CARTESIAN_POINT ( 'NONE',  ( 0.0000000000000000000, 0.06395780408782424100, 0.3784722222222252600 ) ) ;
#1987 = CARTESIAN_POINT ( 'NONE',  ( -0.06940331577476575900, 0.03707530405596724100, 0.4824604743451220100 ) ) ;
#1988 = CARTESIAN_POINT ( 'NONE',  ( 0.07385211081376527600, 4.804214282403406100E-017, 0.3958333333333365300 ) ) ;
#1989 = CARTESIAN_POINT ( 'NONE',  ( -0.03533596438850281100, 0.1314863113502225400, 0.6504999999999999700 ) ) ;
#1990 = CARTESIAN_POINT ( 'NONE',  ( 0.04734272207354927500, -0.08199999999999993400, 0.3252314814814842900 ) ) ;
#1991 = EDGE_CURVE ( 'NONE', #1063, #2085, #1777, .T. ) ;
#1992 = CARTESIAN_POINT ( 'NONE',  ( 0.04734272207354925400, -0.08199999999999999000, 0.07175925925925984200 ) ) ;
#1993 = CARTESIAN_POINT ( 'NONE',  ( -0.05538908311032397100, -0.03197890204391205800, 0.2766203703703726800 ) ) ;
#1994 = CARTESIAN_POINT ( 'NONE',  ( 0.03071441865367802900, -0.05694026767122392600, 0.4741716325772191200 ) ) ;
#1995 = CARTESIAN_POINT ( 'NONE',  ( 0.05538908311032394300, -0.03197890204391216900, 0.03587962962963003900 ) ) ;
#1996 =( BOUNDED_CURVE ( )  B_SPLINE_CURVE ( 2, ( #1280, #2803, #3960, #66, #129, #3496, #1668, #1698, #3649 ),
 .UNSPECIFIED., .F., .F. ) 
 B_SPLINE_CURVE_WITH_KNOTS ( ( 3, 2, 2, 2, 3 ),
 ( 0.7500000000000000000, 0.7543859649122807200, 0.7631578947368421500, 0.7719298245614034700, 0.7763157894736841800 ),
 .UNSPECIFIED. ) 
 CURVE ( )  GEOMETRIC_REPRESENTATION_ITEM ( )  RATIONAL_B_SPLINE_CURVE ( ( 0.9330127018922194100, 0.9330127018922194100, 1.000000000000000000, 0.8660254037844387100, 1.000000000000000000, 0.8660254037844387100, 1.000000000000000000, 0.9330127018922194100, 0.9330127018922194100 ) ) 
 REPRESENTATION_ITEM ( '' )  );
#1997 = CARTESIAN_POINT ( 'NONE',  ( -0.1061650462915505900, 0.06118970585792990500, 0.6640000000000000300 ) ) ;
#1998 = CARTESIAN_POINT ( 'NONE',  ( -0.09468544414709857700, -5.407759046441212800E-018, 0.1493055555555569400 ) ) ;
#1999 = CARTESIAN_POINT ( 'NONE',  ( 0.07385211081376527600, 5.727210243796816500E-017, 0.4270833333333368100 ) ) ;
#2000 = CARTESIAN_POINT ( 'NONE',  ( 0.03692605540688268000, 0.06395780408782424100, 0.4282407407407442500 ) ) ;
#2001 = CARTESIAN_POINT ( 'NONE',  ( -0.08199999999999993400, -2.447613175653770600E-016, 0.2569444444444464700 ) ) ;
#2002 = CARTESIAN_POINT ( 'NONE',  ( -0.09468544414709857700, 2.796649499277980000E-018, 0.1770833333333349800 ) ) ;
#2003 = CARTESIAN_POINT ( 'NONE',  ( -0.05538908311032396400, 0.03197890204391217600, 0.4386574074074109400 ) ) ;
#2004 = CARTESIAN_POINT ( 'NONE',  ( 0.02450188661675115800, -0.05907840769652109700, 0.4739347919089639800 ) ) ;
#2005 = VERTEX_POINT ( 'NONE', #2953 ) ;
#2006 = CARTESIAN_POINT ( 'NONE',  ( -7.832572005664740100E-018, -0.06395780408782422700, 0.05902777777777837300 ) ) ;
#2007 = CARTESIAN_POINT ( 'NONE',  ( 0.08296380741527281700, -0.1079550235050880000, 0.6640000000000001500 ) ) ;
#2008 = CARTESIAN_POINT ( 'NONE',  ( -1.004210375300829100E-017, -0.08199999999999997600, 0.1284722222222234900 ) ) ;
#2009 = ADVANCED_FACE ( 'NONE', ( #707 ), #512, .T. ) ;
#2010 = CARTESIAN_POINT ( 'NONE',  ( -1.004210375300828800E-017, -0.08199999999999989200, 0.3472222222222249300 ) ) ;
#2011 = CARTESIAN_POINT ( 'NONE',  ( 0.0000000000000000000, -5.530426628471140400E-017, 0.5000000000000000000 ) ) ;
#2012 = CARTESIAN_POINT ( 'NONE',  ( -7.832572005664740100E-018, -0.06395780408782413000, 0.3888888888888921700 ) ) ;
#2013 = CARTESIAN_POINT ( 'NONE',  ( -1.004210375300829100E-017, -0.08199999999999996200, 0.1840277777777794600 ) ) ;
#2014 = CARTESIAN_POINT ( 'NONE',  ( 0.1282499999999999200, 1.600692183787654200E-017, 0.5000000000000000000 ) ) ;
#2015 = APPROVAL ( #1036, 'UNSPECIFIED' ) ;
#2016 = PLANE ( 'NONE',  #3624 ) ;
#2017 = CARTESIAN_POINT ( 'NONE',  ( 0.08199999999999992000, 3.431233423813696700E-017, 0.4097222222222254300 ) ) ;
#2018 = CARTESIAN_POINT ( 'NONE',  ( 0.04734272207354931600, 0.08199999999999986500, 0.02546296296296314200 ) ) ;
#2019 = CARTESIAN_POINT ( 'NONE',  ( 0.05538908311032398500, 0.03197890204391209300, 0.3460648148148176000 ) ) ;
#2020 = CARTESIAN_POINT ( 'NONE',  ( 0.07031250000000009700, 0.03403200664985544400, 0.5742148191001786900 ) ) ;
#2021 = ORIENTED_EDGE ( 'NONE', *, *, #983, .F. ) ;
#2022 = CARTESIAN_POINT ( 'NONE',  ( -0.05538908311032397100, -0.03197890204391211400, 0.08217592592592670700 ) ) ;
#2023 = VERTEX_POINT ( 'NONE', #4391 ) ;
#2024 = EDGE_CURVE ( 'NONE', #564, #4532, #3633, .T. ) ;
#2025 = CARTESIAN_POINT ( 'NONE',  ( 0.04734272207354926100, -0.08199999999999999000, 0.1585648148148163000 ) ) ;
#2026 = ORIENTED_EDGE ( 'NONE', *, *, #3322, .T. ) ;
#2027 = CARTESIAN_POINT ( 'NONE',  ( 0.0000000000000000000, 0.08199999999999999000, 0.3611111111111139900 ) ) ;
#2028 = CARTESIAN_POINT ( 'NONE',  ( 0.08199999999999992000, 2.516237844130044700E-017, 0.3819444444444474700 ) ) ;
#2029 = ORIENTED_EDGE ( 'NONE', *, *, #3360, .T. ) ;
#2030 = FACE_OUTER_BOUND ( 'NONE', #1213, .T. ) ;
#2031 = DIRECTION ( 'NONE',  ( -1.000000000000000000, 0.0000000000000000000, 0.0000000000000000000 ) ) ;
#2032 = CARTESIAN_POINT ( 'NONE',  ( 0.03533596438850287300, -0.1314863113502224800, 0.5067500000000000300 ) ) ;
#2033 = CARTESIAN_POINT ( 'NONE',  ( -0.07385211081376529000, -4.360327125128941000E-017, 0.02430555555555585400 ) ) ;
#2034 = CARTESIAN_POINT ( 'NONE',  ( -0.04734272207354927500, 0.08199999999999997600, 0.2800925925925947800 ) ) ;
#2035 = CARTESIAN_POINT ( 'NONE',  ( 0.04734272207354931600, 0.08199999999999987900, 0.08101851851851914200 ) ) ;
#2036 = EDGE_LOOP ( 'NONE', ( #1415, #3790, #1429, #2437 ) ) ;
#2037 = ORIENTED_EDGE ( 'NONE', *, *, #3872, .T. ) ;
#2038 = VECTOR ( 'NONE', #2406, 39.37007874015748100 ) ;
#2039 = CARTESIAN_POINT ( 'NONE',  ( 0.07385211081376527600, 4.086328534652979500E-017, 0.3715277777777808400 ) ) ;
#2040 = CARTESIAN_POINT ( 'NONE',  ( 0.05538908311032398500, 0.03197890204391212700, 0.4537037037037073800 ) ) ;
#2041 = CARTESIAN_POINT ( 'NONE',  ( 0.0000000000000000000, 0.06395780408782417200, 0.1284722222222233200 ) ) ;
#2042 = EDGE_LOOP ( 'NONE', ( #4905, #505, #4917, #3943 ) ) ;
#2043 = CARTESIAN_POINT ( 'NONE',  ( -0.05538908311032396400, 0.03197890204391205100, 0.01851851851851876000 ) ) ;
#2044 = CARTESIAN_POINT ( 'NONE',  ( -0.09468544414709854900, 2.638432406822057700E-017, 0.2569444444444464700 ) ) ;
#2045 = CARTESIAN_POINT ( 'NONE',  ( 0.08199999999999993400, -0.02197183377935209600, 0.1063983833683755000 ) ) ;
#2046 = CARTESIAN_POINT ( 'NONE',  ( -0.1179611624278246900, -0.06798856235007144600, 0.5067499999999999200 ) ) ;
#2047 = CARTESIAN_POINT ( 'NONE',  ( 0.07385211081376529000, -5.758961720210048200E-017, 0.03819444444444485700 ) ) ;
#2048 = CARTESIAN_POINT ( 'NONE',  ( 0.07101408311032395000, 0.04099999999999998800, 0.4398148148148182700 ) ) ;
#2049 = CARTESIAN_POINT ( 'NONE',  ( -0.08199999999999993400, -0.02197183377935196500, 0.3970738388538509500 ) ) ;
#2050 = CARTESIAN_POINT ( 'NONE',  ( -0.07101408311032390800, 0.04099999999999995300, 0.08796296296296364500 ) ) ;
#2051 = AXIS2_PLACEMENT_3D ( 'NONE', #3648, #602, #159 ) ;
#2052 = CARTESIAN_POINT ( 'NONE',  ( -0.05538908311032397100, -0.03197890204391200900, 0.4432870370370407000 ) ) ;
#2053 = CARTESIAN_POINT ( 'NONE',  ( -0.08199999999999993400, 7.549139889267777500E-020, 0.0000000000000000000 ) ) ;
#2054 = EDGE_CURVE ( 'NONE', #3562, #261, #885, .T. ) ;
#2055 = CARTESIAN_POINT ( 'NONE',  ( -0.03692605540688263800, 0.06395780408782418500, 0.1585648148148162100 ) ) ;
#2056 = DIRECTION ( 'NONE',  ( -1.000000000000000000, 0.0000000000000000000, 0.0000000000000000000 ) ) ;
#2057 = ORIENTED_EDGE ( 'NONE', *, *, #4985, .F. ) ;
#2058 = CARTESIAN_POINT ( 'NONE',  ( 0.03692605540688262400, -0.06395780408782426900, 0.002314814814814958700 ) ) ;
#2059 = CIRCLE ( 'NONE', #2112, 0.08477777777777773000 ) ;
#2060 = CARTESIAN_POINT ( 'NONE',  ( -0.09468544414709854900, 3.458873261393977700E-017, 0.2847222222222244900 ) ) ;
#2061 = CARTESIAN_POINT ( 'NONE',  ( -0.08199999999999993400, -2.447613175653770600E-016, 0.2569444444444464700 ) ) ;
#2062 = CARTESIAN_POINT ( 'NONE',  ( -0.07883371976772554600, -0.1025351936307529900, 0.4999999999999999400 ) ) ;
#2063 = CARTESIAN_POINT ( 'NONE',  ( -0.07101408311032390800, 0.04100000000000006400, 0.4490740740740776200 ) ) ;
#2064 = CARTESIAN_POINT ( 'NONE',  ( 0.09468544414709854900, -1.731794251619534900E-017, 0.1875000000000014700 ) ) ;
#2065 = VECTOR ( 'NONE', #4817, 39.37007874015748100 ) ;
#2066 = CARTESIAN_POINT ( 'NONE',  ( -0.03692605540688265900, -0.06395780408782410200, 0.4733796296296335400 ) ) ;
#2067 = CARTESIAN_POINT ( 'NONE',  ( -0.08199999999999993400, 2.767861628543049000E-016, 0.1458333333333344800 ) ) ;
#2068 = CARTESIAN_POINT ( 'NONE',  ( 0.08199999999999993400, 1.601242264446392400E-017, 0.3576388888888919500 ) ) ;
#2069 = DIRECTION ( 'NONE',  ( -0.0000000000000000000, -0.0000000000000000000, 1.000000000000000000 ) ) ;
#2070 = CARTESIAN_POINT ( 'NONE',  ( 0.07101408311032395000, 0.04099999999999994600, 0.3009259259259283200 ) ) ;
#2071 = CARTESIAN_POINT ( 'NONE',  ( 0.08199999999999996200, 0.02197183377935206900, 0.3831849499649620000 ) ) ;
#2072 = EDGE_CURVE ( 'NONE', #88, #4572, #574, .T. ) ;
#2073 = CARTESIAN_POINT ( 'NONE',  ( -0.08199999999999992000, 4.346229003497349700E-017, 0.2847222222222244300 ) ) ;
#2074 = B_SPLINE_CURVE_WITH_KNOTS ( 'NONE', 3,
 ( #2823, #577, #4032, #1743, #200, #2889, #595, #2083 ),
 .UNSPECIFIED., .F., .F.,
 ( 4, 2, 2, 4 ),
 ( 0.01034728210673520500, 0.01112843187294767700, 0.01151900675605391400, 0.01190958163916015100 ),
 .UNSPECIFIED. ) ;
#2075 = DIRECTION ( 'NONE',  ( 0.0000000000000000000, 0.0000000000000000000, 1.000000000000000000 ) ) ;
#2076 = CARTESIAN_POINT ( 'NONE',  ( -0.05538908311032397100, -0.03197890204391212700, 0.02662037037037069700 ) ) ;
#2077 = CARTESIAN_POINT ( 'NONE',  ( 0.0000000000000000000, 0.08199999999999992000, 0.1388888888888899800 ) ) ;
#2078 = ORIENTED_EDGE ( 'NONE', *, *, #1967, .T. ) ;
#2079 = DIRECTION ( 'NONE',  ( 1.000000000000000000, 0.0000000000000000000, 0.0000000000000000000 ) ) ;
#2080 = ORIENTED_EDGE ( 'NONE', *, *, #2024, .F. ) ;
#2081 = CARTESIAN_POINT ( 'NONE',  ( 0.07101408311032389500, -0.04100000000000002300, 0.1296296296296306800 ) ) ;
#2082 = CARTESIAN_POINT ( 'NONE',  ( -0.03692605540688265900, -0.06395780408782422700, 0.02546296296296328800 ) ) ;
#2083 = CARTESIAN_POINT ( 'NONE',  ( 0.03750793963531760800, -0.05180497242591561300, 0.002791137421157789200 ) ) ;
#2084 = CARTESIAN_POINT ( 'NONE',  ( 0.08199999999999992000, -2.287488949209131500E-017, 0.2152777777777795100 ) ) ;
#2085 = VERTEX_POINT ( 'NONE', #4000 ) ;
#2086 = LINE ( 'NONE', #3896, #3261 ) ;
#2087 = EDGE_CURVE ( 'NONE', #1251, #2501, #4598, .T. ) ;
#2088 = CARTESIAN_POINT ( 'NONE',  ( 0.08118988160479118100, -1.104688079777929600E-016, 0.6640000000000000300 ) ) ;
#2089 = EDGE_LOOP ( 'NONE', ( #1495, #1062, #466, #1192, #4587, #4845 ) ) ;
#2090 = CARTESIAN_POINT ( 'NONE',  ( 0.0000000000000000000, 0.08200000000000000300, 0.4166666666666699600 ) ) ;
#2091 = CARTESIAN_POINT ( 'NONE',  ( -0.08199999999999993400, 7.549139889267777500E-020, 0.0000000000000000000 ) ) ;
#2092 = DIRECTION ( 'NONE',  ( -1.000000000000000000, 0.0000000000000000000, 0.0000000000000000000 ) ) ;
#2093 =( BOUNDED_CURVE ( )  B_SPLINE_CURVE ( 2, ( #2757, #3464, #3854, #850, #3513, #1620, #141, #3578, #112 ),
 .UNSPECIFIED., .F., .F. ) 
 B_SPLINE_CURVE_WITH_KNOTS ( ( 3, 2, 2, 2, 3 ),
 ( 0.2500000000000000000, 0.2543859649122807200, 0.2631578947368420900, 0.2719298245614035200, 0.2763157894736841800 ),
 .UNSPECIFIED. ) 
 CURVE ( )  GEOMETRIC_REPRESENTATION_ITEM ( )  RATIONAL_B_SPLINE_CURVE ( ( 0.9330127018922194100, 0.9330127018922194100, 1.000000000000000000, 0.8660254037844387100, 1.000000000000000000, 0.8660254037844387100, 1.000000000000000000, 0.9330127018922197400, 0.9330127018922191900 ) ) 
 REPRESENTATION_ITEM ( '' )  );
#2094 = CARTESIAN_POINT ( 'NONE',  ( 0.05538908311032394300, -0.03197890204391211400, 0.2268518518518537800 ) ) ;
#2095 = VERTEX_POINT ( 'NONE', #181 ) ;
#2096 = CARTESIAN_POINT ( 'NONE',  ( -0.05538908311032397100, -0.03197890204391209300, 0.1655092592592606900 ) ) ;
#2097 = CARTESIAN_POINT ( 'NONE',  ( -0.04734272207354927500, 0.08199999999999990600, 0.08564814814814880600 ) ) ;
#2098 = CARTESIAN_POINT ( 'NONE',  ( 0.0000000000000000000, 0.0000000000000000000, 0.0000000000000000000 ) ) ;
#2099 = CARTESIAN_POINT ( 'NONE',  ( -0.04734272207354930200, -0.08199999999999992000, 0.1504629629629641600 ) ) ;
#2100 = CARTESIAN_POINT ( 'NONE',  ( -7.832572005664740100E-018, -0.06395780408782422700, 0.08333333333333410600 ) ) ;
#2101 = CARTESIAN_POINT ( 'NONE',  ( -0.04734272207354930900, -0.08199999999999993400, 0.2094907407407426400 ) ) ;
#2102 = CARTESIAN_POINT ( 'NONE',  ( 0.0000000000000000000, -1.104688079777929600E-016, 0.6640000000000000300 ) ) ;
#2103 = CARTESIAN_POINT ( 'NONE',  ( -0.1179611624278247000, -0.06798856235007144600, 0.6505000000000000800 ) ) ;
#2104 = CARTESIAN_POINT ( 'NONE',  ( 0.07101408311032395000, 0.04099999999999998800, 0.4398148148148182700 ) ) ;
#2105 = CARTESIAN_POINT ( 'NONE',  ( 0.08199999999999993400, 6.633717952706482100E-017, 0.04861111111111150000 ) ) ;
#2106 = CARTESIAN_POINT ( 'NONE',  ( 0.07101408311032396400, 0.04099999999999998800, 0.4155092592592627400 ) ) ;
#2107 = CARTESIAN_POINT ( 'NONE',  ( 0.07385211081376527600, -1.759312554171944300E-017, 0.1736111111111125500 ) ) ;
#2108 = CARTESIAN_POINT ( 'NONE',  ( -0.03692605540688265900, -0.06395780408782422700, 0.05671296296296356200 ) ) ;
#2109 = CARTESIAN_POINT ( 'NONE',  ( -3.073328992872296400E-016, 0.08118988160479109800, 0.6640000000000000300 ) ) ;
#2110 =( NAMED_UNIT ( * ) PLANE_ANGLE_UNIT ( ) SI_UNIT ( $, .RADIAN. ) );
#2111 = CARTESIAN_POINT ( 'NONE',  ( -1.004210375300829100E-017, -0.08199999999999993400, 0.2673611111111134400 ) ) ;
#2112 = AXIS2_PLACEMENT_3D ( 'NONE', #4100, #696, #4843 ) ;
#2113 = EDGE_CURVE ( 'NONE', #2767, #2914, #2074, .T. ) ;
#2114 = CARTESIAN_POINT ( 'NONE',  ( -0.03692605540688263800, 0.06395780408782415800, 0.04398148148148192000 ) ) ;
#2115 = DIRECTION ( 'NONE',  ( 1.000000000000000000, 0.0000000000000000000, 0.0000000000000000000 ) ) ;
#2116 = CARTESIAN_POINT ( 'NONE',  ( 0.0000000000000000000, 0.08200000000000000300, 0.3645833333333363700 ) ) ;
#2117 = ORIENTED_EDGE ( 'NONE', *, *, #2828, .T. ) ;
#2118 = CARTESIAN_POINT ( 'NONE',  ( 0.05538908311032394300, -0.03197890204391214800, 0.1157407407407417800 ) ) ;
#2119 = CARTESIAN_POINT ( 'NONE',  ( 0.05538908311032398500, 0.03197890204391201600, 0.09259259259259342000 ) ) ;
#2120 = CARTESIAN_POINT ( 'NONE',  ( -0.07101408311032390800, 0.04100000000000004300, 0.3935185185185216500 ) ) ;
#2121 = CARTESIAN_POINT ( 'NONE',  ( -0.04703879668251682200, 0.05403201967778407900, 0.5704242982476568400 ) ) ;
#2122 = CARTESIAN_POINT ( 'NONE',  ( -0.05538908311032396400, 0.03197890204391212700, 0.2685185185185207100 ) ) ;
#2123 = FACE_OUTER_BOUND ( 'NONE', #927, .T. ) ;
#2124 = CARTESIAN_POINT ( 'NONE',  ( -0.03692605540688265900, -0.06395780408782417200, 0.1956018518518535500 ) ) ;
#2125 = CARTESIAN_POINT ( 'NONE',  ( 0.0000000000000000000, 0.08199999999999997600, 0.2812500000000024400 ) ) ;
#2126 = CARTESIAN_POINT ( 'NONE',  ( 0.08199999999999993400, -3.202484528892784700E-017, 0.1909722222222239300 ) ) ;
#2127 = CARTESIAN_POINT ( 'NONE',  ( -0.09468544414709857700, 1.100105804499716500E-017, 0.2048611111111129600 ) ) ;
#2128 = CARTESIAN_POINT ( 'NONE',  ( 0.05538908311032394300, -0.03197890204391215500, 0.08796296296296377000 ) ) ;
#2129 = CARTESIAN_POINT ( 'NONE',  ( -0.08199999999999985100, -0.02197183377935215500, 0.2026293944094049400 ) ) ;
#2130 = EDGE_LOOP ( 'NONE', ( #396, #4002, #1912, #1485 ) ) ;
#2131 = CARTESIAN_POINT ( 'NONE',  ( -0.1314863112440088400, 0.03533596464492535400, 0.5067500000000000300 ) ) ;
#2132 = CARTESIAN_POINT ( 'NONE',  ( 0.08296380719661349000, -0.1079550237237542500, 0.6504999999999999700 ) ) ;
#2133 =( BOUNDED_CURVE ( )  B_SPLINE_CURVE ( 2, ( #1141, #752, #406, #4991, #3052, #3795, #770, #3421, #1123 ),
 .UNSPECIFIED., .F., .F. ) 
 B_SPLINE_CURVE_WITH_KNOTS ( ( 3, 2, 2, 2, 3 ),
 ( 0.9078947368421053100, 0.9122807017543859100, 0.9210526315789473500, 0.9298245614035087800, 0.9342105263157894900 ),
 .UNSPECIFIED. ) 
 CURVE ( )  GEOMETRIC_REPRESENTATION_ITEM ( )  RATIONAL_B_SPLINE_CURVE ( ( 0.9330127018922194100, 0.9330127018922201900, 1.000000000000000000, 0.8660254037844387100, 1.000000000000000000, 0.8660254037844387100, 1.000000000000000000, 0.9330127018922194100, 0.9330127018922194100 ) ) 
 REPRESENTATION_ITEM ( '' )  );
#2134 = CARTESIAN_POINT ( 'NONE',  ( 0.07101408311032389500, -0.04099999999999989800, 0.5185185185185226000 ) ) ;
#2135 = CARTESIAN_POINT ( 'NONE',  ( -0.07031250000000011100, -0.006853191035270324700, 0.5698293158023957100 ) ) ;
#2136 = ORIENTED_EDGE ( 'NONE', *, *, #370, .F. ) ;
#2137 = CARTESIAN_POINT ( 'NONE',  ( 0.07101408311032389500, -0.04099999999999998100, 0.2685185185185206500 ) ) ;
#2138 = CARTESIAN_POINT ( 'NONE',  ( 0.04734272207354931600, 0.08199999999999986500, 0.05671296296296360300 ) ) ;
#2139 = CARTESIAN_POINT ( 'NONE',  ( -0.07385211081376527600, 2.100644604624919100E-017, 0.2430555555555575500 ) ) ;
#2140 = CARTESIAN_POINT ( 'NONE',  ( 0.05538908311032394300, -0.03197890204391216200, 0.06365740740740803700 ) ) ;
#2141 = CARTESIAN_POINT ( 'NONE',  ( -0.05538908311032396400, 0.03197890204391208600, 0.1331018518518530000 ) ) ;
#2142 = CARTESIAN_POINT ( 'NONE',  ( -0.08199999999999993400, -4.666477456386628800E-016, 0.4548611111111149900 ) ) ;
#2143 = CARTESIAN_POINT ( 'NONE',  ( 0.0000000000000000000, -5.530426628471140400E-017, 0.7397877662423713000 ) ) ;
#2144 = CARTESIAN_POINT ( 'NONE',  ( -0.04734272207354930900, -0.08199999999999993400, 0.1817129629629646600 ) ) ;
#2145 = ORIENTED_EDGE ( 'NONE', *, *, #491, .T. ) ;
#2146 = FACE_OUTER_BOUND ( 'NONE', #4190, .T. ) ;
#2147 = CARTESIAN_POINT ( 'NONE',  ( 0.0000000000000000000, 0.06395780408782428300, 0.5173611111111152700 ) ) ;
#2148 = CARTESIAN_POINT ( 'NONE',  ( 0.0000000000000000000, 7.549139889267777500E-020, 4.148491032111687600E-018 ) ) ;
#2149 = CARTESIAN_POINT ( 'NONE',  ( -0.01590431253047879000, 0.1214999999999999100, 0.6640000000000000300 ) ) ;
#2150 = CARTESIAN_POINT ( 'NONE',  ( 0.07881561702322618900, -0.1025572723511267700, 0.5000000000000000000 ) ) ;
#2151 = ORIENTED_EDGE ( 'NONE', *, *, #2650, .T. ) ;
#2152 = ORIENTED_EDGE ( 'NONE', *, *, #4772, .F. ) ;
#2153 = FACE_OUTER_BOUND ( 'NONE', #4466, .T. ) ;
#2154 = CARTESIAN_POINT ( 'NONE',  ( 0.06798856209364978500, 0.1179611625340403200, 0.5000000000000000000 ) ) ;
#2155 = CARTESIAN_POINT ( 'NONE',  ( -7.832572005664740100E-018, -0.06395780408782424100, 0.02777777777777812300 ) ) ;
#2156 = CARTESIAN_POINT ( 'NONE',  ( 0.04734272207354931600, 0.08199999999999999000, 0.4421296296296332000 ) ) ;
#2157 = VERTEX_POINT ( 'NONE', #4015 ) ;
#2158 = CARTESIAN_POINT ( 'NONE',  ( 0.08199999999999993400, 7.548713532390135000E-017, 0.07638888888888949200 ) ) ;
#2159 = CARTESIAN_POINT ( 'NONE',  ( -0.03692605540688263800, 0.06395780408782421300, 0.2384259259259279300 ) ) ;
#2160 = CARTESIAN_POINT ( 'NONE',  ( 0.03692605540688268000, 0.06395780408782417200, 0.1817129629629644900 ) ) ;
#2161 = CARTESIAN_POINT ( 'NONE',  ( 0.08199999999999993400, -2.516237844130044700E-017, 0.2187500000000019400 ) ) ;
#2162 = CARTESIAN_POINT ( 'NONE',  ( -0.008709851893121676700, -0.06391942727066894600, 0.4739347919089561500 ) ) ;
#2163 = CARTESIAN_POINT ( 'NONE',  ( -0.05538908311032396400, 0.03197890204391207200, 0.07754629629629701500 ) ) ;
#2164 = CARTESIAN_POINT ( 'NONE',  ( 0.06497211074409144100, 0.01850502187111740400, 0.006230678340432016700 ) ) ;
#2165 = CARTESIAN_POINT ( 'NONE',  ( 0.09468544414709857700, 8.320834189177180500E-018, 0.2743055555555579100 ) ) ;
#2166 = CARTESIAN_POINT ( 'NONE',  ( 0.07385211081376527600, -1.759312554171944300E-017, 0.1736111111111125500 ) ) ;
#2167 = CARTESIAN_POINT ( 'NONE',  ( -0.06118970585792101600, -0.1061650462915533200, 0.6640000000000000300 ) ) ;
#2168 = ADVANCED_FACE ( 'NONE', ( #2908 ), #131, .T. ) ;
#2169 = AXIS2_PLACEMENT_3D ( 'NONE', #2741, #435, #3089 ) ;
#2170 = CARTESIAN_POINT ( 'NONE',  ( 0.1349999999999999300, 0.01767145839889404400, 0.5067500000000000300 ) ) ;
#2171 = CARTESIAN_POINT ( 'NONE',  ( 0.05538908311032394300, -0.03197890204391216900, 0.03240740740740778700 ) ) ;
#2172 = CARTESIAN_POINT ( 'NONE',  ( 0.03692605540688262400, -0.06395780408782426900, 0.005787037037037211900 ) ) ;
#2173 = DIRECTION ( 'NONE',  ( -0.0000000000000000000, -0.0000000000000000000, -1.000000000000000000 ) ) ;
#2174 = CARTESIAN_POINT ( 'NONE',  ( 0.07881561702322632800, 0.1025572723511230100, 0.5000000000000000000 ) ) ;
#2175 = CARTESIAN_POINT ( 'NONE',  ( 0.07385211081376527600, 3.983773427831488900E-017, 0.3680555555555585800 ) ) ;
#2176 = CARTESIAN_POINT ( 'NONE',  ( -0.05538908311032397100, -0.03197890204391205800, 0.2766203703703726800 ) ) ;
#2177 = CARTESIAN_POINT ( 'NONE',  ( 0.07385211081376527600, -4.118080011066210000E-017, 0.09375000000000086000 ) ) ;
#2178 = CARTESIAN_POINT ( 'NONE',  ( -0.07108830878422944800, 0.02276724740902927700, 0.01333286142550189700 ) ) ;
#2179 = CARTESIAN_POINT ( 'NONE',  ( 0.0000000000000000000, 0.08199999999999997600, 0.2812500000000024400 ) ) ;
#2180 = AXIS2_PLACEMENT_3D ( 'NONE', #3710, #1421, #1461 ) ;
#2181 = EDGE_CURVE ( 'NONE', #3092, #2838, #2756, .T. ) ;
#2182 = CARTESIAN_POINT ( 'NONE',  ( -7.832572005664740100E-018, -0.06395780408782418500, 0.2222222222222241000 ) ) ;
#2183 = DIRECTION ( 'NONE',  ( -1.000000000000000000, 0.0000000000000000000, 0.0000000000000000000 ) ) ;
#2184 = CARTESIAN_POINT ( 'NONE',  ( -0.09715952115457339400, 0.07466742667375408900, 0.6640000000000000300 ) ) ;
#2185 = CARTESIAN_POINT ( 'NONE',  ( 0.1025572723511230100, -0.07881561702322267800, 0.5000000000000000000 ) ) ;
#2186 = APPROVAL_PERSON_ORGANIZATION ( #1640, #3311, #3635 ) ;
#2187 = CARTESIAN_POINT ( 'NONE',  ( 0.1179611625340402500, 0.06798856209364810600, 0.5000000000000000000 ) ) ;
#2188 = CARTESIAN_POINT ( 'NONE',  ( -0.05538908311032396400, 0.03197890204391211400, 0.2129629629629647400 ) ) ;
#2189 = CARTESIAN_POINT ( 'NONE',  ( -7.832572005664740100E-018, -0.06395780408782415800, 0.3055555555555581300 ) ) ;
#2190 = CARTESIAN_POINT ( 'NONE',  ( -0.05538908311032396400, 0.03197890204391212700, 0.2719907407407429800 ) ) ;
#2191 = CARTESIAN_POINT ( 'NONE',  ( -0.03692605540688265900, -0.06395780408782421300, 0.08449074074074153200 ) ) ;
#2192 = CARTESIAN_POINT ( 'NONE',  ( 0.08199999999999993400, -1.601242264446392400E-017, 0.2465277777777799600 ) ) ;
#2193 = CARTESIAN_POINT ( 'NONE',  ( -0.09468544414709857700, 6.843191786503149000E-017, 0.3993055555555590200 ) ) ;
#2194 = CARTESIAN_POINT ( 'NONE',  ( -0.03692605540688263800, 0.06395780408782415800, 0.09953703703703792300 ) ) ;
#2195 = DIRECTION ( 'NONE',  ( -0.0000000000000000000, -0.0000000000000000000, -1.000000000000000000 ) ) ;
#2196 = CARTESIAN_POINT ( 'NONE',  ( -0.07466742667375767000, 0.09715952115457671100, 0.6640000000000000300 ) ) ;
#2197 = CARTESIAN_POINT ( 'NONE',  ( -0.1025572723511230900, 0.07881561702322624500, 0.5000000000000000000 ) ) ;
#2198 = ORIENTED_EDGE ( 'NONE', *, *, #1599, .T. ) ;
#2199 = ORIENTED_EDGE ( 'NONE', *, *, #4406, .F. ) ;
#2200 = CARTESIAN_POINT ( 'NONE',  ( -0.1349999999999999300, 7.549139889267777500E-020, 0.5000000000000000000 ) ) ;
#2201 = CARTESIAN_POINT ( 'NONE',  ( 0.05538908311032398500, 0.03197890204391205800, 0.2314814814814834000 ) ) ;
#2202 = ORIENTED_EDGE ( 'NONE', *, *, #1991, .F. ) ;
#2203 = FACE_OUTER_BOUND ( 'NONE', #4213, .T. ) ;
#2204 = CARTESIAN_POINT ( 'NONE',  ( -0.08199999999999996200, 1.120869585112474700E-016, 0.06597222222222295900 ) ) ;
#2205 = EDGE_CURVE ( 'NONE', #4664, #3159, #3154, .T. ) ;
#2206 = CARTESIAN_POINT ( 'NONE',  ( -0.08200000000000008700, 0.02197183377935187800, 0.4536206055906005200 ) ) ;
#2207 = CARTESIAN_POINT ( 'NONE',  ( 0.06458913398896756800, 0.1120631044073372200, 0.5000000000000000000 ) ) ;
#2208 = CARTESIAN_POINT ( 'NONE',  ( -0.07385211081376527600, 6.202848877484514500E-017, 0.3819444444444475300 ) ) ;
#2209 = CARTESIAN_POINT ( 'NONE',  ( 0.05538908311032398500, 0.03197890204391207900, 0.2905092592592616900 ) ) ;
#2210 = ORIENTED_EDGE ( 'NONE', *, *, #912, .F. ) ;
#2211 = LINE ( 'NONE', #2825, #1557 ) ;
#2212 = EDGE_CURVE ( 'NONE', #3769, #3260, #2297, .T. ) ;
#2213 = CARTESIAN_POINT ( 'NONE',  ( -0.03692605540688263800, 0.06395780408782417200, 0.1307870370370381500 ) ) ;
#2214 = CARTESIAN_POINT ( 'NONE',  ( 0.0000000000000000000, 7.549139889267777500E-020, 0.0000000000000000000 ) ) ;
#2215 = CARTESIAN_POINT ( 'NONE',  ( 0.09468544414709857700, 3.293405982633476400E-017, 0.3576388888888920000 ) ) ;
#2216 = CARTESIAN_POINT ( 'NONE',  ( -0.07385211081376527600, -1.181118813662755500E-017, 0.1319444444444456100 ) ) ;
#2217 = CARTESIAN_POINT ( 'NONE',  ( 0.1079550235050846200, 0.08296380741528651400, 0.6640000000000001500 ) ) ;
#2218 = CARTESIAN_POINT ( 'NONE',  ( 0.1079550235274975700, 0.08296380739287014000, 0.5067500000000000300 ) ) ;
#2219 = CARTESIAN_POINT ( 'NONE',  ( 0.04734272207354925400, -0.08199999999999993400, 0.2384259259259278500 ) ) ;
#2220 = CARTESIAN_POINT ( 'NONE',  ( -0.03692605540688265900, -0.06395780408782417200, 0.1921296296296312600 ) ) ;
#2221 = CARTESIAN_POINT ( 'NONE',  ( 0.0000000000000000000, 0.08199999999999992000, 0.1111111111111119800 ) ) ;
#2222 = CARTESIAN_POINT ( 'NONE',  ( -0.01678788547894933100, 0.1282499999999999200, 0.5000000000000000000 ) ) ;
#2223 = CARTESIAN_POINT ( 'NONE',  ( -0.03692605540688265900, -0.06395780408782413000, 0.3310185185185212700 ) ) ;
#2224 = CARTESIAN_POINT ( 'NONE',  ( -0.07385211081376529000, 2.203199711446408800E-017, 0.2465277777777798200 ) ) ;
#2225 = CARTESIAN_POINT ( 'NONE',  ( -7.832572005664740100E-018, -0.06395780408782415800, 0.3090277777777804000 ) ) ;
#2226 = CARTESIAN_POINT ( 'NONE',  ( -0.07101408311032390800, 0.04100000000000002300, 0.3101851851851876700 ) ) ;
#2227 = CARTESIAN_POINT ( 'NONE',  ( 0.04734272207354926100, -0.08199999999999990600, 0.4363425925925962200 ) ) ;
#2228 = CARTESIAN_POINT ( 'NONE',  ( 0.05538908311032398500, 0.03197890204391201600, 0.09259259259259342000 ) ) ;
#2229 = CARTESIAN_POINT ( 'NONE',  ( -0.06798856206435685600, -0.1179611625461715600, 0.6505000000000000800 ) ) ;
#2230 = CARTESIAN_POINT ( 'NONE',  ( 0.1079550235274992600, -0.08296380739286848800, 0.5067500000000000300 ) ) ;
#2231 = CARTESIAN_POINT ( 'NONE',  ( 0.01767145836718664700, -0.1349999999999999000, 0.6505000000000000800 ) ) ;
#2232 = DIRECTION ( 'NONE',  ( -0.0000000000000000000, -0.0000000000000000000, -1.000000000000000000 ) ) ;
#2233 = CARTESIAN_POINT ( 'NONE',  ( 0.05538908311032394300, -0.03197890204391212000, 0.1990740740740757900 ) ) ;
#2234 = CARTESIAN_POINT ( 'NONE',  ( 0.07101408311032395000, 0.04099999999999989100, 0.1064814814814823200 ) ) ;
#2235 = EDGE_CURVE ( 'NONE', #1367, #1292, #666, .T. ) ;
#2236 = CARTESIAN_POINT ( 'NONE',  ( -0.08199999999999992000, 5.718722373022829100E-017, 0.3402777777777805100 ) ) ;
#2237 = ORIENTED_EDGE ( 'NONE', *, *, #4259, .T. ) ;
#2238 = CARTESIAN_POINT ( 'NONE',  ( -0.05538908311032397100, -0.03197890204391201600, 0.4120370370370404200 ) ) ;
#2239 = CARTESIAN_POINT ( 'NONE',  ( -0.05538908311032397100, -0.03197890204391203700, 0.3321759259259287100 ) ) ;
#2240 = DIRECTION ( 'NONE',  ( -1.000000000000000000, 0.0000000000000000000, 0.0000000000000000000 ) ) ;
#2241 = CARTESIAN_POINT ( 'NONE',  ( 0.03692605540688268000, 0.06395780408782419900, 0.2650462962962985000 ) ) ;
#2242 = CARTESIAN_POINT ( 'NONE',  ( 0.06542603278570520400, -0.05067878707749137700, 0.02144428708912126200 ) ) ;
#2243 = CARTESIAN_POINT ( 'NONE',  ( -0.04734272207354927500, 0.08200000000000001700, 0.4224537037037072200 ) ) ;
#2244 = FACE_OUTER_BOUND ( 'NONE', #4352, .T. ) ;
#2245 = CARTESIAN_POINT ( 'NONE',  ( 0.0000000000000000000, 0.06395780408782422700, 0.3472222222222251000 ) ) ;
#2246 = CARTESIAN_POINT ( 'NONE',  ( -0.06116238027663971300, -0.1061733221278428300, 0.6639999999999999200 ) ) ;
#2247 = CARTESIAN_POINT ( 'NONE',  ( -0.1179611625461674700, -0.06798856206436688900, 0.6505000000000000800 ) ) ;
#2248 = CARTESIAN_POINT ( 'NONE',  ( -0.1079550235274975000, 0.08296380739287022300, 0.5067500000000000300 ) ) ;
#2249 = CARTESIAN_POINT ( 'NONE',  ( 0.1079550235050915600, -0.08296380741527612000, 0.6505000000000000800 ) ) ;
#2250 = CARTESIAN_POINT ( 'NONE',  ( -0.03692605540688263800, 0.06395780408782418500, 0.1828703703703719000 ) ) ;
#2251 = CARTESIAN_POINT ( 'NONE',  ( -0.08200000000000001700, -0.02197183377935191900, 0.1470738388538489800 ) ) ;
#2252 = ORIENTED_EDGE ( 'NONE', *, *, #2689, .T. ) ;
#2253 = ORIENTED_EDGE ( 'NONE', *, *, #734, .F. ) ;
#2254 = CARTESIAN_POINT ( 'NONE',  ( -0.07101408311032393600, -0.04100000000000000900, 0.01273148148148181000 ) ) ;
#2255 = CARTESIAN_POINT ( 'NONE',  ( 0.0000000000000000000, 0.06395780408782422700, 0.3506944444444473100 ) ) ;
#2256 = CARTESIAN_POINT ( 'NONE',  ( -0.05538908311032396400, 0.03197890204391214100, 0.3275462962962990000 ) ) ;
#2257 = CARTESIAN_POINT ( 'NONE',  ( 0.08199999999999997600, 0.02197183377935204400, 0.3033238388538503900 ) ) ;
#2258 = CARTESIAN_POINT ( 'NONE',  ( -0.07101408311032392200, 0.04100000000000006400, 0.4525462962963001100 ) ) ;
#2259 = VERTEX_POINT ( 'NONE', #1566 ) ;
#2260 = CIRCLE ( 'NONE', #2551, 0.08118988160479118100 ) ;
#2261 = AXIS2_PLACEMENT_3D ( 'NONE', #2102, #2069, #4733 ) ;
#2262 = CARTESIAN_POINT ( 'NONE',  ( -0.03692605540688263800, 0.06395780408782422700, 0.2662037037037058900 ) ) ;
#2263 = CARTESIAN_POINT ( 'NONE',  ( -0.05407407707622036200, -0.05621615391215394700, 0.01645767045296658200 ) ) ;
#2264 = CARTESIAN_POINT ( 'NONE',  ( -0.1079550235050821300, 0.08296380741528557000, 0.6505000000000000800 ) ) ;
#2265 = ORIENTED_EDGE ( 'NONE', *, *, #1474, .F. ) ;
#2266 = LINE ( 'NONE', #4936, #3398 ) ;
#2267 = CC_DESIGN_APPROVAL ( #2015, ( #971 ) ) ;
#2268 = CARTESIAN_POINT ( 'NONE',  ( 0.0000000000000000000, 2.561107494060246800E-017, 0.5292343750000003700 ) ) ;
#2269 = CARTESIAN_POINT ( 'NONE',  ( 0.07385211081376529000, 4.804214282403406700E-017, 0.3958333333333365300 ) ) ;
#2270 = DIRECTION ( 'NONE',  ( 0.0000000000000000000, 0.0000000000000000000, -1.000000000000000000 ) ) ;
#2271 = ORIENTED_EDGE ( 'NONE', *, *, #4681, .F. ) ;
#2272 = CYLINDRICAL_SURFACE ( 'NONE', #2544, 0.08199999999999993400 ) ;
#2273 = CARTESIAN_POINT ( 'NONE',  ( 0.09468544414709857700, -7.372325126801471000E-017, -0.003472222222222034200 ) ) ;
#2274 = CARTESIAN_POINT ( 'NONE',  ( 0.03692605540688262400, -0.06395780408782414400, 0.3668981481481511900 ) ) ;
#2275 = ORIENTED_EDGE ( 'NONE', *, *, #2836, .T. ) ;
#2276 = EDGE_CURVE ( 'NONE', #564, #2095, #392, .T. ) ;
#2277 = CARTESIAN_POINT ( 'NONE',  ( -0.07385211081376527600, 1.382758856874490500E-017, 0.2187500000000018300 ) ) ;
#2278 = CARTESIAN_POINT ( 'NONE',  ( -0.07101408311032392200, 0.04100000000000002900, 0.3136574074074101600 ) ) ;
#2279 = CARTESIAN_POINT ( 'NONE',  ( -0.07883769574360984000, 0.1025391696066170600, 0.4999999999999999400 ) ) ;
#2280 = CARTESIAN_POINT ( 'NONE',  ( -0.05538908311032397100, -0.03197890204391203700, 0.3287037037037063800 ) ) ;
#2281 = CARTESIAN_POINT ( 'NONE',  ( -0.05538908311032396400, 0.03197890204391219700, 0.4942129629629669600 ) ) ;
#2282 = CARTESIAN_POINT ( 'NONE',  ( 0.005747480113775769300, 0.07787157241394074300, 0.5741935482953671700 ) ) ;
#2283 = CARTESIAN_POINT ( 'NONE',  ( 0.07101408311032389500, -0.04099999999999993200, 0.4074074074074106000 ) ) ;
#2284 = CARTESIAN_POINT ( 'NONE',  ( -0.1314863112318799800, -0.03533596467420691000, 0.6505000000000000800 ) ) ;
#2285 = CARTESIAN_POINT ( 'NONE',  ( 0.0000000000000000000, 2.561107494060246800E-017, 0.5761093750000000300 ) ) ;
#2286 = CARTESIAN_POINT ( 'NONE',  ( -0.07385211081376529000, 4.561967168340676300E-017, 0.3263888888888915600 ) ) ;
#2287 = DIRECTION ( 'NONE',  ( 1.000000000000000000, 0.0000000000000000000, 0.0000000000000000000 ) ) ;
#2288 = CARTESIAN_POINT ( 'NONE',  ( -0.03692605540688265900, -0.06395780408782410200, 0.4421296296296332600 ) ) ;
#2289 = CARTESIAN_POINT ( 'NONE',  ( 0.05538908311032398500, 0.03197890204391207900, 0.2905092592592616900 ) ) ;
#2290 = CARTESIAN_POINT ( 'NONE',  ( -0.06456180829066075800, 0.1120713800019739900, 0.5000000000000001100 ) ) ;
#2291 =( BOUNDED_SURFACE ( )  B_SPLINE_SURFACE ( 2, 3, ( 
 ( #1437, #4095, #1051, #262, #2946, #3720, #4114, #1822, #2222, #656, #1806, #2207, #2174, #3352, #673, #279, #4472, #4132, #1455, #2962, #3736, #1841, #4505, #4454, #2548, #3662, #968, #2540, #580, #3312, #4468, #1026, #204, #634 ),
 ( #1046, #3295, #2524, #2942, #4832, #4888, #4107, #3256, #3700, #990, #3644, #2154, #1357, #1378, #2187, #4091, #225, #2906, #4035, #1431, #242, #1410, #4055, #3679, #4415, #2577, #2925, #1765, #1816, #3277, #613, #4485, #274, #2200 ),
 ( #1745, #1008, #2131, #3717, #4814, #4432, #1803, #2510, #3331, #1393, #2891, #598, #4075, #1781, #4871, #4450, #2170, #2563, #4855, #257, #653, #1099, #4127, #1910, #1450, #1835, #2957, #2665, #2632, #1487, #4163, #2647, #2612, #1875 ) ),
 .UNSPECIFIED., .F., .T., .F. ) 
 B_SPLINE_SURFACE_WITH_KNOTS ( ( 3, 3 ),
 ( 4, 2, 2, 2, 2, 2, 2, 2, 2, 2, 2, 2, 2, 2, 2, 2, 4 ),
 ( 0.0000000000000000000, 1.000000000000000000 ),
 ( 0.0000000000000000000, 0.3926990816987241400, 0.7853981633974482800, 1.178097245096172400, 1.570796326794896600, 1.963495408493620700, 2.356194490192344800, 2.748893571891069000, 3.141592653589793100, 3.534291735288517300, 3.926990816987241400, 4.319689898685965100, 4.712388980384689700, 5.105088062083414300, 5.497787143782138000, 5.890486225480861600, 6.283185307179586200 ),
 .UNSPECIFIED. ) 
 GEOMETRIC_REPRESENTATION_ITEM ( )  RATIONAL_B_SPLINE_SURFACE ( (
 ( 1.000000000000000000, 1.000000000000000000, 1.000000000000000000, 1.000000000000000000, 1.000000000000000000, 1.000000000000000000, 1.000000000000000000, 1.000000000000000000, 1.000000000000000000, 1.000000000000000000, 1.000000000000000000, 1.000000000000000000, 1.000000000000000000, 1.000000000000000000, 1.000000000000000000, 1.000000000000000000, 1.000000000000000000, 1.000000000000000000, 1.000000000000000000, 1.000000000000000000, 1.000000000000000000, 1.000000000000000000, 1.000000000000000000, 1.000000000000000000, 1.000000000000000000, 1.000000000000000000, 1.000000000000000000, 1.000000000000000000, 1.000000000000000000, 1.000000000000000000, 1.000000000000000000, 1.000000000000000000, 1.000000000000000000, 1.000000000000000000),
 ( 0.3333333333333334300, 0.3333333333333334300, 0.3333333333333334300, 0.3333333333333334300, 0.3333333333333334300, 0.3333333333333334300, 0.3333333333333334300, 0.3333333333333334300, 0.3333333333333334300, 0.3333333333333334300, 0.3333333333333334300, 0.3333333333333334300, 0.3333333333333334300, 0.3333333333333334300, 0.3333333333333334300, 0.3333333333333334300, 0.3333333333333334300, 0.3333333333333334300, 0.3333333333333334300, 0.3333333333333334300, 0.3333333333333334300, 0.3333333333333334300, 0.3333333333333334300, 0.3333333333333334300, 0.3333333333333334300, 0.3333333333333334300, 0.3333333333333334300, 0.3333333333333334300, 0.3333333333333333100, 0.3333333333333333100, 0.3333333333333334300, 0.3333333333333334300, 0.3333333333333334300, 0.3333333333333334300),
 ( 1.000000000000000000, 1.000000000000000000, 1.000000000000000000, 1.000000000000000000, 1.000000000000000000, 1.000000000000000000, 1.000000000000000000, 1.000000000000000000, 1.000000000000000000, 1.000000000000000000, 1.000000000000000000, 1.000000000000000000, 1.000000000000000000, 1.000000000000000000, 1.000000000000000000, 1.000000000000000000, 1.000000000000000000, 1.000000000000000000, 1.000000000000000000, 1.000000000000000000, 1.000000000000000000, 1.000000000000000000, 1.000000000000000000, 1.000000000000000000, 1.000000000000000000, 1.000000000000000000, 1.000000000000000000, 1.000000000000000000, 1.000000000000000000, 1.000000000000000000, 1.000000000000000000, 1.000000000000000000, 1.000000000000000000, 1.000000000000000000) ) ) 
 REPRESENTATION_ITEM ( '' )  SURFACE ( )  );
#2292 = CARTESIAN_POINT ( 'NONE',  ( 0.05538908311032394300, -0.03197890204391210700, 0.2546296296296317600 ) ) ;
#2293 = CARTESIAN_POINT ( 'NONE',  ( 0.1061733221278336200, -0.06116238027666840600, 0.6640000000000000300 ) ) ;
#2294 = CARTESIAN_POINT ( 'NONE',  ( 0.1079550235050828900, 0.08296380741528479300, 0.6505000000000000800 ) ) ;
#2295 = CARTESIAN_POINT ( 'NONE',  ( -0.1349999999999999300, 1.660822318738193700E-017, 0.6505000000000000800 ) ) ;
#2296 = AXIS2_PLACEMENT_3D ( 'NONE', #921, #4746, #3982 ) ;
#2297 =( BOUNDED_CURVE ( )  B_SPLINE_CURVE ( 2, ( #755, #3815, #4586, #318, #1888, #840, #1942, #1549, #3828 ),
 .UNSPECIFIED., .F., .F. ) 
 B_SPLINE_CURVE_WITH_KNOTS ( ( 3, 2, 2, 2, 3 ),
 ( 0.1710526315789473500, 0.1754385964912280600, 0.1842105263157894600, 0.1929824561403508700, 0.1973684210526315800 ),
 .UNSPECIFIED. ) 
 CURVE ( )  GEOMETRIC_REPRESENTATION_ITEM ( )  RATIONAL_B_SPLINE_CURVE ( ( 0.9330127018922191900, 0.9330127018922190800, 1.000000000000000000, 0.8660254037844387100, 1.000000000000000000, 0.8660254037844387100, 1.000000000000000000, 0.9330127018922191900, 0.9330127018922194100 ) ) 
 REPRESENTATION_ITEM ( '' )  );
#2298 = CARTESIAN_POINT ( 'NONE',  ( -0.03692605540688265900, -0.06395780408782415800, 0.2789351851851875600 ) ) ;
#2299 = CARTESIAN_POINT ( 'NONE',  ( 0.0000000000000000000, 0.06395780408782424100, 0.3750000000000030500 ) ) ;
#2300 = COORDINATED_UNIVERSAL_TIME_OFFSET ( 6, 0, .BEHIND. ) ;
#2301 = CARTESIAN_POINT ( 'NONE',  ( 0.06118970585792087000, -0.1061650462915533600, 0.6640000000000000300 ) ) ;
#2302 = EDGE_CURVE ( 'NONE', #460, #3141, #2448, .T. ) ;
#2303 = CARTESIAN_POINT ( 'NONE',  ( -7.832572005664740100E-018, -0.06395780408782410200, 0.5000000000000041100 ) ) ;
#2304 =( BOUNDED_CURVE ( )  B_SPLINE_CURVE ( 2, ( #3341, #1920, #3839, #384, #4990, #3794, #4582, #2672, #1937 ),
 .UNSPECIFIED., .F., .F. ) 
 B_SPLINE_CURVE_WITH_KNOTS ( ( 3, 2, 2, 2, 3 ),
 ( 0.3289473684210526500, 0.3333333333333333100, 0.3421052631578947500, 0.3508771929824561200, 0.3552631578947368400 ),
 .UNSPECIFIED. ) 
 CURVE ( )  GEOMETRIC_REPRESENTATION_ITEM ( )  RATIONAL_B_SPLINE_CURVE ( ( 0.9330127018922194100, 0.9330127018922198500, 1.000000000000000000, 0.8660254037844387100, 1.000000000000000000, 0.8660254037844387100, 1.000000000000000000, 0.9330127018922194100, 0.9330127018922194100 ) ) 
 REPRESENTATION_ITEM ( '' )  );
#2305 = FACE_OUTER_BOUND ( 'NONE', #2036, .T. ) ;
#2306 = ADVANCED_FACE ( 'NONE', ( #2680 ), #3934, .F. ) ;
#2307 = CARTESIAN_POINT ( 'NONE',  ( -7.832572005664740100E-018, -0.06395780408782410200, 0.4756944444444483600 ) ) ;
#2308 = CARTESIAN_POINT ( 'NONE',  ( 0.08199999999999993400, 1.011759515190096700E-017, 0.0000000000000000000 ) ) ;
#2309 = CARTESIAN_POINT ( 'NONE',  ( -0.09468544414709854900, 1.817991552250139200E-017, 0.2291666666666684900 ) ) ;
#2310 = CARTESIAN_POINT ( 'NONE',  ( 0.05538908311032394300, -0.03197890204391205100, 0.4490740740740777300 ) ) ;
#2311 = CARTESIAN_POINT ( 'NONE',  ( 0.08199999999999992000, 3.431233423813696700E-017, 0.4097222222222254300 ) ) ;
#2312 = DIRECTION ( 'NONE',  ( -0.0000000000000000000, -0.0000000000000000000, -1.000000000000000000 ) ) ;
#2313 = CARTESIAN_POINT ( 'NONE',  ( -0.07101408311032390800, 0.04100000000000000200, 0.2546296296296316500 ) ) ;
#2314 = CARTESIAN_POINT ( 'NONE',  ( -0.03692605540688263800, 0.06395780408782422700, 0.3252314814814840600 ) ) ;
#2315 = CARTESIAN_POINT ( 'NONE',  ( 0.03692605540688262400, -0.06395780408782418500, 0.2800925925925950000 ) ) ;
#2316 = ORIENTED_EDGE ( 'NONE', *, *, #1089, .F. ) ;
#2317 = CARTESIAN_POINT ( 'NONE',  ( -0.07385211081376527600, -5.180767979700860700E-017, -0.003472222222222140500 ) ) ;
#2318 = EDGE_LOOP ( 'NONE', ( #3493, #839, #2560, #706 ) ) ;
#2319 = CARTESIAN_POINT ( 'NONE',  ( 0.05538908311032394300, -0.03197890204391203700, 0.4768518518518556900 ) ) ;
#2320 = ORIENTED_EDGE ( 'NONE', *, *, #2087, .T. ) ;
#2321 = LINE ( 'NONE', #547, #4471 ) ;
#2322 = CARTESIAN_POINT ( 'NONE',  ( 0.03692605540688268000, 0.06395780408782422700, 0.3761574074074104900 ) ) ;
#2323 = CARTESIAN_POINT ( 'NONE',  ( 0.06850088698295078700, 0.009796777765540234900, 0.4768988751830297600 ) ) ;
#2324 = ORIENTED_EDGE ( 'NONE', *, *, #4129, .F. ) ;
#2325 = CONICAL_SURFACE ( 'NONE', #4668, 0.06116666666666647400, 0.7853981633974427300 ) ;
#2326 = CARTESIAN_POINT ( 'NONE',  ( 0.07031249999999998600, -1.104688081465991000E-016, 0.6577199408023956000 ) ) ;
#2327 = DIRECTION ( 'NONE',  ( -0.0000000000000000000, -0.0000000000000000000, -1.000000000000000000 ) ) ;
#2328 = EDGE_CURVE ( 'NONE', #4120, #3538, #2615, .T. ) ;
#2329 = CARTESIAN_POINT ( 'NONE',  ( 0.04734272207354931600, 0.08199999999999987900, 0.05324074074074113700 ) ) ;
#2330 = ORIENTED_EDGE ( 'NONE', *, *, #2426, .T. ) ;
#2331 = CARTESIAN_POINT ( 'NONE',  ( -0.05538908311032396400, 0.03197890204391213400, 0.2997685185185209900 ) ) ;
#2332 = CARTESIAN_POINT ( 'NONE',  ( -0.03692605540688265900, -0.06395780408782411600, 0.3865740740740773500 ) ) ;
#2333 = CARTESIAN_POINT ( 'NONE',  ( 0.06659089523089117800, 4.416981036696388500E-013, 0.005424228564224777700 ) ) ;
#2334 = CARTESIAN_POINT ( 'NONE',  ( 0.04734272207354926100, -0.08200000000000000300, 0.07523148148148230100 ) ) ;
#2335 = EDGE_CURVE ( 'NONE', #1979, #3444, #4494, .T. ) ;
#2336 = CARTESIAN_POINT ( 'NONE',  ( 0.05538908311032394300, -0.03197890204391207200, 0.3692129629629660700 ) ) ;
#2337 = CARTESIAN_POINT ( 'NONE',  ( 0.08199999999999993400, -0.02197183377935205800, 0.2452872722572654600 ) ) ;
#2338 = CARTESIAN_POINT ( 'NONE',  ( -0.04734272207354927500, 0.08199999999999990600, 0.03356481481481527600 ) ) ;
#2339 = CARTESIAN_POINT ( 'NONE',  ( 0.04734272207354931600, 0.08199999999999990600, 0.1643518518518531400 ) ) ;
#2340 = DIRECTION ( 'NONE',  ( -1.000000000000000000, 0.0000000000000000000, 0.0000000000000000000 ) ) ;
#2341 = DIRECTION ( 'NONE',  ( -0.0000000000000000000, -0.0000000000000000000, -1.000000000000000000 ) ) ;
#2342 = CARTESIAN_POINT ( 'NONE',  ( 0.07385211081376527600, 2.445446825509139500E-017, 0.3159722222222248200 ) ) ;
#2343 = CARTESIAN_POINT ( 'NONE',  ( -0.05538908311032397100, -0.03197890204391200900, 0.4398148148148184300 ) ) ;
#2344 = VECTOR ( 'NONE', #1070, 39.37007874015748100 ) ;
#2345 =( BOUNDED_CURVE ( )  B_SPLINE_CURVE ( 2, ( #3882, #2049, #2742, #3425, #87, #4268, #2283, #359, #2017 ),
 .UNSPECIFIED., .F., .F. ) 
 B_SPLINE_CURVE_WITH_KNOTS ( ( 3, 2, 2, 2, 3 ),
 ( 0.7500000000000000000, 0.7543859649122807200, 0.7631578947368421500, 0.7719298245614034700, 0.7763157894736841800 ),
 .UNSPECIFIED. ) 
 CURVE ( )  GEOMETRIC_REPRESENTATION_ITEM ( )  RATIONAL_B_SPLINE_CURVE ( ( 0.9330127018922194100, 0.9330127018922194100, 1.000000000000000000, 0.8660254037844387100, 1.000000000000000000, 0.8660254037844387100, 1.000000000000000000, 0.9330127018922194100, 0.9330127018922194100 ) ) 
 REPRESENTATION_ITEM ( '' )  );
#2346 = CARTESIAN_POINT ( 'NONE',  ( -0.1314863112318807300, -0.03533596467420893600, 0.6640000000000001500 ) ) ;
#2347 = CARTESIAN_POINT ( 'NONE',  ( 0.0000000000000000000, 0.08199999999999992000, 0.08680555555555644100 ) ) ;
#2348 = CARTESIAN_POINT ( 'NONE',  ( 0.05538908311032398500, 0.03197890204391212700, 0.4571759259259295900 ) ) ;
#2349 = CARTESIAN_POINT ( 'NONE',  ( -7.832572005664740100E-018, -0.06395780408782414400, 0.3645833333333363700 ) ) ;
#2350 = CARTESIAN_POINT ( 'NONE',  ( 0.06041782032782194000, 0.03779872404264634400, 0.4778170957753729600 ) ) ;
#2351 = APPROVAL_DATE_TIME ( #4508, #3311 ) ;
#2352 = CARTESIAN_POINT ( 'NONE',  ( 0.07385211081376527600, 6.445095991547246100E-017, 0.4513888888888926100 ) ) ;
#2353 = B_SPLINE_CURVE_WITH_KNOTS ( 'NONE', 3,
 ( #2326, #1156, #1168, #802, #3467, #3857 ),
 .UNSPECIFIED., .F., .F.,
 ( 4, 2, 4 ),
 ( 0.006566905605502190500, 0.007088825153783973400, 0.007610744702065756200 ),
 .UNSPECIFIED. ) ;
#2354 = CARTESIAN_POINT ( 'NONE',  ( -0.08199999999999992000, -4.620727677402445600E-016, 0.4791666666666704600 ) ) ;
#2355 = CARTESIAN_POINT ( 'NONE',  ( -0.08199999999999996200, -0.02197183377935199900, 0.3172127277427394500 ) ) ;
#2356 = CARTESIAN_POINT ( 'NONE',  ( 0.09468544414709854900, -5.013557669907208800E-017, 0.07638888888888949200 ) ) ;
#2357 = LINE ( 'NONE', #3335, #3851 ) ;
#2358 = AXIS2_PLACEMENT_3D ( 'NONE', #3222, #1708, #2824 ) ;
#2359 = CARTESIAN_POINT ( 'NONE',  ( -0.03692605540688265900, -0.06395780408782415800, 0.2233796296296315400 ) ) ;
#2360 = CARTESIAN_POINT ( 'NONE',  ( 0.05538908311032394300, -0.03197890204391205100, 0.4490740740740777300 ) ) ;
#2361 = CARTESIAN_POINT ( 'NONE',  ( 0.03692605540688262400, -0.06395780408782425500, 0.03356481481481520700 ) ) ;
#2362 = AXIS2_PLACEMENT_3D ( 'NONE', #2214, #2533, #2587 ) ;
#2363 = CARTESIAN_POINT ( 'NONE',  ( 0.06118970585793114700, 0.1061650462915499500, 0.6640000000000000300 ) ) ;
#2364 = EDGE_CURVE ( 'NONE', #460, #4418, #995, .T. ) ;
#2365 = CARTESIAN_POINT ( 'NONE',  ( 0.04734272207354931600, 0.08199999999999987900, 0.02893518518518560500 ) ) ;
#2366 = CARTESIAN_POINT ( 'NONE',  ( -0.03692605540688265900, -0.06395780408782410200, 0.4733796296296335400 ) ) ;
#2367 = DIRECTION ( 'NONE',  ( -1.000000000000000000, 0.0000000000000000000, 0.0000000000000000000 ) ) ;
#2368 = ORIENTED_EDGE ( 'NONE', *, *, #4805, .T. ) ;
#2369 = ORIENTED_EDGE ( 'NONE', *, *, #297, .T. ) ;
#2370 = CARTESIAN_POINT ( 'NONE',  ( -0.03692605540688265900, -0.06395780408782407400, 0.4976851851851892800 ) ) ;
#2371 = DIRECTION ( 'NONE',  ( -0.0000000000000000000, -0.0000000000000000000, 1.000000000000000000 ) ) ;
#2372 = CARTESIAN_POINT ( 'NONE',  ( -0.07031250000000001400, 0.04059494080239566000, 0.5761093750000000300 ) ) ;
#2373 = CARTESIAN_POINT ( 'NONE',  ( 0.1349999999999999300, 8.304111593690968400E-018, 0.6505000000000000800 ) ) ;
#2374 = CARTESIAN_POINT ( 'NONE',  ( -0.08038248479060719500, -0.01110744990645253100, 0.4838769223202801800 ) ) ;
#2375 = ORIENTED_EDGE ( 'NONE', *, *, #1205, .T. ) ;
#2376 = CARTESIAN_POINT ( 'NONE',  ( -0.04734272207354926100, 0.08199999999999990600, 0.03009259259259280600 ) ) ;
#2377 = ADVANCED_FACE ( 'NONE', ( #4121 ), #3093, .T. ) ;
#2378 = CARTESIAN_POINT ( 'NONE',  ( 0.05538908311032398500, 0.03197890204391211400, 0.4293981481481515800 ) ) ;
#2379 = CARTESIAN_POINT ( 'NONE',  ( 0.03692605540688262400, -0.06395780408782414400, 0.4189814814814849000 ) ) ;
#2380 = CARTESIAN_POINT ( 'NONE',  ( 0.05538908311032394300, -0.03197890204391216200, 0.06365740740740803700 ) ) ;
#2381 = ORIENTED_EDGE ( 'NONE', *, *, #109, .T. ) ;
#2382 = CARTESIAN_POINT ( 'NONE',  ( -0.1183376801086918200, 0.03180236820678717500, 0.6640000000000000300 ) ) ;
#2383 = CARTESIAN_POINT ( 'NONE',  ( 0.04734272207354931600, 0.08199999999999990600, 0.1678240740740756000 ) ) ;
#2384 = ORIENTED_EDGE ( 'NONE', *, *, #2937, .F. ) ;
#2385 = ORIENTED_EDGE ( 'NONE', *, *, #4167, .F. ) ;
#2386 = CARTESIAN_POINT ( 'NONE',  ( 0.07101408311032395000, 0.04099999999999993200, 0.2731481481481503000 ) ) ;
#2387 = DIRECTION ( 'NONE',  ( -0.0000000000000000000, -0.0000000000000000000, -1.000000000000000000 ) ) ;
#2388 = B_SPLINE_CURVE_WITH_KNOTS ( 'NONE', 3,
 ( #2004, #1994, #3537, #106, #3175, #4683, #4256, #3250 ),
 .UNSPECIFIED., .F., .F.,
 ( 4, 2, 2, 4 ),
 ( 2.164090350034183600E-017, 0.0004938621984949505900, 0.0009877243969898794900, 0.001975448793979737300 ),
 .UNSPECIFIED. ) ;
#2389 = CARTESIAN_POINT ( 'NONE',  ( 0.1179611624278247700, -0.06798856235007136300, 0.5067500000000000300 ) ) ;
#2390 = ORIENTED_EDGE ( 'NONE', *, *, #1541, .F. ) ;
#2391 = CARTESIAN_POINT ( 'NONE',  ( 0.0000000000000000000, 7.549139889267777500E-020, 0.0000000000000000000 ) ) ;
#2392 = AXIS2_PLACEMENT_3D ( 'NONE', #1317, #2822, #2115 ) ;
#2393 = DIRECTION ( 'NONE',  ( -1.000000000000000000, 0.0000000000000000000, 0.0000000000000000000 ) ) ;
#2394 = CARTESIAN_POINT ( 'NONE',  ( 0.07101408311032395000, 0.04099999999999987700, 0.05092592592592631900 ) ) ;
#2395 = AXIS2_PLACEMENT_3D ( 'NONE', #4207, #4636, #1957 ) ;
#2396 = CARTESIAN_POINT ( 'NONE',  ( -0.07385211081376527600, 7.125844838877923000E-017, 0.4131944444444478600 ) ) ;
#2397 = CARTESIAN_POINT ( 'NONE',  ( 0.07031249999999998600, 0.04059494080239570100, 0.5761093750000000300 ) ) ;
#2398 = CARTESIAN_POINT ( 'NONE',  ( 0.0000000000000000000, 0.06395780408782415800, 0.07291666666666732400 ) ) ;
#2399 = CARTESIAN_POINT ( 'NONE',  ( -1.004210375300829100E-017, -0.08199999999999999000, 0.1006944444444454900 ) ) ;
#2400 = CARTESIAN_POINT ( 'NONE',  ( 0.07101408311032395000, 0.04099999999999995300, 0.3287037037037063300 ) ) ;
#2401 = CARTESIAN_POINT ( 'NONE',  ( 0.09713744263478099600, 0.07468552959673786800, 0.6640000000000000300 ) ) ;
#2402 = CARTESIAN_POINT ( 'NONE',  ( 0.06798856235007143300, -0.1179611624278247000, 0.5067500000000000300 ) ) ;
#2403 = CARTESIAN_POINT ( 'NONE',  ( 0.05538908311032398500, 0.03197890204391200900, 0.04050925925925968200 ) ) ;
#2404 = VERTEX_POINT ( 'NONE', #3090 ) ;
#2405 = DIRECTION ( 'NONE',  ( -0.0000000000000000000, -0.0000000000000000000, -1.000000000000000000 ) ) ;
#2406 = DIRECTION ( 'NONE',  ( 0.0000000000000000000, 0.0000000000000000000, -1.000000000000000000 ) ) ;
#2407 = CARTESIAN_POINT ( 'NONE',  ( 0.04734272207354925400, -0.08199999999999996200, 0.1550925925925938600 ) ) ;
#2408 = CARTESIAN_POINT ( 'NONE',  ( -0.05538908311032396400, 0.03197890204391214800, 0.3553240740740769600 ) ) ;
#2409 = CARTESIAN_POINT ( 'NONE',  ( -0.03692605540688265900, -0.06395780408782410200, 0.4421296296296333100 ) ) ;
#2410 = CARTESIAN_POINT ( 'NONE',  ( -0.03692605540688265900, -0.06395780408782422700, 0.05671296296296354800 ) ) ;
#2411 = CARTESIAN_POINT ( 'NONE',  ( 0.03692605540688268000, 0.06395780408782413000, 0.03935185185185224900 ) ) ;
#2412 = AXIS2_PLACEMENT_3D ( 'NONE', #2759, #2417, #899 ) ;
#2413 = PERSON_AND_ORGANIZATION ( #1861, #917 ) ;
#2414 = CARTESIAN_POINT ( 'NONE',  ( -0.07101408311032392200, -0.04099999999999991200, 0.3148148148148172700 ) ) ;
#2415 = DIRECTION ( 'NONE',  ( -1.000000000000000000, 0.0000000000000000000, 0.0000000000000000000 ) ) ;
#2416 = CARTESIAN_POINT ( 'NONE',  ( -0.07101408311032390800, 0.04099999999999998800, 0.1990740740740756500 ) ) ;
#2417 = DIRECTION ( 'NONE',  ( -0.0000000000000000000, -0.0000000000000000000, -1.000000000000000000 ) ) ;
#2418 = CARTESIAN_POINT ( 'NONE',  ( -0.005222374002398244900, -0.06395780408782425500, 0.003144842853479894100 ) ) ;
#2419 = CARTESIAN_POINT ( 'NONE',  ( 0.08199999999999993400, 1.011759515190096700E-017, 0.0000000000000000000 ) ) ;
#2420 = CARTESIAN_POINT ( 'NONE',  ( 0.07101408311032395000, 0.04099999999999988400, 0.07870370370370430300 ) ) ;
#2421 = CARTESIAN_POINT ( 'NONE',  ( -0.04734272207354926100, 0.08199999999999992000, 0.1134259259259268200 ) ) ;
#2422 = CARTESIAN_POINT ( 'NONE',  ( -0.05538908311032397100, -0.03197890204391202300, 0.3877314814814846700 ) ) ;
#2423 = CARTESIAN_POINT ( 'NONE',  ( -0.08199999999999992000, -3.431233423813696700E-017, 0.03472222222222249400 ) ) ;
#2424 = CARTESIAN_POINT ( 'NONE',  ( 0.0000000000000000000, 0.06395780408782417200, 0.1006944444444453400 ) ) ;
#2425 = CARTESIAN_POINT ( 'NONE',  ( -0.08200000000000000300, 0.02197183377935193700, 0.2279261611461539900 ) ) ;
#2426 = EDGE_CURVE ( 'NONE', #1231, #515, #1975, .T. ) ;
#2427 = CARTESIAN_POINT ( 'NONE',  ( 0.03692605540688262400, -0.06395780408782425500, 0.03009259259259295500 ) ) ;
#2428 = EDGE_LOOP ( 'NONE', ( #691, #2026, #4669, #2385 ) ) ;
#2429 = ORIENTED_EDGE ( 'NONE', *, *, #2689, .F. ) ;
#2430 = CARTESIAN_POINT ( 'NONE',  ( -1.004210375300828800E-017, -0.08199999999999990600, 0.2916666666666690200 ) ) ;
#2431 = ORIENTED_EDGE ( 'NONE', *, *, #2836, .F. ) ;
#2432 = CARTESIAN_POINT ( 'NONE',  ( -0.08199999999999993400, 7.549139889267777500E-020, 0.0000000000000000000 ) ) ;
#2433 = CARTESIAN_POINT ( 'NONE',  ( -0.08199999999999996200, 2.722111849558866300E-016, 0.1215277777777789600 ) ) ;
#2434 = CARTESIAN_POINT ( 'NONE',  ( -0.09519444444444448400, -5.530426628471140400E-017, 0.5000000000000000000 ) ) ;
#2435 = CARTESIAN_POINT ( 'NONE',  ( 0.04734272207354927500, -0.08199999999999996200, 0.2696759259259283200 ) ) ;
#2436 = CARTESIAN_POINT ( 'NONE',  ( 0.07101408311032395000, 0.04099999999999991800, 0.1898148148148163200 ) ) ;
#2437 = ORIENTED_EDGE ( 'NONE', *, *, #4071, .T. ) ;
#2438 = ORIENTED_EDGE ( 'NONE', *, *, #2997, .F. ) ;
#2439 = FACE_OUTER_BOUND ( 'NONE', #2547, .T. ) ;
#2440 = CARTESIAN_POINT ( 'NONE',  ( 0.03692605540688268000, 0.06395780408782422700, 0.3483796296296324800 ) ) ;
#2441 = CARTESIAN_POINT ( 'NONE',  ( 0.08199999999999993400, 3.431233423813696700E-017, 0.4131944444444479200 ) ) ;
#2442 = CARTESIAN_POINT ( 'NONE',  ( 0.04734272207354927500, -0.08199999999999997600, 0.2141203703703722900 ) ) ;
#2443 = CLOSED_SHELL ( 'NONE', ( #3283, #4465, #2306, #1113, #1408, #3490, #1085, #3521, #4693, #704, #11, #4125, #1892, #4520, #3831, #1944, #1536, #2956, #1628, #2636, #672, #382, #617, #2608, #2527, #3407, #3682, #2009, #1561, #4830, #3024, #597, #4617, #1250, #2377, #209, #3786, #779, #3852, #4670, #2982, #4437, #1382, #3427, #1513, #3126, #3077, #4149, #2777, #2726, #1030, #1764, #821, #1873, #361, #3103, #3909, #2168, #3660, #459, #2754, #4914, #332, #3148, #1061, #848, #2930, #1492, #4641, #79 ) ) ;
#2444 = CARTESIAN_POINT ( 'NONE',  ( -0.03692605540688263800, 0.06395780408782414400, 0.01620370370370391800 ) ) ;
#2445 = CARTESIAN_POINT ( 'NONE',  ( 0.04734272207354925400, -0.08199999999999992000, 0.2662037037037058300 ) ) ;
#2446 = CARTESIAN_POINT ( 'NONE',  ( -0.08199999999999992000, 7.548713532390133800E-017, 0.3958333333333364800 ) ) ;
#2447 = CARTESIAN_POINT ( 'NONE',  ( -0.08199999999999993400, -2.630612291590501200E-016, 0.2013888888888905300 ) ) ;
#2448 = B_SPLINE_CURVE_WITH_KNOTS ( 'NONE', 3,
 ( #9, #4656, #3073, #409, #1189, #2706 ),
 .UNSPECIFIED., .F., .F.,
 ( 4, 2, 4 ),
 ( 0.005522581507204834900, 0.006044743556353510100, 0.006566905605502185300 ),
 .UNSPECIFIED. ) ;
#2449 = CARTESIAN_POINT ( 'NONE',  ( -0.08199999999999992000, 0.02197183377935208300, 0.06473171670170847800 ) ) ;
#2450 = CARTESIAN_POINT ( 'NONE',  ( -7.832572005664740100E-018, -0.06395780408782424100, 0.03125000000000037500 ) ) ;
#2451 = EDGE_CURVE ( 'NONE', #2546, #1292, #4659, .T. ) ;
#2452 = CARTESIAN_POINT ( 'NONE',  ( 0.08199999999999996200, 0.02197183377935199900, 0.1331849499649599400 ) ) ;
#2453 = CARTESIAN_POINT ( 'NONE',  ( -0.04734272207354930200, -0.08199999999999992000, 0.1782407407407421700 ) ) ;
#2454 = AXIS2_PLACEMENT_3D ( 'NONE', #594, #2341, #3111 ) ;
#2455 = EDGE_CURVE ( 'NONE', #2501, #3769, #2086, .T. ) ;
#2456 = CARTESIAN_POINT ( 'NONE',  ( 0.05538908311032398500, 0.03197890204391200900, 0.06481481481481542200 ) ) ;
#2457 = CARTESIAN_POINT ( 'NONE',  ( -1.004210375300829100E-017, -0.08200000000000000300, 0.04513888888888947800 ) ) ;
#2458 = CARTESIAN_POINT ( 'NONE',  ( -7.832572005664740100E-018, -0.06395780408782419900, 0.1701388888888903900 ) ) ;
#2459 = CARTESIAN_POINT ( 'NONE',  ( 0.03692605540688262400, -0.06395780408782425500, 0.05787037037037095300 ) ) ;
#2460 = CARTESIAN_POINT ( 'NONE',  ( -0.04734272207354930200, -0.08199999999999982300, 0.4560185185185221500 ) ) ;
#2461 = DIRECTION ( 'NONE',  ( -0.0000000000000000000, -0.0000000000000000000, -1.000000000000000000 ) ) ;
#2462 = CARTESIAN_POINT ( 'NONE',  ( -0.07101408311032392200, -0.04099999999999992500, 0.2592592592592613000 ) ) ;
#2463 = CARTESIAN_POINT ( 'NONE',  ( 0.0000000000000000000, 0.06395780408782421300, 0.2361111111111130800 ) ) ;
#2464 = CARTESIAN_POINT ( 'NONE',  ( 0.03692605540688262400, -0.06395780408782422700, 0.1446759259259272100 ) ) ;
#2465 = ORIENTED_EDGE ( 'NONE', *, *, #1967, .F. ) ;
#2466 = DIRECTION ( 'NONE',  ( 0.0000000000000000000, 0.0000000000000000000, 1.000000000000000000 ) ) ;
#2467 = CARTESIAN_POINT ( 'NONE',  ( -1.004210375300828800E-017, -0.08199999999999992000, 0.2083333333333350100 ) ) ;
#2468 = VECTOR ( 'NONE', #4722, 39.37007874015748100 ) ;
#2469 = CARTESIAN_POINT ( 'NONE',  ( 0.03692605540688262400, -0.06395780408782424100, 0.08564814814814894500 ) ) ;
#2470 = CARTESIAN_POINT ( 'NONE',  ( 0.07101408311032390800, -0.04099999999999994600, 0.4108796296296331500 ) ) ;
#2471 = CARTESIAN_POINT ( 'NONE',  ( 0.07101408311032396400, 0.04099999999999989100, 0.08217592592592679000 ) ) ;
#2472 = LINE ( 'NONE', #1013, #3076 ) ;
#2473 = CARTESIAN_POINT ( 'NONE',  ( 0.04703879668251672400, 0.05403201967778415600, 0.6583149232476569500 ) ) ;
#2474 = CARTESIAN_POINT ( 'NONE',  ( -7.832572005664740100E-018, -0.06395780408782422700, 0.08333333333333410600 ) ) ;
#2475 = CARTESIAN_POINT ( 'NONE',  ( -1.004210375300828800E-017, -0.08199999999999986500, 0.4305555555555589100 ) ) ;
#2476 = CARTESIAN_POINT ( 'NONE',  ( 0.0000000000000000000, 7.549139889267777500E-020, 0.0000000000000000000 ) ) ;
#2477 = EDGE_CURVE ( 'NONE', #4112, #4963, #367, .T. ) ;
#2478 = CARTESIAN_POINT ( 'NONE',  ( 0.08199999999999997600, 0.02197183377935205500, 0.3311016166316284000 ) ) ;
#2479 = CARTESIAN_POINT ( 'NONE',  ( 0.05538908311032394300, -0.03197890204391210700, 0.2546296296296317600 ) ) ;
#2480 = CARTESIAN_POINT ( 'NONE',  ( 0.0000000000000000000, 0.06395780408782418500, 0.1840277777777793200 ) ) ;
#2481 = AXIS2_PLACEMENT_3D ( 'NONE', #3122, #803, #4251 ) ;
#2482 = CARTESIAN_POINT ( 'NONE',  ( -0.08199999999999996200, -2.539112733622136200E-016, 0.2326388888888909800 ) ) ;
#2483 = ORIENTED_EDGE ( 'NONE', *, *, #1056, .F. ) ;
#2484 = MECHANICAL_CONTEXT ( 'NONE', #571, 'mechanical' ) ;
#2485 = ORIENTED_EDGE ( 'NONE', *, *, #467, .F. ) ;
#2486 = CARTESIAN_POINT ( 'NONE',  ( 0.07101408311032396400, 0.04099999999999995300, 0.3043981481481508000 ) ) ;
#2487 = CARTESIAN_POINT ( 'NONE',  ( -0.07385211081376527600, -3.642441377378512600E-017, 0.04861111111111160500 ) ) ;
#2488 = CARTESIAN_POINT ( 'NONE',  ( 0.08199999999999993400, -2.516237844130044700E-017, 0.2187500000000019400 ) ) ;
#2489 = CARTESIAN_POINT ( 'NONE',  ( -0.03356916641267773000, -0.1249119956818114100, 0.5000000000000000000 ) ) ;
#2490 = ORIENTED_EDGE ( 'NONE', *, *, #2749, .F. ) ;
#2491 = VECTOR ( 'NONE', #1341, 39.37007874015748100 ) ;
#2492 = CARTESIAN_POINT ( 'NONE',  ( 0.03692605540688268000, 0.06395780408782415800, 0.1226851851851862400 ) ) ;
#2493 = CARTESIAN_POINT ( 'NONE',  ( 0.1179611624278247700, -0.06798856235007134900, 0.6504999999999999700 ) ) ;
#2494 = ORIENTED_EDGE ( 'NONE', *, *, #3872, .F. ) ;
#2495 = LINE ( 'NONE', #4073, #4977 ) ;
#2496 =( BOUNDED_CURVE ( )  B_SPLINE_CURVE ( 2, ( #3288, #2516, #4822, #2885, #2125, #980, #3266, #217, #4806 ),
 .UNSPECIFIED., .F., .F. ) 
 B_SPLINE_CURVE_WITH_KNOTS ( ( 3, 2, 2, 2, 3 ),
 ( 0.5657894736842105100, 0.5701754385964912200, 0.5789473684210526500, 0.5877192982456140900, 0.5921052631578948000 ),
 .UNSPECIFIED. ) 
 CURVE ( )  GEOMETRIC_REPRESENTATION_ITEM ( )  RATIONAL_B_SPLINE_CURVE ( ( 0.9330127018922194100, 0.9330127018922194100, 1.000000000000000000, 0.8660254037844387100, 1.000000000000000000, 0.8660254037844387100, 1.000000000000000000, 0.9330127018922185200, 0.9330127018922194100 ) ) 
 REPRESENTATION_ITEM ( '' )  );
#2497 = CARTESIAN_POINT ( 'NONE',  ( 0.07101408311032395000, 0.04099999999999999500, 0.4675925925925962800 ) ) ;
#2498 = CARTESIAN_POINT ( 'NONE',  ( 0.08199999999999993400, 1.143744474604565700E-017, 0.3298611111111139400 ) ) ;
#2499 = CARTESIAN_POINT ( 'NONE',  ( 0.07385211081376527600, -2.579753408743862800E-017, 0.1458333333333346200 ) ) ;
#2500 = CARTESIAN_POINT ( 'NONE',  ( -0.05538908311032396400, 0.03197890204391207200, 0.07754629629629701500 ) ) ;
#2501 = VERTEX_POINT ( 'NONE', #146 ) ;
#2502 = CARTESIAN_POINT ( 'NONE',  ( -0.01725520966863517600, -0.06217494419449581100, 0.4739347919089715900 ) ) ;
#2503 = DIRECTION ( 'NONE',  ( -0.0000000000000000000, -0.0000000000000000000, -1.000000000000000000 ) ) ;
#2504 = CARTESIAN_POINT ( 'NONE',  ( 0.08199999999999997600, 0.02197183377935201300, 0.1922127277427384000 ) ) ;
#2505 = CARTESIAN_POINT ( 'NONE',  ( 0.0000000000000000000, 0.08199999999999999000, 0.3090277777777804000 ) ) ;
#2506 = ORIENTED_EDGE ( 'NONE', *, *, #74, .T. ) ;
#2507 = CARTESIAN_POINT ( 'NONE',  ( 0.05538908311032394300, -0.03197890204391203000, 0.5081018518518559700 ) ) ;
#2508 = CARTESIAN_POINT ( 'NONE',  ( 0.04734272207354925400, -0.08199999999999990600, 0.3217592592592618000 ) ) ;
#2509 = CARTESIAN_POINT ( 'NONE',  ( -0.08199999999999993400, 0.02197183377935201000, 0.03348171670170802000 ) ) ;
#2510 = CARTESIAN_POINT ( 'NONE',  ( -0.03533596464492260600, 0.1314863112440099700, 0.5067500000000000300 ) ) ;
#2511 = CARTESIAN_POINT ( 'NONE',  ( -0.01767145867644254900, -0.1349999999999999300, 0.6504999999999999700 ) ) ;
#2512 = CARTESIAN_POINT ( 'NONE',  ( 0.04734272207354931600, 0.08199999999999999000, 0.4699074074074111600 ) ) ;
#2513 = CARTESIAN_POINT ( 'NONE',  ( 0.05538908311032398500, 0.03197890204391205100, 0.2037037037037054100 ) ) ;
#2514 = CARTESIAN_POINT ( 'NONE',  ( 0.03692605540688268000, 0.06395780408782414400, 0.07060185185185248500 ) ) ;
#2515 = CARTESIAN_POINT ( 'NONE',  ( 0.05538908311032398500, 0.03197890204391204400, 0.1793981481481496900 ) ) ;
#2516 = CARTESIAN_POINT ( 'NONE',  ( 0.08199999999999997600, 0.02197183377935203400, 0.2755460610760723800 ) ) ;
#2517 = CARTESIAN_POINT ( 'NONE',  ( 0.07101408311032390800, -0.04099999999999996700, 0.3275462962962991100 ) ) ;
#2518 = AXIS2_PLACEMENT_3D ( 'NONE', #2011, #34, #4248 ) ;
#2519 = EDGE_CURVE ( 'NONE', #3453, #1255, #765, .T. ) ;
#2520 = CARTESIAN_POINT ( 'NONE',  ( 0.0000000000000000000, 0.06395780408782418500, 0.1527777777777790700 ) ) ;
#2521 = CARTESIAN_POINT ( 'NONE',  ( -0.08200000000000007300, 0.02197183377935186700, 0.4223706055906000200 ) ) ;
#2522 = CARTESIAN_POINT ( 'NONE',  ( -0.1079550235050837200, -0.08296380741528053300, 0.6640000000000001500 ) ) ;
#2523 = CARTESIAN_POINT ( 'NONE',  ( 0.03356916641267992200, -0.1249119956818076100, 0.5000000000000000000 ) ) ;
#2524 = CARTESIAN_POINT ( 'NONE',  ( -0.1314863112440093600, 0.03533596464492557600, 0.5000000000000000000 ) ) ;
#2525 = CARTESIAN_POINT ( 'NONE',  ( 0.07385211081376529000, -6.681957681603457900E-017, 0.006944444444444605400 ) ) ;
#2526 = CARTESIAN_POINT ( 'NONE',  ( -0.07101408311032390800, 0.04100000000000007100, 0.5046296296296336500 ) ) ;
#2527 = ADVANCED_FACE ( 'NONE', ( #4054 ), #4777, .T. ) ;
#2528 = CARTESIAN_POINT ( 'NONE',  ( 0.0000000000000000000, 0.06395780408782418500, 0.1805555555555570500 ) ) ;
#2529 = APPROVAL_PERSON_ORGANIZATION ( #4449, #2015, #3709 ) ;
#2530 = CARTESIAN_POINT ( 'NONE',  ( -0.03692605540688265900, -0.06395780408782419900, 0.1122685185185195300 ) ) ;
#2531 = CARTESIAN_POINT ( 'NONE',  ( -0.08199999999999993400, 4.803726793339176800E-017, 0.3159722222222249900 ) ) ;
#2532 = CARTESIAN_POINT ( 'NONE',  ( -0.07385211081376527600, -2.719445415985103500E-017, 0.07986111111111185400 ) ) ;
#2533 = DIRECTION ( 'NONE',  ( -0.0000000000000000000, -0.0000000000000000000, -1.000000000000000000 ) ) ;
#2534 = CARTESIAN_POINT ( 'NONE',  ( -0.07101408311032393600, -0.04099999999999994600, 0.2349537037037058000 ) ) ;
#2535 = CARTESIAN_POINT ( 'NONE',  ( 0.05538908311032398500, 0.03197890204391205800, 0.2314814814814834000 ) ) ;
#2536 = CARTESIAN_POINT ( 'NONE',  ( -0.06116666666666647400, 8.841921402789133100E-018, 4.148491032111687600E-018 ) ) ;
#2537 = CARTESIAN_POINT ( 'NONE',  ( 0.1061650462915578600, -0.06118970585791658900, 0.6640000000000000300 ) ) ;
#2538 = CARTESIAN_POINT ( 'NONE',  ( -0.1079550235274993200, 0.08296380739287202700, 0.5000000000000000000 ) ) ;
#2539 = CIRCLE ( 'NONE', #42, 0.08477777777777773000 ) ;
#2540 = CARTESIAN_POINT ( 'NONE',  ( -0.06458913398896731800, -0.1120631044073336800, 0.5000000000000000000 ) ) ;
#2541 = CARTESIAN_POINT ( 'NONE',  ( -0.03692605540688263800, 0.06395780408782414400, 0.07175925925925992500 ) ) ;
#2542 = CARTESIAN_POINT ( 'NONE',  ( 0.05538908311032394300, -0.03197890204391216900, 0.03587962962963003900 ) ) ;
#2543 = CARTESIAN_POINT ( 'NONE',  ( 0.08199999999999997600, -0.02197183377935203700, 0.07862060559059749800 ) ) ;
#2544 = AXIS2_PLACEMENT_3D ( 'NONE', #3137, #4324, #3519 ) ;
#2545 = CARTESIAN_POINT ( 'NONE',  ( 0.08199999999999996200, -0.02197183377935204400, 0.04737060559059704000 ) ) ;
#2546 = VERTEX_POINT ( 'NONE', #501 ) ;
#2547 = EDGE_LOOP ( 'NONE', ( #498, #138, #4070, #31 ) ) ;
#2548 = CARTESIAN_POINT ( 'NONE',  ( 0.01678788547894913300, -0.1282499999999999200, 0.5000000000000000000 ) ) ;
#2549 = CARTESIAN_POINT ( 'NONE',  ( 0.03692605540688262400, -0.06395780408782415800, 0.3356481481481509200 ) ) ;
#2550 = CARTESIAN_POINT ( 'NONE',  ( 0.07385211081376529000, 1.625005970937220800E-017, 0.2881944444444468100 ) ) ;
#2551 = AXIS2_PLACEMENT_3D ( 'NONE', #4503, #4562, #687 ) ;
#2552 = CARTESIAN_POINT ( 'NONE',  ( 0.0000000000000000000, 0.06395780408782415800, 0.07291666666666732400 ) ) ;
#2553 = CARTESIAN_POINT ( 'NONE',  ( -0.03906338216192425200, 0.06135757283807553900, 0.01142225272352674100 ) ) ;
#2554 = CARTESIAN_POINT ( 'NONE',  ( 0.04734272207354931600, 0.08199999999999993400, 0.2511574074074096100 ) ) ;
#2555 = ORIENTED_EDGE ( 'NONE', *, *, #2455, .F. ) ;
#2556 = CARTESIAN_POINT ( 'NONE',  ( 0.03692605540688262400, -0.06395780408782419900, 0.2245370370370389500 ) ) ;
#2557 = DIRECTION ( 'NONE',  ( -0.0000000000000000000, -0.0000000000000000000, 1.000000000000000000 ) ) ;
#2558 = CARTESIAN_POINT ( 'NONE',  ( -0.01767145836718645600, -0.1349999999999999300, 0.6640000000000001500 ) ) ;
#2559 = CARTESIAN_POINT ( 'NONE',  ( -0.07101408311032390800, 0.04099999999999993200, 0.03240740740740764800 ) ) ;
#2560 = ORIENTED_EDGE ( 'NONE', *, *, #4580, .T. ) ;
#2561 = VERTEX_POINT ( 'NONE', #4740 ) ;
#2562 = CONICAL_SURFACE ( 'NONE', #3215, 0.08477777777777773000, 1.041599694822540800 ) ;
#2563 = CARTESIAN_POINT ( 'NONE',  ( 0.1349999999999999300, -0.01767145839889400900, 0.5067500000000000300 ) ) ;
#2564 = CARTESIAN_POINT ( 'NONE',  ( -7.832572005664740100E-018, -0.06395780408782421300, 0.1111111111111121200 ) ) ;
#2565 =( BOUNDED_CURVE ( )  B_SPLINE_CURVE ( 2, ( #85, #2418, #3136, #130, #4311, #2771, #115, #853, #2818, #523, #1683, #2033, #2076, #4753, #2450, #4704, #2830, #2047, #2403, #483, #3171, #1266, #3548, #3949, #162, #2108, #3593, #3609, #2140, #1312, #191, #2514, #4422, #1385, #2500, #978, #1327, #3630, #4370, #4840, #2883, #4041, #569, #3990, #4803, #2895, #4024, #3244, #3651, #2530, #2867, #1700, #3670, #231, #4386, #589, #926, #3286, #944, #998, #4766, #4009, #959, #2464, #1719, #3229, #4820, #3264, #4440, #4063, #535, #3214, #2096, #2847, #604, #549, #4787, #1366, #1752, #2160, #2480, #1738, #175, #4405, #1344, #2124, #213, #1770, #4895, #4490, #1398, #1477, #2984, #4080, #3687, #1016, #1034, #1419, #4935, #693, #1808, #2584, #3738, #1088, #1791, #4475, #1843, #2224, #4135, #281, #4097, #620, #4916, #1072, #3301, #3320, #4456, #2600, #2190, #4876, #2176, #4151, #1863, #4862, #3707, #2550, #2209, #2913, #2964, #2570, #248, #676, #2933, #3355, #4509, #1457, #643, #296, #4528, #3371, #264, #2949, #3756, #658, #2239, #2618, #1053, #3338, #3722, #1440, #4116, #1825, #2255, #1200, #3001, #4966, #3874, #3478, #2349, #2274, #351, #3032, #2652, #4262, #1986, #813, #1586, #3405, #3384, #4565, #4648, #1512, #1120, #50, #3117, #3792, #1103, #2737, #311, #732, #432, #713, #4170, #3776, #2638, #1880, #4189, #1494, #3013, #1900, #4550, #4950, #329, #348, #4184, #3417, #4109, #4890, #669, #1509, #3734, #3772, #4165, #3028, #1433, #728, #1452 ),
 .UNSPECIFIED., .F., .F. ) 
 B_SPLINE_CURVE_WITH_KNOTS ( ( 3, 2, 2, 2, 2, 2, 2, 2, 2, 2, 2, 2, 2, 2, 2, 2, 2, 2, 2, 2, 2, 2, 2, 2, 2, 2, 2, 2, 2, 2, 2, 2, 2, 2, 2, 2, 2, 2, 2, 2, 2, 2, 2, 2, 2, 2, 2, 2, 2, 2, 2, 2, 2, 2, 2, 2, 2, 2, 2, 2, 2, 2, 2, 2, 2, 2, 2, 2, 2, 2, 2, 2, 2, 2, 2, 2, 2, 2, 2, 2, 2, 2, 2, 2, 2, 2, 2, 2, 2, 2, 2, 2, 2, 2, 2, 2, 2, 2, 2, 2, 2, 2, 2, 3 ),
 ( 0.02491394411196119100, 0.02631578947368420900, 0.03508771929824561200, 0.04385964912280701500, 0.05263157894736841800, 0.06140350877192982100, 0.07017543859649122400, 0.07894736842105262700, 0.08771929824561403000, 0.09649122807017543300, 0.1052631578947368400, 0.1140350877192982400, 0.1228070175438596400, 0.1315789473684210500, 0.1403508771929824500, 0.1491228070175438500, 0.1578947368421052500, 0.1666666666666666600, 0.1754385964912280600, 0.1842105263157894600, 0.1929824561403508700, 0.2017543859649122700, 0.2105263157894736700, 0.2192982456140350800, 0.2280701754385964800, 0.2368421052631578800, 0.2456140350877192800, 0.2543859649122807200, 0.2631578947368420900, 0.2719298245614035200, 0.2807017543859649000, 0.2894736842105263300, 0.2982456140350877000, 0.3070175438596491300, 0.3157894736842105100, 0.3245614035087719400, 0.3333333333333333100, 0.3421052631578947500, 0.3508771929824561200, 0.3596491228070175500, 0.3684210526315789300, 0.3771929824561403600, 0.3859649122807017300, 0.3947368421052631600, 0.4035087719298245400, 0.4122807017543859700, 0.4210526315789473500, 0.4298245614035088300, 0.4385964912280701500, 0.4473684210526315300, 0.4561403508771930100, 0.4649122807017543300, 0.4736842105263157100, 0.4824561403508771900, 0.4912280701754385100, 0.5000000000000000000, 0.5087719298245614300, 0.5175438596491228600, 0.5263157894736841800, 0.5350877192982456100, 0.5438596491228070400, 0.5526315789473684700, 0.5614035087719297900, 0.5701754385964912200, 0.5789473684210526500, 0.5877192982456140900, 0.5964912280701754100, 0.6052631578947368400, 0.6140350877192982700, 0.6228070175438597000, 0.6315789473684210200, 0.6403508771929824500, 0.6491228070175438800, 0.6578947368421053100, 0.6666666666666666300, 0.6754385964912280600, 0.6842105263157894900, 0.6929824561403509200, 0.7017543859649122400, 0.7105263157894736700, 0.7192982456140351000, 0.7280701754385965300, 0.7368421052631578500, 0.7456140350877192800, 0.7543859649122807200, 0.7631578947368421500, 0.7719298245614034700, 0.7807017543859649000, 0.7894736842105263300, 0.7982456140350877600, 0.8070175438596490800, 0.8157894736842105100, 0.8245614035087719400, 0.8333333333333333700, 0.8421052631578946900, 0.8508771929824561200, 0.8596491228070175500, 0.8684210526315789800, 0.8771929824561403000, 0.8859649122807017300, 0.8947368421052631600, 0.9035087719298245900, 0.9122807017543859100, 0.9176516437818766900 ),
 .UNSPECIFIED. ) 
 CURVE ( )  GEOMETRIC_REPRESENTATION_ITEM ( )  RATIONAL_B_SPLINE_CURVE ( ( 0.9640221895668224000, 0.9785894700425411500, 1.000000000000000000, 0.8660254037844387100, 1.000000000000000000, 0.8660254037844387100, 1.000000000000000000, 0.8660254037844387100, 1.000000000000000000, 0.8660254037844387100, 1.000000000000000000, 0.8660254037844387100, 1.000000000000000000, 0.8660254037844387100, 1.000000000000000000, 0.8660254037844387100, 1.000000000000000000, 0.8660254037844387100, 1.000000000000000000, 0.8660254037844387100, 1.000000000000000000, 0.8660254037844387100, 1.000000000000000000, 0.8660254037844387100, 1.000000000000000000, 0.8660254037844387100, 1.000000000000000000, 0.8660254037844387100, 1.000000000000000000, 0.8660254037844387100, 1.000000000000000000, 0.8660254037844387100, 1.000000000000000000, 0.8660254037844387100, 1.000000000000000000, 0.8660254037844387100, 1.000000000000000000, 0.8660254037844387100, 1.000000000000000000, 0.8660254037844387100, 1.000000000000000000, 0.8660254037844387100, 1.000000000000000000, 0.8660254037844387100, 1.000000000000000000, 0.8660254037844387100, 1.000000000000000000, 0.8660254037844387100, 1.000000000000000000, 0.8660254037844387100, 1.000000000000000000, 0.8660254037844387100, 1.000000000000000000, 0.8660254037844387100, 1.000000000000000000, 0.8660254037844387100, 1.000000000000000000, 0.8660254037844387100, 1.000000000000000000, 0.8660254037844387100, 1.000000000000000000, 0.8660254037844387100, 1.000000000000000000, 0.8660254037844387100, 1.000000000000000000, 0.8660254037844387100, 1.000000000000000000, 0.8660254037844387100, 1.000000000000000000, 0.8660254037844387100, 1.000000000000000000, 0.8660254037844387100, 1.000000000000000000, 0.8660254037844387100, 1.000000000000000000, 0.8660254037844387100, 1.000000000000000000, 0.8660254037844387100, 1.000000000000000000, 0.8660254037844387100, 1.000000000000000000, 0.8660254037844387100, 1.000000000000000000, 0.8660254037844387100, 1.000000000000000000, 0.8660254037844387100, 1.000000000000000000, 0.8660254037844387100, 1.000000000000000000, 0.8660254037844387100, 1.000000000000000000, 0.8660254037844387100, 1.000000000000000000, 0.8660254037844387100, 1.000000000000000000, 0.8660254037844387100, 1.000000000000000000, 0.8660254037844387100, 1.000000000000000000, 0.8660254037844387100, 1.000000000000000000, 0.8660254037844387100, 1.000000000000000000, 0.8660254037844387100, 1.000000000000000000, 0.8660254037844387100, 1.000000000000000000, 0.8660254037844387100, 1.000000000000000000, 0.8660254037844387100, 1.000000000000000000, 0.8660254037844387100, 1.000000000000000000, 0.8660254037844387100, 1.000000000000000000, 0.8660254037844387100, 1.000000000000000000, 0.8660254037844387100, 1.000000000000000000, 0.8660254037844387100, 1.000000000000000000, 0.8660254037844387100, 1.000000000000000000, 0.8660254037844387100, 1.000000000000000000, 0.8660254037844387100, 1.000000000000000000, 0.8660254037844387100, 1.000000000000000000, 0.8660254037844387100, 1.000000000000000000, 0.8660254037844387100, 1.000000000000000000, 0.8660254037844387100, 1.000000000000000000, 0.8660254037844387100, 1.000000000000000000, 0.8660254037844387100, 1.000000000000000000, 0.8660254037844387100, 1.000000000000000000, 0.8660254037844387100, 1.000000000000000000, 0.8660254037844387100, 1.000000000000000000, 0.8660254037844387100, 1.000000000000000000, 0.8660254037844387100, 1.000000000000000000, 0.8660254037844387100, 1.000000000000000000, 0.8660254037844387100, 1.000000000000000000, 0.8660254037844387100, 1.000000000000000000, 0.8660254037844387100, 1.000000000000000000, 0.8660254037844387100, 1.000000000000000000, 0.8660254037844387100, 1.000000000000000000, 0.8660254037844387100, 1.000000000000000000, 0.8660254037844387100, 1.000000000000000000, 0.8660254037844387100, 1.000000000000000000, 0.8660254037844387100, 1.000000000000000000, 0.8660254037844387100, 1.000000000000000000, 0.8660254037844387100, 1.000000000000000000, 0.8660254037844387100, 1.000000000000000000, 0.8660254037844387100, 1.000000000000000000, 0.8660254037844387100, 1.000000000000000000, 0.8660254037844387100, 1.000000000000000000, 0.8660254037844387100, 1.000000000000000000, 0.8660254037844387100, 1.000000000000000000, 0.8660254037844387100, 1.000000000000000000, 0.8660254037844387100, 1.000000000000000000, 0.8660254037844387100, 1.000000000000000000, 0.8660254037844387100, 1.000000000000000000, 0.8660254037844387100, 1.000000000000000000, 0.8660254037844387100, 1.000000000000000000, 0.8660254037844387100, 1.000000000000000000, 0.8660254037844387100, 1.000000000000000000, 0.8660254037844387100, 1.000000000000000000, 0.8660254037844387100, 1.000000000000000000, 0.9179690440049483900, 0.9363911280867663900 ) ) 
 REPRESENTATION_ITEM ( '' )  );
#2566 = VERTEX_POINT ( 'NONE', #2434 ) ;
#2567 = PLANE ( 'NONE',  #4229 ) ;
#2568 = CARTESIAN_POINT ( 'NONE',  ( -0.07101408311032392200, 0.04100000000000003600, 0.3414351851851881200 ) ) ;
#2569 = CARTESIAN_POINT ( 'NONE',  ( -0.07385211081376527600, 4.561967168340675700E-017, 0.3263888888888915600 ) ) ;
#2570 = CARTESIAN_POINT ( 'NONE',  ( -0.03692605540688263800, 0.06395780408782422700, 0.2974537037037061600 ) ) ;
#2571 = CARTESIAN_POINT ( 'NONE',  ( -0.05538908311032396400, 0.03197890204391209300, 0.1608796296296310100 ) ) ;
#2572 = CARTESIAN_POINT ( 'NONE',  ( -0.08477777777777773000, -5.530426628471140400E-017, 0.4895833333333332600 ) ) ;
#2573 = CARTESIAN_POINT ( 'NONE',  ( -0.04734272207354927500, 0.08200000000000000300, 0.3668981481481511900 ) ) ;
#2574 = CARTESIAN_POINT ( 'NONE',  ( -0.03692605540688263800, 0.06395780408782418500, 0.1550925925925939200 ) ) ;
#2575 = CARTESIAN_POINT ( 'NONE',  ( 0.1349999999999999300, -0.01767145836719704500, 0.6640000000000001500 ) ) ;
#2576 = CARTESIAN_POINT ( 'NONE',  ( -0.06798856209365131100, -0.1179611625340374500, 0.5067500000000000300 ) ) ;
#2577 = CARTESIAN_POINT ( 'NONE',  ( -0.01767145839889426200, -0.1349999999999999300, 0.5000000000000000000 ) ) ;
#2578 = CARTESIAN_POINT ( 'NONE',  ( -0.05538908311032397100, -0.03197890204391206500, 0.2453703703703724300 ) ) ;
#2579 = EDGE_CURVE ( 'NONE', #4243, #2912, #3207, .T. ) ;
#2580 = DIRECTION ( 'NONE',  ( -1.000000000000000000, 0.0000000000000000000, 0.0000000000000000000 ) ) ;
#2581 = FACE_OUTER_BOUND ( 'NONE', #3401, .T. ) ;
#2582 = CARTESIAN_POINT ( 'NONE',  ( 0.07101408311032396400, 0.04099999999999996000, 0.3321759259259287600 ) ) ;
#2583 = CARTESIAN_POINT ( 'NONE',  ( 0.03692605540688268000, 0.06395780408782419900, 0.2893518518518541900 ) ) ;
#2584 = CARTESIAN_POINT ( 'NONE',  ( 0.07385211081376529000, -1.587573820661605400E-019, 0.2326388888888908400 ) ) ;
#2585 = CARTESIAN_POINT ( 'NONE',  ( -0.08199999999999992000, -4.918101240799632400E-016, 0.3680555555555585200 ) ) ;
#2586 = CARTESIAN_POINT ( 'NONE',  ( 0.07385211081376527600, -1.656757447350453700E-017, 0.1770833333333348100 ) ) ;
#2587 = DIRECTION ( 'NONE',  ( -1.000000000000000000, 0.0000000000000000000, 0.0000000000000000000 ) ) ;
#2588 = CARTESIAN_POINT ( 'NONE',  ( 0.04734272207354931600, 0.08199999999999997600, 0.3900462962962995600 ) ) ;
#2589 = EDGE_CURVE ( 'NONE', #1779, #2739, #2565, .T. ) ;
#2590 = CARTESIAN_POINT ( 'NONE',  ( 0.07385211081376527600, -9.388716996000258900E-018, 0.2013888888888905300 ) ) ;
#2591 = CARTESIAN_POINT ( 'NONE',  ( 0.08199999999999992000, -2.287488949209131500E-017, 0.2152777777777795100 ) ) ;
#2592 = CARTESIAN_POINT ( 'NONE',  ( -0.1349999999999999300, 0.01767145836719868200, 0.6640000000000001500 ) ) ;
#2593 = CARTESIAN_POINT ( 'NONE',  ( 0.1314863112440081700, 0.03533596464492699100, 0.5067500000000000300 ) ) ;
#2594 = COORDINATED_UNIVERSAL_TIME_OFFSET ( 6, 0, .BEHIND. ) ;
#2595 = CARTESIAN_POINT ( 'NONE',  ( 0.07031249999999998600, 0.04059494080239570100, 0.5761093750000000300 ) ) ;
#2596 = CARTESIAN_POINT ( 'NONE',  ( 0.03692605540688268000, 0.06395780408782414400, 0.1226851851851862400 ) ) ;
#2597 = DIRECTION ( 'NONE',  ( 1.000000000000000000, -0.0000000000000000000, 0.0000000000000000000 ) ) ;
#2598 = FACE_OUTER_BOUND ( 'NONE', #522, .T. ) ;
#2599 = CARTESIAN_POINT ( 'NONE',  ( -0.05538908311032397100, -0.03197890204391205800, 0.2731481481481504200 ) ) ;
#2600 = CARTESIAN_POINT ( 'NONE',  ( -0.03692605540688263800, 0.06395780408782422700, 0.2696759259259281500 ) ) ;
#2601 = CARTESIAN_POINT ( 'NONE',  ( 0.05538908311032394300, -0.03197890204391209300, 0.3136574074074099900 ) ) ;
#2602 = CARTESIAN_POINT ( 'NONE',  ( -0.08199999999999992000, -5.101100356736363400E-016, 0.3125000000000025000 ) ) ;
#2603 = CARTESIAN_POINT ( 'NONE',  ( -0.09468544414709857700, 5.202310077359310200E-017, 0.3437500000000028900 ) ) ;
#2604 = CARTESIAN_POINT ( 'NONE',  ( -0.05538908311032396400, 0.03197890204391214100, 0.3240740740740767900 ) ) ;
#2605 = CARTESIAN_POINT ( 'NONE',  ( 0.0000000000000000000, 7.549139889267777500E-020, 0.0000000000000000000 ) ) ;
#2606 = CARTESIAN_POINT ( 'NONE',  ( 0.06798856206435671700, -0.1179611625461716300, 0.6505000000000000800 ) ) ;
#2607 = CARTESIAN_POINT ( 'NONE',  ( -0.1349999999999999300, 7.549139889267777500E-020, 0.5067500000000000300 ) ) ;
#2608 = ADVANCED_FACE ( 'NONE', ( #2203 ), #1183, .T. ) ;
#2609 = CARTESIAN_POINT ( 'NONE',  ( 0.1079550235050828900, 0.08296380741528479300, 0.6505000000000000800 ) ) ;
#2610 = ORIENTED_EDGE ( 'NONE', *, *, #2455, .T. ) ;
#2611 = ORIENTED_EDGE ( 'NONE', *, *, #2579, .T. ) ;
#2612 = CARTESIAN_POINT ( 'NONE',  ( -0.1349999999999999300, -0.01767145839889952600, 0.5067500000000000300 ) ) ;
#2613 = CARTESIAN_POINT ( 'NONE',  ( 0.0000000000000000000, 0.06395780408782418500, 0.1805555555555570500 ) ) ;
#2614 = EDGE_LOOP ( 'NONE', ( #2429, #3200, #1864, #206 ) ) ;
#2615 = CIRCLE ( 'NONE', #4804, 0.08199999999999993400 ) ;
#2616 = CARTESIAN_POINT ( 'NONE',  ( -1.004210375300828800E-017, -0.08199999999999993400, 0.1527777777777790100 ) ) ;
#2617 = CARTESIAN_POINT ( 'NONE',  ( -7.832572005664740100E-018, -0.06395780408782414400, 0.3611111111111140500 ) ) ;
#2618 = CARTESIAN_POINT ( 'NONE',  ( -0.03692605540688265900, -0.06395780408782413000, 0.3344907407407435300 ) ) ;
#2619 = ORIENTED_EDGE ( 'NONE', *, *, #3638, .T. ) ;
#2620 = AXIS2_PLACEMENT_3D ( 'NONE', #2285, #4978, #2978 ) ;
#2621 = EDGE_CURVE ( 'NONE', #3381, #1255, #2905, .T. ) ;
#2622 = CARTESIAN_POINT ( 'NONE',  ( 0.04603945013735252100, -0.05663086495572519600, 0.01162646652106867800 ) ) ;
#2623 = CARTESIAN_POINT ( 'NONE',  ( -0.03692605540688263800, 0.06395780408782419900, 0.2141203703703721500 ) ) ;
#2624 = CARTESIAN_POINT ( 'NONE',  ( 0.04734272207354926100, -0.08199999999999990600, 0.4641203703703742900 ) ) ;
#2625 = ORIENTED_EDGE ( 'NONE', *, *, #4912, .T. ) ;
#2626 = CARTESIAN_POINT ( 'NONE',  ( -7.832572005664740100E-018, -0.06395780408782414400, 0.3611111111111140500 ) ) ;
#2627 = CARTESIAN_POINT ( 'NONE',  ( 0.05172258254970688700, -0.06375740876130585300, 0.02056422497456841100 ) ) ;
#2628 = CARTESIAN_POINT ( 'NONE',  ( -0.1314863112318799800, -0.03533596467420691000, 0.6505000000000000800 ) ) ;
#2629 = CARTESIAN_POINT ( 'NONE',  ( -0.1349999999999999300, 7.549139889267777500E-020, 0.5067500000000000300 ) ) ;
#2630 = CARTESIAN_POINT ( 'NONE',  ( 0.03533596467420567500, 0.1314863112318805100, 0.6505000000000000800 ) ) ;
#2631 = ORIENTED_EDGE ( 'NONE', *, *, #4406, .T. ) ;
#2632 = CARTESIAN_POINT ( 'NONE',  ( -0.08296380739286991800, -0.1079550235274977200, 0.5067500000000000300 ) ) ;
#2633 = CARTESIAN_POINT ( 'NONE',  ( 0.05538908311032394300, -0.03197890204391211400, 0.2268518518518537800 ) ) ;
#2634 = DIRECTION ( 'NONE',  ( -0.0000000000000000000, -0.0000000000000000000, -1.000000000000000000 ) ) ;
#2635 = DIRECTION ( 'NONE',  ( 0.8660254037844388200, -0.4999999999999996100, 0.0000000000000000000 ) ) ;
#2636 = ADVANCED_FACE ( 'NONE', ( #143 ), #1914, .T. ) ;
#2637 = CARTESIAN_POINT ( 'NONE',  ( 0.05538908311032394300, -0.03197890204391205100, 0.4490740740740777300 ) ) ;
#2638 = CARTESIAN_POINT ( 'NONE',  ( 0.05538908311032394300, -0.03197890204391205800, 0.4247685185185220400 ) ) ;
#2639 = CARTESIAN_POINT ( 'NONE',  ( 0.05477397740610633800, -0.05051281899988732000, 0.01315619582465596800 ) ) ;
#2640 = CARTESIAN_POINT ( 'NONE',  ( -0.07385211081376527600, 4.664522275162166400E-017, 0.3298611111111138800 ) ) ;
#2641 = CARTESIAN_POINT ( 'NONE',  ( -0.08199999999999996200, -2.630612291590501200E-016, 0.2048611111111129900 ) ) ;
#2642 = CARTESIAN_POINT ( 'NONE',  ( 0.0000000000000000000, 0.08200000000000000300, 0.3923611111111143800 ) ) ;
#2643 = CARTESIAN_POINT ( 'NONE',  ( 0.05538908311032398500, 0.03197890204391207200, 0.2592592592592614100 ) ) ;
#2644 = CARTESIAN_POINT ( 'NONE',  ( 0.05538908311032398500, 0.03197890204391214100, 0.5127314814814856200 ) ) ;
#2645 = CARTESIAN_POINT ( 'NONE',  ( 0.03533596464492698400, -0.1314863112440081700, 0.5067500000000000300 ) ) ;
#2646 = CARTESIAN_POINT ( 'NONE',  ( -0.1314863112318805900, 0.03533596467420930400, 0.6640000000000001500 ) ) ;
#2647 = CARTESIAN_POINT ( 'NONE',  ( -0.1314863112440094700, -0.03533596464492387600, 0.5067500000000000300 ) ) ;
#2648 = CARTESIAN_POINT ( 'NONE',  ( 0.05538908311032398500, 0.03197890204391211400, 0.3981481481481514200 ) ) ;
#2649 = EDGE_LOOP ( 'NONE', ( #2490, #3574, #4544, #3198 ) ) ;
#2650 = EDGE_CURVE ( 'NONE', #4712, #1130, #3684, .T. ) ;
#2651 = CARTESIAN_POINT ( 'NONE',  ( 0.07385211081376527600, 6.445095991547246100E-017, 0.4513888888888926100 ) ) ;
#2652 = CARTESIAN_POINT ( 'NONE',  ( 0.05538908311032398500, 0.03197890204391210700, 0.3738425925925956100 ) ) ;
#2653 =( BOUNDED_CURVE ( )  B_SPLINE_CURVE ( 2, ( #3356, #1844, #2926, #2525, #581, #614, #4018, #1782, #3645, #635, #4833, #169, #2155, #226, #2171, #4856, #3296, #1009, #1746, #2860, #3663, #3701, #243, #4056, #954, #3680, #969, #1358, #1766, #205, #561, #2541, #3313, #4779, #1027, #3620, #2474, #185, #1411, #1338, #2119, #3236, #1731, #4397, #4799, #2878, #4036, #3010, #2564, #2943, #4092, #3788, #3751, #2596, #291, #3771, #3733, #2979, #654, #686, #1804, #1100, #708, #727, #1469, #3399, #1081, #4872, #1876, #4146, #306, #4502, #1066, #3380, #4930, #1432, #3718, #1856, #2613, #2250, #258, #4889, #3366, #2220, #4908, #4523, #2233, #2995, #4469, #668, #1488, #1836, #2188, #4542, #4164, #4946, #4486, #323, #2633, #3332, #2201, #1115, #1047, #4108, #1817, #2958, #2578, #275, #3349, #1451, #4128, #3819, #13, #4200, #1133, #1963, #4210, #3429, #3846, #761, #808, #2315, #3060, #4575, #1159, #4998, #4611, #2711, #2696, #364, #394, #3804, #1571, #1147, #413, #3079, #4962, #1946, #4225, #4241, #4625, #2286, #25, #1911, #1538, #3097, #3472, #1194, #3833, #746, #792, #1931, #3048, #3442, #4589, #347, #2682, #781, #4561, #3460, #3416, #4979, #2299, #1524, #2666, #379, #1175, #2332, #1508, #4182, #1894, #2269, #2648, #1553, #3026, #1208, #58, #1243, #1630, #2792, #3864, #2379, #2728, #73, #3553, #1580, #442, #1261, #859, #463, #2343, #2409, #891, #3920, #2360, #4315, #2040, #92, #3140, #2748, #3128, #3523, #4695, #4710, #4643, #844, #2779 ),
 .UNSPECIFIED., .F., .F. ) 
 B_SPLINE_CURVE_WITH_KNOTS ( ( 3, 2, 2, 2, 2, 2, 2, 2, 2, 2, 2, 2, 2, 2, 2, 2, 2, 2, 2, 2, 2, 2, 2, 2, 2, 2, 2, 2, 2, 2, 2, 2, 2, 2, 2, 2, 2, 2, 2, 2, 2, 2, 2, 2, 2, 2, 2, 2, 2, 2, 2, 2, 2, 2, 2, 2, 2, 2, 2, 2, 2, 2, 2, 2, 2, 2, 2, 2, 2, 2, 2, 2, 2, 2, 2, 2, 2, 2, 2, 2, 2, 2, 2, 2, 2, 2, 2, 2, 2, 2, 2, 2, 2, 2, 2, 2, 2, 2, 2, 2, 2, 2, 2, 3 ),
 ( 0.03154604418309840000, 0.03508771929824561200, 0.04385964912280701500, 0.05263157894736841800, 0.06140350877192982100, 0.07017543859649122400, 0.07894736842105262700, 0.08771929824561403000, 0.09649122807017543300, 0.1052631578947368400, 0.1140350877192982400, 0.1228070175438596400, 0.1315789473684210500, 0.1403508771929824500, 0.1491228070175438500, 0.1578947368421052500, 0.1666666666666666600, 0.1754385964912280300, 0.1842105263157894400, 0.1929824561403508400, 0.2017543859649122400, 0.2105263157894736400, 0.2192982456140350500, 0.2280701754385964500, 0.2368421052631578500, 0.2456140350877192600, 0.2543859649122807200, 0.2631578947368420900, 0.2719298245614035200, 0.2807017543859649000, 0.2894736842105263300, 0.2982456140350877000, 0.3070175438596491300, 0.3157894736842105100, 0.3245614035087719400, 0.3333333333333333100, 0.3421052631578947500, 0.3508771929824561200, 0.3596491228070175500, 0.3684210526315789300, 0.3771929824561403600, 0.3859649122807017300, 0.3947368421052631600, 0.4035087719298245400, 0.4122807017543859700, 0.4210526315789473500, 0.4298245614035087800, 0.4385964912280701500, 0.4473684210526315800, 0.4561403508771929600, 0.4649122807017543900, 0.4736842105263157600, 0.4824561403508771900, 0.4912280701754385700, 0.5000000000000000000, 0.5087719298245614300, 0.5175438596491228600, 0.5263157894736841800, 0.5350877192982456100, 0.5438596491228070400, 0.5526315789473684700, 0.5614035087719297900, 0.5701754385964912200, 0.5789473684210526500, 0.5877192982456140900, 0.5964912280701754100, 0.6052631578947368400, 0.6140350877192982700, 0.6228070175438597000, 0.6315789473684210200, 0.6403508771929824500, 0.6491228070175438800, 0.6578947368421053100, 0.6666666666666666300, 0.6754385964912280600, 0.6842105263157894900, 0.6929824561403509200, 0.7017543859649122400, 0.7105263157894736700, 0.7192982456140351000, 0.7280701754385965300, 0.7368421052631578500, 0.7456140350877192800, 0.7543859649122807200, 0.7631578947368421500, 0.7719298245614034700, 0.7807017543859649000, 0.7894736842105263300, 0.7982456140350877600, 0.8070175438596490800, 0.8157894736842105100, 0.8245614035087719400, 0.8333333333333333700, 0.8421052631578946900, 0.8508771929824561200, 0.8596491228070175500, 0.8684210526315789800, 0.8771929824561403000, 0.8859649122807017300, 0.8947368421052631600, 0.9035087719298245900, 0.9122807017543859100, 0.9210526315789473500, 0.9243693968254913500 ),
 .UNSPECIFIED. ) 
 CURVE ( )  GEOMETRIC_REPRESENTATION_ITEM ( )  RATIONAL_B_SPLINE_CURVE ( ( 0.9354949502796834300, 0.9459076277434453900, 1.000000000000000000, 0.8660254037844387100, 1.000000000000000000, 0.8660254037844387100, 1.000000000000000000, 0.8660254037844387100, 1.000000000000000000, 0.8660254037844387100, 1.000000000000000000, 0.8660254037844387100, 1.000000000000000000, 0.8660254037844387100, 1.000000000000000000, 0.8660254037844387100, 1.000000000000000000, 0.8660254037844387100, 1.000000000000000000, 0.8660254037844387100, 1.000000000000000000, 0.8660254037844387100, 1.000000000000000000, 0.8660254037844387100, 1.000000000000000000, 0.8660254037844387100, 1.000000000000000000, 0.8660254037844387100, 1.000000000000000000, 0.8660254037844387100, 1.000000000000000000, 0.8660254037844387100, 1.000000000000000000, 0.8660254037844387100, 1.000000000000000000, 0.8660254037844387100, 1.000000000000000000, 0.8660254037844387100, 1.000000000000000000, 0.8660254037844387100, 1.000000000000000000, 0.8660254037844387100, 1.000000000000000000, 0.8660254037844387100, 1.000000000000000000, 0.8660254037844387100, 1.000000000000000000, 0.8660254037844387100, 1.000000000000000000, 0.8660254037844387100, 1.000000000000000000, 0.8660254037844387100, 1.000000000000000000, 0.8660254037844387100, 1.000000000000000000, 0.8660254037844387100, 1.000000000000000000, 0.8660254037844387100, 1.000000000000000000, 0.8660254037844387100, 1.000000000000000000, 0.8660254037844387100, 1.000000000000000000, 0.8660254037844387100, 1.000000000000000000, 0.8660254037844387100, 1.000000000000000000, 0.8660254037844387100, 1.000000000000000000, 0.8660254037844387100, 1.000000000000000000, 0.8660254037844387100, 1.000000000000000000, 0.8660254037844387100, 1.000000000000000000, 0.8660254037844387100, 1.000000000000000000, 0.8660254037844387100, 1.000000000000000000, 0.8660254037844387100, 1.000000000000000000, 0.8660254037844387100, 1.000000000000000000, 0.8660254037844387100, 1.000000000000000000, 0.8660254037844387100, 1.000000000000000000, 0.8660254037844387100, 1.000000000000000000, 0.8660254037844387100, 1.000000000000000000, 0.8660254037844387100, 1.000000000000000000, 0.8660254037844387100, 1.000000000000000000, 0.8660254037844387100, 1.000000000000000000, 0.8660254037844387100, 1.000000000000000000, 0.8660254037844387100, 1.000000000000000000, 0.8660254037844387100, 1.000000000000000000, 0.8660254037844387100, 1.000000000000000000, 0.8660254037844387100, 1.000000000000000000, 0.8660254037844387100, 1.000000000000000000, 0.8660254037844387100, 1.000000000000000000, 0.8660254037844387100, 1.000000000000000000, 0.8660254037844387100, 1.000000000000000000, 0.8660254037844387100, 1.000000000000000000, 0.8660254037844387100, 1.000000000000000000, 0.8660254037844387100, 1.000000000000000000, 0.8660254037844387100, 1.000000000000000000, 0.8660254037844387100, 1.000000000000000000, 0.8660254037844387100, 1.000000000000000000, 0.8660254037844387100, 1.000000000000000000, 0.8660254037844387100, 1.000000000000000000, 0.8660254037844387100, 1.000000000000000000, 0.8660254037844387100, 1.000000000000000000, 0.8660254037844387100, 1.000000000000000000, 0.8660254037844387100, 1.000000000000000000, 0.8660254037844387100, 1.000000000000000000, 0.8660254037844387100, 1.000000000000000000, 0.8660254037844387100, 1.000000000000000000, 0.8660254037844387100, 1.000000000000000000, 0.8660254037844387100, 1.000000000000000000, 0.8660254037844387100, 1.000000000000000000, 0.8660254037844387100, 1.000000000000000000, 0.8660254037844387100, 1.000000000000000000, 0.8660254037844387100, 1.000000000000000000, 0.8660254037844387100, 1.000000000000000000, 0.8660254037844387100, 1.000000000000000000, 0.8660254037844387100, 1.000000000000000000, 0.8660254037844387100, 1.000000000000000000, 0.8660254037844387100, 1.000000000000000000, 0.8660254037844387100, 1.000000000000000000, 0.8660254037844387100, 1.000000000000000000, 0.8660254037844387100, 1.000000000000000000, 0.8660254037844387100, 1.000000000000000000, 0.8660254037844387100, 1.000000000000000000, 0.8660254037844387100, 1.000000000000000000, 0.8660254037844387100, 1.000000000000000000, 0.8660254037844387100, 1.000000000000000000, 0.8660254037844387100, 1.000000000000000000, 0.8660254037844387100, 1.000000000000000000, 0.8660254037844387100, 1.000000000000000000, 0.8660254037844387100, 1.000000000000000000, 0.8660254037844387100, 1.000000000000000000, 0.8660254037844387100, 1.000000000000000000, 0.8660254037844387100, 1.000000000000000000, 0.8660254037844387100, 1.000000000000000000, 0.8660254037844387100, 1.000000000000000000, 0.8660254037844387100, 1.000000000000000000, 0.8660254037844387100, 1.000000000000000000, 0.9493426995501805800, 0.9369935882847404400 ) ) 
 REPRESENTATION_ITEM ( '' )  );
#2654 = CARTESIAN_POINT ( 'NONE',  ( -0.05538908311032397100, -0.03197890204391205800, 0.2766203703703726800 ) ) ;
#2655 = CARTESIAN_POINT ( 'NONE',  ( 0.08199999999999993400, -0.02197183377935208900, 0.1341761611461534900 ) ) ;
#2656 = CARTESIAN_POINT ( 'NONE',  ( 0.09468544414709857700, 7.395610255493071100E-017, 0.4965277777777819000 ) ) ;
#2657 =( BOUNDED_CURVE ( )  B_SPLINE_CURVE ( 2, ( #2498, #2478, #2582, #3336, #2931, #1032, #2568, #4893, #3705 ),
 .UNSPECIFIED., .F., .F. ) 
 B_SPLINE_CURVE_WITH_KNOTS ( ( 3, 2, 2, 2, 3 ),
 ( 0.6710526315789473500, 0.6754385964912280600, 0.6842105263157894900, 0.6929824561403509200, 0.6973684210526316400 ),
 .UNSPECIFIED. ) 
 CURVE ( )  GEOMETRIC_REPRESENTATION_ITEM ( )  RATIONAL_B_SPLINE_CURVE ( ( 0.9330127018922194100, 0.9330127018922194100, 1.000000000000000000, 0.8660254037844387100, 1.000000000000000000, 0.8660254037844387100, 1.000000000000000000, 0.9330127018922185200, 0.9330127018922194100 ) ) 
 REPRESENTATION_ITEM ( '' )  );
#2658 = PERSON_AND_ORGANIZATION ( #1861, #917 ) ;
#2659 = CARTESIAN_POINT ( 'NONE',  ( -0.07385211081376527600, 2.100644604624919100E-017, 0.2430555555555575500 ) ) ;
#2660 = CARTESIAN_POINT ( 'NONE',  ( 0.03143944216020535400, -0.07493891859683141100, 0.01972893238640850700 ) ) ;
#2661 = CARTESIAN_POINT ( 'NONE',  ( -0.1349999999999999300, 1.660822318738193700E-017, 0.6505000000000000800 ) ) ;
#2662 = CARTESIAN_POINT ( 'NONE',  ( 0.0000000000000000000, 7.549139889267777500E-020, 0.0000000000000000000 ) ) ;
#2663 = CARTESIAN_POINT ( 'NONE',  ( -0.01767145836718645600, -0.1349999999999999500, 0.6505000000000000800 ) ) ;
#2664 =( BOUNDED_CURVE ( )  B_SPLINE_CURVE ( 2, ( #898, #3564, #1279, #1697, #499, #3947, #2416, #84, #2447 ),
 .UNSPECIFIED., .F., .F. ) 
 B_SPLINE_CURVE_WITH_KNOTS ( ( 3, 2, 2, 2, 3 ),
 ( 0.3552631578947368400, 0.3596491228070175500, 0.3684210526315789300, 0.3771929824561403600, 0.3815789473684210700 ),
 .UNSPECIFIED. ) 
 CURVE ( )  GEOMETRIC_REPRESENTATION_ITEM ( )  RATIONAL_B_SPLINE_CURVE ( ( 0.9330127018922194100, 0.9330127018922194100, 1.000000000000000000, 0.8660254037844387100, 1.000000000000000000, 0.8660254037844387100, 1.000000000000000000, 0.9330127018922189700, 0.9330127018922194100 ) ) 
 REPRESENTATION_ITEM ( '' )  );
#2665 = CARTESIAN_POINT ( 'NONE',  ( -0.06798856209365131100, -0.1179611625340374500, 0.5067500000000000300 ) ) ;
#2666 = CARTESIAN_POINT ( 'NONE',  ( -0.05538908311032396400, 0.03197890204391216200, 0.3796296296296327600 ) ) ;
#2667 = CARTESIAN_POINT ( 'NONE',  ( 0.0000000000000000000, -1.104688079777929600E-016, 0.6640000000000000300 ) ) ;
#2668 = CARTESIAN_POINT ( 'NONE',  ( 0.07101408311032390800, -0.04099999999999998100, 0.2997685185185211000 ) ) ;
#2669 = CARTESIAN_POINT ( 'NONE',  ( -7.832572005664740100E-018, -0.06395780408782410200, 0.4722222222222261500 ) ) ;
#2670 =( BOUNDED_CURVE ( )  B_SPLINE_CURVE ( 2, ( #3403, #3754, #4131, #4524, #4933, #1473, #1878, #4546, #2236 ),
 .UNSPECIFIED., .F., .F. ) 
 B_SPLINE_CURVE_WITH_KNOTS ( ( 3, 2, 2, 2, 3 ),
 ( 0.6184210526315789800, 0.6228070175438597000, 0.6315789473684210200, 0.6403508771929824500, 0.6447368421052631600 ),
 .UNSPECIFIED. ) 
 CURVE ( )  GEOMETRIC_REPRESENTATION_ITEM ( )  RATIONAL_B_SPLINE_CURVE ( ( 0.9330127018922194100, 0.9330127018922194100, 1.000000000000000000, 0.8660254037844387100, 1.000000000000000000, 0.8660254037844387100, 1.000000000000000000, 0.9330127018922194100, 0.9330127018922194100 ) ) 
 REPRESENTATION_ITEM ( '' )  );
#2671 = CARTESIAN_POINT ( 'NONE',  ( -7.832572005664740100E-018, -0.06395780408782417200, 0.2534722222222243700 ) ) ;
#2672 = CARTESIAN_POINT ( 'NONE',  ( 0.08199999999999992000, -0.02197183377935207200, 0.1862594944794870000 ) ) ;
#2673 = CARTESIAN_POINT ( 'NONE',  ( -0.09468544414709857700, 9.304514350218905000E-017, 0.4826388888888929500 ) ) ;
#2674 = EDGE_LOOP ( 'NONE', ( #1271, #267 ) ) ;
#2675 = ORIENTED_EDGE ( 'NONE', *, *, #297, .F. ) ;
#2676 = CARTESIAN_POINT ( 'NONE',  ( -0.03692605540688263800, 0.06395780408782421300, 0.2384259259259279300 ) ) ;
#2677 = CARTESIAN_POINT ( 'NONE',  ( 0.07031249999999998600, 0.006856375251635504600, 0.6577199408023956000 ) ) ;
#2678 = CARTESIAN_POINT ( 'NONE',  ( 0.08199999999999993400, -3.659982318734610600E-017, 0.1631944444444459700 ) ) ;
#2679 = ORIENTED_EDGE ( 'NONE', *, *, #1435, .T. ) ;
#2680 = FACE_OUTER_BOUND ( 'NONE', #649, .T. ) ;
#2681 = CARTESIAN_POINT ( 'NONE',  ( -0.07385211081376527600, 3.844081420590247900E-017, 0.3020833333333358100 ) ) ;
#2682 = CARTESIAN_POINT ( 'NONE',  ( -7.832572005664740100E-018, -0.06395780408782414400, 0.3611111111111140500 ) ) ;
#2683 = CARTESIAN_POINT ( 'NONE',  ( -0.08118988160479118100, 3.555396780364848200E-017, 0.5761093750000000300 ) ) ;
#2684 = EDGE_LOOP ( 'NONE', ( #4768, #1373 ) ) ;
#2685 = ORIENTED_EDGE ( 'NONE', *, *, #3058, .F. ) ;
#2686 = CARTESIAN_POINT ( 'NONE',  ( -3.073328992872296400E-016, 0.08118988160479109800, 0.6640000000000000300 ) ) ;
#2687 = CARTESIAN_POINT ( 'NONE',  ( -0.05538908311032397100, -0.03197890204391200300, 0.4675925925925963900 ) ) ;
#2688 = ORIENTED_EDGE ( 'NONE', *, *, #1116, .F. ) ;
#2689 = EDGE_CURVE ( 'NONE', #88, #1486, #3449, .T. ) ;
#2690 = CARTESIAN_POINT ( 'NONE',  ( 0.03692605540688268000, 0.06395780408782425500, 0.4594907407407444200 ) ) ;
#2691 = CARTESIAN_POINT ( 'NONE',  ( 0.0000000000000000000, 0.08200000000000004500, 0.5034722222222264300 ) ) ;
#2692 = CARTESIAN_POINT ( 'NONE',  ( 0.07385211081376527600, 5.624655136975325800E-017, 0.4236111111111145500 ) ) ;
#2693 = CARTESIAN_POINT ( 'NONE',  ( 0.04734272207354927500, -0.08199999999999990600, 0.4363425925925962800 ) ) ;
#2694 = CARTESIAN_POINT ( 'NONE',  ( 0.07101408311032395000, 0.04099999999999991200, 0.1620370370370383100 ) ) ;
#2695 = CARTESIAN_POINT ( 'NONE',  ( -7.832572005664740100E-018, -0.06395780408782418500, 0.2256944444444463600 ) ) ;
#2696 = CARTESIAN_POINT ( 'NONE',  ( -0.05538908311032396400, 0.03197890204391213400, 0.2962962962962987200 ) ) ;
#2697 = CARTESIAN_POINT ( 'NONE',  ( -0.08199999999999992000, -4.620727677402445600E-016, 0.4791666666666704600 ) ) ;
#2698 = DIRECTION ( 'NONE',  ( 1.000000000000000000, 0.0000000000000000000, 0.0000000000000000000 ) ) ;
#2699 = CARTESIAN_POINT ( 'NONE',  ( 0.07385211081376527600, 5.624655136975325800E-017, 0.4236111111111145500 ) ) ;
#2700 = CARTESIAN_POINT ( 'NONE',  ( 0.0000000000000000000, 0.06395780408782425500, 0.4062500000000032800 ) ) ;
#2701 = DIRECTION ( 'NONE',  ( -1.000000000000000000, 0.0000000000000000000, 0.0000000000000000000 ) ) ;
#2702 = CARTESIAN_POINT ( 'NONE',  ( 0.07101408311032396400, 0.04100000000000000900, 0.4988425925925967800 ) ) ;
#2703 = CONICAL_SURFACE ( 'NONE', #2620, 0.08118988160479118100, 1.047197551196600100 ) ;
#2704 = CARTESIAN_POINT ( 'NONE',  ( -0.03692605540688263800, 0.06395780408782426900, 0.4328703703703738500 ) ) ;
#2705 = CARTESIAN_POINT ( 'NONE',  ( -0.08199999999999996200, -0.02197183377935196100, 0.4283238388538514500 ) ) ;
#2706 = CARTESIAN_POINT ( 'NONE',  ( -0.07031250000000009700, 3.422187257832870500E-017, 0.5698293158023957100 ) ) ;
#2707 = CARTESIAN_POINT ( 'NONE',  ( -0.01154300254467598800, 0.07452552597836605000, 0.6605032461522767400 ) ) ;
#2708 = CARTESIAN_POINT ( 'NONE',  ( -0.07101408311032390800, 0.04099999999999994600, 0.06018518518518565400 ) ) ;
#2709 = EDGE_CURVE ( 'NONE', #3260, #4714, #3591, .T. ) ;
#2710 = CARTESIAN_POINT ( 'NONE',  ( 0.07385211081376527600, 1.625005970937221100E-017, 0.2881944444444468100 ) ) ;
#2711 = CARTESIAN_POINT ( 'NONE',  ( -0.03692605540688263800, 0.06395780408782422700, 0.2939814814814840100 ) ) ;
#2712 = CARTESIAN_POINT ( 'NONE',  ( 0.04106707222842370000, -0.05747979639888104600, 0.5698249502916162800 ) ) ;
#2713 = CYLINDRICAL_SURFACE ( 'NONE', #3281, 0.08199999999999993400 ) ;
#2714 = MANIFOLD_SOLID_BREP ( 'Fillet3', #2443 ) ;
#2715 = CARTESIAN_POINT ( 'NONE',  ( 0.08199999999999993400, 0.02197183377935203000, 0.04985161663162595400 ) ) ;
#2716 = EDGE_CURVE ( 'NONE', #4418, #1661, #2260, .T. ) ;
#2717 = CARTESIAN_POINT ( 'NONE',  ( -0.09468544414709857700, -1.361216759216039500E-017, 0.1215277777777789600 ) ) ;
#2718 = CARTESIAN_POINT ( 'NONE',  ( -0.07385211081376527600, 6.305403984306003900E-017, 0.3854166666666698500 ) ) ;
#2719 = CARTESIAN_POINT ( 'NONE',  ( 0.08199999999999993400, 1.011759515190096700E-017, 0.0000000000000000000 ) ) ;
#2720 = CARTESIAN_POINT ( 'NONE',  ( -0.1282499999999999200, 0.01677361912209666600, 0.5000000000000000000 ) ) ;
#2721 = CARTESIAN_POINT ( 'NONE',  ( 0.0000000000000000000, 0.06395780408782425500, 0.4027777777777810700 ) ) ;
#2722 = CARTESIAN_POINT ( 'NONE',  ( -0.1349999999999999300, 8.341857293137307000E-018, 0.6505000000000000800 ) ) ;
#2723 = CARTESIAN_POINT ( 'NONE',  ( -0.08199999999999993400, -2.722111849558866300E-016, 0.1736111111111125200 ) ) ;
#2724 = CARTESIAN_POINT ( 'NONE',  ( -0.07101408311032390800, 0.04100000000000006400, 0.4768518518518556300 ) ) ;
#2725 = CARTESIAN_POINT ( 'NONE',  ( -1.004210375300828800E-017, -0.08199999999999997600, 0.04166666666666702500 ) ) ;
#2726 = ADVANCED_FACE ( 'NONE', ( #2971 ), #276, .F. ) ;
#2727 = CARTESIAN_POINT ( 'NONE',  ( -0.03692605540688263800, 0.06395780408782419900, 0.2141203703703721500 ) ) ;
#2728 = CARTESIAN_POINT ( 'NONE',  ( 0.05538908311032394300, -0.03197890204391205800, 0.4212962962962997200 ) ) ;
#2729 = ORIENTED_EDGE ( 'NONE', *, *, #4510, .F. ) ;
#2730 = DIRECTION ( 'NONE',  ( 0.5000000000000001100, -0.8660254037844387100, 0.0000000000000000000 ) ) ;
#2731 = VERTEX_POINT ( 'NONE', #2996 ) ;
#2732 = CARTESIAN_POINT ( 'NONE',  ( -0.07466742667375767000, 0.09715952115457671100, 0.6640000000000000300 ) ) ;
#2733 = CARTESIAN_POINT ( 'NONE',  ( -0.04734272207354927500, 0.08199999999999992000, 0.08912037037037128000 ) ) ;
#2734 = ORIENTED_EDGE ( 'NONE', *, *, #3191, .T. ) ;
#2735 = LINE ( 'NONE', #1014, #2491 ) ;
#2736 = CARTESIAN_POINT ( 'NONE',  ( -0.03692605540688263800, 0.06395780408782425500, 0.4085648148148181000 ) ) ;
#2737 = CARTESIAN_POINT ( 'NONE',  ( -0.03692605540688263800, 0.06395780408782425500, 0.4085648148148180400 ) ) ;
#2738 = CARTESIAN_POINT ( 'NONE',  ( -0.05385454592370964000, 0.05579404235676065100, 0.4817916731356908200 ) ) ;
#2739 = VERTEX_POINT ( 'NONE', #747 ) ;
#2740 = CARTESIAN_POINT ( 'NONE',  ( -0.05538908311032396400, 0.03197890204391218300, 0.4629629629629667400 ) ) ;
#2741 = CARTESIAN_POINT ( 'NONE',  ( 0.0000000000000000000, 7.549139889267777500E-020, 0.0000000000000000000 ) ) ;
#2742 = CARTESIAN_POINT ( 'NONE',  ( -0.07101408311032392200, -0.04099999999999988400, 0.3981481481481513000 ) ) ;
#2743 = EDGE_CURVE ( 'NONE', #2839, #3453, #3353, .T. ) ;
#2744 = CARTESIAN_POINT ( 'NONE',  ( -0.09519444444444448400, -5.530426628471140400E-017, 0.4895833333333332600 ) ) ;
#2745 = ORIENTED_EDGE ( 'NONE', *, *, #1819, .F. ) ;
#2746 = VERTEX_POINT ( 'NONE', #307 ) ;
#2747 = CARTESIAN_POINT ( 'NONE',  ( 0.05538908311032398500, 0.03197890204391210700, 0.3738425925925956100 ) ) ;
#2748 = CARTESIAN_POINT ( 'NONE',  ( -0.03692605540688263800, 0.06395780408782426900, 0.4606481481481519100 ) ) ;
#2749 = EDGE_CURVE ( 'NONE', #1655, #1546, #4911, .T. ) ;
#2750 = CARTESIAN_POINT ( 'NONE',  ( 0.07385211081376527600, -3.297639156494290900E-017, 0.1215277777777788600 ) ) ;
#2751 = CARTESIAN_POINT ( 'NONE',  ( 0.06798856206436756900, 0.1179611625461689000, 0.6640000000000001500 ) ) ;
#2752 = ORIENTED_EDGE ( 'NONE', *, *, #2749, .T. ) ;
#2753 = CARTESIAN_POINT ( 'NONE',  ( -0.07101408311032392200, 0.04099999999999996000, 0.09143518518518613200 ) ) ;
#2754 = ADVANCED_FACE ( 'NONE', ( #2789, #1491 ), #2980, .T. ) ;
#2755 = CARTESIAN_POINT ( 'NONE',  ( -7.832572005664740100E-018, -0.06395780408782414400, 0.3368055555555583600 ) ) ;
#2756 =( BOUNDED_CURVE ( )  B_SPLINE_CURVE ( 2, ( #528, #3412, #4941, #3746, #358, #4197, #4518, #1482, #4927 ),
 .UNSPECIFIED., .F., .F. ) 
 B_SPLINE_CURVE_WITH_KNOTS ( ( 3, 2, 2, 2, 3 ),
 ( 0.6710526315789473500, 0.6754385964912280600, 0.6842105263157894900, 0.6929824561403509200, 0.6973684210526316400 ),
 .UNSPECIFIED. ) 
 CURVE ( )  GEOMETRIC_REPRESENTATION_ITEM ( )  RATIONAL_B_SPLINE_CURVE ( ( 0.9330127018922194100, 0.9330127018922194100, 1.000000000000000000, 0.8660254037844387100, 1.000000000000000000, 0.8660254037844387100, 1.000000000000000000, 0.9330127018922185200, 0.9330127018922194100 ) ) 
 REPRESENTATION_ITEM ( '' )  );
#2757 = CARTESIAN_POINT ( 'NONE',  ( 0.08199999999999993400, -5.489973478101915900E-017, 0.1076388888888899500 ) ) ;
#2758 = CARTESIAN_POINT ( 'NONE',  ( 0.0000000000000000000, 7.549139889267777500E-020, 0.0000000000000000000 ) ) ;
#2759 = CARTESIAN_POINT ( 'NONE',  ( 0.0000000000000000000, 7.549139889267777500E-020, 4.148491032111687600E-018 ) ) ;
#2760 = CARTESIAN_POINT ( 'NONE',  ( -0.08199999999999993400, 7.549139889267777500E-020, 0.0000000000000000000 ) ) ;
#2761 = CARTESIAN_POINT ( 'NONE',  ( -0.04734272207354930200, -0.08199999999999997600, 0.01157407407407419100 ) ) ;
#2762 = CARTESIAN_POINT ( 'NONE',  ( 0.05538908311032398500, 0.03197890204391212700, 0.4571759259259295900 ) ) ;
#2763 = CARTESIAN_POINT ( 'NONE',  ( -0.03692605540688265900, -0.06395780408782421300, 0.08449074074074153200 ) ) ;
#2764 = CARTESIAN_POINT ( 'NONE',  ( -0.03533596467421881700, -0.1314863112318783200, 0.6640000000000001500 ) ) ;
#2765 = CARTESIAN_POINT ( 'NONE',  ( -0.07101408311032392200, 0.04099999999999994600, 0.03587962962963011500 ) ) ;
#2766 = CARTESIAN_POINT ( 'NONE',  ( 0.0000000000000000000, 0.08199999999999997600, 0.2777777777777799600 ) ) ;
#2767 = VERTEX_POINT ( 'NONE', #2333 ) ;
#2768 = CARTESIAN_POINT ( 'NONE',  ( -0.006187274176735994300, -0.06379917162501928800, 0.002791137421157814300 ) ) ;
#2769 = B_SPLINE_CURVE_WITH_KNOTS ( 'NONE', 3,
 ( #137, #1691, #508, #1675, #4345, #2854, #3999, #180 ),
 .UNSPECIFIED., .F., .F.,
 ( 4, 2, 2, 4 ),
 ( 2.380752338260671300E-007, 0.001041607109884965400, 0.001562291627210534800, 0.002082976144536103800 ),
 .UNSPECIFIED. ) ;
#2770 = CARTESIAN_POINT ( 'NONE',  ( -0.1349999999999999000, -0.01767145867644261800, 0.5067499999999998100 ) ) ;
#2771 = CARTESIAN_POINT ( 'NONE',  ( 0.07385211081376529000, -6.579402574781966000E-017, 0.01041666666666686000 ) ) ;
#2772 = AXIS2_PLACEMENT_3D ( 'NONE', #3110, #841, #4678 ) ;
#2773 = CARTESIAN_POINT ( 'NONE',  ( 0.08199999999999996200, 0.02197183377935208300, 0.4387405055205179100 ) ) ;
#2774 = CARTESIAN_POINT ( 'NONE',  ( -0.07719345412222349000, -0.02748985506190170000, 0.4843406249956666000 ) ) ;
#2775 = CARTESIAN_POINT ( 'NONE',  ( -0.09468544414709854900, -4.745535284325211900E-017, 0.006944444444444500400 ) ) ;
#2776 = PERSON_AND_ORGANIZATION ( #1861, #917 ) ;
#2777 = ADVANCED_FACE ( 'NONE', ( #934 ), #1177, .F. ) ;
#2778 = CARTESIAN_POINT ( 'NONE',  ( 0.0000000000000000000, 0.06395780408782426900, 0.4618055555555592400 ) ) ;
#2779 = CARTESIAN_POINT ( 'NONE',  ( 0.02450188661675116100, -0.05907840769652109700, 0.4739347919089640400 ) ) ;
#2780 = CARTESIAN_POINT ( 'NONE',  ( -0.07385211081376527600, -4.360327125128941000E-017, 0.02430555555555585400 ) ) ;
#2781 = AXIS2_PLACEMENT_3D ( 'NONE', #4649, #2387, #2701 ) ;
#2782 = EDGE_CURVE ( 'NONE', #102, #1858, #876, .T. ) ;
#2783 = CARTESIAN_POINT ( 'NONE',  ( 0.0000000000000000000, 0.08199999999999992000, 0.1145833333333344300 ) ) ;
#2784 = CARTESIAN_POINT ( 'NONE',  ( -0.07101408311032390800, 0.04100000000000000200, 0.2546296296296316500 ) ) ;
#2785 = CYLINDRICAL_SURFACE ( 'NONE', #1860, 0.08199999999999993400 ) ;
#2786 = CARTESIAN_POINT ( 'NONE',  ( -0.08199999999999996200, -2.722111849558866300E-016, 0.1770833333333349800 ) ) ;
#2787 = DIRECTION ( 'NONE',  ( -0.0000000000000000000, -0.0000000000000000000, -1.000000000000000000 ) ) ;
#2788 = ORIENTED_EDGE ( 'NONE', *, *, #3541, .T. ) ;
#2789 = FACE_BOUND ( 'NONE', #4192, .T. ) ;
#2790 = CARTESIAN_POINT ( 'NONE',  ( -0.04734272207354930200, -0.08199999999999993400, 0.1226851851851861700 ) ) ;
#2791 = CARTESIAN_POINT ( 'NONE',  ( -0.05538908311032396400, 0.03197890204391216900, 0.4108796296296329800 ) ) ;
#2792 = CARTESIAN_POINT ( 'NONE',  ( -0.03692605540688265900, -0.06395780408782410200, 0.4143518518518553000 ) ) ;
#2793 = CARTESIAN_POINT ( 'NONE',  ( -0.05538908311032397100, -0.03197890204391210000, 0.1377314814814827000 ) ) ;
#2794 = CARTESIAN_POINT ( 'NONE',  ( -0.08199999999999993400, -2.539112733622136200E-016, 0.2291666666666685200 ) ) ;
#2795 = ORIENTED_EDGE ( 'NONE', *, *, #2997, .T. ) ;
#2796 = VECTOR ( 'NONE', #475, 39.37007874015748100 ) ;
#2797 = CARTESIAN_POINT ( 'NONE',  ( -0.07385211081376527600, -2.822000522806592900E-017, 0.07638888888888960300 ) ) ;
#2798 = ORIENTED_EDGE ( 'NONE', *, *, #2782, .F. ) ;
#2799 = FACE_OUTER_BOUND ( 'NONE', #644, .T. ) ;
#2800 = CARTESIAN_POINT ( 'NONE',  ( 0.04734272207354925400, -0.08199999999999990600, 0.3217592592592618000 ) ) ;
#2801 = CARTESIAN_POINT ( 'NONE',  ( -0.09714141823162483800, 0.07468950519352454700, 0.6640000000000000300 ) ) ;
#2802 = B_SPLINE_CURVE_WITH_KNOTS ( 'NONE', 3,
 ( #3245, #2502, #2162, #4841, #622, #3689 ),
 .UNSPECIFIED., .F., .F.,
 ( 4, 2, 4 ),
 ( 7.414345411468117800E-015, 0.0006494897885127797600, 0.001298979577018145300 ),
 .UNSPECIFIED. ) ;
#2803 = CARTESIAN_POINT ( 'NONE',  ( -0.08199999999999996200, -0.02197183377935197800, 0.3727682832982954200 ) ) ;
#2804 = ORIENTED_EDGE ( 'NONE', *, *, #135, .F. ) ;
#2805 = CARTESIAN_POINT ( 'NONE',  ( 0.06456180829063851200, -0.1120713800019834500, 0.4999999999999999400 ) ) ;
#2806 = DIRECTION ( 'NONE',  ( -1.000000000000000000, 0.0000000000000000000, 0.0000000000000000000 ) ) ;
#2807 = CARTESIAN_POINT ( 'NONE',  ( -0.04734272207354930900, -0.08199999999999992000, 0.2650462962962986100 ) ) ;
#2808 = CARTESIAN_POINT ( 'NONE',  ( -0.09468544414709854900, -6.433310114656170900E-018, 0.1458333333333344800 ) ) ;
#2809 = CARTESIAN_POINT ( 'NONE',  ( 0.05538908311032394300, -0.03197890204391208600, 0.3414351851851880600 ) ) ;
#2810 = CARTESIAN_POINT ( 'NONE',  ( -1.004210375300828800E-017, -0.08199999999999996200, 0.1250000000000010000 ) ) ;
#2811 = CARTESIAN_POINT ( 'NONE',  ( -0.03692605540688265900, -0.06395780408782419900, 0.1400462962962975300 ) ) ;
#2812 = CARTESIAN_POINT ( 'NONE',  ( 0.1349999999999999300, 1.684113657389179100E-017, 0.5067500000000000300 ) ) ;
#2813 = CARTESIAN_POINT ( 'NONE',  ( -0.03692605540688263800, 0.06395780408782415800, 0.04398148148148192000 ) ) ;
#2814 = CARTESIAN_POINT ( 'NONE',  ( 0.04734272207354931600, 0.08199999999999993400, 0.3032407407407430900 ) ) ;
#2815 = CARTESIAN_POINT ( 'NONE',  ( -0.07101408311032393600, -0.04099999999999998800, 0.09606481481481579700 ) ) ;
#2816 = CARTESIAN_POINT ( 'NONE',  ( 0.08199999999999992000, 1.601242264446392100E-017, 0.3541666666666694100 ) ) ;
#2817 = CARTESIAN_POINT ( 'NONE',  ( -0.08199999999999985100, -0.02197183377935216600, 0.1783238388538494200 ) ) ;
#2818 = CARTESIAN_POINT ( 'NONE',  ( 0.0000000000000000000, 0.06395780408782414400, 0.01736111111111134100 ) ) ;
#2819 = CYLINDRICAL_SURFACE ( 'NONE', #2180, 0.08199999999999993400 ) ;
#2820 = CARTESIAN_POINT ( 'NONE',  ( 0.04734272207354925400, -0.08199999999999997600, 0.09953703703703784000 ) ) ;
#2821 = CARTESIAN_POINT ( 'NONE',  ( 0.03692605540688262400, -0.06395780408782425500, 0.03009259259259295500 ) ) ;
#2822 = DIRECTION ( 'NONE',  ( -0.0000000000000000000, -0.0000000000000000000, 1.000000000000000000 ) ) ;
#2823 = CARTESIAN_POINT ( 'NONE',  ( 0.06659089523089117800, 4.416981036696388500E-013, 0.005424228564224777700 ) ) ;
#2824 = DIRECTION ( 'NONE',  ( -1.000000000000000000, 0.0000000000000000000, 0.0000000000000000000 ) ) ;
#2825 = CARTESIAN_POINT ( 'NONE',  ( 0.06116666666666647400, 7.549139889267777500E-020, 4.148491032111687600E-018 ) ) ;
#2826 = CARTESIAN_POINT ( 'NONE',  ( -0.04734272207354926100, 0.08200000000000000300, 0.3912037037037068300 ) ) ;
#2827 = CARTESIAN_POINT ( 'NONE',  ( 0.0000000000000000000, 0.08200000000000000300, 0.3888888888888919500 ) ) ;
#2828 = EDGE_CURVE ( 'NONE', #3381, #3141, #2843, .T. ) ;
#2829 = DIRECTION ( 'NONE',  ( -0.0000000000000000000, -0.0000000000000000000, -1.000000000000000000 ) ) ;
#2830 = CARTESIAN_POINT ( 'NONE',  ( 0.05538908311032394300, -0.03197890204391216900, 0.03587962962963003900 ) ) ;
#2831 = CARTESIAN_POINT ( 'NONE',  ( 0.07031249999999998600, -1.104688081465991000E-016, 0.6577199408023956000 ) ) ;
#2832 = CARTESIAN_POINT ( 'NONE',  ( 0.07101408311032395000, 0.04099999999999992500, 0.2175925925925943100 ) ) ;
#2833 = CARTESIAN_POINT ( 'NONE',  ( 0.03692605540688262400, -0.06395780408782411600, 0.4780092592592631300 ) ) ;
#2834 = DIRECTION ( 'NONE',  ( -0.0000000000000000000, -0.0000000000000000000, -1.000000000000000000 ) ) ;
#2835 = CARTESIAN_POINT ( 'NONE',  ( -0.07101408311032390800, 0.04099999999999999500, 0.2268518518518536600 ) ) ;
#2836 = EDGE_CURVE ( 'NONE', #2904, #2838, #819, .T. ) ;
#2837 = CARTESIAN_POINT ( 'NONE',  ( 0.05538908311032394300, -0.03197890204391216200, 0.06018518518518577900 ) ) ;
#2838 = VERTEX_POINT ( 'NONE', #14 ) ;
#2839 = VERTEX_POINT ( 'NONE', #3062 ) ;
#2840 = CARTESIAN_POINT ( 'NONE',  ( -0.04734272207354926100, 0.08200000000000000300, 0.4189814814814847900 ) ) ;
#2841 = CARTESIAN_POINT ( 'NONE',  ( -1.004210375300829100E-017, -0.08199999999999999000, 0.1006944444444454900 ) ) ;
#2842 = ORIENTED_EDGE ( 'NONE', *, *, #2589, .T. ) ;
#2843 = LINE ( 'NONE', #2683, #565 ) ;
#2844 = CARTESIAN_POINT ( 'NONE',  ( -0.1214999999999999100, 1.601449998446732600E-017, 0.6640000000000000300 ) ) ;
#2845 = DIRECTION ( 'NONE',  ( 1.000000000000000000, 0.0000000000000000000, 0.0000000000000000000 ) ) ;
#2846 = CARTESIAN_POINT ( 'NONE',  ( 0.0000000000000000000, 0.06395780408782418500, 0.1527777777777790700 ) ) ;
#2847 = CARTESIAN_POINT ( 'NONE',  ( -0.03692605540688265900, -0.06395780408782418500, 0.1678240740740755400 ) ) ;
#2848 = CARTESIAN_POINT ( 'NONE',  ( -0.08199999999999986500, 0.02197183377935216600, 0.1445928278128199900 ) ) ;
#2849 = DIRECTION ( 'NONE',  ( -1.000000000000000000, 0.0000000000000000000, 0.0000000000000000000 ) ) ;
#2850 = CARTESIAN_POINT ( 'NONE',  ( -0.07101408311032392200, -0.04099999999999996000, 0.1481481481481493300 ) ) ;
#2851 = EDGE_LOOP ( 'NONE', ( #4770, #3255 ) ) ;
#2852 = CIRCLE ( 'NONE', #2412, 0.06116666666666647400 ) ;
#2853 = CARTESIAN_POINT ( 'NONE',  ( 0.05538908311032398500, 0.03197890204391214100, 0.5127314814814856200 ) ) ;
#2854 = CARTESIAN_POINT ( 'NONE',  ( -0.05876949745532399800, -0.04725929642882063100, 0.6605032461522762900 ) ) ;
#2855 = CARTESIAN_POINT ( 'NONE',  ( 0.0000000000000000000, 0.08199999999999992000, 0.08680555555555644100 ) ) ;
#2856 = CARTESIAN_POINT ( 'NONE',  ( 0.08199999999999993400, 2.516237844130044700E-017, 0.3854166666666698500 ) ) ;
#2857 = ORIENTED_EDGE ( 'NONE', *, *, #3475, .F. ) ;
#2858 = ORIENTED_EDGE ( 'NONE', *, *, #1541, .T. ) ;
#2859 = CARTESIAN_POINT ( 'NONE',  ( -0.03692605540688265900, -0.06395780408782421300, 0.08101851851851928100 ) ) ;
#2860 = CARTESIAN_POINT ( 'NONE',  ( -0.03692605540688263800, 0.06395780408782414400, 0.04398148148148192000 ) ) ;
#2861 =( BOUNDED_SURFACE ( )  B_SPLINE_SURFACE ( 2, 3, ( 
 ( #3252, #3642, #2941, #3309, #2197, #2903, #1763, #3677, #4106, #1025, #652, #611, #4812, #1353, #3716, #4851, #1802, #3294, #4431, #4464, #2185, #2150, #1005, #2523, #1427, #4484, #2489, #182, #4033, #2876, #1391, #1744, #201, #4448 ),
 ( #2890, #596, #3659, #1377, #2538, #240, #2924, #631, #3729, #1080, #1449, #289, #1833, #1483, #1465, #2976, #271, #4959, #3413, #3747, #4144, #667, #3364, #742, #1853, #4159, #4571, #4519, #1907, #1872, #4903, #4537, #319, #722 ),
 ( #2629, #4498, #4886, #2955, #2248, #3378, #3347, #4942, #1889, #3784, #342, #3007, #4124, #2218, #2992, #2593, #4198, #3395, #1521, #703, #2230, #685, #1112, #2645, #3021, #1505, #1129, #2576, #4178, #4559, #3800, #4928, #1060, #2607 ) ),
 .UNSPECIFIED., .F., .T., .F. ) 
 B_SPLINE_SURFACE_WITH_KNOTS ( ( 3, 3 ),
 ( 4, 2, 2, 2, 2, 2, 2, 2, 2, 2, 2, 2, 2, 2, 2, 2, 4 ),
 ( 0.0000000000000000000, 1.000000000000000000 ),
 ( 0.0000000000000000000, 0.3926990816987241400, 0.7853981633974482800, 1.178097245096172400, 1.570796326794896600, 1.963495408493620700, 2.356194490192344800, 2.748893571891069000, 3.141592653589793100, 3.534291735288517300, 3.926990816987241400, 4.319689898685965100, 4.712388980384689700, 5.105088062083414300, 5.497787143782138000, 5.890486225480861600, 6.283185307179586200 ),
 .UNSPECIFIED. ) 
 GEOMETRIC_REPRESENTATION_ITEM ( )  RATIONAL_B_SPLINE_SURFACE ( (
 ( 1.000000000000000000, 1.000000000000000000, 1.000000000000000000, 1.000000000000000000, 1.000000000000000000, 1.000000000000000000, 1.000000000000000000, 1.000000000000000000, 1.000000000000000000, 1.000000000000000000, 1.000000000000000000, 1.000000000000000000, 1.000000000000000000, 1.000000000000000000, 1.000000000000000000, 1.000000000000000000, 1.000000000000000000, 1.000000000000000000, 1.000000000000000000, 1.000000000000000000, 1.000000000000000000, 1.000000000000000000, 1.000000000000000000, 1.000000000000000000, 1.000000000000000000, 1.000000000000000000, 1.000000000000000000, 1.000000000000000000, 1.000000000000000000, 1.000000000000000000, 1.000000000000000000, 1.000000000000000000, 1.000000000000000000, 1.000000000000000000),
 ( 0.3333333333333334300, 0.3333333333333334300, 0.3333333333333334300, 0.3333333333333334300, 0.3333333333333334300, 0.3333333333333334300, 0.3333333333333334300, 0.3333333333333334300, 0.3333333333333334300, 0.3333333333333334300, 0.3333333333333334300, 0.3333333333333334300, 0.3333333333333334300, 0.3333333333333334300, 0.3333333333333334300, 0.3333333333333334300, 0.3333333333333334300, 0.3333333333333334300, 0.3333333333333334300, 0.3333333333333334300, 0.3333333333333334300, 0.3333333333333334300, 0.3333333333333334300, 0.3333333333333334300, 0.3333333333333334300, 0.3333333333333334300, 0.3333333333333334300, 0.3333333333333334300, 0.3333333333333333100, 0.3333333333333333100, 0.3333333333333334300, 0.3333333333333334300, 0.3333333333333334300, 0.3333333333333334300),
 ( 1.000000000000000000, 1.000000000000000000, 1.000000000000000000, 1.000000000000000000, 1.000000000000000000, 1.000000000000000000, 1.000000000000000000, 1.000000000000000000, 1.000000000000000000, 1.000000000000000000, 1.000000000000000000, 1.000000000000000000, 1.000000000000000000, 1.000000000000000000, 1.000000000000000000, 1.000000000000000000, 1.000000000000000000, 1.000000000000000000, 1.000000000000000000, 1.000000000000000000, 1.000000000000000000, 1.000000000000000000, 1.000000000000000000, 1.000000000000000000, 1.000000000000000000, 1.000000000000000000, 1.000000000000000000, 1.000000000000000000, 1.000000000000000000, 1.000000000000000000, 1.000000000000000000, 1.000000000000000000, 1.000000000000000000, 1.000000000000000000) ) ) 
 REPRESENTATION_ITEM ( '' )  SURFACE ( )  );
#2862 = CARTESIAN_POINT ( 'NONE',  ( -1.004210375300828800E-017, -0.08199999999999985100, 0.4861111111111149900 ) ) ;
#2863 = EDGE_LOOP ( 'NONE', ( #4474, #385, #1555, #1416 ) ) ;
#2864 = CARTESIAN_POINT ( 'NONE',  ( -0.04734272207354927500, 0.08200000000000001700, 0.4224537037037072200 ) ) ;
#2865 = DIRECTION ( 'NONE',  ( 1.000000000000000000, 0.0000000000000000000, 0.0000000000000000000 ) ) ;
#2866 = CARTESIAN_POINT ( 'NONE',  ( -0.03692605540688263800, 0.06395780408782418500, 0.1550925925925939200 ) ) ;
#2867 = CARTESIAN_POINT ( 'NONE',  ( -7.832572005664740100E-018, -0.06395780408782421300, 0.1145833333333343700 ) ) ;
#2868 = CARTESIAN_POINT ( 'NONE',  ( -0.07031249999999998600, -0.01366340101694072300, 0.6583078040928689300 ) ) ;
#2869 = CARTESIAN_POINT ( 'NONE',  ( 0.04734272207354931600, 0.08199999999999992000, 0.1956018518518535800 ) ) ;
#2870 = CARTESIAN_POINT ( 'NONE',  ( -0.04734272207354927500, 0.08199999999999996200, 0.2002314814814832600 ) ) ;
#2871 = EDGE_CURVE ( 'NONE', #4572, #1595, #2927, .T. ) ;
#2872 = CARTESIAN_POINT ( 'NONE',  ( 0.0000000000000000000, 0.06395780408782428300, 0.4895833333333372600 ) ) ;
#2873 = CARTESIAN_POINT ( 'NONE',  ( 0.07101408311032390800, -0.04100000000000004300, 0.04976851851851914200 ) ) ;
#2874 =( BOUNDED_CURVE ( )  B_SPLINE_CURVE ( 2, ( #2061, #940, #2462, #172, #585, #3626, #2137, #1788, #3299 ),
 .UNSPECIFIED., .F., .F. ) 
 B_SPLINE_CURVE_WITH_KNOTS ( ( 3, 2, 2, 2, 3 ),
 ( 0.4868421052631579100, 0.4912280701754385700, 0.5000000000000000000, 0.5087719298245614300, 0.5131578947368421500 ),
 .UNSPECIFIED. ) 
 CURVE ( )  GEOMETRIC_REPRESENTATION_ITEM ( )  RATIONAL_B_SPLINE_CURVE ( ( 0.9330127018922194100, 0.9330127018922198500, 1.000000000000000000, 0.8660254037844387100, 1.000000000000000000, 0.8660254037844387100, 1.000000000000000000, 0.9330127018922194100, 0.9330127018922194100 ) ) 
 REPRESENTATION_ITEM ( '' )  );
#2875 = CARTESIAN_POINT ( 'NONE',  ( -1.004210375300829100E-017, -0.08199999999999992000, 0.3506944444444474700 ) ) ;
#2876 = CARTESIAN_POINT ( 'NONE',  ( -0.1025572723511228000, -0.07881561702322653600, 0.5000000000000000000 ) ) ;
#2877 = CARTESIAN_POINT ( 'NONE',  ( 0.07385211081376527600, -4.220635117887700700E-017, 0.09027777777777860900 ) ) ;
#2878 = CARTESIAN_POINT ( 'NONE',  ( -0.07385211081376529000, -2.001559668234674800E-017, 0.1041666666666675700 ) ) ;
#2879 = CARTESIAN_POINT ( 'NONE',  ( 0.0000000000000000000, 0.08200000000000004500, 0.5000000000000040000 ) ) ;
#2880 = CARTESIAN_POINT ( 'NONE',  ( 0.08199999999999992000, -0.02197183377935202000, 0.3529261611461549900 ) ) ;
#2881 = CARTESIAN_POINT ( 'NONE',  ( 0.0000000000000000000, 7.549139889267777500E-020, 4.148491032111687600E-018 ) ) ;
#2882 = CARTESIAN_POINT ( 'NONE',  ( 0.05538908311032398500, 0.03197890204391204400, 0.1759259259259274300 ) ) ;
#2883 = CARTESIAN_POINT ( 'NONE',  ( 0.05538908311032394300, -0.03197890204391215500, 0.09143518518518602100 ) ) ;
#2884 = ORIENTED_EDGE ( 'NONE', *, *, #1715, .F. ) ;
#2885 = CARTESIAN_POINT ( 'NONE',  ( 0.04734272207354931600, 0.08199999999999993400, 0.2789351851851875600 ) ) ;
#2886 = DIRECTION ( 'NONE',  ( -1.224646799147353200E-016, 1.000000000000000000, 0.0000000000000000000 ) ) ;
#2887 = CARTESIAN_POINT ( 'NONE',  ( 0.04734272207354926100, -0.08199999999999997600, 0.1863425925925943400 ) ) ;
#2888 = CARTESIAN_POINT ( 'NONE',  ( -0.03692605540688263800, 0.06395780408782428300, 0.4918981481481520800 ) ) ;
#2889 = CARTESIAN_POINT ( 'NONE',  ( 0.04575454638032211400, -0.04564018805364534300, 0.003255518762545560300 ) ) ;
#2890 = CARTESIAN_POINT ( 'NONE',  ( -0.1349999999999999300, 7.549139889267777500E-020, 0.5000000000000000000 ) ) ;
#2891 = CARTESIAN_POINT ( 'NONE',  ( 0.03533596464492373000, 0.1314863112440095300, 0.5067500000000000300 ) ) ;
#2892 = CARTESIAN_POINT ( 'NONE',  ( 0.03533596438850288700, -0.1314863113502225400, 0.6504999999999999700 ) ) ;
#2893 = CARTESIAN_POINT ( 'NONE',  ( 0.09468544414709854900, 8.113496003243490900E-017, 0.5208333333333374800 ) ) ;
#2894 = CARTESIAN_POINT ( 'NONE',  ( 0.05538908311032394300, -0.03197890204391212700, 0.1712962962962977800 ) ) ;
#2895 = CARTESIAN_POINT ( 'NONE',  ( -0.03692605540688263800, 0.06395780408782417200, 0.1030092592592601600 ) ) ;
#2896 = CARTESIAN_POINT ( 'NONE',  ( -0.07385211081376527600, -2.581228522693472600E-018, 0.1631944444444458100 ) ) ;
#2897 =( LENGTH_UNIT ( ) NAMED_UNIT ( * ) SI_UNIT ( $, .METRE. ) );
#2898 = LINE ( 'NONE', #4487, #1909 ) ;
#2899 = CARTESIAN_POINT ( 'NONE',  ( 0.0000000000000000000, 0.08199999999999997600, 0.2777777777777799600 ) ) ;
#2900 = CARTESIAN_POINT ( 'NONE',  ( -0.07101408311032393600, -0.04099999999999995300, 0.2071759259259278200 ) ) ;
#2901 = CARTESIAN_POINT ( 'NONE',  ( -0.03692605540688263800, 0.06395780408782417200, 0.1273148148148159100 ) ) ;
#2902 = CARTESIAN_POINT ( 'NONE',  ( 0.08296380741527281700, -0.1079550235050880000, 0.6640000000000001500 ) ) ;
#2903 = CARTESIAN_POINT ( 'NONE',  ( -0.07881561702322625900, 0.1025572723511230800, 0.5000000000000000000 ) ) ;
#2904 = VERTEX_POINT ( 'NONE', #4591 ) ;
#2905 = LINE ( 'NONE', #1818, #1241 ) ;
#2906 = CARTESIAN_POINT ( 'NONE',  ( 0.1349999999999999300, -0.01767145839889400900, 0.5000000000000000000 ) ) ;
#2907 = ORIENTED_EDGE ( 'NONE', *, *, #4481, .F. ) ;
#2908 = FACE_OUTER_BOUND ( 'NONE', #778, .T. ) ;
#2909 = CARTESIAN_POINT ( 'NONE',  ( 0.07385211081376527600, -6.579402574781966000E-017, 0.01041666666666685700 ) ) ;
#2910 = CARTESIAN_POINT ( 'NONE',  ( -0.07031250000000001400, 0.04059494080239566000, 0.5761093750000000300 ) ) ;
#2911 = CARTESIAN_POINT ( 'NONE',  ( -0.03692605540688263800, 0.06395780408782417200, 0.1273148148148159100 ) ) ;
#2912 = VERTEX_POINT ( 'NONE', #3834 ) ;
#2913 = CARTESIAN_POINT ( 'NONE',  ( 0.03692605540688268000, 0.06395780408782419900, 0.2928240740740765700 ) ) ;
#2914 = VERTEX_POINT ( 'NONE', #1554 ) ;
#2915 = FACE_OUTER_BOUND ( 'NONE', #1134, .T. ) ;
#2916 = CARTESIAN_POINT ( 'NONE',  ( 0.07101408311032396400, 0.04099999999999992500, 0.2210648148148167400 ) ) ;
#2917 = CARTESIAN_POINT ( 'NONE',  ( -0.05538908311032397100, -0.03197890204391210700, 0.1099537037037046900 ) ) ;
#2918 = CARTESIAN_POINT ( 'NONE',  ( -0.05694600398032911800, 0.04669828388867872800, 0.01233177450364299000 ) ) ;
#2919 = CARTESIAN_POINT ( 'NONE',  ( -0.07101408311032392200, 0.04099999999999999500, 0.2025462962962981100 ) ) ;
#2920 = VERTEX_POINT ( 'NONE', #4226 ) ;
#2921 = CARTESIAN_POINT ( 'NONE',  ( -0.03692605540688265900, -0.06395780408782419900, 0.1365740740740752900 ) ) ;
#2922 = CARTESIAN_POINT ( 'NONE',  ( -0.07101408311032390800, 0.04100000000000005700, 0.4212962962962996700 ) ) ;
#2923 = CARTESIAN_POINT ( 'NONE',  ( 0.01767145836718664700, -0.1349999999999999300, 0.6640000000000001500 ) ) ;
#2924 = CARTESIAN_POINT ( 'NONE',  ( -0.06798856209364968800, 0.1179611625340331200, 0.5000000000000000000 ) ) ;
#2925 = CARTESIAN_POINT ( 'NONE',  ( -0.03533596464492421600, -0.1314863112440143300, 0.5000000000000000000 ) ) ;
#2926 = CARTESIAN_POINT ( 'NONE',  ( 0.05538908311032394300, -0.03197890204391218300, 0.004629629629629782900 ) ) ;
#2927 =( BOUNDED_CURVE ( )  B_SPLINE_CURVE ( 2, ( #2697, #395, #824, #4612, #380 ),
 .UNSPECIFIED., .F., .F. ) 
 B_SPLINE_CURVE_WITH_KNOTS ( ( 3, 2, 3 ),
 ( 0.9078947368421053100, 0.9122807017543859100, 0.9178937823962926000 ),
 .UNSPECIFIED. ) 
 CURVE ( )  GEOMETRIC_REPRESENTATION_ITEM ( )  RATIONAL_B_SPLINE_CURVE ( ( 0.9330127018922194100, 0.9330127018922201900, 1.000000000000000000, 0.9142708357721693900, 0.9382563459200274900 ) ) 
 REPRESENTATION_ITEM ( '' )  );
#2928 = CARTESIAN_POINT ( 'NONE',  ( -0.03692605540688265900, -0.06395780408782422700, 0.02893518518518554300 ) ) ;
#2929 = CARTESIAN_POINT ( 'NONE',  ( -1.004210375300829100E-017, -0.08199999999999999000, 0.07291666666666747600 ) ) ;
#2930 = ADVANCED_FACE ( 'NONE', ( #203 ), #736, .T. ) ;
#2931 = CARTESIAN_POINT ( 'NONE',  ( 0.0000000000000000000, 0.08199999999999999000, 0.3368055555555584100 ) ) ;
#2932 = CARTESIAN_POINT ( 'NONE',  ( -0.05538908311032397100, -0.03197890204391202300, 0.3842592592592623500 ) ) ;
#2933 = CARTESIAN_POINT ( 'NONE',  ( -0.05538908311032397100, -0.03197890204391205100, 0.3043981481481506400 ) ) ;
#2934 = CARTESIAN_POINT ( 'NONE',  ( 0.03692605540688262400, -0.06395780408782424100, 0.08912037037037119600 ) ) ;
#2935 = CARTESIAN_POINT ( 'NONE',  ( 0.03993064081302562900, 0.05678626160084412200, 0.008097644300421379800 ) ) ;
#2936 = CARTESIAN_POINT ( 'NONE',  ( 0.07101408311032390800, -0.04100000000000000200, 0.2164351851851871200 ) ) ;
#2937 = EDGE_CURVE ( 'NONE', #4396, #1783, #3147, .T. ) ;
#2938 = CARTESIAN_POINT ( 'NONE',  ( -0.05538908311032397100, -0.03197890204391210700, 0.1064814814814824300 ) ) ;
#2939 = CARTESIAN_POINT ( 'NONE',  ( -0.08199999999999992000, -5.101100356736363400E-016, 0.3125000000000025000 ) ) ;
#2940 = CARTESIAN_POINT ( 'NONE',  ( -0.1079550235050804200, 0.08296380741528385000, 0.6640000000000001500 ) ) ;
#2941 = CARTESIAN_POINT ( 'NONE',  ( -0.1249119956818101600, 0.03356916641267892300, 0.5000000000000000000 ) ) ;
#2942 = CARTESIAN_POINT ( 'NONE',  ( -0.1179611625340379200, 0.06798856209364861900, 0.5000000000000000000 ) ) ;
#2943 = CARTESIAN_POINT ( 'NONE',  ( 0.03692605540688262400, -0.06395780408782422700, 0.1134259259259269600 ) ) ;
#2944 = CARTESIAN_POINT ( 'NONE',  ( 0.02313336948739325500, 0.06783382450398167700, 0.6577287457173768300 ) ) ;
#2945 = CARTESIAN_POINT ( 'NONE',  ( -0.04734272207354930200, -0.08199999999999992000, 0.1504629629629641900 ) ) ;
#2946 = CARTESIAN_POINT ( 'NONE',  ( -0.1025572723511230900, 0.07881561702322624500, 0.5000000000000000000 ) ) ;
#2947 = CARTESIAN_POINT ( 'NONE',  ( 0.0000000000000000000, 0.06395780408782422700, 0.3472222222222251000 ) ) ;
#2948 = DATE_AND_TIME ( #4633, #3070 ) ;
#2949 = CARTESIAN_POINT ( 'NONE',  ( -0.03692605540688263800, 0.06395780408782422700, 0.3252314814814841200 ) ) ;
#2950 = CARTESIAN_POINT ( 'NONE',  ( -0.03692605540688265900, -0.06395780408782419900, 0.1122685185185195300 ) ) ;
#2951 = CARTESIAN_POINT ( 'NONE',  ( -1.004210375300829100E-017, -0.08199999999999990600, 0.4062500000000034400 ) ) ;
#2952 = CARTESIAN_POINT ( 'NONE',  ( -7.832572005664740100E-018, -0.06395780408782419900, 0.1666666666666681300 ) ) ;
#2953 = CARTESIAN_POINT ( 'NONE',  ( 0.08199999999999992000, -1.601242264446392100E-017, 0.2430555555555574700 ) ) ;
#2954 = CARTESIAN_POINT ( 'NONE',  ( 0.08296380741528310000, 0.1079550235050811700, 0.6640000000000001500 ) ) ;
#2955 = CARTESIAN_POINT ( 'NONE',  ( -0.1179611625340384600, 0.06798856209364882700, 0.5067500000000000300 ) ) ;
#2956 = ADVANCED_FACE ( 'NONE', ( #1780 ), #763, .T. ) ;
#2957 = CARTESIAN_POINT ( 'NONE',  ( -0.03533596464492243200, -0.1314863112440100300, 0.5067500000000000300 ) ) ;
#2958 = CARTESIAN_POINT ( 'NONE',  ( -0.07385211081376529000, 2.100644604624919100E-017, 0.2430555555555575500 ) ) ;
#2959 = CARTESIAN_POINT ( 'NONE',  ( 0.04734272207354925400, -0.08199999999999996200, 0.1550925925925938600 ) ) ;
#2960 = VERTEX_POINT ( 'NONE', #3545 ) ;
#2961 = EDGE_LOOP ( 'NONE', ( #4349, #4467, #1664, #816 ) ) ;
#2962 = CARTESIAN_POINT ( 'NONE',  ( 0.1120631044073336600, -0.06458913398896735900, 0.5000000000000000000 ) ) ;
#2963 = CARTESIAN_POINT ( 'NONE',  ( -7.832572005664740100E-018, -0.06395780408782417200, 0.2777777777777801200 ) ) ;
#2964 = CARTESIAN_POINT ( 'NONE',  ( 0.0000000000000000000, 0.06395780408782422700, 0.2951388888888913400 ) ) ;
#2965 = AXIS2_PLACEMENT_3D ( 'NONE', #4910, #2597, #2270 ) ;
#2966 = EDGE_CURVE ( 'NONE', #2157, #1063, #2664, .T. ) ;
#2967 = CARTESIAN_POINT ( 'NONE',  ( 0.05538908311032398500, 0.03197890204391200900, 0.04050925925925968200 ) ) ;
#2968 = CARTESIAN_POINT ( 'NONE',  ( 0.03219179097475992300, 0.06194645174977793400, 0.008490231641808869100 ) ) ;
#2969 = CARTESIAN_POINT ( 'NONE',  ( 0.04734272207354926100, -0.08199999999999992000, 0.3807870370370402500 ) ) ;
#2970 = ORIENTED_EDGE ( 'NONE', *, *, #2743, .T. ) ;
#2971 = FACE_OUTER_BOUND ( 'NONE', #1604, .T. ) ;
#2972 =( BOUNDED_CURVE ( )  B_SPLINE_CURVE ( 2, ( #606, #2773, #2048, #3654, #1371, #4047, #2063, #116, #502 ),
 .UNSPECIFIED., .F., .F. ) 
 B_SPLINE_CURVE_WITH_KNOTS ( ( 3, 2, 2, 2, 3 ),
 ( 0.8289473684210526500, 0.8333333333333333700, 0.8421052631578946900, 0.8508771929824561200, 0.8552631578947368400 ),
 .UNSPECIFIED. ) 
 CURVE ( )  GEOMETRIC_REPRESENTATION_ITEM ( )  RATIONAL_B_SPLINE_CURVE ( ( 0.9330127018922194100, 0.9330127018922194100, 1.000000000000000000, 0.8660254037844387100, 1.000000000000000000, 0.8660254037844387100, 1.000000000000000000, 0.9330127018922194100, 0.9330127018922194100 ) ) 
 REPRESENTATION_ITEM ( '' )  );
#2973 = CARTESIAN_POINT ( 'NONE',  ( -0.03692605540688265900, -0.06395780408782415800, 0.2199074074074092400 ) ) ;
#2974 = CARTESIAN_POINT ( 'NONE',  ( -0.1183242099048530400, -0.03182754221051766600, 0.6640000000000002600 ) ) ;
#2975 = CARTESIAN_POINT ( 'NONE',  ( -0.1349999999999999300, 1.660822318738193700E-017, 0.6505000000000000800 ) ) ;
#2976 = CARTESIAN_POINT ( 'NONE',  ( 0.1314863112440068400, 0.03533596464492644300, 0.5000000000000000000 ) ) ;
#2977 = ORIENTED_EDGE ( 'NONE', *, *, #3740, .F. ) ;
#2978 = DIRECTION ( 'NONE',  ( 1.000000000000000000, 0.0000000000000000000, 0.0000000000000000000 ) ) ;
#2979 = CARTESIAN_POINT ( 'NONE',  ( -0.07385211081376529000, -1.181118813662755500E-017, 0.1319444444444456100 ) ) ;
#2980 = PLANE ( 'NONE',  #1441 ) ;
#2981 = VERTEX_POINT ( 'NONE', #144 ) ;
#2982 = ADVANCED_FACE ( 'NONE', ( #4533 ), #699, .T. ) ;
#2983 = CARTESIAN_POINT ( 'NONE',  ( -0.05538908311032396400, 0.03197890204391213400, 0.2962962962962987200 ) ) ;
#2984 = CARTESIAN_POINT ( 'NONE',  ( 0.0000000000000000000, 0.06395780408782419900, 0.2118055555555573600 ) ) ;
#2985 = CARTESIAN_POINT ( 'NONE',  ( 0.06903190042791498800, -0.03468817415287491600, 0.01590968083553699600 ) ) ;
#2986 = CARTESIAN_POINT ( 'NONE',  ( 0.03692605540688268000, 0.06395780408782418500, 0.2094907407407425000 ) ) ;
#2987 = CARTESIAN_POINT ( 'NONE',  ( 0.08199999999999996200, 0.02197183377935203700, 0.2998516166316279600 ) ) ;
#2988 = CARTESIAN_POINT ( 'NONE',  ( 0.04734272207354931600, 0.08199999999999999000, 0.4178240740740775700 ) ) ;
#2989 = CARTESIAN_POINT ( 'NONE',  ( -7.832572005664740100E-018, -0.06395780408782415800, 0.3055555555555581300 ) ) ;
#2990 = CARTESIAN_POINT ( 'NONE',  ( 0.05538908311032394300, -0.03197890204391203000, 0.5081018518518559700 ) ) ;
#2991 = CARTESIAN_POINT ( 'NONE',  ( -0.01767145836719865800, 0.1349999999999999300, 0.6505000000000000800 ) ) ;
#2992 = CARTESIAN_POINT ( 'NONE',  ( 0.1179611625340389300, 0.06798856209364756400, 0.5067500000000000300 ) ) ;
#2993 = CARTESIAN_POINT ( 'NONE',  ( 0.08199999999999997600, 0.02197183377935201000, 0.1644349499649603900 ) ) ;
#2994 = CARTESIAN_POINT ( 'NONE',  ( 0.02327370331748350800, -0.06775280272940240000, 0.6583149232476567200 ) ) ;
#2995 = CARTESIAN_POINT ( 'NONE',  ( 0.07385211081376529000, -9.388716996000258900E-018, 0.2013888888888905600 ) ) ;
#2996 = CARTESIAN_POINT ( 'NONE',  ( -0.08199999999999992000, 7.548713532390133800E-017, 0.3958333333333364800 ) ) ;
#2997 = EDGE_CURVE ( 'NONE', #2920, #1634, #352, .T. ) ;
#2998 = CARTESIAN_POINT ( 'NONE',  ( -0.04734272207354927500, 0.08200000000000001700, 0.4502314814814852300 ) ) ;
#2999 = EDGE_CURVE ( 'NONE', #3397, #2023, #449, .T. ) ;
#3000 = CARTESIAN_POINT ( 'NONE',  ( 0.0000000000000000000, 0.06395780408782424100, 0.3750000000000030500 ) ) ;
#3001 = CARTESIAN_POINT ( 'NONE',  ( -0.05538908311032396400, 0.03197890204391214800, 0.3553240740740769600 ) ) ;
#3002 = DIRECTION ( 'NONE',  ( -0.0000000000000000000, -0.0000000000000000000, -1.000000000000000000 ) ) ;
#3003 = CARTESIAN_POINT ( 'NONE',  ( 0.03692605540688262400, -0.06395780408782419900, 0.2557870370370392000 ) ) ;
#3004 = CARTESIAN_POINT ( 'NONE',  ( 0.0000000000000000000, 0.08200000000000001700, 0.4201388888888923900 ) ) ;
#3005 = CARTESIAN_POINT ( 'NONE',  ( 0.07385211081376527600, 3.983773427831488900E-017, 0.3680555555555585800 ) ) ;
#3006 = CARTESIAN_POINT ( 'NONE',  ( 0.01587589995967558800, -0.1215028111714804300, 0.6639999999999999200 ) ) ;
#3007 = CARTESIAN_POINT ( 'NONE',  ( 0.06798856209365054800, 0.1179611625340377500, 0.5067500000000000300 ) ) ;
#3008 = ORIENTED_EDGE ( 'NONE', *, *, #1173, .F. ) ;
#3009 = CARTESIAN_POINT ( 'NONE',  ( 0.08199999999999993400, 1.011759515190096700E-017, 0.0000000000000000000 ) ) ;
#3010 = CARTESIAN_POINT ( 'NONE',  ( -0.03692605540688265900, -0.06395780408782419900, 0.1087962962962972700 ) ) ;
#3011 = CARTESIAN_POINT ( 'NONE',  ( 0.04734272207354931600, 0.08199999999999989200, 0.1087962962962971500 ) ) ;
#3012 = CARTESIAN_POINT ( 'NONE',  ( -0.03692605540688263800, 0.06395780408782428300, 0.4884259259259298700 ) ) ;
#3013 = CARTESIAN_POINT ( 'NONE',  ( 0.0000000000000000000, 0.06395780408782425500, 0.4340277777777812900 ) ) ;
#3014 = CARTESIAN_POINT ( 'NONE',  ( 0.07706132397417350700, -0.02086968009616837700, 0.01796836834369764900 ) ) ;
#3015 = CARTESIAN_POINT ( 'NONE',  ( 0.0000000000000000000, 0.06395780408782421300, 0.2673611111111133300 ) ) ;
#3016 = CARTESIAN_POINT ( 'NONE',  ( -0.09468544414709857700, 8.484073495646987100E-017, 0.4548611111111149400 ) ) ;
#3017 =( BOUNDED_CURVE ( )  B_SPLINE_CURVE ( 2, ( #4382, #3667, #2106, #1735, #1383, #2864, #566, #3241, #4401 ),
 .UNSPECIFIED., .F., .F. ) 
 B_SPLINE_CURVE_WITH_KNOTS ( ( 3, 2, 2, 2, 3 ),
 ( 0.8289473684210526500, 0.8333333333333333700, 0.8421052631578946900, 0.8508771929824561200, 0.8552631578947368400 ),
 .UNSPECIFIED. ) 
 CURVE ( )  GEOMETRIC_REPRESENTATION_ITEM ( )  RATIONAL_B_SPLINE_CURVE ( ( 0.9330127018922194100, 0.9330127018922194100, 1.000000000000000000, 0.8660254037844387100, 1.000000000000000000, 0.8660254037844387100, 1.000000000000000000, 0.9330127018922194100, 0.9330127018922194100 ) ) 
 REPRESENTATION_ITEM ( '' )  );
#3018 = AXIS2_PLACEMENT_3D ( 'NONE', #3372, #3408, #3777 ) ;
#3019 = CARTESIAN_POINT ( 'NONE',  ( -0.03692605540688263800, 0.06395780408782422700, 0.2939814814814839000 ) ) ;
#3020 = DIRECTION ( 'NONE',  ( -1.000000000000000000, 0.0000000000000000000, 0.0000000000000000000 ) ) ;
#3021 = CARTESIAN_POINT ( 'NONE',  ( 0.01767145839889382500, -0.1349999999999999500, 0.5067500000000000300 ) ) ;
#3022 = CARTESIAN_POINT ( 'NONE',  ( 0.01767145836719867500, 0.1349999999999999300, 0.6505000000000000800 ) ) ;
#3023 = EDGE_LOOP ( 'NONE', ( #4290, #3703, #1301, #2369 ) ) ;
#3024 = ADVANCED_FACE ( 'NONE', ( #1849 ), #4971, .T. ) ;
#3025 = AXIS2_PLACEMENT_3D ( 'NONE', #1267, #1000, #2806 ) ;
#3026 = CARTESIAN_POINT ( 'NONE',  ( 0.0000000000000000000, 0.06395780408782425500, 0.4027777777777810700 ) ) ;
#3027 = EDGE_LOOP ( 'NONE', ( #1187, #2611, #2237, #933 ) ) ;
#3028 = CARTESIAN_POINT ( 'NONE',  ( -0.07385211081376529000, 8.766726548021762400E-017, 0.4687500000000038300 ) ) ;
#3029 = CARTESIAN_POINT ( 'NONE',  ( -0.07031249999999993100, 0.04059494080239572200, 0.6640000000000000300 ) ) ;
#3030 = PRODUCT ( '92196A217_18-8 Stainless Steel Socket Head Screw', '92196A217_18-8 Stainless Steel Socket Head Screw', '', ( #2484 ) ) ;
#3031 = CARTESIAN_POINT ( 'NONE',  ( -0.07101408311032392200, 0.04099999999999993200, 0.008101851851852118500 ) ) ;
#3032 = CARTESIAN_POINT ( 'NONE',  ( 0.07385211081376529000, 4.086328534652979500E-017, 0.3715277777777809000 ) ) ;
#3033 = ORIENTED_EDGE ( 'NONE', *, *, #3603, .F. ) ;
#3034 = EDGE_CURVE ( 'NONE', #1176, #1815, #1714, .T. ) ;
#3035 = CARTESIAN_POINT ( 'NONE',  ( -0.05538908311032396400, 0.03197890204391212000, 0.2442129629629649900 ) ) ;
#3036 = CARTESIAN_POINT ( 'NONE',  ( 0.08199999999999993400, -4.574977898418262900E-017, 0.1354166666666679300 ) ) ;
#3037 = CARTESIAN_POINT ( 'NONE',  ( 0.1120713800020204400, 0.06456180829056411300, 0.5000000000000000000 ) ) ;
#3038 = ORIENTED_EDGE ( 'NONE', *, *, #47, .F. ) ;
#3039 = ORIENTED_EDGE ( 'NONE', *, *, #4878, .F. ) ;
#3040 = CYLINDRICAL_SURFACE ( 'NONE', #2169, 0.08199999999999993400 ) ;
#3041 = CARTESIAN_POINT ( 'NONE',  ( -0.05538908311032396400, 0.03197890204391213400, 0.2962962962962987200 ) ) ;
#3042 = CARTESIAN_POINT ( 'NONE',  ( 0.008956161819173611600, -0.07995557917149022400, 0.01891957745713152700 ) ) ;
#3043 = CARTESIAN_POINT ( 'NONE',  ( -3.295631491865439600E-017, 0.08118988160479123600, 0.5761093750000000300 ) ) ;
#3044 = CARTESIAN_POINT ( 'NONE',  ( -0.08200000000000004500, -0.02197183377935192600, 0.1505460610760714400 ) ) ;
#3045 = CARTESIAN_POINT ( 'NONE',  ( 0.1179611625461738200, -0.06798856206435142900, 0.6505000000000000800 ) ) ;
#3046 = ORIENTED_EDGE ( 'NONE', *, *, #1403, .T. ) ;
#3047 = CARTESIAN_POINT ( 'NONE',  ( 0.03692605540688262400, -0.06395780408782418500, 0.2835648148148172100 ) ) ;
#3048 = CARTESIAN_POINT ( 'NONE',  ( -0.05538908311032396400, 0.03197890204391214800, 0.3518518518518546900 ) ) ;
#3049 = DIRECTION ( 'NONE',  ( -1.000000000000000000, 0.0000000000000000000, 0.0000000000000000000 ) ) ;
#3050 = CARTESIAN_POINT ( 'NONE',  ( 0.03692605540688268000, 0.06395780408782424100, 0.4282407407407442500 ) ) ;
#3051 = CARTESIAN_POINT ( 'NONE',  ( 0.03692605540688262400, -0.06395780408782415800, 0.3391203703703731800 ) ) ;
#3052 = CARTESIAN_POINT ( 'NONE',  ( -1.004210375300829100E-017, -0.08199999999999989200, 0.4618055555555594700 ) ) ;
#3053 = CARTESIAN_POINT ( 'NONE',  ( -0.07385211081376527600, 2.921085459196839400E-017, 0.2708333333333355900 ) ) ;
#3054 = CARTESIAN_POINT ( 'NONE',  ( -2.859903368367273100E-016, -0.08118988160479116700, 0.5761093750000000300 ) ) ;
#3055 = CARTESIAN_POINT ( 'NONE',  ( 0.04717913051260661000, 0.05395099790320529600, 0.5698381207173765000 ) ) ;
#3056 = AXIS2_PLACEMENT_3D ( 'NONE', #4628, #1915, #4984 ) ;
#3057 = ORIENTED_EDGE ( 'NONE', *, *, #327, .T. ) ;
#3058 = EDGE_CURVE ( 'NONE', #1979, #2960, #4133, .T. ) ;
#3059 = CARTESIAN_POINT ( 'NONE',  ( 0.0000000000000000000, 0.06395780408782418500, 0.1840277777777793200 ) ) ;
#3060 = CARTESIAN_POINT ( 'NONE',  ( 0.05538908311032394300, -0.03197890204391209300, 0.2824074074074097700 ) ) ;
#3061 = FACE_OUTER_BOUND ( 'NONE', #2089, .T. ) ;
#3062 = CARTESIAN_POINT ( 'NONE',  ( -2.859903368367273100E-016, -0.08118988160479116700, 0.5761093750000000300 ) ) ;
#3063 = DIRECTION ( 'NONE',  ( 0.0000000000000000000, 0.0000000000000000000, 1.000000000000000000 ) ) ;
#3064 = ORIENTED_EDGE ( 'NONE', *, *, #2999, .T. ) ;
#3065 = CARTESIAN_POINT ( 'NONE',  ( 0.0000000000000000000, 0.06395780408782428300, 0.5138888888888930600 ) ) ;
#3066 = ORIENTED_EDGE ( 'NONE', *, *, #1684, .T. ) ;
#3067 = CARTESIAN_POINT ( 'NONE',  ( 0.07385211081376527600, 7.368091952940652200E-017, 0.4826388888888928400 ) ) ;
#3068 = CARTESIAN_POINT ( 'NONE',  ( 0.05745160007620702500, -0.05850909030811851000, 0.02083333333333373800 ) ) ;
#3069 = CARTESIAN_POINT ( 'NONE',  ( 0.06845954729933771700, -1.336728479804593600E-013, 0.4765675840116717100 ) ) ;
#3070 = LOCAL_TIME ( 7, 12, 56.00000000000000000, #2594 ) ;
#3071 = CARTESIAN_POINT ( 'NONE',  ( 0.07385211081376527600, 7.265536846119161500E-017, 0.4791666666666705200 ) ) ;
#3072 = CARTESIAN_POINT ( 'NONE',  ( 0.07468552959676724700, -0.09713744263473889100, 0.6640000000000000300 ) ) ;
#3073 = CARTESIAN_POINT ( 'NONE',  ( -0.07031250000000012500, 0.02737988564412670300, 0.5726359142802064400 ) ) ;
#3074 =( BOUNDED_CURVE ( )  B_SPLINE_CURVE ( 2, ( #3691, #2987, #284, #1401, #4139, #4492, #2226, #4921, #2602 ),
 .UNSPECIFIED., .F., .F. ) 
 B_SPLINE_CURVE_WITH_KNOTS ( ( 3, 2, 2, 2, 3 ),
 ( 0.5657894736842105100, 0.5701754385964912200, 0.5789473684210526500, 0.5877192982456140900, 0.5921052631578948000 ),
 .UNSPECIFIED. ) 
 CURVE ( )  GEOMETRIC_REPRESENTATION_ITEM ( )  RATIONAL_B_SPLINE_CURVE ( ( 0.9330127018922194100, 0.9330127018922194100, 1.000000000000000000, 0.8660254037844387100, 1.000000000000000000, 0.8660254037844387100, 1.000000000000000000, 0.9330127018922185200, 0.9330127018922194100 ) ) 
 REPRESENTATION_ITEM ( '' )  );
#3075 = CARTESIAN_POINT ( 'NONE',  ( 0.1349999999999999300, 1.684113657389179100E-017, 0.5067500000000000300 ) ) ;
#3076 = VECTOR ( 'NONE', #2173, 39.37007874015748100 ) ;
#3077 = ADVANCED_FACE ( 'NONE', ( #3753 ), #189, .F. ) ;
#3078 = CARTESIAN_POINT ( 'NONE',  ( -0.07385211081376527600, 1.382758856874490500E-017, 0.2187500000000018300 ) ) ;
#3079 = CARTESIAN_POINT ( 'NONE',  ( 0.07385211081376529000, 2.342891718687648900E-017, 0.3125000000000025500 ) ) ;
#3080 = CARTESIAN_POINT ( 'NONE',  ( -0.05538908311032397100, -0.03197890204391214100, -0.001157407407407299100 ) ) ;
#3081 =( BOUNDED_CURVE ( )  B_SPLINE_CURVE ( 2, ( #4338, #2452, #177, #1313, #2077, #3246, #3992, #2848, #4010 ),
 .UNSPECIFIED., .F., .F. ) 
 B_SPLINE_CURVE_WITH_KNOTS ( ( 3, 2, 2, 2, 3 ),
 ( 0.2500000000000000000, 0.2543859649122807200, 0.2631578947368420900, 0.2719298245614035200, 0.2763157894736841800 ),
 .UNSPECIFIED. ) 
 CURVE ( )  GEOMETRIC_REPRESENTATION_ITEM ( )  RATIONAL_B_SPLINE_CURVE ( ( 0.9330127018922194100, 0.9330127018922194100, 1.000000000000000000, 0.8660254037844387100, 1.000000000000000000, 0.8660254037844387100, 1.000000000000000000, 0.9330127018922197400, 0.9330127018922191900 ) ) 
 REPRESENTATION_ITEM ( '' )  );
#3082 = CARTESIAN_POINT ( 'NONE',  ( 0.1061650462915475400, 0.06118970585793039700, 0.6640000000000000300 ) ) ;
#3083 = CARTESIAN_POINT ( 'NONE',  ( 0.07101408311032390800, -0.04100000000000004300, 0.04976851851851914200 ) ) ;
#3084 = CARTESIAN_POINT ( 'NONE',  ( -0.07385211081376527600, 8.766726548021762400E-017, 0.4687500000000038300 ) ) ;
#3085 = CARTESIAN_POINT ( 'NONE',  ( 0.0000000000000000000, -5.530426628471140400E-017, 0.4895833333333332600 ) ) ;
#3086 = EDGE_LOOP ( 'NONE', ( #4400, #2381, #3406, #3812, #833, #3556, #1182, #2506 ) ) ;
#3087 = ORIENTED_EDGE ( 'NONE', *, *, #4510, .T. ) ;
#3088 = CARTESIAN_POINT ( 'NONE',  ( 0.05538908311032394300, -0.03197890204391206500, 0.3935185185185217100 ) ) ;
#3089 = DIRECTION ( 'NONE',  ( -1.000000000000000000, 0.0000000000000000000, 0.0000000000000000000 ) ) ;
#3090 = CARTESIAN_POINT ( 'NONE',  ( 0.08199999999999993400, -4.574977898418262900E-017, 0.1354166666666679300 ) ) ;
#3091 = CARTESIAN_POINT ( 'NONE',  ( 0.07101408311032395000, 0.04099999999999999500, 0.4675925925925962800 ) ) ;
#3092 = VERTEX_POINT ( 'NONE', #2816 ) ;
#3094 = EDGE_CURVE ( 'NONE', #3885, #1546, #2874, .T. ) ;
#3093 = CYLINDRICAL_SURFACE ( 'NONE', #2481, 0.08199999999999993400 ) ;
#3095 = CARTESIAN_POINT ( 'NONE',  ( -0.09468544414709854900, -3.104653575181374300E-017, 0.06250000000000050000 ) ) ;
#3096 = CARTESIAN_POINT ( 'NONE',  ( -0.03692605540688265900, -0.06395780408782417200, 0.1956018518518535500 ) ) ;
#3097 = CARTESIAN_POINT ( 'NONE',  ( 0.03692605540688262400, -0.06395780408782417200, 0.3356481481481509200 ) ) ;
#3098 = CARTESIAN_POINT ( 'NONE',  ( -0.05538908311032396400, 0.03197890204391204400, -0.005787037037036985500 ) ) ;
#3099 = ORIENTED_EDGE ( 'NONE', *, *, #3712, .F. ) ;
#3100 = FACE_OUTER_BOUND ( 'NONE', #2851, .T. ) ;
#3101 = CARTESIAN_POINT ( 'NONE',  ( 0.09715952115457718300, 0.07466742667375718400, 0.6640000000000000300 ) ) ;
#3102 = CARTESIAN_POINT ( 'NONE',  ( 0.07101408311032390800, -0.04100000000000003600, 0.07754629629629714000 ) ) ;
#3103 = ADVANCED_FACE ( 'NONE', ( #3391 ), #872, .F. ) ;
#3104 = EDGE_CURVE ( 'NONE', #3453, #102, #2735, .T. ) ;
#3105 = CARTESIAN_POINT ( 'NONE',  ( 0.07385211081376527600, 4.906769389224896800E-017, 0.3993055555555588000 ) ) ;
#3106 = DIRECTION ( 'NONE',  ( -1.000000000000000000, 0.0000000000000000000, 0.0000000000000000000 ) ) ;
#3107 = CARTESIAN_POINT ( 'NONE',  ( -0.02420399153469200000, 0.07230729413066854000, 0.4807610369448339600 ) ) ;
#3108 = CARTESIAN_POINT ( 'NONE',  ( -7.832572005664740100E-018, -0.06395780408782411600, 0.4166666666666701300 ) ) ;
#3109 = CARTESIAN_POINT ( 'NONE',  ( -1.004210375300829100E-017, -0.08199999999999989200, 0.4340277777777814500 ) ) ;
#3110 = CARTESIAN_POINT ( 'NONE',  ( 0.0000000000000000000, 7.549139889267777500E-020, 0.0000000000000000000 ) ) ;
#3111 = DIRECTION ( 'NONE',  ( -1.000000000000000000, 0.0000000000000000000, 0.0000000000000000000 ) ) ;
#3112 = CARTESIAN_POINT ( 'NONE',  ( -7.832572005664740100E-018, -0.06395780408782418500, 0.1979166666666683800 ) ) ;
#3113 = CARTESIAN_POINT ( 'NONE',  ( 0.07031249999999998600, -0.04059494080239568100, 0.5761093750000000300 ) ) ;
#3114 = CARTESIAN_POINT ( 'NONE',  ( -0.1179611625461667200, -0.06798856206436484900, 0.6640000000000001500 ) ) ;
#3115 = CARTESIAN_POINT ( 'NONE',  ( 0.07101408311032390800, -0.04100000000000003600, 0.1053240740740751400 ) ) ;
#3116 = CARTESIAN_POINT ( 'NONE',  ( -0.03692605540688265900, -0.06395780408782410200, 0.4178240740740774600 ) ) ;
#3117 = CARTESIAN_POINT ( 'NONE',  ( 0.05538908311032398500, 0.03197890204391211400, 0.4016203703703736200 ) ) ;
#3118 = CARTESIAN_POINT ( 'NONE',  ( 0.006359295983369213400, -0.06377821825223994900, 0.002791137421157805200 ) ) ;
#3119 = CARTESIAN_POINT ( 'NONE',  ( 0.06697985350497534500, 0.01944135199156959300, 0.4772192226748004400 ) ) ;
#3120 = CARTESIAN_POINT ( 'NONE',  ( -7.832572005664740100E-018, -0.06395780408782410200, 0.4722222222222261500 ) ) ;
#3121 = CARTESIAN_POINT ( 'NONE',  ( 0.1214971888285385400, -0.01587589995991145800, 0.6640000000000000300 ) ) ;
#3122 = CARTESIAN_POINT ( 'NONE',  ( 0.0000000000000000000, 7.549139889267777500E-020, 0.0000000000000000000 ) ) ;
#3123 = CARTESIAN_POINT ( 'NONE',  ( 0.06798856235007136300, 0.1179611624278247700, 0.6504999999999999700 ) ) ;
#3124 = CARTESIAN_POINT ( 'NONE',  ( -0.08199999999999996200, 2.767861628543049000E-016, 0.1493055555555569100 ) ) ;
#3125 = CARTESIAN_POINT ( 'NONE',  ( 0.09468544414709854900, -6.654439379051047500E-017, 0.02083333333333349900 ) ) ;
#3126 = ADVANCED_FACE ( 'NONE', ( #4837 ), #973, .F. ) ;
#3127 = CARTESIAN_POINT ( 'NONE',  ( -0.05538908311032396400, 0.03197890204391216200, 0.3831018518518549700 ) ) ;
#3128 = CARTESIAN_POINT ( 'NONE',  ( -0.05538908311032396400, 0.03197890204391218300, 0.4629629629629667400 ) ) ;
#3129 = CARTESIAN_POINT ( 'NONE',  ( -0.05538908311032397100, -0.03197890204391210700, 0.1099537037037046900 ) ) ;
#3130 = CARTESIAN_POINT ( 'NONE',  ( -0.06118970585793123700, 0.1061650462915499200, 0.6640000000000000300 ) ) ;
#3131 = EDGE_CURVE ( 'NONE', #3159, #460, #1086, .T. ) ;
#3132 = CARTESIAN_POINT ( 'NONE',  ( -0.07101408311032393600, -0.04099999999999998100, 0.1238425925925937900 ) ) ;
#3133 = CONICAL_SURFACE ( 'NONE', #3056, 0.08118988160479118100, 1.047197551196600100 ) ;
#3134 = CARTESIAN_POINT ( 'NONE',  ( 0.07101408311032389500, -0.04099999999999998100, 0.2685185185185206500 ) ) ;
#3135 = CARTESIAN_POINT ( 'NONE',  ( -0.04734272207354930900, -0.08199999999999993400, 0.1817129629629646900 ) ) ;
#3136 = CARTESIAN_POINT ( 'NONE',  ( -7.832572005664740100E-018, -0.06395780408782425500, 0.003472222222222378600 ) ) ;
#3137 = CARTESIAN_POINT ( 'NONE',  ( 0.0000000000000000000, 7.549139889267777500E-020, 0.0000000000000000000 ) ) ;
#3138 = CARTESIAN_POINT ( 'NONE',  ( -0.07101408311032390800, 0.04099999999999992500, 0.004629629629629655400 ) ) ;
#3139 = CARTESIAN_POINT ( 'NONE',  ( -7.832572005664740100E-018, -0.06395780408782413000, 0.3923611111111143800 ) ) ;
#3140 = CARTESIAN_POINT ( 'NONE',  ( 0.0000000000000000000, 0.06395780408782426900, 0.4583333333333370300 ) ) ;
#3141 = VERTEX_POINT ( 'NONE', #546 ) ;
#3142 = CARTESIAN_POINT ( 'NONE',  ( -0.07385211081376527600, -1.899004561413185000E-017, 0.1076388888888898400 ) ) ;
#3143 = ORIENTED_EDGE ( 'NONE', *, *, #3034, .T. ) ;
#3144 = CARTESIAN_POINT ( 'NONE',  ( 0.01590431253047880400, 0.1214999999999999100, 0.6640000000000000300 ) ) ;
#3145 = CARTESIAN_POINT ( 'NONE',  ( -0.04734272207354930900, -0.08199999999999996200, 0.1261574074074086600 ) ) ;
#3146 = ORIENTED_EDGE ( 'NONE', *, *, #3240, .F. ) ;
#3147 = LINE ( 'NONE', #1621, #4185 ) ;
#3148 = ADVANCED_FACE ( 'NONE', ( #399 ), #212, .T. ) ;
#3149 = CARTESIAN_POINT ( 'NONE',  ( -0.07101408311032392200, -0.04099999999999992500, 0.2592592592592613000 ) ) ;
#3150 = CARTESIAN_POINT ( 'NONE',  ( -1.004210375300829100E-017, -0.08199999999999993400, 0.2395833333333354800 ) ) ;
#3151 = EDGE_LOOP ( 'NONE', ( #4923, #4836, #1722, #4237 ) ) ;
#3152 = FACE_OUTER_BOUND ( 'NONE', #3507, .T. ) ;
#3153 = DIRECTION ( 'NONE',  ( -1.000000000000000000, 0.0000000000000000000, 0.0000000000000000000 ) ) ;
#3154 = B_SPLINE_CURVE_WITH_KNOTS ( 'NONE', 3,
 ( #1534, #721, #3055, #1504, #1906, #3394, #2282, #3043 ),
 .UNSPECIFIED., .F., .F.,
 ( 4, 2, 2, 4 ),
 ( 2.380752338471335200E-007, 0.001041607109884979300, 0.001562291627210545400, 0.002082976144536111200 ),
 .UNSPECIFIED. ) ;
#3155 = CARTESIAN_POINT ( 'NONE',  ( 0.07101408311032390800, -0.04100000000000000900, 0.1886574074074091300 ) ) ;
#3156 = CARTESIAN_POINT ( 'NONE',  ( 0.0000000000000000000, 7.549139889267777500E-020, 0.0000000000000000000 ) ) ;
#3157 = DIRECTION ( 'NONE',  ( -1.000000000000000000, 0.0000000000000000000, 0.0000000000000000000 ) ) ;
#3158 = CARTESIAN_POINT ( 'NONE',  ( 0.04734272207354925400, -0.08199999999999989200, 0.4328703703703738500 ) ) ;
#3159 = VERTEX_POINT ( 'NONE', #1716 ) ;
#3160 = EDGE_LOOP ( 'NONE', ( #3330, #2375, #221 ) ) ;
#3161 = CYLINDRICAL_SURFACE ( 'NONE', #877, 0.08199999999999993400 ) ;
#3162 = CARTESIAN_POINT ( 'NONE',  ( -0.03692605540688265900, -0.06395780408782411600, 0.3622685185185215400 ) ) ;
#3163 = DIRECTION ( 'NONE',  ( -0.0000000000000000000, -0.0000000000000000000, -1.000000000000000000 ) ) ;
#3164 = CARTESIAN_POINT ( 'NONE',  ( -0.05538908311032396400, 0.03197890204391205100, 0.02199074074074101500 ) ) ;
#3165 = ORIENTED_EDGE ( 'NONE', *, *, #47, .T. ) ;
#3166 = CARTESIAN_POINT ( 'NONE',  ( 0.03692605540688268000, 0.06395780408782414400, 0.06712962962963024700 ) ) ;
#3167 = CARTESIAN_POINT ( 'NONE',  ( -0.04734272207354930200, -0.08199999999999987900, 0.3726851851851881700 ) ) ;
#3168 = CARTESIAN_POINT ( 'NONE',  ( -0.1282499999999999200, 3.774569944633888700E-020, 0.5000000000000000000 ) ) ;
#3169 =( BOUNDED_SURFACE ( )  B_SPLINE_SURFACE ( 1, 2, ( 
 ( #3470, #1191, #3138, #2775, #857, #2761, #868, #3900, #4239, #3125, #1959, #2018, #1609, #2376, #1592, #820, #3520, #4680, #2725, #805, #4283, #70, #2394, #2329, #425, #23, #2708, #3095, #3484, #3883, #4269, #1992, #4660, #2356, #56, #2035, #3218, #119, #2050, #1639, #4724, #1269, #3535, #2820, #4313, #3964, #1673, #4373, #4707, #2421, #1656, #4756, #4742, #2790, #3551, #902, #2081, #3952, #4325, #3186, #525, #538, #929, #2808, #2850, #2099, #506, #2407, #1300, #486, #3173, #3568, #4341, #1284, #104, #3202, #3596, #2453, #3994, #133, #886, #2064, #2436, #916, #552, #3583, #3978, #4771, #1688, #4362, #2467, #3231, #165, #149, #2832, #1315, #1704, #1259, #3935, #2309, #1564, #4378, #3942, #1678, #3512, #1229, #3923, #878, #4688, #4291, #2784, #2044, #3149, #4354, #3193, #2445, #3134, #3910, #2386, #518, #2766, #3179, #4735, #2060, #4749, #450, #2430, #469, #863, #125, #2070, #2814, #909, #140, #111, #849, #2414, #1619, #3576, #2800, #1667, #3544, #2400, #1290, #1277, #3528, #80, #496, #3958, #3971, #2010, #4309, #4331, #1252, #1633, #896, #2027, #4700, #99, #478, #4716, #3167, #1264, #3945, #1646, #4319, #3560, #1322, #544, #2826, #2120, #3587, #3238, #955, #3664, #3986, #1712, #937, #4037, #4019, #2090, #2840, #170, #1362, #3225, #3605, #2475, #4800, #4816, #207, #2104, #2156, #1380, #4004, #1695, #582, #4762, #2460, #4380, #3623, #4782, #924, #2497, #2512, #1747, #3279, #4398, #4365, #156, #1339, #2862, #4834, #186, #562, #4059, #1732, #2879, #1768, #2526, #4434, #3258, #970, #4417, #3646, #2134, #2893, #600, #992, #532 ),
 ( #3210, #1308, #638, #3702, #1413, #227, #4452, #2172, #3297, #2909, #1010, #3681, #615, #1395, #4077, #244, #4857, #2928, #3314, #1028, #2542, #1786, #2967, #3265, #4842, #660, #249, #4863, #1754, #1826, #283, #646, #1771, #3723, #1443, #4477, #2552, #4442, #2163, #2532, #979, #2191, #4067, #2934, #234, #2177, #3690, #1400, #4458, #3321, #4083, #3652, #2917, #2950, #1018, #1368, #1054, #3340, #1035, #3671, #4491, #2213, #2141, #1386, #216, #3708, #4043, #1420, #623, #4423, #4098, #4821, #1809, #4880, #2571, #2896, #265, #4897, #4117, #3303, #1795, #2586, #2515, #999, #605, #3287, #3420, #1496, #1919, #3387, #3793, #4581, #1515, #4529, #4566, #2986, #751, #2623, #737, #2277, #1479, #334, #3409, #1139, #3810, #1121, #4191, #716, #4138, #4953, #3035, #4172, #1105, #1901, #2671, #3003, #1845, #1529, #371, #2241, #3015, #1075, #4967, #4203, #2654, #1867, #678, #3778, #353, #4153, #2289, #4989, #3357, #3742, #1882, #4553, #4512, #1460, #2225, #4920, #2601, #298, #695, #4937, #3373, #313, #2256, #2640, #1091, #3760, #2755, #3051, #4618, #431, #33, #4630, #1544, #1602, #62, #416, #1562, #3491, #1212, #4261, #2336, #4231, #1952, #2322, #769, #1985, #3838, #2718, #19, #1969, #3463, #1184, #4247, #3105, #3853, #3434, #2700, #2736, #798, #1152, #834, #3116, #812, #3451, #4276, #1999, #1936, #1165, #4, #3477, #3824, #1199, #405, #4215, #3873, #4597, #1585, #4647, #2348, #2690, #49, #4672, #3891, #3084, #1576, #2366, #2307, #784, #383, #3067, #1110, #3782, #4176, #1887, #2281, #4557, #4926, #4957, #3362, #1127, #2990, #1503, #2644, #1851, #720 ) ),
 .UNSPECIFIED., .F., .F., .F. ) 
 B_SPLINE_SURFACE_WITH_KNOTS ( ( 2, 2 ),
 ( 3, 2, 2, 2, 2, 2, 2, 2, 2, 2, 2, 2, 2, 2, 2, 2, 2, 2, 2, 2, 2, 2, 2, 2, 2, 2, 2, 2, 2, 2, 2, 2, 2, 2, 2, 2, 2, 2, 2, 2, 2, 2, 2, 2, 2, 2, 2, 2, 2, 2, 2, 2, 2, 2, 2, 2, 2, 2, 2, 2, 2, 2, 2, 2, 2, 2, 2, 2, 2, 2, 2, 2, 2, 2, 2, 2, 2, 2, 2, 2, 2, 2, 2, 2, 2, 2, 2, 2, 2, 2, 2, 2, 2, 2, 2, 2, 2, 2, 2, 2, 2, 2, 2, 2, 2, 2, 2, 2, 2, 2, 2, 2, 2, 2, 3 ),
 ( 0.0000000000000000000, 1.000000000000000000 ),
 ( 0.0000000000000000000, 0.008771929824561403000, 0.01754385964912280600, 0.02631578947368420900, 0.03508771929824561200, 0.04385964912280701500, 0.05263157894736841800, 0.06140350877192982100, 0.07017543859649122400, 0.07894736842105262700, 0.08771929824561403000, 0.09649122807017543300, 0.1052631578947368400, 0.1140350877192982400, 0.1228070175438596400, 0.1315789473684210500, 0.1403508771929824500, 0.1491228070175438500, 0.1578947368421052500, 0.1666666666666666600, 0.1754385964912280600, 0.1842105263157894600, 0.1929824561403508700, 0.2017543859649122700, 0.2105263157894736700, 0.2192982456140350800, 0.2280701754385964800, 0.2368421052631578800, 0.2456140350877192800, 0.2543859649122807200, 0.2631578947368420900, 0.2719298245614035200, 0.2807017543859649000, 0.2894736842105263300, 0.2982456140350877000, 0.3070175438596491300, 0.3157894736842105100, 0.3245614035087719400, 0.3333333333333333100, 0.3421052631578947500, 0.3508771929824561200, 0.3596491228070175500, 0.3684210526315789300, 0.3771929824561403600, 0.3859649122807017300, 0.3947368421052631600, 0.4035087719298245400, 0.4122807017543859700, 0.4210526315789473500, 0.4298245614035087800, 0.4385964912280701500, 0.4473684210526315800, 0.4561403508771929600, 0.4649122807017543900, 0.4736842105263157600, 0.4824561403508771900, 0.4912280701754385700, 0.5000000000000000000, 0.5087719298245614300, 0.5175438596491228600, 0.5263157894736841800, 0.5350877192982456100, 0.5438596491228070400, 0.5526315789473684700, 0.5614035087719297900, 0.5701754385964912200, 0.5789473684210526500, 0.5877192982456140900, 0.5964912280701754100, 0.6052631578947368400, 0.6140350877192982700, 0.6228070175438597000, 0.6315789473684210200, 0.6403508771929824500, 0.6491228070175438800, 0.6578947368421053100, 0.6666666666666666300, 0.6754385964912280600, 0.6842105263157894900, 0.6929824561403509200, 0.7017543859649122400, 0.7105263157894736700, 0.7192982456140351000, 0.7280701754385965300, 0.7368421052631578500, 0.7456140350877192800, 0.7543859649122807200, 0.7631578947368421500, 0.7719298245614034700, 0.7807017543859649000, 0.7894736842105263300, 0.7982456140350877600, 0.8070175438596490800, 0.8157894736842105100, 0.8245614035087719400, 0.8333333333333333700, 0.8421052631578946900, 0.8508771929824561200, 0.8596491228070175500, 0.8684210526315789800, 0.8771929824561403000, 0.8859649122807017300, 0.8947368421052631600, 0.9035087719298245900, 0.9122807017543859100, 0.9210526315789473500, 0.9298245614035087800, 0.9385964912280702100, 0.9473684210526315300, 0.9561403508771929600, 0.9649122807017543900, 0.9736842105263158200, 0.9824561403508771400, 0.9912280701754385700, 1.000000000000000000 ),
 .UNSPECIFIED. ) 
 GEOMETRIC_REPRESENTATION_ITEM ( )  RATIONAL_B_SPLINE_SURFACE ( (
 ( 1.000000000000000000, 0.8660254037844387100, 1.000000000000000000, 0.8660254037844387100, 1.000000000000000000, 0.8660254037844387100, 1.000000000000000000, 0.8660254037844387100, 1.000000000000000000, 0.8660254037844387100, 1.000000000000000000, 0.8660254037844387100, 1.000000000000000000, 0.8660254037844387100, 1.000000000000000000, 0.8660254037844387100, 1.000000000000000000, 0.8660254037844387100, 1.000000000000000000, 0.8660254037844387100, 1.000000000000000000, 0.8660254037844387100, 1.000000000000000000, 0.8660254037844387100, 1.000000000000000000, 0.8660254037844387100, 1.000000000000000000, 0.8660254037844387100, 1.000000000000000000, 0.8660254037844387100, 1.000000000000000000, 0.8660254037844387100, 1.000000000000000000, 0.8660254037844387100, 1.000000000000000000, 0.8660254037844387100, 1.000000000000000000, 0.8660254037844387100, 1.000000000000000000, 0.8660254037844387100, 1.000000000000000000, 0.8660254037844387100, 1.000000000000000000, 0.8660254037844387100, 1.000000000000000000, 0.8660254037844387100, 1.000000000000000000, 0.8660254037844387100, 1.000000000000000000, 0.8660254037844387100, 1.000000000000000000, 0.8660254037844387100, 1.000000000000000000, 0.8660254037844387100, 1.000000000000000000, 0.8660254037844387100, 1.000000000000000000, 0.8660254037844387100, 1.000000000000000000, 0.8660254037844387100, 1.000000000000000000, 0.8660254037844387100, 1.000000000000000000, 0.8660254037844387100, 1.000000000000000000, 0.8660254037844387100, 1.000000000000000000, 0.8660254037844387100, 1.000000000000000000, 0.8660254037844387100, 1.000000000000000000, 0.8660254037844387100, 1.000000000000000000, 0.8660254037844387100, 1.000000000000000000, 0.8660254037844387100, 1.000000000000000000, 0.8660254037844387100, 1.000000000000000000, 0.8660254037844387100, 1.000000000000000000, 0.8660254037844387100, 1.000000000000000000, 0.8660254037844387100, 1.000000000000000000, 0.8660254037844387100, 1.000000000000000000, 0.8660254037844387100, 1.000000000000000000, 0.8660254037844387100, 1.000000000000000000, 0.8660254037844387100, 1.000000000000000000, 0.8660254037844387100, 1.000000000000000000, 0.8660254037844387100, 1.000000000000000000, 0.8660254037844387100, 1.000000000000000000, 0.8660254037844387100, 1.000000000000000000, 0.8660254037844387100, 1.000000000000000000, 0.8660254037844387100, 1.000000000000000000, 0.8660254037844387100, 1.000000000000000000, 0.8660254037844387100, 1.000000000000000000, 0.8660254037844387100, 1.000000000000000000, 0.8660254037844387100, 1.000000000000000000, 0.8660254037844387100, 1.000000000000000000, 0.8660254037844387100, 1.000000000000000000, 0.8660254037844387100, 1.000000000000000000, 0.8660254037844387100, 1.000000000000000000, 0.8660254037844387100, 1.000000000000000000, 0.8660254037844387100, 1.000000000000000000, 0.8660254037844387100, 1.000000000000000000, 0.8660254037844387100, 1.000000000000000000, 0.8660254037844387100, 1.000000000000000000, 0.8660254037844387100, 1.000000000000000000, 0.8660254037844387100, 1.000000000000000000, 0.8660254037844387100, 1.000000000000000000, 0.8660254037844387100, 1.000000000000000000, 0.8660254037844387100, 1.000000000000000000, 0.8660254037844387100, 1.000000000000000000, 0.8660254037844387100, 1.000000000000000000, 0.8660254037844387100, 1.000000000000000000, 0.8660254037844387100, 1.000000000000000000, 0.8660254037844387100, 1.000000000000000000, 0.8660254037844387100, 1.000000000000000000, 0.8660254037844387100, 1.000000000000000000, 0.8660254037844387100, 1.000000000000000000, 0.8660254037844387100, 1.000000000000000000, 0.8660254037844387100, 1.000000000000000000, 0.8660254037844387100, 1.000000000000000000, 0.8660254037844387100, 1.000000000000000000, 0.8660254037844387100, 1.000000000000000000, 0.8660254037844387100, 1.000000000000000000, 0.8660254037844387100, 1.000000000000000000, 0.8660254037844387100, 1.000000000000000000, 0.8660254037844387100, 1.000000000000000000, 0.8660254037844387100, 1.000000000000000000, 0.8660254037844387100, 1.000000000000000000, 0.8660254037844387100, 1.000000000000000000, 0.8660254037844387100, 1.000000000000000000, 0.8660254037844387100, 1.000000000000000000, 0.8660254037844387100, 1.000000000000000000, 0.8660254037844387100, 1.000000000000000000, 0.8660254037844387100, 1.000000000000000000, 0.8660254037844387100, 1.000000000000000000, 0.8660254037844387100, 1.000000000000000000, 0.8660254037844387100, 1.000000000000000000, 0.8660254037844387100, 1.000000000000000000, 0.8660254037844387100, 1.000000000000000000, 0.8660254037844387100, 1.000000000000000000, 0.8660254037844387100, 1.000000000000000000, 0.8660254037844387100, 1.000000000000000000, 0.8660254037844387100, 1.000000000000000000, 0.8660254037844387100, 1.000000000000000000, 0.8660254037844387100, 1.000000000000000000, 0.8660254037844387100, 1.000000000000000000, 0.8660254037844387100, 1.000000000000000000, 0.8660254037844387100, 1.000000000000000000, 0.8660254037844387100, 1.000000000000000000, 0.8660254037844387100, 1.000000000000000000, 0.8660254037844387100, 1.000000000000000000, 0.8660254037844387100, 1.000000000000000000, 0.8660254037844387100, 1.000000000000000000),
 ( 1.000000000000000000, 0.8660254037844387100, 1.000000000000000000, 0.8660254037844387100, 1.000000000000000000, 0.8660254037844387100, 1.000000000000000000, 0.8660254037844387100, 1.000000000000000000, 0.8660254037844387100, 1.000000000000000000, 0.8660254037844387100, 1.000000000000000000, 0.8660254037844387100, 1.000000000000000000, 0.8660254037844387100, 1.000000000000000000, 0.8660254037844387100, 1.000000000000000000, 0.8660254037844387100, 1.000000000000000000, 0.8660254037844387100, 1.000000000000000000, 0.8660254037844387100, 1.000000000000000000, 0.8660254037844387100, 1.000000000000000000, 0.8660254037844387100, 1.000000000000000000, 0.8660254037844387100, 1.000000000000000000, 0.8660254037844387100, 1.000000000000000000, 0.8660254037844387100, 1.000000000000000000, 0.8660254037844387100, 1.000000000000000000, 0.8660254037844387100, 1.000000000000000000, 0.8660254037844387100, 1.000000000000000000, 0.8660254037844387100, 1.000000000000000000, 0.8660254037844387100, 1.000000000000000000, 0.8660254037844387100, 1.000000000000000000, 0.8660254037844387100, 1.000000000000000000, 0.8660254037844387100, 1.000000000000000000, 0.8660254037844387100, 1.000000000000000000, 0.8660254037844387100, 1.000000000000000000, 0.8660254037844387100, 1.000000000000000000, 0.8660254037844387100, 1.000000000000000000, 0.8660254037844387100, 1.000000000000000000, 0.8660254037844387100, 1.000000000000000000, 0.8660254037844387100, 1.000000000000000000, 0.8660254037844387100, 1.000000000000000000, 0.8660254037844387100, 1.000000000000000000, 0.8660254037844387100, 1.000000000000000000, 0.8660254037844387100, 1.000000000000000000, 0.8660254037844387100, 1.000000000000000000, 0.8660254037844387100, 1.000000000000000000, 0.8660254037844387100, 1.000000000000000000, 0.8660254037844387100, 1.000000000000000000, 0.8660254037844387100, 1.000000000000000000, 0.8660254037844387100, 1.000000000000000000, 0.8660254037844387100, 1.000000000000000000, 0.8660254037844387100, 1.000000000000000000, 0.8660254037844387100, 1.000000000000000000, 0.8660254037844387100, 1.000000000000000000, 0.8660254037844387100, 1.000000000000000000, 0.8660254037844387100, 1.000000000000000000, 0.8660254037844387100, 1.000000000000000000, 0.8660254037844387100, 1.000000000000000000, 0.8660254037844387100, 1.000000000000000000, 0.8660254037844387100, 1.000000000000000000, 0.8660254037844387100, 1.000000000000000000, 0.8660254037844387100, 1.000000000000000000, 0.8660254037844387100, 1.000000000000000000, 0.8660254037844387100, 1.000000000000000000, 0.8660254037844387100, 1.000000000000000000, 0.8660254037844387100, 1.000000000000000000, 0.8660254037844387100, 1.000000000000000000, 0.8660254037844387100, 1.000000000000000000, 0.8660254037844387100, 1.000000000000000000, 0.8660254037844387100, 1.000000000000000000, 0.8660254037844387100, 1.000000000000000000, 0.8660254037844387100, 1.000000000000000000, 0.8660254037844387100, 1.000000000000000000, 0.8660254037844387100, 1.000000000000000000, 0.8660254037844387100, 1.000000000000000000, 0.8660254037844387100, 1.000000000000000000, 0.8660254037844387100, 1.000000000000000000, 0.8660254037844387100, 1.000000000000000000, 0.8660254037844387100, 1.000000000000000000, 0.8660254037844387100, 1.000000000000000000, 0.8660254037844387100, 1.000000000000000000, 0.8660254037844387100, 1.000000000000000000, 0.8660254037844387100, 1.000000000000000000, 0.8660254037844387100, 1.000000000000000000, 0.8660254037844387100, 1.000000000000000000, 0.8660254037844387100, 1.000000000000000000, 0.8660254037844387100, 1.000000000000000000, 0.8660254037844387100, 1.000000000000000000, 0.8660254037844387100, 1.000000000000000000, 0.8660254037844387100, 1.000000000000000000, 0.8660254037844387100, 1.000000000000000000, 0.8660254037844387100, 1.000000000000000000, 0.8660254037844387100, 1.000000000000000000, 0.8660254037844387100, 1.000000000000000000, 0.8660254037844387100, 1.000000000000000000, 0.8660254037844387100, 1.000000000000000000, 0.8660254037844387100, 1.000000000000000000, 0.8660254037844387100, 1.000000000000000000, 0.8660254037844387100, 1.000000000000000000, 0.8660254037844387100, 1.000000000000000000, 0.8660254037844387100, 1.000000000000000000, 0.8660254037844387100, 1.000000000000000000, 0.8660254037844387100, 1.000000000000000000, 0.8660254037844387100, 1.000000000000000000, 0.8660254037844387100, 1.000000000000000000, 0.8660254037844387100, 1.000000000000000000, 0.8660254037844387100, 1.000000000000000000, 0.8660254037844387100, 1.000000000000000000, 0.8660254037844387100, 1.000000000000000000, 0.8660254037844387100, 1.000000000000000000, 0.8660254037844387100, 1.000000000000000000, 0.8660254037844387100, 1.000000000000000000, 0.8660254037844387100, 1.000000000000000000, 0.8660254037844387100, 1.000000000000000000, 0.8660254037844387100, 1.000000000000000000, 0.8660254037844387100, 1.000000000000000000, 0.8660254037844387100, 1.000000000000000000, 0.8660254037844387100, 1.000000000000000000, 0.8660254037844387100, 1.000000000000000000, 0.8660254037844387100, 1.000000000000000000, 0.8660254037844387100, 1.000000000000000000, 0.8660254037844387100, 1.000000000000000000) ) ) 
 REPRESENTATION_ITEM ( '' )  SURFACE ( )  );
#3170 = CARTESIAN_POINT ( 'NONE',  ( 0.04734272207354927500, -0.08199999999999997600, 0.1863425925925943100 ) ) ;
#3171 = CARTESIAN_POINT ( 'NONE',  ( 0.0000000000000000000, 0.06395780408782414400, 0.04513888888888934600 ) ) ;
#3172 = CARTESIAN_POINT ( 'NONE',  ( 0.0000000000000000000, 0.06116666666666647400, 2.074245516055843800E-018 ) ) ;
#3173 = CARTESIAN_POINT ( 'NONE',  ( 0.07101408311032395000, 0.04099999999999991200, 0.1620370370370383100 ) ) ;
#3174 = CARTESIAN_POINT ( 'NONE',  ( 0.03692605540688262400, -0.06395780408782414400, 0.4224537037037072200 ) ) ;
#3175 = CARTESIAN_POINT ( 'NONE',  ( 0.05159977348367746800, -0.04154008937650442000, 0.4750841521532887500 ) ) ;
#3176 = CARTESIAN_POINT ( 'NONE',  ( 0.05538908311032394300, -0.03197890204391214100, 0.1469907407407420000 ) ) ;
#3177 = CARTESIAN_POINT ( 'NONE',  ( 0.08199999999999993400, 5.261224583181002000E-017, 0.4687500000000038300 ) ) ;
#3178 = CARTESIAN_POINT ( 'NONE',  ( 0.03692605540688268000, 0.06395780408782411600, 0.01157407407407425200 ) ) ;
#3179 = CARTESIAN_POINT ( 'NONE',  ( -0.04734272207354926100, 0.08199999999999997600, 0.2800925925925947800 ) ) ;
#3180 = ORIENTED_EDGE ( 'NONE', *, *, #530, .T. ) ;
#3181 = CARTESIAN_POINT ( 'NONE',  ( -0.08199999999999993400, -0.02197183377935199900, 0.2859627277427389000 ) ) ;
#3182 = B_SPLINE_CURVE_WITH_KNOTS ( 'NONE', 3,
 ( #2109, #494, #2944, #1263, #2473, #3575, #3585, #3956 ),
 .UNSPECIFIED., .F., .F.,
 ( 4, 2, 2, 4 ),
 ( 2.380752338402019600E-007, 0.001041607109884973900, 0.001562291627210540800, 0.002082976144536107700 ),
 .UNSPECIFIED. ) ;
#3183 = CARTESIAN_POINT ( 'NONE',  ( -0.02871340175723643300, -0.07145103665861472800, 0.4815650648917413900 ) ) ;
#3184 = DIRECTION ( 'NONE',  ( -0.0000000000000000000, 0.0000000000000000000, -1.000000000000000000 ) ) ;
#3185 = CARTESIAN_POINT ( 'NONE',  ( -0.08199999999999993400, 1.212369143080840000E-016, 0.09027777777777849800 ) ) ;
#3186 = CARTESIAN_POINT ( 'NONE',  ( 0.04734272207354931600, 0.08199999999999987900, 0.1365740740740751500 ) ) ;
#3187 = CALENDAR_DATE ( 2023, 19, 12 ) ;
#3188 = CARTESIAN_POINT ( 'NONE',  ( 0.07385211081376527600, 6.547651098368736800E-017, 0.4548611111111148800 ) ) ;
#3189 = CARTESIAN_POINT ( 'NONE',  ( 0.07101408311032389500, -0.04100000000000002300, 0.1296296296296306800 ) ) ;
#3190 = CARTESIAN_POINT ( 'NONE',  ( 0.0000000000000000000, 0.06395780408782414400, 0.04513888888888934600 ) ) ;
#3191 = EDGE_CURVE ( 'NONE', #4712, #3397, #3017, .T. ) ;
#3192 = CARTESIAN_POINT ( 'NONE',  ( -0.05538908311032396400, 0.03197890204391204400, -0.009259259259259237900 ) ) ;
#3193 = CARTESIAN_POINT ( 'NONE',  ( -1.004210375300828800E-017, -0.08199999999999990600, 0.2638888888888910000 ) ) ;
#3194 = CARTESIAN_POINT ( 'NONE',  ( 0.04734272207354931600, 0.08199999999999997600, 0.3865740740740771200 ) ) ;
#3195 = CARTESIAN_POINT ( 'NONE',  ( 0.01587589995978623200, 0.1214971888285257800, 0.6640000000000002600 ) ) ;
#3196 = CARTESIAN_POINT ( 'NONE',  ( 0.08199999999999993400, 2.516237844130044700E-017, 0.3854166666666698500 ) ) ;
#3197 = CARTESIAN_POINT ( 'NONE',  ( -0.1120713800019700300, -0.06456180829070068400, 0.5000000000000000000 ) ) ;
#3198 = ORIENTED_EDGE ( 'NONE', *, *, #3094, .T. ) ;
#3199 = CARTESIAN_POINT ( 'NONE',  ( -0.06798856235007140500, 0.1179611624278247700, 0.5067500000000000300 ) ) ;
#3200 = ORIENTED_EDGE ( 'NONE', *, *, #2072, .T. ) ;
#3201 = DIRECTION ( 'NONE',  ( -0.0000000000000000000, -0.0000000000000000000, -1.000000000000000000 ) ) ;
#3202 = CARTESIAN_POINT ( 'NONE',  ( -0.09468544414709854900, 1.771098431063014100E-018, 0.1736111111111124600 ) ) ;
#3203 = CARTESIAN_POINT ( 'NONE',  ( 0.05538908311032398500, 0.03197890204391199600, 0.009259259259259432200 ) ) ;
#3204 = CARTESIAN_POINT ( 'NONE',  ( 0.04734272207354927500, -0.08200000000000001700, 0.04745370370370432400 ) ) ;
#3205 = CARTESIAN_POINT ( 'NONE',  ( 6.146657985744592700E-016, -0.08118988160479130600, 0.6640000000000000300 ) ) ;
#3206 = ORIENTED_EDGE ( 'NONE', *, *, #4547, .F. ) ;
#3207 = LINE ( 'NONE', #884, #3618 ) ;
#3208 = CARTESIAN_POINT ( 'NONE',  ( -0.03692605540688265900, -0.06395780408782422700, 0.05324074074074128900 ) ) ;
#3209 = ORIENTED_EDGE ( 'NONE', *, *, #1514, .F. ) ;
#3210 = CARTESIAN_POINT ( 'NONE',  ( 0.0000000000000000000, 0.06395780408782413000, -0.01041666666666665900 ) ) ;
#3211 = CARTESIAN_POINT ( 'NONE',  ( -0.1349999999999999300, 8.341857293137307000E-018, 0.6505000000000000800 ) ) ;
#3212 = DIRECTION ( 'NONE',  ( -0.0000000000000000000, -0.0000000000000000000, -1.000000000000000000 ) ) ;
#3213 = CARTESIAN_POINT ( 'NONE',  ( 0.07101408311032389500, -0.04099999999999994600, 0.3796296296296326500 ) ) ;
#3214 = CARTESIAN_POINT ( 'NONE',  ( -0.07385211081376529000, -2.581228522693473400E-018, 0.1631944444444458100 ) ) ;
#3215 = AXIS2_PLACEMENT_3D ( 'NONE', #493, #4001, #542 ) ;
#3216 = DIRECTION ( 'NONE',  ( 0.0000000000000000000, 0.0000000000000000000, 1.000000000000000000 ) ) ;
#3217 = APPLICATION_CONTEXT ( 'configuration controlled 3d designs of mechanical parts and assemblies' ) ;
#3218 = CARTESIAN_POINT ( 'NONE',  ( 0.0000000000000000000, 0.08199999999999990600, 0.08333333333333398100 ) ) ;
#3219 = EDGE_CURVE ( 'NONE', #4243, #564, #2657, .T. ) ;
#3220 = CARTESIAN_POINT ( 'NONE',  ( -0.05538908311032396400, 0.03197890204391207200, 0.07407407407407475000 ) ) ;
#3221 = CARTESIAN_POINT ( 'NONE',  ( 0.08199999999999993400, 0.02197183377935204400, 0.08110161663162641900 ) ) ;
#3222 = CARTESIAN_POINT ( 'NONE',  ( 0.0000000000000000000, 7.549139889267777500E-020, 0.0000000000000000000 ) ) ;
#3223 = CARTESIAN_POINT ( 'NONE',  ( 0.0000000000000000000, 0.06395780408782415800, 0.06944444444444508600 ) ) ;
#3224 =( BOUNDED_CURVE ( )  B_SPLINE_CURVE ( 2, ( #2786, #2817, #455, #3135, #2013, #3170, #3155, #4280, #883 ),
 .UNSPECIFIED., .F., .F. ) 
 B_SPLINE_CURVE_WITH_KNOTS ( ( 3, 2, 2, 2, 3 ),
 ( 0.3815789473684210700, 0.3859649122807017300, 0.3947368421052631600, 0.4035087719298245400, 0.4078947368421052500 ),
 .UNSPECIFIED. ) 
 CURVE ( )  GEOMETRIC_REPRESENTATION_ITEM ( )  RATIONAL_B_SPLINE_CURVE ( ( 0.9330127018922194100, 0.9330127018922198500, 1.000000000000000000, 0.8660254037844387100, 1.000000000000000000, 0.8660254037844387100, 1.000000000000000000, 0.9330127018922194100, 0.9330127018922194100 ) ) 
 REPRESENTATION_ITEM ( '' )  );
#3225 = CARTESIAN_POINT ( 'NONE',  ( -0.07101408311032392200, -0.04099999999999987700, 0.4259259259259293200 ) ) ;
#3226 = CARTESIAN_POINT ( 'NONE',  ( 0.0000000000000000000, 7.549139889267777500E-020, 0.0000000000000000000 ) ) ;
#3227 = DIRECTION ( 'NONE',  ( -1.000000000000000000, -1.051488783018134800E-016, 0.0000000000000000000 ) ) ;
#3228 = CARTESIAN_POINT ( 'NONE',  ( -0.03692605540688265900, -0.06395780408782417200, 0.1921296296296313200 ) ) ;
#3229 = CARTESIAN_POINT ( 'NONE',  ( 0.07385211081376529000, -2.477198301922372200E-017, 0.1493055555555568600 ) ) ;
#3230 = CARTESIAN_POINT ( 'NONE',  ( -0.08199999999999996200, -0.02197183377935201300, 0.2616571721871834300 ) ) ;
#3231 = CARTESIAN_POINT ( 'NONE',  ( 0.04734272207354925400, -0.08199999999999993400, 0.2106481481481498900 ) ) ;
#3232 = CARTESIAN_POINT ( 'NONE',  ( -0.03692605540688265900, -0.06395780408782422700, -0.002314814814814706700 ) ) ;
#3233 = CARTESIAN_POINT ( 'NONE',  ( -0.08199999999999996200, 0.02197183377935211000, 0.3702872722572664900 ) ) ;
#3234 = VERTEX_POINT ( 'NONE', #4022 ) ;
#3235 = CARTESIAN_POINT ( 'NONE',  ( 0.0000000000000000000, 0.06395780408782417200, 0.09722222222222308400 ) ) ;
#3236 = CARTESIAN_POINT ( 'NONE',  ( 0.03692605540688268000, 0.06395780408782414400, 0.09490740740740825900 ) ) ;
#3237 = SHAPE_DEFINITION_REPRESENTATION ( #4574, #4016 ) ;
#3238 = CARTESIAN_POINT ( 'NONE',  ( -0.07101408311032392200, -0.04099999999999988400, 0.3981481481481513000 ) ) ;
#3239 = DIRECTION ( 'NONE',  ( -0.0000000000000000000, -0.0000000000000000000, -1.000000000000000000 ) ) ;
#3240 = EDGE_CURVE ( 'NONE', #2404, #1798, #3586, .T. ) ;
#3241 = CARTESIAN_POINT ( 'NONE',  ( -0.08199999999999996200, 0.02197183377935213100, 0.4258428278128224600 ) ) ;
#3242 = CARTESIAN_POINT ( 'NONE',  ( 0.08199999999999996200, 6.633717952706482100E-017, 0.05208333333333397400 ) ) ;
#3243 = CARTESIAN_POINT ( 'NONE',  ( 0.07385211081376527600, 7.020100095438118100E-018, 0.2569444444444465300 ) ) ;
#3244 = CARTESIAN_POINT ( 'NONE',  ( -0.07385211081376529000, -1.899004561413185000E-017, 0.1076388888888898400 ) ) ;
#3245 = CARTESIAN_POINT ( 'NONE',  ( -0.02510616247214322500, -0.05882415583464701400, 0.4739347919089972900 ) ) ;
#3246 = CARTESIAN_POINT ( 'NONE',  ( -0.04734272207354927500, 0.08199999999999992000, 0.1412037037037048000 ) ) ;
#3247 = PERSON_AND_ORGANIZATION_ROLE ( 'creator' ) ;
#3248 = CARTESIAN_POINT ( 'NONE',  ( -0.04734272207354927500, 0.08199999999999996200, 0.2280092592592613000 ) ) ;
#3249 = CARTESIAN_POINT ( 'NONE',  ( 0.07385211081376527600, 7.368091952940652200E-017, 0.4826388888888928400 ) ) ;
#3250 = CARTESIAN_POINT ( 'NONE',  ( 0.06845954729933771700, -1.336728479804593600E-013, 0.4765675840116717100 ) ) ;
#3251 = CARTESIAN_POINT ( 'NONE',  ( 0.08199999999999996200, 7.548713532390135000E-017, 0.07986111111111196500 ) ) ;
#3252 = CARTESIAN_POINT ( 'NONE',  ( -0.1282499999999999200, 7.549139889267777500E-020, 0.5000000000000000000 ) ) ;
#3253 = CARTESIAN_POINT ( 'NONE',  ( -0.05538908311032397100, -0.03197890204391210700, 0.1064814814814824300 ) ) ;
#3254 = ORIENTED_EDGE ( 'NONE', *, *, #294, .F. ) ;
#3255 = ORIENTED_EDGE ( 'NONE', *, *, #627, .T. ) ;
#3256 = CARTESIAN_POINT ( 'NONE',  ( -0.03533596464492437500, 0.1314863112440142500, 0.5000000000000000000 ) ) ;
#3257 = CARTESIAN_POINT ( 'NONE',  ( -0.06798856235007140500, -0.1179611624278247600, 0.6504999999999999700 ) ) ;
#3258 = CARTESIAN_POINT ( 'NONE',  ( -0.07101408311032392200, -0.04099999999999984900, 0.5092592592592633000 ) ) ;
#3259 = CARTESIAN_POINT ( 'NONE',  ( -0.07031250000000009700, -0.01366972051031270200, 0.5704179648779783600 ) ) ;
#3260 = VERTEX_POINT ( 'NONE', #3318 ) ;
#3261 = VECTOR ( 'NONE', #3438, 39.37007874015748100 ) ;
#3262 = CARTESIAN_POINT ( 'NONE',  ( 0.0000000000000000000, -1.104688079777929600E-016, 0.6640000000000000300 ) ) ;
#3263 = CARTESIAN_POINT ( 'NONE',  ( -0.07385211081376527600, -1.181118813662755500E-017, 0.1319444444444456100 ) ) ;
#3264 = CARTESIAN_POINT ( 'NONE',  ( 0.03692605540688268000, 0.06395780408782417200, 0.1539351851851865100 ) ) ;
#3265 = CARTESIAN_POINT ( 'NONE',  ( 0.03692605540688268000, 0.06395780408782413000, 0.04282407407407450700 ) ) ;
#3266 = CARTESIAN_POINT ( 'NONE',  ( -0.07101408311032392200, 0.04100000000000002300, 0.2858796296296320900 ) ) ;
#3267 = APPROVAL_STATUS ( 'not_yet_approved' ) ;
#3268 = CARTESIAN_POINT ( 'NONE',  ( 0.04734272207354931600, 0.08199999999999993400, 0.2754629629629651300 ) ) ;
#3269 = CARTESIAN_POINT ( 'NONE',  ( -0.07101408311032392200, 0.04100000000000002900, 0.3136574074074101600 ) ) ;
#3270 = EDGE_LOOP ( 'NONE', ( #4302, #3985, #3500, #2795 ) ) ;
#3271 = FACE_OUTER_BOUND ( 'NONE', #2961, .T. ) ;
#3272 = CARTESIAN_POINT ( 'NONE',  ( 0.0000000000000000000, 0.06395780408782413000, -0.01388888888888891200 ) ) ;
#3273 = CARTESIAN_POINT ( 'NONE',  ( -0.04734272207354930200, -0.08199999999999990600, 0.2060185185185202400 ) ) ;
#3274 = CARTESIAN_POINT ( 'NONE',  ( -0.04734272207354927500, 0.08199999999999992000, 0.08912037037037129400 ) ) ;
#3275 = ORIENTED_EDGE ( 'NONE', *, *, #1568, .F. ) ;
#3276 = FACE_OUTER_BOUND ( 'NONE', #2863, .T. ) ;
#3277 = CARTESIAN_POINT ( 'NONE',  ( -0.1079550235274990300, -0.08296380739287233200, 0.5000000000000000000 ) ) ;
#3278 = CARTESIAN_POINT ( 'NONE',  ( 0.01767145867644260100, -0.1349999999999999500, 0.6505000000000000800 ) ) ;
#3279 = CARTESIAN_POINT ( 'NONE',  ( -0.04734272207354926100, 0.08200000000000001700, 0.4745370370370408700 ) ) ;
#3280 = ORIENTED_EDGE ( 'NONE', *, *, #4410, .T. ) ;
#3281 = AXIS2_PLACEMENT_3D ( 'NONE', #3672, #1637, #2393 ) ;
#3282 = CARTESIAN_POINT ( 'NONE',  ( 0.08199999999999992000, 1.601242264446392400E-017, 0.3541666666666694100 ) ) ;
#3283 = ADVANCED_FACE ( 'NONE', ( #4874 ), #2291, .T. ) ;
#3284 = CARTESIAN_POINT ( 'NONE',  ( -0.04106707222842379700, 0.05747979639888097000, 0.5698249502916162800 ) ) ;
#3285 = CARTESIAN_POINT ( 'NONE',  ( -0.05538908311032397100, -0.03197890204391207200, 0.2175925925925944500 ) ) ;
#3286 = CARTESIAN_POINT ( 'NONE',  ( -0.03692605540688263800, 0.06395780408782417200, 0.1307870370370381500 ) ) ;
#3287 = CARTESIAN_POINT ( 'NONE',  ( -0.03692605540688263800, 0.06395780408782419900, 0.1863425925925941700 ) ) ;
#3288 = CARTESIAN_POINT ( 'NONE',  ( 0.08199999999999993400, -6.862466847627394900E-018, 0.2743055555555579100 ) ) ;
#3289 = CARTESIAN_POINT ( 'NONE',  ( -0.04734272207354930900, -0.08199999999999992000, 0.2650462962962986100 ) ) ;
#3290 = EDGE_CURVE ( 'NONE', #3234, #1002, #4090, .T. ) ;
#3291 = CARTESIAN_POINT ( 'NONE',  ( -0.03692605540688263800, 0.06395780408782419900, 0.1828703703703719000 ) ) ;
#3292 = CARTESIAN_POINT ( 'NONE',  ( -0.07101408311032392200, -0.04099999999999991200, 0.3148148148148172700 ) ) ;
#3293 = CARTESIAN_POINT ( 'NONE',  ( 0.1179611625461769200, -0.06798856206435272000, 0.6640000000000001500 ) ) ;
#3294 = CARTESIAN_POINT ( 'NONE',  ( 0.1282499999999999200, -0.01678788547894930600, 0.5000000000000000000 ) ) ;
#3295 = CARTESIAN_POINT ( 'NONE',  ( -0.1349999999999962900, 0.01767145839889951200, 0.5000000000000000000 ) ) ;
#3296 = CARTESIAN_POINT ( 'NONE',  ( 0.05538908311032398500, 0.03197890204391200900, 0.03703703703703743000 ) ) ;
#3297 = CARTESIAN_POINT ( 'NONE',  ( 0.05538908311032394300, -0.03197890204391218300, 0.008101851851852035300 ) ) ;
#3298 = DIRECTION ( 'NONE',  ( -0.0000000000000000000, -0.0000000000000000000, -1.000000000000000000 ) ) ;
#3299 = CARTESIAN_POINT ( 'NONE',  ( 0.08199999999999992000, -6.862466847627394900E-018, 0.2708333333333354200 ) ) ;
#3300 = CARTESIAN_POINT ( 'NONE',  ( 0.05538908311032394300, -0.03197890204391209300, 0.3101851851851877300 ) ) ;
#3301 = CARTESIAN_POINT ( 'NONE',  ( 0.05538908311032398500, 0.03197890204391207200, 0.2627314814814836800 ) ) ;
#3302 = CARTESIAN_POINT ( 'NONE',  ( 0.0000000000000000000, 0.08199999999999996200, 0.2256944444444464200 ) ) ;
#3303 = CARTESIAN_POINT ( 'NONE',  ( 0.03692605540688262400, -0.06395780408782422700, 0.1724537037037051900 ) ) ;
#3304 = CARTESIAN_POINT ( 'NONE',  ( -0.04678035133272088300, 0.05618259553791021800, 0.01179453507725278400 ) ) ;
#3305 = CARTESIAN_POINT ( 'NONE',  ( 0.07101408311032396400, 0.04099999999999993200, 0.2488425925925947800 ) ) ;
#3306 = CARTESIAN_POINT ( 'NONE',  ( 0.0000000000000000000, 0.06395780408782417200, 0.09722222222222308400 ) ) ;
#3307 = DIRECTION ( 'NONE',  ( -0.0000000000000000000, -0.0000000000000000000, -1.000000000000000000 ) ) ;
#3308 = CARTESIAN_POINT ( 'NONE',  ( -0.1214999999999999100, 0.01590431253047881000, 0.6640000000000000300 ) ) ;
#3309 = CARTESIAN_POINT ( 'NONE',  ( -0.1120631044073347300, 0.06458913398896654100, 0.5000000000000000000 ) ) ;
#3310 = CYLINDRICAL_SURFACE ( 'NONE', #3025, 0.08199999999999993400 ) ;
#3311 = APPROVAL ( #164, 'UNSPECIFIED' ) ;
#3312 = CARTESIAN_POINT ( 'NONE',  ( -0.1025572723511228000, -0.07881561702322653600, 0.5000000000000000000 ) ) ;
#3313 = CARTESIAN_POINT ( 'NONE',  ( -0.05538908311032396400, 0.03197890204391207200, 0.07407407407407475000 ) ) ;
#3314 = CARTESIAN_POINT ( 'NONE',  ( -7.832572005664740100E-018, -0.06395780408782424100, 0.03125000000000037500 ) ) ;
#3315 = LINE ( 'NONE', #3567, #1161 ) ;
#3316 = EDGE_CURVE ( 'NONE', #102, #337, #1475, .T. ) ;
#3317 = CARTESIAN_POINT ( 'NONE',  ( -0.08199999999999993400, -0.02197183377935198200, 0.3415182832982949800 ) ) ;
#3318 = CARTESIAN_POINT ( 'NONE',  ( 0.08199999999999993400, 8.463709112073788000E-017, 0.1041666666666674900 ) ) ;
#3319 = CARTESIAN_POINT ( 'NONE',  ( 0.05538908311032394300, -0.03197890204391208600, 0.3379629629629657400 ) ) ;
#3320 = CARTESIAN_POINT ( 'NONE',  ( 0.03692605540688268000, 0.06395780408782419900, 0.2650462962962985000 ) ) ;
#3321 = CARTESIAN_POINT ( 'NONE',  ( -0.03692605540688263800, 0.06395780408782415800, 0.1030092592592601700 ) ) ;
#3322 = EDGE_CURVE ( 'NONE', #391, #888, #1321, .T. ) ;
#3323 = DATE_TIME_ROLE ( 'classification_date' ) ;
#3324 = ORIENTED_EDGE ( 'NONE', *, *, #1865, .F. ) ;
#3325 = CARTESIAN_POINT ( 'NONE',  ( 0.06373717884351504100, 0.02297626179108529900, 0.006422487682989888800 ) ) ;
#3326 = CARTESIAN_POINT ( 'NONE',  ( -0.07101408311032392200, 0.04100000000000003600, 0.3414351851851881200 ) ) ;
#3327 = CARTESIAN_POINT ( 'NONE',  ( 0.05538908311032398500, 0.03197890204391203000, 0.1203703703703714200 ) ) ;
#3328 = CARTESIAN_POINT ( 'NONE',  ( -0.1179611625461665600, 0.06798856206436523800, 0.6640000000000001500 ) ) ;
#3329 = ORIENTED_EDGE ( 'NONE', *, *, #424, .T. ) ;
#3330 = ORIENTED_EDGE ( 'NONE', *, *, #797, .F. ) ;
#3331 = CARTESIAN_POINT ( 'NONE',  ( -0.01767145839889403700, 0.1349999999999999300, 0.5067500000000000300 ) ) ;
#3332 = CARTESIAN_POINT ( 'NONE',  ( 0.07385211081376529000, -1.184308450281066200E-018, 0.2291666666666685700 ) ) ;
#3333 = EDGE_LOOP ( 'NONE', ( #880, #633, #2275, #3046 ) ) ;
#3334 = CYLINDRICAL_SURFACE ( 'NONE', #1625, 0.08199999999999993400 ) ;
#3335 = CARTESIAN_POINT ( 'NONE',  ( -0.06116666666666647400, 7.566247653677297800E-018, 4.148491032111687600E-018 ) ) ;
#3336 = CARTESIAN_POINT ( 'NONE',  ( 0.04734272207354931600, 0.08199999999999996200, 0.3344907407407435300 ) ) ;
#3337 = CARTESIAN_POINT ( 'NONE',  ( 0.05538908311032398500, 0.03197890204391207900, 0.2870370370370394200 ) ) ;
#3338 = CARTESIAN_POINT ( 'NONE',  ( 0.03692605540688262400, -0.06395780408782417200, 0.3391203703703732900 ) ) ;
#3339 = VERTEX_POINT ( 'NONE', #4541 ) ;
#3340 = CARTESIAN_POINT ( 'NONE',  ( 0.07385211081376527600, -3.297639156494290900E-017, 0.1215277777777788600 ) ) ;
#3341 = CARTESIAN_POINT ( 'NONE',  ( -0.08199999999999993400, -2.722111849558866300E-016, 0.1736111111111125200 ) ) ;
#3342 = CARTESIAN_POINT ( 'NONE',  ( -0.07101408311032392200, 0.04100000000000004300, 0.3692129629629661300 ) ) ;
#3343 =( BOUNDED_CURVE ( )  B_SPLINE_CURVE ( 2, ( #1591, #1626, #3091, #3859, #3457, #1219, #2724, #457, #68 ),
 .UNSPECIFIED., .F., .F. ) 
 B_SPLINE_CURVE_WITH_KNOTS ( ( 3, 2, 2, 2, 3 ),
 ( 0.8815789473684210200, 0.8859649122807017300, 0.8947368421052631600, 0.9035087719298245900, 0.9078947368421053100 ),
 .UNSPECIFIED. ) 
 CURVE ( )  GEOMETRIC_REPRESENTATION_ITEM ( )  RATIONAL_B_SPLINE_CURVE ( ( 0.9330127018922194100, 0.9330127018922194100, 1.000000000000000000, 0.8660254037844387100, 1.000000000000000000, 0.8660254037844387100, 1.000000000000000000, 0.9330127018922185200, 0.9330127018922194100 ) ) 
 REPRESENTATION_ITEM ( '' )  );
#3344 = ORIENTED_EDGE ( 'NONE', *, *, #1568, .T. ) ;
#3345 = CARTESIAN_POINT ( 'NONE',  ( 0.05538908311032398500, 0.03197890204391204400, 0.1759259259259274300 ) ) ;
#3346 = CARTESIAN_POINT ( 'NONE',  ( 0.03533596467420651400, 0.1314863112318784000, 0.6640000000000001500 ) ) ;
#3347 = CARTESIAN_POINT ( 'NONE',  ( -0.06798856209365146400, 0.1179611625340373800, 0.5067500000000000300 ) ) ;
#3348 = CARTESIAN_POINT ( 'NONE',  ( 0.1349999999999999300, 8.304111593690968400E-018, 0.6505000000000000800 ) ) ;
#3349 = CARTESIAN_POINT ( 'NONE',  ( -7.832572005664740100E-018, -0.06395780408782417200, 0.2500000000000021100 ) ) ;
#3350 = CARTESIAN_POINT ( 'NONE',  ( 0.08199999999999993400, 8.463709112073788000E-017, 0.1041666666666674900 ) ) ;
#3351 = EDGE_CURVE ( 'NONE', #3558, #2005, #545, .T. ) ;
#3352 = CARTESIAN_POINT ( 'NONE',  ( 0.1025572723511231600, 0.07881561702322617500, 0.5000000000000000000 ) ) ;
#3353 = B_SPLINE_CURVE_WITH_KNOTS ( 'NONE', 3,
 ( #794, #3805, #1572, #2712, #4242, #3430, #3847, #3113 ),
 .UNSPECIFIED., .F., .F.,
 ( 4, 2, 2, 4 ),
 ( 2.380752338383129700E-007, 0.001041607109884972400, 0.001562291627210539500, 0.002082976144536106400 ),
 .UNSPECIFIED. ) ;
#3354 = CARTESIAN_POINT ( 'NONE',  ( -0.05538908311032396400, 0.03197890204391216200, 0.3796296296296327600 ) ) ;
#3355 = CARTESIAN_POINT ( 'NONE',  ( -0.03692605540688265900, -0.06395780408782414400, 0.3067129629629655200 ) ) ;
#3356 = CARTESIAN_POINT ( 'NONE',  ( 0.03750793963531760800, -0.05180497242591561300, 0.002791137421157789200 ) ) ;
#3357 = CARTESIAN_POINT ( 'NONE',  ( 0.0000000000000000000, 0.06395780408782422700, 0.2951388888888913400 ) ) ;
#3358 = CARTESIAN_POINT ( 'NONE',  ( 0.05813177655790208900, 0.03582922771128659000, 0.006962710903229853300 ) ) ;
#3359 = CARTESIAN_POINT ( 'NONE',  ( 0.04734272207354926100, -0.08199999999999992000, 0.4085648148148182700 ) ) ;
#3360 = EDGE_CURVE ( 'NONE', #261, #2085, #1454, .T. ) ;
#3361 = CARTESIAN_POINT ( 'NONE',  ( 0.07385211081376527600, -1.184308450281066200E-018, 0.2291666666666685700 ) ) ;
#3362 = CARTESIAN_POINT ( 'NONE',  ( -7.832572005664740100E-018, -0.06395780408782410200, 0.5034722222222263200 ) ) ;
#3363 = CARTESIAN_POINT ( 'NONE',  ( -0.1349999999999999300, 0.01767145836719868200, 0.6505000000000000800 ) ) ;
#3364 = CARTESIAN_POINT ( 'NONE',  ( 0.06798856209364809200, -0.1179611625340402800, 0.5000000000000000000 ) ) ;
#3365 = LINE ( 'NONE', #2595, #419 ) ;
#3366 = CARTESIAN_POINT ( 'NONE',  ( -0.05538908311032397100, -0.03197890204391208600, 0.1898148148148164300 ) ) ;
#3367 = DIRECTION ( 'NONE',  ( 0.8660254037844397100, 0.0000000000000000000, 0.4999999999999979500 ) ) ;
#3368 = CARTESIAN_POINT ( 'NONE',  ( 0.07101408311032396400, 0.04099999999999999500, 0.4432870370370407500 ) ) ;
#3369 = CARTESIAN_POINT ( 'NONE',  ( -7.832572005664740100E-018, -0.06395780408782413000, 0.3888888888888921700 ) ) ;
#3370 = PERSON_AND_ORGANIZATION ( #1861, #917 ) ;
#3371 = CARTESIAN_POINT ( 'NONE',  ( 0.03692605540688268000, 0.06395780408782421300, 0.3206018518518544700 ) ) ;
#3372 = CARTESIAN_POINT ( 'NONE',  ( 0.07031249999999998600, 0.04059494080239570100, 0.5761093750000000300 ) ) ;
#3373 = CARTESIAN_POINT ( 'NONE',  ( 0.0000000000000000000, 0.06395780408782422700, 0.3229166666666692900 ) ) ;
#3374 = CARTESIAN_POINT ( 'NONE',  ( -0.07539609795608782900, 4.712227235370811100E-016, 0.01422943128942151700 ) ) ;
#3375 = CARTESIAN_POINT ( 'NONE',  ( 0.07101408311032396400, 0.04099999999999999500, 0.4432870370370407500 ) ) ;
#3376 = CARTESIAN_POINT ( 'NONE',  ( -7.832572005664740100E-018, -0.06395780408782417200, 0.2500000000000021100 ) ) ;
#3377 = CARTESIAN_POINT ( 'NONE',  ( 0.05745160007620702500, -0.05850909030811851000, 0.02083333333333373800 ) ) ;
#3378 = CARTESIAN_POINT ( 'NONE',  ( -0.08296380739287023700, 0.1079550235274974900, 0.5067500000000000300 ) ) ;
#3379 = CARTESIAN_POINT ( 'NONE',  ( 0.08296380741527627200, -0.1079550235050914500, 0.6505000000000000800 ) ) ;
#3380 = CARTESIAN_POINT ( 'NONE',  ( 0.03692605540688262400, -0.06395780408782422700, 0.1689814814814829000 ) ) ;
#3381 = VERTEX_POINT ( 'NONE', #2268 ) ;
#3382 = ORIENTED_EDGE ( 'NONE', *, *, #2212, .F. ) ;
#3383 = CARTESIAN_POINT ( 'NONE',  ( 0.03692605540688268000, 0.06395780408782426900, 0.4837962962963002200 ) ) ;
#3384 = CARTESIAN_POINT ( 'NONE',  ( -0.05538908311032397100, -0.03197890204391202300, 0.3877314814814846700 ) ) ;
#3385 = EDGE_CURVE ( 'NONE', #4664, #3339, #3365, .T. ) ;
#3386 = CARTESIAN_POINT ( 'NONE',  ( 0.1349999999999999300, -0.01767145867644256600, 0.6505000000000000800 ) ) ;
#3387 = CARTESIAN_POINT ( 'NONE',  ( -0.03692605540688265900, -0.06395780408782417200, 0.1956018518518535500 ) ) ;
#3388 = CARTESIAN_POINT ( 'NONE',  ( -0.08199999999999993400, 4.803726793339176800E-017, 0.3159722222222249900 ) ) ;
#3389 = CARTESIAN_POINT ( 'NONE',  ( 0.07101408311032390800, -0.04099999999999992500, 0.4664351851851891200 ) ) ;
#3390 = ORIENTED_EDGE ( 'NONE', *, *, #797, .T. ) ;
#3391 = FACE_OUTER_BOUND ( 'NONE', #3160, .T. ) ;
#3392 = CARTESIAN_POINT ( 'NONE',  ( -0.07385211081376527600, 3.741526313768757900E-017, 0.2986111111111135500 ) ) ;
#3393 = CARTESIAN_POINT ( 'NONE',  ( 0.0000000000000000000, 7.549139889267777500E-020, 4.148491032111687600E-018 ) ) ;
#3394 = CARTESIAN_POINT ( 'NONE',  ( 0.01154300254467572100, 0.07452552597836617500, 0.5726126211522767400 ) ) ;
#3395 = CARTESIAN_POINT ( 'NONE',  ( 0.1349999999999999300, -0.01767145839889400900, 0.5067500000000000300 ) ) ;
#3396 = CARTESIAN_POINT ( 'NONE',  ( -0.01767145836719865800, 0.1349999999999999300, 0.6505000000000000800 ) ) ;
#3397 = VERTEX_POINT ( 'NONE', #4560 ) ;
#3398 = VECTOR ( 'NONE', #1478, 39.37007874015748100 ) ;
#3399 = CARTESIAN_POINT ( 'NONE',  ( 0.03692605540688268000, 0.06395780408782417200, 0.1504629629629642700 ) ) ;
#3400 = CARTESIAN_POINT ( 'NONE',  ( -0.07518651481691647500, -0.03272595284610646500, 0.4844865601200417100 ) ) ;
#3401 = EDGE_LOOP ( 'NONE', ( #3443, #2151, #4545, #1348 ) ) ;
#3402 = ORIENTED_EDGE ( 'NONE', *, *, #2181, .T. ) ;
#3403 = CARTESIAN_POINT ( 'NONE',  ( 0.08199999999999992000, 6.862466847627394900E-018, 0.3263888888888914500 ) ) ;
#3404 = CARTESIAN_POINT ( 'NONE',  ( 0.05538908311032398500, 0.03197890204391214100, 0.5092592592592634100 ) ) ;
#3405 = CARTESIAN_POINT ( 'NONE',  ( -0.07385211081376529000, 6.305403984306003900E-017, 0.3854166666666699000 ) ) ;
#3406 = ORIENTED_EDGE ( 'NONE', *, *, #3450, .T. ) ;
#3407 = ADVANCED_FACE ( 'NONE', ( #4626 ), #1031, .T. ) ;
#3408 = DIRECTION ( 'NONE',  ( 0.4999999999999996100, 0.8660254037844389300, 0.0000000000000000000 ) ) ;
#3409 = CARTESIAN_POINT ( 'NONE',  ( -7.832572005664740100E-018, -0.06395780408782418500, 0.2256944444444463600 ) ) ;
#3410 = CARTESIAN_POINT ( 'NONE',  ( -0.08199999999999996200, 2.722111849558866300E-016, 0.1215277777777789600 ) ) ;
#3411 = CARTESIAN_POINT ( 'NONE',  ( 0.07385211081376527600, 7.020100095438118100E-018, 0.2569444444444465300 ) ) ;
#3412 = CARTESIAN_POINT ( 'NONE',  ( 0.08199999999999996200, 0.02197183377935205500, 0.3554071721871838700 ) ) ;
#3413 = CARTESIAN_POINT ( 'NONE',  ( 0.1314863112440143000, -0.03533596464492424300, 0.5000000000000000000 ) ) ;
#3414 = CARTESIAN_POINT ( 'NONE',  ( -0.08199999999999996200, -2.722111849558866300E-016, 0.1770833333333349800 ) ) ;
#3415 = CARTESIAN_POINT ( 'NONE',  ( 0.05883183836977783100, -0.04722330388507920600, 0.6601731127898453600 ) ) ;
#3416 = CARTESIAN_POINT ( 'NONE',  ( 0.05538908311032398500, 0.03197890204391210700, 0.3703703703703734000 ) ) ;
#3417 = CARTESIAN_POINT ( 'NONE',  ( 0.03692605540688262400, -0.06395780408782413000, 0.4502314814814851700 ) ) ;
#3418 = CARTESIAN_POINT ( 'NONE',  ( -0.04734272207354927500, 0.08199999999999990600, 0.05787037037037080800 ) ) ;
#3419 = CARTESIAN_POINT ( 'NONE',  ( -1.004210375300829100E-017, -0.08200000000000000300, 0.01736111111111149000 ) ) ;
#3420 = CARTESIAN_POINT ( 'NONE',  ( -0.05538908311032396400, 0.03197890204391210700, 0.1886574074074089900 ) ) ;
#3421 = CARTESIAN_POINT ( 'NONE',  ( 0.08199999999999993400, -0.02197183377935199200, 0.4675094944794894200 ) ) ;
#3422 = CARTESIAN_POINT ( 'NONE',  ( -0.05538908311032397100, -0.03197890204391206500, 0.2453703703703724300 ) ) ;
#3423 = CARTESIAN_POINT ( 'NONE',  ( 0.1214999999999999100, 0.0000000000000000000, 0.6640000000000000300 ) ) ;
#3424 = CARTESIAN_POINT ( 'NONE',  ( -0.03533596467420602200, 0.1314863112318804000, 0.6505000000000000800 ) ) ;
#3425 = CARTESIAN_POINT ( 'NONE',  ( -0.04734272207354930200, -0.08199999999999985100, 0.4004629629629661800 ) ) ;
#3426 = CARTESIAN_POINT ( 'NONE',  ( -0.1179611625461674700, -0.06798856206436688900, 0.6505000000000000800 ) ) ;
#3427 = ADVANCED_FACE ( 'NONE', ( #3061 ), #2703, .F. ) ;
#3428 = CARTESIAN_POINT ( 'NONE',  ( 0.03692605540688268000, 0.06395780408782419900, 0.2650462962962985000 ) ) ;
#3429 = CARTESIAN_POINT ( 'NONE',  ( -0.07385211081376529000, 2.921085459196839400E-017, 0.2708333333333355900 ) ) ;
#3430 = CARTESIAN_POINT ( 'NONE',  ( 0.05876949745532419900, -0.04725929642882079100, 0.5726126211522767400 ) ) ;
#3431 = CIRCLE ( 'NONE', #3897, 0.08118988160479118100 ) ;
#3432 = CARTESIAN_POINT ( 'NONE',  ( -0.07466742667375408900, -0.09715952115457682200, 0.6640000000000000300 ) ) ;
#3433 = CARTESIAN_POINT ( 'NONE',  ( 0.03692605540688262400, -0.06395780408782411600, 0.4745370370370409200 ) ) ;
#3434 = CARTESIAN_POINT ( 'NONE',  ( 0.03692605540688268000, 0.06395780408782422700, 0.4039351851851884500 ) ) ;
#3435 = CARTESIAN_POINT ( 'NONE',  ( 0.01675947289263054000, 0.1282528114395030100, 0.4999999999999999400 ) ) ;
#3436 = CARTESIAN_POINT ( 'NONE',  ( 0.05538908311032398500, 0.03197890204391207900, 0.2870370370370394200 ) ) ;
#3437 = CARTESIAN_POINT ( 'NONE',  ( 0.07031249999999998600, 0.04059494080239570100, 0.6640000000000000300 ) ) ;
#3438 = DIRECTION ( 'NONE',  ( -0.0000000000000000000, -0.0000000000000000000, -1.000000000000000000 ) ) ;
#3439 = DIRECTION ( 'NONE',  ( 0.0000000000000000000, 0.0000000000000000000, 1.000000000000000000 ) ) ;
#3440 = VECTOR ( 'NONE', #3907, 39.37007874015749600 ) ;
#3441 = CARTESIAN_POINT ( 'NONE',  ( -7.832572005664740100E-018, -0.06395780408782415800, 0.3090277777777804000 ) ) ;
#3442 = CARTESIAN_POINT ( 'NONE',  ( -0.07385211081376529000, 5.382408022912594800E-017, 0.3541666666666695200 ) ) ;
#3443 = ORIENTED_EDGE ( 'NONE', *, *, #3191, .F. ) ;
#3444 = VERTEX_POINT ( 'NONE', #3348 ) ;
#3445 = CARTESIAN_POINT ( 'NONE',  ( -0.1061650462915507300, -0.06118970585793129200, 0.6640000000000000300 ) ) ;
#3446 = CARTESIAN_POINT ( 'NONE',  ( 0.07385211081376527600, 7.265536846119161500E-017, 0.4791666666666705200 ) ) ;
#3447 = ORIENTED_EDGE ( 'NONE', *, *, #4614, .T. ) ;
#3448 = FACE_OUTER_BOUND ( 'NONE', #1232, .T. ) ;
#3449 =( BOUNDED_CURVE ( )  B_SPLINE_CURVE ( 2, ( #292, #325, #3400 ),
 .UNSPECIFIED., .F., .F. ) 
 B_SPLINE_CURVE_WITH_KNOTS ( ( 3, 3 ),
 ( 0.9605263157894736700, 0.9639342383381472900 ),
 .UNSPECIFIED. ) 
 CURVE ( )  GEOMETRIC_REPRESENTATION_ITEM ( )  RATIONAL_B_SPLINE_CURVE ( ( 0.9330127018922194100, 0.9330127018922194100, 0.9734555364914580000 ) ) 
 REPRESENTATION_ITEM ( '' )  );
#3450 = EDGE_CURVE ( 'NONE', #817, #193, #2059, .T. ) ;
#3451 = CARTESIAN_POINT ( 'NONE',  ( 0.03692605540688262400, -0.06395780408782414400, 0.4224537037037072200 ) ) ;
#3452 = ORIENTED_EDGE ( 'NONE', *, *, #946, .F. ) ;
#3453 = VERTEX_POINT ( 'NONE', #3761 ) ;
#3454 = LINE ( 'NONE', #987, #1980 ) ;
#3455 = CARTESIAN_POINT ( 'NONE',  ( 0.0000000000000000000, 0.06395780408782428300, 0.4861111111111150500 ) ) ;
#3456 = CARTESIAN_POINT ( 'NONE',  ( -0.08199999999999993400, 8.463709112073786800E-017, 0.4270833333333368700 ) ) ;
#3457 = CARTESIAN_POINT ( 'NONE',  ( 0.0000000000000000000, 0.08200000000000001700, 0.4722222222222259300 ) ) ;
#3458 = ORIENTED_EDGE ( 'NONE', *, *, #4367, .T. ) ;
#3459 = CARTESIAN_POINT ( 'NONE',  ( -7.832572005664740100E-018, -0.06395780408782417200, 0.2534722222222243700 ) ) ;
#3460 = CARTESIAN_POINT ( 'NONE',  ( 0.07385211081376529000, 3.983773427831488900E-017, 0.3680555555555585800 ) ) ;
#3461 = DIRECTION ( 'NONE',  ( 1.000000000000000000, 0.0000000000000000000, 0.0000000000000000000 ) ) ;
#3462 = CARTESIAN_POINT ( 'NONE',  ( -0.07101408311032392200, 0.04099999999999998800, 0.1747685185185201000 ) ) ;
#3463 = CARTESIAN_POINT ( 'NONE',  ( -7.832572005664740100E-018, -0.06395780408782413000, 0.3923611111111143800 ) ) ;
#3464 = CARTESIAN_POINT ( 'NONE',  ( 0.08199999999999997600, 0.02197183377935199200, 0.1088793944094044200 ) ) ;
#3465 = DIRECTION ( 'NONE',  ( -1.000000000000000000, 0.0000000000000000000, 0.0000000000000000000 ) ) ;
#3466 = CARTESIAN_POINT ( 'NONE',  ( 0.05538908311032398500, 0.03197890204391212700, 0.4537037037037073800 ) ) ;
#3467 = CARTESIAN_POINT ( 'NONE',  ( 0.07031250000000000000, -0.03400025198381663400, 0.6620962773176852800 ) ) ;
#3468 = CARTESIAN_POINT ( 'NONE',  ( 0.1349999999999999300, 8.304111593690968400E-018, 0.6505000000000000800 ) ) ;
#3469 = AXIS2_PLACEMENT_3D ( 'NONE', #2143, #4790, #2849 ) ;
#3470 = CARTESIAN_POINT ( 'NONE',  ( 0.0000000000000000000, 0.08199999999999989200, -2.347681869555226000E-017 ) ) ;
#3471 = CARTESIAN_POINT ( 'NONE',  ( -0.05538908311032396400, 0.03197890204391210700, 0.1886574074074089900 ) ) ;
#3472 = CARTESIAN_POINT ( 'NONE',  ( 0.05538908311032394300, -0.03197890204391208600, 0.3379629629629657400 ) ) ;
#3473 = FACE_OUTER_BOUND ( 'NONE', #762, .T. ) ;
#3474 = CARTESIAN_POINT ( 'NONE',  ( 0.1314863112318703500, -0.03533596467422139800, 0.6640000000000001500 ) ) ;
#3475 = EDGE_CURVE ( 'NONE', #1560, #2767, #730, .T. ) ;
#3476 = CARTESIAN_POINT ( 'NONE',  ( 0.0000000000000000000, 0.08199999999999990600, 0.03125000000000043700 ) ) ;
#3477 = CARTESIAN_POINT ( 'NONE',  ( -0.03692605540688263800, 0.06395780408782426900, 0.4363425925925961700 ) ) ;
#3478 = CARTESIAN_POINT ( 'NONE',  ( -0.03692605540688265900, -0.06395780408782411600, 0.3622685185185215400 ) ) ;
#3479 = CARTESIAN_POINT ( 'NONE',  ( -0.08199999999999996200, -2.539112733622136200E-016, 0.2326388888888909800 ) ) ;
#3480 = CARTESIAN_POINT ( 'NONE',  ( -0.05010015475549468900, 0.05886791378770205700, 0.4816489042530733300 ) ) ;
#3481 = PERSON_AND_ORGANIZATION ( #1861, #917 ) ;
#3482 = CARTESIAN_POINT ( 'NONE',  ( -0.05538908311032396400, 0.03197890204391216900, 0.4074074074074107700 ) ) ;
#3483 = CARTESIAN_POINT ( 'NONE',  ( 0.07101408311032395000, 0.04099999999999992500, 0.2453703703703723200 ) ) ;
#3484 = CARTESIAN_POINT ( 'NONE',  ( -0.07101408311032392200, -0.04099999999999998800, 0.06481481481481535200 ) ) ;
#3485 = FACE_OUTER_BOUND ( 'NONE', #3559, .T. ) ;
#3486 = CARTESIAN_POINT ( 'NONE',  ( 0.05538908311032394300, -0.03197890204391211400, 0.2303240740740760100 ) ) ;
#3487 = CARTESIAN_POINT ( 'NONE',  ( -0.03692605540688263800, 0.06395780408782413000, -0.008101851851851827100 ) ) ;
#3488 = CARTESIAN_POINT ( 'NONE',  ( -0.01767145836718645600, -0.1349999999999999300, 0.6640000000000001500 ) ) ;
#3489 = CARTESIAN_POINT ( 'NONE',  ( 0.04734272207354931600, 0.08199999999999987900, 0.05671296296296360300 ) ) ;
#3490 = ADVANCED_FACE ( 'NONE', ( #1685 ), #1154, .T. ) ;
#3491 = CARTESIAN_POINT ( 'NONE',  ( -0.03692605540688265900, -0.06395780408782411600, 0.3622685185185215400 ) ) ;
#3492 = CARTESIAN_POINT ( 'NONE',  ( 0.02836174302229037600, 0.06737819245777867900, 0.4791893666849648700 ) ) ;
#3493 = ORIENTED_EDGE ( 'NONE', *, *, #3541, .F. ) ;
#3494 = EDGE_LOOP ( 'NONE', ( #3209, #2977, #1118, #516 ) ) ;
#3495 = CARTESIAN_POINT ( 'NONE',  ( 0.03692605540688262400, -0.06395780408782415800, 0.3912037037037069400 ) ) ;
#3496 = CARTESIAN_POINT ( 'NONE',  ( 0.04734272207354927500, -0.08199999999999992000, 0.3807870370370402500 ) ) ;
#3497 = DIRECTION ( 'NONE',  ( -0.0000000000000000000, -0.0000000000000000000, -1.000000000000000000 ) ) ;
#3498 = CARTESIAN_POINT ( 'NONE',  ( -0.08296380719661349000, 0.1079550237237542800, 0.6504999999999999700 ) ) ;
#3499 = CARTESIAN_POINT ( 'NONE',  ( 0.07101408311032390800, -0.04100000000000002300, 0.1608796296296311500 ) ) ;
#3500 = ORIENTED_EDGE ( 'NONE', *, *, #4847, .T. ) ;
#3502 = EDGE_CURVE ( 'NONE', #1634, #943, #3074, .T. ) ;
#3501 = VECTOR ( 'NONE', #3590, 39.37007874015748100 ) ;
#3503 = DIRECTION ( 'NONE',  ( 0.0000000000000000000, 0.0000000000000000000, -1.000000000000000000 ) ) ;
#3504 = CARTESIAN_POINT ( 'NONE',  ( -0.07385211081376527600, 4.664522275162166400E-017, 0.3298611111111138800 ) ) ;
#3505 = CARTESIAN_POINT ( 'NONE',  ( 0.07031250000000011100, 2.561107477181263300E-017, 0.5698293158023957100 ) ) ;
#3506 = CARTESIAN_POINT ( 'NONE',  ( 0.03692605540688262400, -0.06395780408782422700, 0.1446759259259272100 ) ) ;
#3507 = EDGE_LOOP ( 'NONE', ( #854, #3806, #818, #1710, #4924, #2858, #601, #1971 ) ) ;
#3508 = CONICAL_SURFACE ( 'NONE', #1645, 0.08118988160479118100, 1.047197551196600100 ) ;
#3509 = CARTESIAN_POINT ( 'NONE',  ( 0.03533596467420651400, 0.1314863112318784000, 0.6640000000000001500 ) ) ;
#3510 = CARTESIAN_POINT ( 'NONE',  ( -0.07101408311032392200, 0.04099999999999998100, 0.1469907407407420900 ) ) ;
#3511 = ORIENTED_EDGE ( 'NONE', *, *, #4021, .T. ) ;
#3512 = CARTESIAN_POINT ( 'NONE',  ( 0.07101408311032389500, -0.04099999999999998800, 0.2407407407407426400 ) ) ;
#3513 = CARTESIAN_POINT ( 'NONE',  ( 0.0000000000000000000, 0.08199999999999992000, 0.1145833333333344300 ) ) ;
#3514 = CARTESIAN_POINT ( 'NONE',  ( -0.05538908311032396400, 0.03197890204391217600, 0.4351851851851887300 ) ) ;
#3515 = CARTESIAN_POINT ( 'NONE',  ( 0.07031250000000011100, 2.561107477181263300E-017, 0.5698293158023957100 ) ) ;
#3516 = ORIENTED_EDGE ( 'NONE', *, *, #4071, .F. ) ;
#3517 = CARTESIAN_POINT ( 'NONE',  ( -0.03359434032833855800, -0.1248985252243311200, 0.4999999999999998300 ) ) ;
#3518 = CARTESIAN_POINT ( 'NONE',  ( -0.005747480113776092000, 0.07787157241394060400, 0.6620841732953671700 ) ) ;
#3519 = DIRECTION ( 'NONE',  ( -1.000000000000000000, 0.0000000000000000000, 0.0000000000000000000 ) ) ;
#3520 = CARTESIAN_POINT ( 'NONE',  ( -0.07101408311032392200, -0.04099999999999999500, 0.03703703703703734000 ) ) ;
#3521 = ADVANCED_FACE ( 'NONE', ( #2581 ), #2819, .T. ) ;
#3522 = CARTESIAN_POINT ( 'NONE',  ( -0.03692605540688263800, 0.06395780408782424100, 0.3530092592592621300 ) ) ;
#3523 = CARTESIAN_POINT ( 'NONE',  ( -0.07385211081376529000, 8.664171441200271700E-017, 0.4652777777777815600 ) ) ;
#3524 = CARTESIAN_POINT ( 'NONE',  ( -0.07385211081376527600, -2.581228522693472600E-018, 0.1631944444444458100 ) ) ;
#3525 = CARTESIAN_POINT ( 'NONE',  ( -0.01767145836719865800, 0.1349999999999999300, 0.6640000000000001500 ) ) ;
#3526 = CARTESIAN_POINT ( 'NONE',  ( 0.04734272207354926100, -0.08199999999999999000, 0.1307870370370383100 ) ) ;
#3527 = AXIS2_PLACEMENT_3D ( 'NONE', #2881, #2075, #4896 ) ;
#3528 = CARTESIAN_POINT ( 'NONE',  ( -0.04734272207354926100, 0.08199999999999999000, 0.3356481481481507500 ) ) ;
#3529 = CARTESIAN_POINT ( 'NONE',  ( 0.07101408311032396400, 0.04099999999999991200, 0.1377314814814827600 ) ) ;
#3530 =( BOUNDED_CURVE ( )  B_SPLINE_CURVE ( 2, ( #3242, #3627, #974, #2138, #1342, #1736, #941, #2449, #4403 ),
 .UNSPECIFIED., .F., .F. ) 
 B_SPLINE_CURVE_WITH_KNOTS ( ( 3, 2, 2, 2, 3 ),
 ( 0.1447368421052631600, 0.1491228070175438500, 0.1578947368421052500, 0.1666666666666666600, 0.1710526315789473500 ),
 .UNSPECIFIED. ) 
 CURVE ( )  GEOMETRIC_REPRESENTATION_ITEM ( )  RATIONAL_B_SPLINE_CURVE ( ( 0.9330127018922194100, 0.9330127018922196300, 1.000000000000000000, 0.8660254037844387100, 1.000000000000000000, 0.8660254037844387100, 1.000000000000000000, 0.9330127018922195200, 0.9330127018922191900 ) ) 
 REPRESENTATION_ITEM ( '' )  );
#3531 = CARTESIAN_POINT ( 'NONE',  ( 0.1349999999999999500, -0.01767145867644255600, 0.5067500000000000300 ) ) ;
#3532 = DIRECTION ( 'NONE',  ( -1.000000000000000000, 0.0000000000000000000, 0.0000000000000000000 ) ) ;
#3533 = AXIS2_PLACEMENT_3D ( 'NONE', #981, #2886, #218 ) ;
#3534 = CARTESIAN_POINT ( 'NONE',  ( 0.0000000000000000000, -1.104688079777929600E-016, 0.6640000000000000300 ) ) ;
#3535 = CARTESIAN_POINT ( 'NONE',  ( -1.004210375300828800E-017, -0.08199999999999996200, 0.09722222222222300100 ) ) ;
#3536 = CARTESIAN_POINT ( 'NONE',  ( 0.03692605540688268000, 0.06395780408782422700, 0.3761574074074104900 ) ) ;
#3537 = CARTESIAN_POINT ( 'NONE',  ( 0.03644865042717811100, -0.05392686758566769100, 0.4744048030206313200 ) ) ;
#3538 = VERTEX_POINT ( 'NONE', #4478 ) ;
#3539 = CARTESIAN_POINT ( 'NONE',  ( -0.05538908311032396400, 0.03197890204391207200, 0.07754629629629701500 ) ) ;
#3540 = CALENDAR_DATE ( 2023, 19, 12 ) ;
#3541 = EDGE_CURVE ( 'NONE', #1459, #1597, #1939, .T. ) ;
#3542 = CARTESIAN_POINT ( 'NONE',  ( 0.07385211081376527600, -6.681957681603457900E-017, 0.006944444444444605400 ) ) ;
#3543 = LOCAL_TIME ( 7, 12, 56.00000000000000000, #4699 ) ;
#3544 = CARTESIAN_POINT ( 'NONE',  ( 0.09468544414709854900, 2.370410021240058600E-017, 0.3263888888888914500 ) ) ;
#3545 = CARTESIAN_POINT ( 'NONE',  ( -0.1214999999999999100, 1.601449998446732600E-017, 0.6640000000000000300 ) ) ;
#3546 = CARTESIAN_POINT ( 'NONE',  ( 0.08199999999999996200, 7.548713532390136300E-017, 0.07986111111111196500 ) ) ;
#3547 =( BOUNDED_CURVE ( )  B_SPLINE_CURVE ( 2, ( #335, #2257, #4154, #3811, #717, #4567, #2278, #5, #3388 ),
 .UNSPECIFIED., .F., .F. ) 
 B_SPLINE_CURVE_WITH_KNOTS ( ( 3, 2, 2, 2, 3 ),
 ( 0.6184210526315789800, 0.6228070175438597000, 0.6315789473684210200, 0.6403508771929824500, 0.6447368421052631600 ),
 .UNSPECIFIED. ) 
 CURVE ( )  GEOMETRIC_REPRESENTATION_ITEM ( )  RATIONAL_B_SPLINE_CURVE ( ( 0.9330127018922194100, 0.9330127018922194100, 1.000000000000000000, 0.8660254037844387100, 1.000000000000000000, 0.8660254037844387100, 1.000000000000000000, 0.9330127018922194100, 0.9330127018922194100 ) ) 
 REPRESENTATION_ITEM ( '' )  );
#3548 = CARTESIAN_POINT ( 'NONE',  ( -0.05538908311032396400, 0.03197890204391205800, 0.04976851851851901000 ) ) ;
#3549 = CARTESIAN_POINT ( 'NONE',  ( 0.08199999999999992000, -6.862466847627394900E-018, 0.2708333333333354200 ) ) ;
#3550 = CARTESIAN_POINT ( 'NONE',  ( -0.08041017956152529700, 1.006495137652017900E-016, 0.4835567721470094300 ) ) ;
#3551 = CARTESIAN_POINT ( 'NONE',  ( -1.004210375300828800E-017, -0.08199999999999996200, 0.1250000000000010000 ) ) ;
#3552 = CARTESIAN_POINT ( 'NONE',  ( 0.03692605540688268000, 0.06395780408782424100, 0.4317129629629664600 ) ) ;
#3553 = CARTESIAN_POINT ( 'NONE',  ( 0.05538908311032398500, 0.03197890204391211400, 0.4259259259259293700 ) ) ;
#3554 = CARTESIAN_POINT ( 'NONE',  ( 0.07385211081376527600, -2.477198301922372200E-017, 0.1493055555555568600 ) ) ;
#3555 = CARTESIAN_POINT ( 'NONE',  ( 0.0000000000000000000, -5.530426628471140400E-017, 0.4861111111111109900 ) ) ;
#3556 = ORIENTED_EDGE ( 'NONE', *, *, #4026, .T. ) ;
#3557 = CARTESIAN_POINT ( 'NONE',  ( 0.0000000000000000000, 0.06395780408782413000, -0.01388888888888891200 ) ) ;
#3558 = VERTEX_POINT ( 'NONE', #4084 ) ;
#3559 = EDGE_LOOP ( 'NONE', ( #448, #3390, #3458 ) ) ;
#3560 = CARTESIAN_POINT ( 'NONE',  ( 0.07101408311032395000, 0.04099999999999996700, 0.3842592592592623000 ) ) ;
#3561 = CC_DESIGN_DATE_AND_TIME_ASSIGNMENT ( #4577, #3323, ( #971 ) ) ;
#3562 = VERTEX_POINT ( 'NONE', #2641 ) ;
#3563 = CYLINDRICAL_SURFACE ( 'NONE', #398, 0.08199999999999993400 ) ;
#3564 = CARTESIAN_POINT ( 'NONE',  ( 0.08199999999999996200, 0.02197183377935201000, 0.1887405055205159700 ) ) ;
#3565 = CARTESIAN_POINT ( 'NONE',  ( -0.02914008186400953900, -0.07307481488805057900, 0.4825392718761265500 ) ) ;
#3566 = EDGE_CURVE ( 'NONE', #3538, #4062, #1198, .T. ) ;
#3567 = CARTESIAN_POINT ( 'NONE',  ( 0.08199999999999993400, 1.011759515190096700E-017, 0.0000000000000000000 ) ) ;
#3568 = CARTESIAN_POINT ( 'NONE',  ( 0.04734272207354931600, 0.08199999999999990600, 0.1643518518518531400 ) ) ;
#3569 = VERTEX_POINT ( 'NONE', #2572 ) ;
#3570 = ORIENTED_EDGE ( 'NONE', *, *, #1715, .T. ) ;
#3571 = CARTESIAN_POINT ( 'NONE',  ( -0.07385211081376527600, 8.766726548021762400E-017, 0.4687500000000038300 ) ) ;
#3572 = CARTESIAN_POINT ( 'NONE',  ( -0.07101408311032392200, 0.04099999999999996000, 0.09143518518518613200 ) ) ;
#3573 = CARTESIAN_POINT ( 'NONE',  ( -0.04734272207354927500, 0.08200000000000000300, 0.3668981481481512500 ) ) ;
#3574 = ORIENTED_EDGE ( 'NONE', *, *, #659, .F. ) ;
#3575 = CARTESIAN_POINT ( 'NONE',  ( 0.05876949745532420600, 0.04725929642882079100, 0.6605032461522767400 ) ) ;
#3576 = CARTESIAN_POINT ( 'NONE',  ( -1.004210375300828800E-017, -0.08199999999999989200, 0.3194444444444469700 ) ) ;
#3577 = CARTESIAN_POINT ( 'NONE',  ( 0.0000000000000000000, 7.549139889267777500E-020, 0.0000000000000000000 ) ) ;
#3578 = CARTESIAN_POINT ( 'NONE',  ( -0.08199999999999986500, 0.02197183377935216600, 0.1202872722572644700 ) ) ;
#3579 = CARTESIAN_POINT ( 'NONE',  ( 0.07468950519354992900, 0.09714141823159304400, 0.6640000000000000300 ) ) ;
#3580 = CARTESIAN_POINT ( 'NONE',  ( 0.07031249999999998600, -0.04059494080239568100, 0.5761093750000000300 ) ) ;
#3581 = CARTESIAN_POINT ( 'NONE',  ( -1.004210375300829100E-017, -0.08199999999999993400, 0.2673611111111134400 ) ) ;
#3582 = CARTESIAN_POINT ( 'NONE',  ( -0.1314863113502225400, 0.03533596438850281800, 0.5067500000000000300 ) ) ;
#3583 = CARTESIAN_POINT ( 'NONE',  ( -0.04734272207354926100, 0.08199999999999993400, 0.1967592592592608000 ) ) ;
#3584 = CARTESIAN_POINT ( 'NONE',  ( 0.05538908311032398500, 0.03197890204391213400, 0.4849537037037076600 ) ) ;
#3585 = CARTESIAN_POINT ( 'NONE',  ( 0.06456501988622419300, 0.04391324999324618800, 0.6620841732953672800 ) ) ;
#3586 = LINE ( 'NONE', #246, #2344 ) ;
#3587 = CARTESIAN_POINT ( 'NONE',  ( -0.09468544414709854900, 6.740636679681653400E-017, 0.3958333333333364800 ) ) ;
#3588 = CARTESIAN_POINT ( 'NONE',  ( -0.08199999999999999000, -0.02197183377935199900, 0.09499050552051542500 ) ) ;
#3589 = EDGE_CURVE ( 'NONE', #3749, #176, #3547, .T. ) ;
#3590 = DIRECTION ( 'NONE',  ( -0.0000000000000000000, -0.0000000000000000000, -1.000000000000000000 ) ) ;
#3591 =( BOUNDED_CURVE ( )  B_SPLINE_CURVE ( 2, ( #3350, #1837, #2234, #3011, #2221, #1068, #1895, #4931, #1082 ),
 .UNSPECIFIED., .F., .F. ) 
 B_SPLINE_CURVE_WITH_KNOTS ( ( 3, 2, 2, 2, 3 ),
 ( 0.1973684210526315800, 0.2017543859649122700, 0.2105263157894736700, 0.2192982456140350800, 0.2236842105263157600 ),
 .UNSPECIFIED. ) 
 CURVE ( )  GEOMETRIC_REPRESENTATION_ITEM ( )  RATIONAL_B_SPLINE_CURVE ( ( 0.9330127018922194100, 0.9330127018922196300, 1.000000000000000000, 0.8660254037844387100, 1.000000000000000000, 0.8660254037844387100, 1.000000000000000000, 0.9330127018922195200, 0.9330127018922191900 ) ) 
 REPRESENTATION_ITEM ( '' )  );
#3592 = CARTESIAN_POINT ( 'NONE',  ( -0.07385211081376527600, 4.597628954810821600E-018, 0.1875000000000015800 ) ) ;
#3593 = CARTESIAN_POINT ( 'NONE',  ( -7.832572005664740100E-018, -0.06395780408782422700, 0.05902777777777837300 ) ) ;
#3594 = CARTESIAN_POINT ( 'NONE',  ( 0.0000000000000000000, 0.08199999999999990600, 0.08333333333333398100 ) ) ;
#3595 = APPLICATION_PROTOCOL_DEFINITION ( 'international standard', 'config_control_design', 1994, #3217 ) ;
#3596 = CARTESIAN_POINT ( 'NONE',  ( -0.07101408311032392200, -0.04099999999999995300, 0.1759259259259273200 ) ) ;
#3597 = CYLINDRICAL_SURFACE ( 'NONE', #290, 0.08477777777777773000 ) ;
#3598 = CARTESIAN_POINT ( 'NONE',  ( 0.03692605540688262400, -0.06395780408782426900, 0.002314814814814958700 ) ) ;
#3599 = CARTESIAN_POINT ( 'NONE',  ( -0.07101408311032393600, -0.04099999999999989100, 0.4016203703703737900 ) ) ;
#3600 = CARTESIAN_POINT ( 'NONE',  ( -0.1214999999999999100, -0.01590431253047878300, 0.6640000000000000300 ) ) ;
#3601 = CARTESIAN_POINT ( 'NONE',  ( -0.08199999999999993400, 9.607453586678353600E-017, 0.4826388888888928900 ) ) ;
#3602 = CIRCLE ( 'NONE', #1679, 0.08118988160479118100 ) ;
#3603 = EDGE_CURVE ( 'NONE', #1292, #2157, #2304, .T. ) ;
#3604 = DIRECTION ( 'NONE',  ( -0.0000000000000000000, -0.0000000000000000000, -1.000000000000000000 ) ) ;
#3605 = CARTESIAN_POINT ( 'NONE',  ( -0.04734272207354930200, -0.08199999999999986500, 0.4282407407407441400 ) ) ;
#3606 = CARTESIAN_POINT ( 'NONE',  ( 0.04734272207354927500, -0.08200000000000000300, 0.1030092592592603300 ) ) ;
#3607 = CARTESIAN_POINT ( 'NONE',  ( -0.05876949745532425400, 0.04725929642882074200, 0.5726126211522767400 ) ) ;
#3608 = CARTESIAN_POINT ( 'NONE',  ( -0.05538908311032396400, 0.03197890204391211400, 0.2129629629629647400 ) ) ;
#3609 = CARTESIAN_POINT ( 'NONE',  ( 0.03692605540688262400, -0.06395780408782425500, 0.06134259259259320500 ) ) ;
#3610 = CARTESIAN_POINT ( 'NONE',  ( -0.07031249999999998600, -0.02723666392454067800, 0.6604963322877507300 ) ) ;
#3611 = ORIENTED_EDGE ( 'NONE', *, *, #2621, .F. ) ;
#3612 = ORIENTED_EDGE ( 'NONE', *, *, #3589, .F. ) ;
#3613 = CARTESIAN_POINT ( 'NONE',  ( 0.09468544414709857700, -8.087982902261188700E-018, 0.2187500000000019700 ) ) ;
#3614 = CARTESIAN_POINT ( 'NONE',  ( 0.07385211081376527600, 8.188532807512573700E-017, 0.5104166666666708500 ) ) ;
#3615 = DIRECTION ( 'NONE',  ( -0.0000000000000000000, -0.0000000000000000000, -1.000000000000000000 ) ) ;
#3616 = CARTESIAN_POINT ( 'NONE',  ( -0.08199999999999993400, 6.633717952706479600E-017, 0.3715277777777809500 ) ) ;
#3617 = ORIENTED_EDGE ( 'NONE', *, *, #1306, .F. ) ;
#3618 = VECTOR ( 'NONE', #4323, 39.37007874015748100 ) ;
#3619 = CARTESIAN_POINT ( 'NONE',  ( 0.07385211081376527600, -3.400194263315781600E-017, 0.1180555555555566100 ) ) ;
#3620 = CARTESIAN_POINT ( 'NONE',  ( -0.03692605540688265900, -0.06395780408782421300, 0.08101851851851929500 ) ) ;
#3621 = ORIENTED_EDGE ( 'NONE', *, *, #491, .F. ) ;
#3622 = CIRCLE ( 'NONE', #4393, 0.08118988160479118100 ) ;
#3623 = CARTESIAN_POINT ( 'NONE',  ( 0.04734272207354925400, -0.08199999999999987900, 0.4606481481481518000 ) ) ;
#3624 = AXIS2_PLACEMENT_3D ( 'NONE', #3172, #3184, #3962 ) ;
#3625 = CARTESIAN_POINT ( 'NONE',  ( -0.04734272207354930200, -0.08199999999999996200, 0.06712962962963019100 ) ) ;
#3626 = CARTESIAN_POINT ( 'NONE',  ( 0.04734272207354925400, -0.08199999999999992000, 0.2662037037037058300 ) ) ;
#3627 = CARTESIAN_POINT ( 'NONE',  ( 0.08199999999999993400, 0.02197183377935203400, 0.05332383885384843500 ) ) ;
#3628 = CARTESIAN_POINT ( 'NONE',  ( 0.03692605540688268000, 0.06395780408782419900, 0.2615740740740762300 ) ) ;
#3629 = VERTEX_POINT ( 'NONE', #1106 ) ;
#3630 = CARTESIAN_POINT ( 'NONE',  ( -0.03692605540688265900, -0.06395780408782421300, 0.08449074074074153200 ) ) ;
#3631 = VERTEX_POINT ( 'NONE', #372 ) ;
#3632 = EDGE_CURVE ( 'NONE', #1346, #2404, #1717, .T. ) ;
#3633 =( BOUNDED_CURVE ( )  B_SPLINE_CURVE ( 2, ( #4796, #952, #4759, #1286, #2875, #1726, #3966, #3981, #2068 ),
 .UNSPECIFIED., .F., .F. ) 
 B_SPLINE_CURVE_WITH_KNOTS ( ( 3, 2, 2, 2, 3 ),
 ( 0.6973684210526316400, 0.7017543859649122400, 0.7105263157894736700, 0.7192982456140351000, 0.7236842105263158200 ),
 .UNSPECIFIED. ) 
 CURVE ( )  GEOMETRIC_REPRESENTATION_ITEM ( )  RATIONAL_B_SPLINE_CURVE ( ( 0.9330127018922194100, 0.9330127018922201900, 1.000000000000000000, 0.8660254037844387100, 1.000000000000000000, 0.8660254037844387100, 1.000000000000000000, 0.9330127018922194100, 0.9330127018922194100 ) ) 
 REPRESENTATION_ITEM ( '' )  );
#3634 = CARTESIAN_POINT ( 'NONE',  ( -0.07031250000000001400, 0.006864369303328850300, 0.6577204788615946800 ) ) ;
#3635 = APPROVAL_ROLE ( '' ) ;
#3636 = CARTESIAN_POINT ( 'NONE',  ( 0.09468544414709857700, 1.164256434579948400E-019, 0.2465277777777799600 ) ) ;
#3637 = EDGE_LOOP ( 'NONE', ( #3329, #543, #772, #832 ) ) ;
#3638 = EDGE_CURVE ( 'NONE', #1251, #636, #908, .T. ) ;
#3639 = CARTESIAN_POINT ( 'NONE',  ( -0.05538908311032397100, -0.03197890204391199600, 0.4988425925925966700 ) ) ;
#3640 = CARTESIAN_POINT ( 'NONE',  ( 0.0000000000000000000, 7.549139889267777500E-020, 0.0000000000000000000 ) ) ;
#3641 = CARTESIAN_POINT ( 'NONE',  ( -0.1183376801086919600, -0.03180236820678511400, 0.6640000000000000300 ) ) ;
#3642 = CARTESIAN_POINT ( 'NONE',  ( -0.1282499999999999200, 0.01678788547895453500, 0.5000000000000000000 ) ) ;
#3643 = CARTESIAN_POINT ( 'NONE',  ( 0.05538908311032398500, 0.03197890204391201600, 0.09259259259259342000 ) ) ;
#3644 = CARTESIAN_POINT ( 'NONE',  ( 0.03533596464492448600, 0.1314863112440069500, 0.5000000000000000000 ) ) ;
#3645 = CARTESIAN_POINT ( 'NONE',  ( -0.05538908311032396400, 0.03197890204391205100, 0.01851851851851876000 ) ) ;
#3646 = CARTESIAN_POINT ( 'NONE',  ( 0.04734272207354925400, -0.08199999999999986500, 0.5162037037037078300 ) ) ;
#3647 = CARTESIAN_POINT ( 'NONE',  ( 0.04734272207354925400, -0.08199999999999999000, 0.04398148148148185000 ) ) ;
#3648 = CARTESIAN_POINT ( 'NONE',  ( 0.0000000000000000000, -1.104688079777929600E-016, 0.6640000000000000300 ) ) ;
#3649 = CARTESIAN_POINT ( 'NONE',  ( 0.08199999999999993400, 2.516237844130044700E-017, 0.3854166666666698500 ) ) ;
#3650 = CARTESIAN_POINT ( 'NONE',  ( 0.03692605540688268000, 0.06395780408782417200, 0.1782407407407422800 ) ) ;
#3651 = CARTESIAN_POINT ( 'NONE',  ( -0.05538908311032397100, -0.03197890204391210700, 0.1099537037037046900 ) ) ;
#3652 = CARTESIAN_POINT ( 'NONE',  ( -0.07385211081376527600, -1.899004561413185000E-017, 0.1076388888888898400 ) ) ;
#3653 = APPLICATION_PROTOCOL_DEFINITION ( 'international standard', 'config_control_design', 1994, #571 ) ;
#3654 = CARTESIAN_POINT ( 'NONE',  ( 0.04734272207354931600, 0.08199999999999999000, 0.4421296296296331500 ) ) ;
#3655 = CARTESIAN_POINT ( 'NONE',  ( -0.07101408311032393600, -0.04099999999999991800, 0.3182870370370398100 ) ) ;
#3656 = CARTESIAN_POINT ( 'NONE',  ( 0.03692605540688268000, 0.06395780408782411600, 0.01157407407407425200 ) ) ;
#3657 = CARTESIAN_POINT ( 'NONE',  ( 0.04734272207354925400, -0.08199999999999993400, 0.2106481481481498600 ) ) ;
#3658 = CARTESIAN_POINT ( 'NONE',  ( -0.03180236820679607800, -0.1183376801086890900, 0.6640000000000000300 ) ) ;
#3659 = CARTESIAN_POINT ( 'NONE',  ( -0.1314863112440093600, 0.03533596464492557600, 0.5000000000000000000 ) ) ;
#3660 = ADVANCED_FACE ( 'NONE', ( #3473 ), #4640, .T. ) ;
#3661 = ORIENTED_EDGE ( 'NONE', *, *, #4951, .T. ) ;
#3662 = CARTESIAN_POINT ( 'NONE',  ( -0.01678788547894954200, -0.1282499999999999200, 0.5000000000000000000 ) ) ;
#3663 = CARTESIAN_POINT ( 'NONE',  ( -0.05538908311032396400, 0.03197890204391205800, 0.04629629629629675200 ) ) ;
#3664 = CARTESIAN_POINT ( 'NONE',  ( -1.004210375300828800E-017, -0.08199999999999986500, 0.4027777777777810100 ) ) ;
#3665 = AXIS2_PLACEMENT_3D ( 'NONE', #1074, #3002, #1881 ) ;
#3666 = CARTESIAN_POINT ( 'NONE',  ( -0.04734272207354930200, -0.08199999999999986500, 0.3449074074074101000 ) ) ;
#3667 = CARTESIAN_POINT ( 'NONE',  ( 0.08199999999999997600, 0.02197183377935207600, 0.4144349499649624400 ) ) ;
#3668 = CARTESIAN_POINT ( 'NONE',  ( -0.03692605540688263800, 0.06395780408782419900, 0.1828703703703719000 ) ) ;
#3669 = PERSON_AND_ORGANIZATION ( #1861, #917 ) ;
#3670 = CARTESIAN_POINT ( 'NONE',  ( 0.05538908311032394300, -0.03197890204391214800, 0.1192129629629640300 ) ) ;
#3671 = CARTESIAN_POINT ( 'NONE',  ( 0.03692605540688268000, 0.06395780408782415800, 0.1261574074074085000 ) ) ;
#3672 = CARTESIAN_POINT ( 'NONE',  ( 0.0000000000000000000, 7.549139889267777500E-020, 0.0000000000000000000 ) ) ;
#3673 = CARTESIAN_POINT ( 'NONE',  ( -0.07101408311032392200, 0.04100000000000000200, 0.2303240740740761000 ) ) ;
#3674 = CARTESIAN_POINT ( 'NONE',  ( -0.05538908311032397100, -0.03197890204391208600, 0.1898148148148164300 ) ) ;
#3675 = DIRECTION ( 'NONE',  ( -1.000000000000000000, 0.0000000000000000000, 0.0000000000000000000 ) ) ;
#3676 = CARTESIAN_POINT ( 'NONE',  ( 0.1183376801086950100, 0.03180236820678634900, 0.6640000000000000300 ) ) ;
#3677 = CARTESIAN_POINT ( 'NONE',  ( -0.03356916641267788200, 0.1249119956818113600, 0.5000000000000000000 ) ) ;
#3678 = FACE_OUTER_BOUND ( 'NONE', #1011, .T. ) ;
#3679 = CARTESIAN_POINT ( 'NONE',  ( 0.03533596464492643600, -0.1314863112440068400, 0.5000000000000000000 ) ) ;
#3680 = CARTESIAN_POINT ( 'NONE',  ( 0.03692605540688262400, -0.06395780408782425500, 0.05787037037037095300 ) ) ;
#3681 = CARTESIAN_POINT ( 'NONE',  ( 0.03692605540688268000, 0.06395780408782411600, 0.01504629629629650400 ) ) ;
#3682 = ADVANCED_FACE ( 'NONE', ( #4499 ), #308, .T. ) ;
#3683 = ORIENTED_EDGE ( 'NONE', *, *, #3901, .F. ) ;
#3684 = LINE ( 'NONE', #4147, #32 ) ;
#3685 = CARTESIAN_POINT ( 'NONE',  ( 0.0000000000000000000, 7.549139889267777500E-020, 0.0000000000000000000 ) ) ;
#3686 = CARTESIAN_POINT ( 'NONE',  ( 0.03692605540688262400, -0.06395780408782414400, 0.4189814814814849500 ) ) ;
#3687 = CARTESIAN_POINT ( 'NONE',  ( -0.05538908311032396400, 0.03197890204391211400, 0.2164351851851870100 ) ) ;
#3688 = CARTESIAN_POINT ( 'NONE',  ( -0.07101408311032392200, 0.04100000000000000200, 0.2303240740740761000 ) ) ;
#3689 = CARTESIAN_POINT ( 'NONE',  ( 0.02450188661675115800, -0.05907840769652109700, 0.4739347919089639800 ) ) ;
#3690 = CARTESIAN_POINT ( 'NONE',  ( 0.05538908311032398500, 0.03197890204391201600, 0.09606481481481568600 ) ) ;
#3691 = CARTESIAN_POINT ( 'NONE',  ( 0.08199999999999992000, 2.287488949209131600E-018, 0.2986111111111134900 ) ) ;
#3692 = CARTESIAN_POINT ( 'NONE',  ( 0.04734272207354926100, -0.08199999999999997600, 0.2141203703703722900 ) ) ;
#3693 = ORIENTED_EDGE ( 'NONE', *, *, #1083, .F. ) ;
#3694 = CARTESIAN_POINT ( 'NONE',  ( -0.05538908311032396400, 0.03197890204391209300, 0.1574074074074087400 ) ) ;
#3695 = CARTESIAN_POINT ( 'NONE',  ( -0.04734272207354930200, -0.08199999999999989200, 0.3171296296296322000 ) ) ;
#3696 = CARTESIAN_POINT ( 'NONE',  ( 0.1179611625461631400, 0.06798856206436824900, 0.6640000000000001500 ) ) ;
#3697 = ORIENTED_EDGE ( 'NONE', *, *, #2364, .F. ) ;
#3698 = EDGE_LOOP ( 'NONE', ( #743, #4057, #4883, #2210 ) ) ;
#3699 = CYLINDRICAL_SURFACE ( 'NONE', #4734, 0.08199999999999993400 ) ;
#3700 = CARTESIAN_POINT ( 'NONE',  ( -0.01767145839889403700, 0.1349999999999999300, 0.5000000000000000000 ) ) ;
#3701 = CARTESIAN_POINT ( 'NONE',  ( -0.07385211081376529000, -3.642441377378512600E-017, 0.04861111111111160500 ) ) ;
#3702 = CARTESIAN_POINT ( 'NONE',  ( -0.07385211081376527600, -5.180767979700860700E-017, -0.003472222222222140500 ) ) ;
#3703 = ORIENTED_EDGE ( 'NONE', *, *, #946, .T. ) ;
#3704 = CARTESIAN_POINT ( 'NONE',  ( 0.08199999999999993400, 3.607370072902799900E-015, 0.02083333333333370700 ) ) ;
#3705 = CARTESIAN_POINT ( 'NONE',  ( -0.08199999999999993400, -5.009600798767997900E-016, 0.3437500000000030500 ) ) ;
#3706 = CARTESIAN_POINT ( 'NONE',  ( 0.0000000000000000000, 0.06395780408782422700, 0.2916666666666690700 ) ) ;
#3707 = CARTESIAN_POINT ( 'NONE',  ( 0.05538908311032394300, -0.03197890204391209300, 0.2858796296296319800 ) ) ;
#3708 = CARTESIAN_POINT ( 'NONE',  ( -0.03692605540688265900, -0.06395780408782419900, 0.1400462962962975300 ) ) ;
#3709 = APPROVAL_ROLE ( '' ) ;
#3710 = CARTESIAN_POINT ( 'NONE',  ( 0.0000000000000000000, 7.549139889267777500E-020, 0.0000000000000000000 ) ) ;
#3711 = CARTESIAN_POINT ( 'NONE',  ( 0.0000000000000000000, 0.08200000000000004500, 0.4756944444444483600 ) ) ;
#3712 = EDGE_CURVE ( 'NONE', #2404, #4396, #670, .T. ) ;
#3713 = CARTESIAN_POINT ( 'NONE',  ( -7.832572005664740100E-018, -0.06395780408782421300, 0.1111111111111121200 ) ) ;
#3714 = CARTESIAN_POINT ( 'NONE',  ( -0.08199999999999993400, 7.549139889267777500E-020, 0.0000000000000000000 ) ) ;
#3715 = CARTESIAN_POINT ( 'NONE',  ( 0.01767145836719867500, 0.1349999999999999300, 0.6640000000000001500 ) ) ;
#3716 = CARTESIAN_POINT ( 'NONE',  ( 0.1120631044073371500, 0.06458913398896587400, 0.5000000000000000000 ) ) ;
#3717 = CARTESIAN_POINT ( 'NONE',  ( -0.1179611625340384600, 0.06798856209364882700, 0.5067500000000000300 ) ) ;
#3718 = CARTESIAN_POINT ( 'NONE',  ( 0.05538908311032398500, 0.03197890204391204400, 0.1759259259259274300 ) ) ;
#3719 = CARTESIAN_POINT ( 'NONE',  ( 0.08199999999999993400, 4.346229003497349700E-017, 0.4409722222222259800 ) ) ;
#3720 = CARTESIAN_POINT ( 'NONE',  ( -0.07881561702322625900, 0.1025572723511230800, 0.5000000000000000000 ) ) ;
#3721 = CARTESIAN_POINT ( 'NONE',  ( 0.03692605540688268000, 0.06395780408782421300, 0.3171296296296322600 ) ) ;
#3722 = CARTESIAN_POINT ( 'NONE',  ( 0.05538908311032394300, -0.03197890204391208600, 0.3414351851851880600 ) ) ;
#3723 = CARTESIAN_POINT ( 'NONE',  ( 0.07385211081376527600, -4.938520865638128500E-017, 0.06597222222222286200 ) ) ;
#3724 = CARTESIAN_POINT ( 'NONE',  ( 0.07101408311032396400, 0.04099999999999993200, 0.2488425925925947800 ) ) ;
#3725 = CARTESIAN_POINT ( 'NONE',  ( -0.04734272207354930900, -0.08199999999999987900, 0.3761574074074106600 ) ) ;
#3726 = CARTESIAN_POINT ( 'NONE',  ( 0.03692605540688268000, 0.06395780408782415800, 0.09490740740740825900 ) ) ;
#3727 = CARTESIAN_POINT ( 'NONE',  ( 0.001165733929577051400, -0.08020183090215841900, 0.01867655296791230100 ) ) ;
#3728 = CARTESIAN_POINT ( 'NONE',  ( -0.01767145836719865800, 0.1349999999999999300, 0.6640000000000001500 ) ) ;
#3729 = CARTESIAN_POINT ( 'NONE',  ( -0.01767145839889403700, 0.1349999999999999300, 0.5000000000000000000 ) ) ;
#3730 = LENGTH_MEASURE_WITH_UNIT ( LENGTH_MEASURE( 0.02539999999999999900 ), #2897 );
#3731 = AXIS2_PLACEMENT_3D ( 'NONE', #3830, #3439, #4995 ) ;
#3732 = CARTESIAN_POINT ( 'NONE',  ( 0.07101408311032389500, -0.04099999999999998800, 0.2407407407407426400 ) ) ;
#3733 = CARTESIAN_POINT ( 'NONE',  ( -0.05538908311032396400, 0.03197890204391208600, 0.1296296296296307300 ) ) ;
#3734 = CARTESIAN_POINT ( 'NONE',  ( 0.0000000000000000000, 0.06395780408782426900, 0.4618055555555592400 ) ) ;
#3735 = EDGE_CURVE ( 'NONE', #2914, #1779, #4506, .T. ) ;
#3736 = CARTESIAN_POINT ( 'NONE',  ( 0.1025572723511230100, -0.07881561702322267800, 0.5000000000000000000 ) ) ;
#3737 = CARTESIAN_POINT ( 'NONE',  ( -0.03692605540688265900, -0.06395780408782411600, 0.3865740740740773500 ) ) ;
#3738 = CARTESIAN_POINT ( 'NONE',  ( 0.05538908311032398500, 0.03197890204391205800, 0.2349537037037056600 ) ) ;
#3739 = AXIS2_PLACEMENT_3D ( 'NONE', #3685, #1324, #4006 ) ;
#3740 = EDGE_CURVE ( 'NONE', #642, #1459, #1412, .T. ) ;
#3741 = CARTESIAN_POINT ( 'NONE',  ( 0.06589010475036670400, -0.03908450808551280900, 0.01526303796571328200 ) ) ;
#3742 = CARTESIAN_POINT ( 'NONE',  ( -0.03692605540688263800, 0.06395780408782422700, 0.2974537037037061600 ) ) ;
#3743 = CARTESIAN_POINT ( 'NONE',  ( 0.06650464575070175200, 0.009370294019700829000, 0.005835284211310371600 ) ) ;
#3744 = CARTESIAN_POINT ( 'NONE',  ( -0.04734272207354930900, -0.08199999999999990600, 0.3483796296296326500 ) ) ;
#3745 = CARTESIAN_POINT ( 'NONE',  ( -7.832572005664740100E-018, -0.06395780408782421300, 0.1388888888888901200 ) ) ;
#3746 = CARTESIAN_POINT ( 'NONE',  ( 0.04734272207354931600, 0.08199999999999996200, 0.3587962962962991700 ) ) ;
#3747 = CARTESIAN_POINT ( 'NONE',  ( 0.1179611625340331600, -0.06798856209364956300, 0.5000000000000000000 ) ) ;
#3748 = ORIENTED_EDGE ( 'NONE', *, *, #3290, .F. ) ;
#3749 = VERTEX_POINT ( 'NONE', #1185 ) ;
#3750 = CARTESIAN_POINT ( 'NONE',  ( -0.07101408311032392200, -0.04099999999999993200, 0.2314814814814833400 ) ) ;
#3751 = CARTESIAN_POINT ( 'NONE',  ( 0.05538908311032398500, 0.03197890204391203000, 0.1203703703703714200 ) ) ;
#3752 = ORIENTED_EDGE ( 'NONE', *, *, #1248, .T. ) ;
#3753 = FACE_OUTER_BOUND ( 'NONE', #1305, .T. ) ;
#3754 = CARTESIAN_POINT ( 'NONE',  ( 0.08199999999999996200, 0.02197183377935204400, 0.3276293944094059200 ) ) ;
#3755 = CARTESIAN_POINT ( 'NONE',  ( 0.05538908311032394300, -0.03197890204391206500, 0.3935185185185217100 ) ) ;
#3756 = CARTESIAN_POINT ( 'NONE',  ( -0.05538908311032396400, 0.03197890204391214100, 0.3275462962962990000 ) ) ;
#3757 = ORIENTED_EDGE ( 'NONE', *, *, #4681, .T. ) ;
#3758 = FACE_OUTER_BOUND ( 'NONE', #3270, .T. ) ;
#3759 = CARTESIAN_POINT ( 'NONE',  ( 0.08199999999999992000, -6.862466847627394900E-018, 0.2708333333333354200 ) ) ;
#3760 = CARTESIAN_POINT ( 'NONE',  ( -0.03692605540688265900, -0.06395780408782413000, 0.3344907407407434800 ) ) ;
#3761 = CARTESIAN_POINT ( 'NONE',  ( 0.07031249999999998600, -0.04059494080239568100, 0.5761093750000000300 ) ) ;
#3762 = CARTESIAN_POINT ( 'NONE',  ( 0.0000000000000000000, 0.08200000000000001700, 0.4479166666666703500 ) ) ;
#3763 = EDGE_LOOP ( 'NONE', ( #2057, #4981, #4909, #4160 ) ) ;
#3764 = ORIENTED_EDGE ( 'NONE', *, *, #530, .F. ) ;
#3765 = CARTESIAN_POINT ( 'NONE',  ( 0.05538908311032398500, 0.03197890204391208600, 0.3148148148148174300 ) ) ;
#3766 = CARTESIAN_POINT ( 'NONE',  ( -0.1214999999999999100, 1.601449998446732600E-017, 0.6640000000000000300 ) ) ;
#3767 = CARTESIAN_POINT ( 'NONE',  ( 0.1349999999999999300, -0.01767145836719704500, 0.6505000000000000800 ) ) ;
#3768 = CARTESIAN_POINT ( 'NONE',  ( 0.08296380741528482100, 0.1079550235050828800, 0.6505000000000000800 ) ) ;
#3769 = VERTEX_POINT ( 'NONE', #4277 ) ;
#3770 = CARTESIAN_POINT ( 'NONE',  ( -0.04734272207354930200, -0.08199999999999990600, 0.2337962962962981900 ) ) ;
#3771 = CARTESIAN_POINT ( 'NONE',  ( -0.03692605540688263800, 0.06395780408782417200, 0.1273148148148159400 ) ) ;
#3772 = CARTESIAN_POINT ( 'NONE',  ( -0.03692605540688263800, 0.06395780408782426900, 0.4641203703703741200 ) ) ;
#3773 = EDGE_CURVE ( 'NONE', #3631, #2566, #1281, .T. ) ;
#3774 = AXIS2_PLACEMENT_3D ( 'NONE', #3156, #2787, #1857 ) ;
#3775 = CARTESIAN_POINT ( 'NONE',  ( -0.09468544414709857700, -4.642980177503714400E-017, 0.01041666666666696100 ) ) ;
#3776 = CARTESIAN_POINT ( 'NONE',  ( 0.03692605540688262400, -0.06395780408782414400, 0.4224537037037072200 ) ) ;
#3777 = DIRECTION ( 'NONE',  ( -0.8660254037844388200, 0.4999999999999995600, 0.0000000000000000000 ) ) ;
#3778 = CARTESIAN_POINT ( 'NONE',  ( 0.03692605540688262400, -0.06395780408782418500, 0.2835648148148172100 ) ) ;
#3779 = CARTESIAN_POINT ( 'NONE',  ( -0.07101408311032392200, 0.04100000000000000900, 0.2581018518518540800 ) ) ;
#3780 = CARTESIAN_POINT ( 'NONE',  ( -0.07101408311032392200, 0.04100000000000006400, 0.4247685185185221000 ) ) ;
#3781 = CARTESIAN_POINT ( 'NONE',  ( -0.03692605540688265900, -0.06395780408782415800, 0.2754629629629653000 ) ) ;
#3782 = CARTESIAN_POINT ( 'NONE',  ( 0.03692605540688268000, 0.06395780408782426900, 0.4872685185185224900 ) ) ;
#3783 = CARTESIAN_POINT ( 'NONE',  ( 0.1179611625461738200, -0.06798856206435142900, 0.6505000000000000800 ) ) ;
#3784 = CARTESIAN_POINT ( 'NONE',  ( 0.01767145839889402000, 0.1349999999999999300, 0.5067500000000000300 ) ) ;
#3785 = CARTESIAN_POINT ( 'NONE',  ( 0.0000000000000000000, 0.08199999999999993400, 0.1701388888888904200 ) ) ;
#3786 = ADVANCED_FACE ( 'NONE', ( #2305 ), #17, .T. ) ;
#3787 = DIRECTION ( 'NONE',  ( -0.0000000000000000000, -0.0000000000000000000, -1.000000000000000000 ) ) ;
#3788 = CARTESIAN_POINT ( 'NONE',  ( 0.07385211081376529000, -3.400194263315781600E-017, 0.1180555555555566100 ) ) ;
#3789 = CARTESIAN_POINT ( 'NONE',  ( 0.09715952115458413600, -0.07466742667375023100, 0.6640000000000000300 ) ) ;
#3790 = ORIENTED_EDGE ( 'NONE', *, *, #18, .F. ) ;
#3791 = CARTESIAN_POINT ( 'NONE',  ( 0.07101408311032390800, -0.04100000000000006400, -0.005787037037036854600 ) ) ;
#3792 = CARTESIAN_POINT ( 'NONE',  ( 0.03692605540688268000, 0.06395780408782422700, 0.4039351851851884500 ) ) ;
#3793 = CARTESIAN_POINT ( 'NONE',  ( -7.832572005664740100E-018, -0.06395780408782418500, 0.1979166666666683800 ) ) ;
#3794 = CARTESIAN_POINT ( 'NONE',  ( 0.04734272207354925400, -0.08199999999999996200, 0.1828703703703718500 ) ) ;
#3795 = CARTESIAN_POINT ( 'NONE',  ( 0.04734272207354927500, -0.08199999999999990600, 0.4641203703703742900 ) ) ;
#3796 = CYLINDRICAL_SURFACE ( 'NONE', #2772, 0.08199999999999993400 ) ;
#3797 = CARTESIAN_POINT ( 'NONE',  ( -7.832572005664740100E-018, -0.06395780408782414400, 0.3333333333333360900 ) ) ;
#3798 = CARTESIAN_POINT ( 'NONE',  ( -0.01587589995967541100, -0.1214971888285194100, 0.6640000000000000300 ) ) ;
#3799 = CARTESIAN_POINT ( 'NONE',  ( 0.03533596467421753300, -0.1314863112318756200, 0.6505000000000000800 ) ) ;
#3800 = CARTESIAN_POINT ( 'NONE',  ( -0.1179611625340376600, -0.06798856209365067300, 0.5067500000000000300 ) ) ;
#3801 = CARTESIAN_POINT ( 'NONE',  ( -0.08296380741528745800, 0.1079550235050837200, 0.6640000000000001500 ) ) ;
#3802 = AXIS2_PLACEMENT_3D ( 'NONE', #1949, #4613, #2698 ) ;
#3803 = DIRECTION ( 'NONE',  ( -0.0000000000000000000, -0.0000000000000000000, -1.000000000000000000 ) ) ;
#3804 = CARTESIAN_POINT ( 'NONE',  ( -0.03692605540688265900, -0.06395780408782414400, 0.3032407407407432500 ) ) ;
#3805 = CARTESIAN_POINT ( 'NONE',  ( 0.01148066163022236200, -0.07456151852210737800, 0.5722824877898452500 ) ) ;
#3806 = ORIENTED_EDGE ( 'NONE', *, *, #1333, .F. ) ;
#3807 = B_SPLINE_CURVE_WITH_KNOTS ( 'NONE', 3,
 ( #3916, #4252, #1567, #4637, #437, #3498, #1607, #1989, #1204, #390, #55, #3123, #4607, #1958, #3898, #10, #4281, #2373 ),
 .UNSPECIFIED., .F., .F.,
 ( 4, 2, 2, 2, 2, 2, 2, 2, 4 ),
 ( 0.0000000000000000000, 0.06250000000000000000, 0.1250000000000000000, 0.1875000000000000000, 0.2500000000000000000, 0.3125000000000000000, 0.3750000000000000000, 0.4375000000000000000, 0.5000000000000000000 ),
 .UNSPECIFIED. ) ;
#3808 = CARTESIAN_POINT ( 'NONE',  ( -0.07101408311032393600, -0.04100000000000002300, -0.01504629629629618800 ) ) ;
#3809 = EDGE_CURVE ( 'NONE', #1890, #1346, #2093, .T. ) ;
#3810 = CARTESIAN_POINT ( 'NONE',  ( 0.05538908311032394300, -0.03197890204391211400, 0.2303240740740760100 ) ) ;
#3811 = CARTESIAN_POINT ( 'NONE',  ( 0.04734272207354931600, 0.08199999999999996200, 0.3067129629629655200 ) ) ;
#3812 = ORIENTED_EDGE ( 'NONE', *, *, #461, .F. ) ;
#3813 = CARTESIAN_POINT ( 'NONE',  ( -0.03692605540688265900, -0.06395780408782411600, 0.3587962962962992200 ) ) ;
#3814 = CARTESIAN_POINT ( 'NONE',  ( -0.08199999999999996200, 0.02197183377935201300, 0.03695393892393048600 ) ) ;
#3815 = CARTESIAN_POINT ( 'NONE',  ( -0.08199999999999997600, -0.02197183377935199600, 0.09151828329829296600 ) ) ;
#3816 = CARTESIAN_POINT ( 'NONE',  ( -0.03533596467420602200, 0.1314863112318804000, 0.6505000000000000800 ) ) ;
#3817 = ORIENTED_EDGE ( 'NONE', *, *, #158, .T. ) ;
#3818 = CARTESIAN_POINT ( 'NONE',  ( -0.07385211081376527600, 5.623180023025720500E-018, 0.1909722222222238200 ) ) ;
#3819 = CARTESIAN_POINT ( 'NONE',  ( 0.07385211081376529000, 7.020100095438118100E-018, 0.2569444444444465800 ) ) ;
#3820 = ORIENTED_EDGE ( 'NONE', *, *, #4912, .F. ) ;
#3821 = FACE_OUTER_BOUND ( 'NONE', #4609, .T. ) ;
#3822 = CARTESIAN_POINT ( 'NONE',  ( 0.07101408311032396400, 0.04099999999999987000, -0.001157407407407212600 ) ) ;
#3823 = ORIENTED_EDGE ( 'NONE', *, *, #3385, .F. ) ;
#3824 = CARTESIAN_POINT ( 'NONE',  ( -0.05538908311032396400, 0.03197890204391217600, 0.4386574074074109400 ) ) ;
#3825 = CARTESIAN_POINT ( 'NONE',  ( -0.1248985252243410600, 0.03359434032830627800, 0.5000000000000001100 ) ) ;
#3826 = CARTESIAN_POINT ( 'NONE',  ( 0.03692605540688268000, 0.06395780408782421300, 0.3171296296296322600 ) ) ;
#3827 = CARTESIAN_POINT ( 'NONE',  ( -0.07101408311032393600, -0.04099999999999988400, 0.4293981481481518000 ) ) ;
#3828 = CARTESIAN_POINT ( 'NONE',  ( 0.08199999999999993400, 8.463709112073788000E-017, 0.1041666666666674900 ) ) ;
#3829 = PRODUCT_RELATED_PRODUCT_CATEGORY ( 'detail', '', ( #3030 ) ) ;
#3830 = CARTESIAN_POINT ( 'NONE',  ( 0.0000000000000000000, -5.530426628471140400E-017, 0.5000000000000000000 ) ) ;
#3831 = ADVANCED_FACE ( 'NONE', ( #2244 ), #806, .T. ) ;
#3832 = CARTESIAN_POINT ( 'NONE',  ( 0.05538908311032394300, -0.03197890204391210700, 0.2581018518518540300 ) ) ;
#3833 = CARTESIAN_POINT ( 'NONE',  ( 0.05538908311032398500, 0.03197890204391209300, 0.3425925925925953900 ) ) ;
#3834 = CARTESIAN_POINT ( 'NONE',  ( 0.08199999999999992000, 6.862466847627394900E-018, 0.3263888888888914500 ) ) ;
#3835 = AXIS2_PLACEMENT_3D ( 'NONE', #2667, #4576, #2287 ) ;
#3836 = CARTESIAN_POINT ( 'NONE',  ( 0.1183376801086846900, -0.03180236820680011600, 0.6640000000000000300 ) ) ;
#3837 = CARTESIAN_POINT ( 'NONE',  ( 0.03692605540688268000, 0.06395780408782425500, 0.4560185185185222100 ) ) ;
#3838 = CARTESIAN_POINT ( 'NONE',  ( -0.05538908311032396400, 0.03197890204391216200, 0.3831018518518549700 ) ) ;
#3839 = CARTESIAN_POINT ( 'NONE',  ( -0.07101408311032392200, -0.04099999999999995300, 0.1759259259259273200 ) ) ;
#3840 = CARTESIAN_POINT ( 'NONE',  ( -0.1120765748648038200, 0.06456396007333918600, 0.4999999999999998300 ) ) ;
#3841 = CARTESIAN_POINT ( 'NONE',  ( -7.832572005664740100E-018, -0.06395780408782410200, 0.5000000000000041100 ) ) ;
#3842 = CARTESIAN_POINT ( 'NONE',  ( -0.02327370331748339000, -0.06775280272940277500, 0.5704242982476569500 ) ) ;
#3843 = CARTESIAN_POINT ( 'NONE',  ( -0.07101408311032390800, 0.04099999999999998100, 0.1712962962962976700 ) ) ;
#3844 = CARTESIAN_POINT ( 'NONE',  ( 0.07101408311032389500, -0.04099999999999992500, 0.4351851851851886200 ) ) ;
#3845 = CARTESIAN_POINT ( 'NONE',  ( -0.05538908311032396400, 0.03197890204391211400, 0.2164351851851870100 ) ) ;
#3846 = CARTESIAN_POINT ( 'NONE',  ( -0.05538908311032397100, -0.03197890204391205800, 0.2731481481481504200 ) ) ;
#3847 = CARTESIAN_POINT ( 'NONE',  ( 0.06456501988622417900, -0.04391324999324618100, 0.5741935482953671700 ) ) ;
#3848 = FACE_OUTER_BOUND ( 'NONE', #2042, .T. ) ;
#3849 = CARTESIAN_POINT ( 'NONE',  ( -0.08199999999999996200, 2.767861628543049000E-016, 0.1493055555555569100 ) ) ;
#3850 = CARTESIAN_POINT ( 'NONE',  ( 0.07101408311032396400, 0.04099999999999988400, 0.05439814814814877800 ) ) ;
#3851 = VECTOR ( 'NONE', #4148, 39.37007874015748100 ) ;
#3852 = ADVANCED_FACE ( 'NONE', ( #1960 ), #430, .T. ) ;
#3853 = CARTESIAN_POINT ( 'NONE',  ( 0.05538908311032398500, 0.03197890204391211400, 0.4016203703703736200 ) ) ;
#3854 = CARTESIAN_POINT ( 'NONE',  ( 0.07101408311032396400, 0.04099999999999989800, 0.1099537037037047700 ) ) ;
#3855 = CARTESIAN_POINT ( 'NONE',  ( -0.04734272207354930900, -0.08199999999999986500, 0.4872685185185225400 ) ) ;
#3856 = CARTESIAN_POINT ( 'NONE',  ( 0.03692605540688262400, -0.06395780408782411600, 0.5023148148148188800 ) ) ;
#3857 = CARTESIAN_POINT ( 'NONE',  ( 0.07031250000000033300, -0.04059494080239524300, 0.6640000000000000300 ) ) ;
#3858 = CARTESIAN_POINT ( 'NONE',  ( 0.1214999999999999100, 0.0000000000000000000, 0.6640000000000000300 ) ) ;
#3859 = CARTESIAN_POINT ( 'NONE',  ( 0.04734272207354931600, 0.08199999999999999000, 0.4699074074074111000 ) ) ;
#3860 = EDGE_CURVE ( 'NONE', #2960, #1231, #293, .T. ) ;
#3861 =( BOUNDED_CURVE ( )  B_SPLINE_CURVE ( 2, ( #804, #855, #3483, #1578, #1171, #1943, #2313, #423, #2001 ),
 .UNSPECIFIED., .F., .F. ) 
 B_SPLINE_CURVE_WITH_KNOTS ( ( 3, 2, 2, 2, 3 ),
 ( 0.4605263157894736700, 0.4649122807017543900, 0.4736842105263157600, 0.4824561403508771900, 0.4868421052631579100 ),
 .UNSPECIFIED. ) 
 CURVE ( )  GEOMETRIC_REPRESENTATION_ITEM ( )  RATIONAL_B_SPLINE_CURVE ( ( 0.9330127018922194100, 0.9330127018922194100, 1.000000000000000000, 0.8660254037844387100, 1.000000000000000000, 0.8660254037844387100, 1.000000000000000000, 0.9330127018922189700, 0.9330127018922194100 ) ) 
 REPRESENTATION_ITEM ( '' )  );
#3862 = CARTESIAN_POINT ( 'NONE',  ( -0.08041017956152529700, 1.006495137652017900E-016, 0.4835567721470094300 ) ) ;
#3863 = CARTESIAN_POINT ( 'NONE',  ( 0.05538908311032394300, -0.03197890204391212000, 0.2025462962962980000 ) ) ;
#3864 = CARTESIAN_POINT ( 'NONE',  ( -7.832572005664740100E-018, -0.06395780408782411600, 0.4166666666666701300 ) ) ;
#3865 = EDGE_LOOP ( 'NONE', ( #3099, #345, #1983, #2384 ) ) ;
#3866 = CARTESIAN_POINT ( 'NONE',  ( 0.03692605540688262400, -0.06395780408782426900, 0.005787037037037211900 ) ) ;
#3867 = ORIENTED_EDGE ( 'NONE', *, *, #4317, .T. ) ;
#3868 = CARTESIAN_POINT ( 'NONE',  ( -0.01590431253047879000, 0.1214999999999999100, 0.6640000000000000300 ) ) ;
#3869 = CARTESIAN_POINT ( 'NONE',  ( 0.04734272207354931600, 0.08199999999999987900, 0.08449074074074161600 ) ) ;
#3870 = ORIENTED_EDGE ( 'NONE', *, *, #3991, .F. ) ;
#3871 = VECTOR ( 'NONE', #67, 39.37007874015748100 ) ;
#3872 = EDGE_CURVE ( 'NONE', #2501, #1890, #1951, .T. ) ;
#3873 = CARTESIAN_POINT ( 'NONE',  ( -7.832572005664740100E-018, -0.06395780408782411600, 0.4479166666666703500 ) ) ;
#3874 = CARTESIAN_POINT ( 'NONE',  ( -0.05538908311032397100, -0.03197890204391203000, 0.3599537037037067200 ) ) ;
#3875 = CARTESIAN_POINT ( 'NONE',  ( -0.06078051577236169600, 0.04891874276934758000, 0.4820705194999068700 ) ) ;
#3876 = ORIENTED_EDGE ( 'NONE', *, *, #3502, .T. ) ;
#3877 = LINE ( 'NONE', #4216, #773 ) ;
#3878 = CARTESIAN_POINT ( 'NONE',  ( -0.07385211081376527600, 7.023289732056433600E-017, 0.4097222222222256000 ) ) ;
#3879 = CARTESIAN_POINT ( 'NONE',  ( 0.08199999999999996200, 5.718722373022830400E-017, 0.02430555555555596900 ) ) ;
#3880 = CARTESIAN_POINT ( 'NONE',  ( -0.08199999999999993400, 7.549139889267777500E-020, 0.0000000000000000000 ) ) ;
#3881 = CARTESIAN_POINT ( 'NONE',  ( -0.05883183836977747700, 0.04722330388507964300, 0.6601731127898453600 ) ) ;
#3882 = CARTESIAN_POINT ( 'NONE',  ( -0.08199999999999992000, 7.548713532390133800E-017, 0.3958333333333364800 ) ) ;
#3883 = CARTESIAN_POINT ( 'NONE',  ( -0.04734272207354930200, -0.08199999999999996200, 0.06712962962963019100 ) ) ;
#3884 = ORIENTED_EDGE ( 'NONE', *, *, #3094, .F. ) ;
#3885 = VERTEX_POINT ( 'NONE', #938 ) ;
#3886 = CARTESIAN_POINT ( 'NONE',  ( -0.07385211081376527600, 2.203199711446408800E-017, 0.2465277777777798200 ) ) ;
#3887 = CARTESIAN_POINT ( 'NONE',  ( -3.295631491865439600E-017, 0.08118988160479123600, 0.5761093750000000300 ) ) ;
#3888 = CARTESIAN_POINT ( 'NONE',  ( -7.832572005664740100E-018, -0.06395780408782421300, 0.1145833333333343700 ) ) ;
#3889 = CARTESIAN_POINT ( 'NONE',  ( 0.1179611625461769200, -0.06798856206435272000, 0.6640000000000001500 ) ) ;
#3890 = CARTESIAN_POINT ( 'NONE',  ( 0.04734272207354931600, 0.08199999999999990600, 0.1400462962962976100 ) ) ;
#3891 = CARTESIAN_POINT ( 'NONE',  ( -0.05538908311032396400, 0.03197890204391218300, 0.4664351851851889500 ) ) ;
#3892 = CARTESIAN_POINT ( 'NONE',  ( 0.0000000000000000000, 0.08199999999999993400, 0.1423611111111124400 ) ) ;
#3893 = CARTESIAN_POINT ( 'NONE',  ( 0.005000262476990907000, 0.07465775415912649600, 0.4799205971896017800 ) ) ;
#3894 = CARTESIAN_POINT ( 'NONE',  ( 0.05538908311032398500, 0.03197890204391213400, 0.4814814814814854000 ) ) ;
#3895 = CARTESIAN_POINT ( 'NONE',  ( -0.08199999999999993400, -2.722111849558866300E-016, 0.1736111111111125200 ) ) ;
#3896 = CARTESIAN_POINT ( 'NONE',  ( -0.08199999999999993400, 7.549139889267777500E-020, 0.0000000000000000000 ) ) ;
#3897 = AXIS2_PLACEMENT_3D ( 'NONE', #3534, #1257, #3931 ) ;
#3898 = CARTESIAN_POINT ( 'NONE',  ( 0.1179611624278247700, 0.06798856235007139100, 0.6505000000000000800 ) ) ;
#3899 = CARTESIAN_POINT ( 'NONE',  ( -1.004210375300829100E-017, -0.08199999999999997600, 0.1562500000000014700 ) ) ;
#3900 = CARTESIAN_POINT ( 'NONE',  ( 0.04734272207354925400, -0.08200000000000000300, 0.01620370370370385900 ) ) ;
#3901 = EDGE_CURVE ( 'NONE', #4963, #515, #4543, .T. ) ;
#3902 = CARTESIAN_POINT ( 'NONE',  ( -0.05538908311032396400, 0.03197890204391214100, 0.3275462962962990000 ) ) ;
#3903 = CARTESIAN_POINT ( 'NONE',  ( 0.08199999999999993400, -6.862466847627394900E-018, 0.2743055555555579100 ) ) ;
#3904 = CARTESIAN_POINT ( 'NONE',  ( 0.03692605540688268000, 0.06395780408782415800, 0.1539351851851865300 ) ) ;
#3905 = CARTESIAN_POINT ( 'NONE',  ( 0.1349999999999999300, 0.01767145836719704500, 0.6640000000000001500 ) ) ;
#3906 = EDGE_CURVE ( 'NONE', #888, #2731, #513, .T. ) ;
#3907 = DIRECTION ( 'NONE',  ( 0.8632129213663993800, -1.057130941133996800E-016, 0.5048400265292821700 ) ) ;
#3908 = CARTESIAN_POINT ( 'NONE',  ( -1.004210375300829100E-017, -0.08199999999999997600, 0.1562500000000014700 ) ) ;
#3909 = ADVANCED_FACE ( 'NONE', ( #4223, #681 ), #126, .T. ) ;
#3910 = CARTESIAN_POINT ( 'NONE',  ( 0.09468544414709854900, 7.295283120962212300E-018, 0.2708333333333354800 ) ) ;
#3911 = ORIENTED_EDGE ( 'NONE', *, *, #759, .F. ) ;
#3912 = CARTESIAN_POINT ( 'NONE',  ( -0.08199999999999985100, -0.02197183377935214500, 0.2338793944094053900 ) ) ;
#3913 = CARTESIAN_POINT ( 'NONE',  ( 0.03692605540688262400, -0.06395780408782411600, 0.4745370370370409200 ) ) ;
#3914 = CARTESIAN_POINT ( 'NONE',  ( -0.02510616247214322500, -0.05882415583464701400, 0.4739347919089972900 ) ) ;
#3915 = CARTESIAN_POINT ( 'NONE',  ( 0.07031250000000012500, -0.02723980209580270300, 0.5726064466018230300 ) ) ;
#3916 = CARTESIAN_POINT ( 'NONE',  ( -0.1349999999999999300, 8.341857293137307000E-018, 0.6505000000000000800 ) ) ;
#3917 = CARTESIAN_POINT ( 'NONE',  ( -1.004210375300828800E-017, -0.08199999999999986500, 0.4305555555555589100 ) ) ;
#3918 = VECTOR ( 'NONE', #4298, 39.37007874015748100 ) ;
#3919 = CARTESIAN_POINT ( 'NONE',  ( -0.07385211081376527600, 5.484963129734083600E-017, 0.3576388888888917800 ) ) ;
#3920 = CARTESIAN_POINT ( 'NONE',  ( 0.03692605540688262400, -0.06395780408782413000, 0.4467592592592628500 ) ) ;
#3921 = CARTESIAN_POINT ( 'NONE',  ( -7.832572005664740100E-018, -0.06395780408782422700, 0.08680555555555635700 ) ) ;
#3922 = CARTESIAN_POINT ( 'NONE',  ( -0.04734272207354927500, 0.08199999999999990600, 0.06134259259259327400 ) ) ;
#3923 = CARTESIAN_POINT ( 'NONE',  ( 0.07101408311032395000, 0.04099999999999992500, 0.2453703703703723200 ) ) ;
#3924 = DIRECTION ( 'NONE',  ( -1.000000000000000000, 0.0000000000000000000, 0.0000000000000000000 ) ) ;
#3925 = FACE_OUTER_BOUND ( 'NONE', #2614, .T. ) ;
#3926 = CARTESIAN_POINT ( 'NONE',  ( 0.1214999999999999100, 0.0000000000000000000, 0.6640000000000000300 ) ) ;
#3927 = B_SPLINE_CURVE_WITH_KNOTS ( 'NONE', 3,
 ( #3069, #786, #2323, #3119, #1215, #2350, #1603, #4650, #836, #4278, #3492, #4264, #3893, #1202, #3107, #52, #815, #3480, #2738, #3875, #1588, #1987, #433, #1976, #4692, #3862 ),
 .UNSPECIFIED., .F., .F.,
 ( 4, 2, 2, 2, 2, 2, 2, 2, 2, 2, 2, 2, 4 ),
 ( 0.001975448793979737300, 0.002345726772791095700, 0.002716004751602454000, 0.003456560709225171700, 0.003826838688036530000, 0.004197116666847888400, 0.004937672624470606000, 0.005678228582093323600, 0.006048506560904682400, 0.006418784539716041300, 0.006789062518527400100, 0.007159340497338759700, 0.007899896454961476500 ),
 .UNSPECIFIED. ) ;
#3928 = CARTESIAN_POINT ( 'NONE',  ( -0.02995373990908970300, -0.07633330508669582100, 0.4844865601199070400 ) ) ;
#3929 = CARTESIAN_POINT ( 'NONE',  ( -0.06456396007330653100, -0.1120765748648139000, 0.5000000000000001100 ) ) ;
#3930 = AXIS2_PLACEMENT_3D ( 'NONE', #1458, #4137, #2240 ) ;
#3931 = DIRECTION ( 'NONE',  ( 1.000000000000000000, 0.0000000000000000000, 0.0000000000000000000 ) ) ;
#3932 = CARTESIAN_POINT ( 'NONE',  ( -0.07101408311032393600, -0.04099999999999991800, 0.3182870370370398100 ) ) ;
#3933 = ORIENTED_EDGE ( 'NONE', *, *, #2181, .F. ) ;
#3934 = TOROIDAL_SURFACE ( 'NONE', #2395, 0.09519444444444448400, 0.01041666666666674900 ) ;
#3935 = CARTESIAN_POINT ( 'NONE',  ( -0.07101408311032390800, 0.04099999999999999500, 0.2268518518518536600 ) ) ;
#3936 = AXIS2_PLACEMENT_3D ( 'NONE', #1295, #2829, #471 ) ;
#3937 = CARTESIAN_POINT ( 'NONE',  ( 0.03692605540688262400, -0.06395780408782415800, 0.3668981481481511400 ) ) ;
#3938 = CARTESIAN_POINT ( 'NONE',  ( 0.08199999999999992000, 2.287488949209131600E-018, 0.2986111111111134900 ) ) ;
#3939 = CARTESIAN_POINT ( 'NONE',  ( -0.03692605540688265900, -0.06395780408782419900, 0.1122685185185195300 ) ) ;
#3940 = ORIENTED_EDGE ( 'NONE', *, *, #294, .T. ) ;
#3941 = CYLINDRICAL_SURFACE ( 'NONE', #4342, 0.08199999999999993400 ) ;
#3942 = CARTESIAN_POINT ( 'NONE',  ( -1.004210375300828800E-017, -0.08199999999999992000, 0.2361111111111129900 ) ) ;
#3943 = ORIENTED_EDGE ( 'NONE', *, *, #3450, .F. ) ;
#3944 = ORIENTED_EDGE ( 'NONE', *, *, #2966, .F. ) ;
#3945 = CARTESIAN_POINT ( 'NONE',  ( 0.04734272207354925400, -0.08199999999999987900, 0.3773148148148177700 ) ) ;
#3946 = CARTESIAN_POINT ( 'NONE',  ( -0.1349999999999999300, 7.549139889267777500E-020, 0.5000000000000000000 ) ) ;
#3947 = CARTESIAN_POINT ( 'NONE',  ( -0.04734272207354927500, 0.08199999999999993400, 0.1967592592592608000 ) ) ;
#3948 = ORIENTED_EDGE ( 'NONE', *, *, #1294, .F. ) ;
#3949 = CARTESIAN_POINT ( 'NONE',  ( -0.07385211081376529000, -3.539886270557022600E-017, 0.05208333333333386300 ) ) ;
#3950 = CARTESIAN_POINT ( 'NONE',  ( 0.08199999999999993400, 4.346229003497349700E-017, 0.4409722222222259800 ) ) ;
#3951 = CARTESIAN_POINT ( 'NONE',  ( -0.07864505935142472600, -0.02204413847660673500, 0.4841875115673300300 ) ) ;
#3952 = CARTESIAN_POINT ( 'NONE',  ( 0.09468544414709854900, -3.372675960763371800E-017, 0.1319444444444454700 ) ) ;
#3953 = CARTESIAN_POINT ( 'NONE',  ( 0.0000000000000000000, 0.06395780408782422700, 0.3506944444444473100 ) ) ;
#3954 = CARTESIAN_POINT ( 'NONE',  ( 0.08118988160479118100, -1.104688079777929600E-016, 0.6640000000000000300 ) ) ;
#3955 = CARTESIAN_POINT ( 'NONE',  ( -0.03692605540688263800, 0.06395780408782415800, 0.04745370370370417800 ) ) ;
#3956 = CARTESIAN_POINT ( 'NONE',  ( 0.07031249999999998600, 0.04059494080239570100, 0.6640000000000000300 ) ) ;
#3957 = AXIS2_PLACEMENT_3D ( 'NONE', #1345, #570, #4027 ) ;
#3958 = CARTESIAN_POINT ( 'NONE',  ( -0.07101408311032392200, -0.04099999999999989800, 0.3425925925925953400 ) ) ;
#3959 = B_SPLINE_CURVE_WITH_KNOTS ( 'NONE', 3,
 ( #4690, #2770, #521, #2046, #1623, #482, #4296, #4703, #1254, #1635, #2032, #2402, #4310, #838, #2389, #500, #3531, #1217 ),
 .UNSPECIFIED., .F., .F.,
 ( 4, 2, 2, 2, 2, 2, 2, 2, 4 ),
 ( 0.0000000000000000000, 0.06250000000000000000, 0.1250000000000000000, 0.1875000000000000000, 0.2500000000000000000, 0.3125000000000000000, 0.3750000000000000000, 0.4375000000000000000, 0.5000000000000000000 ),
 .UNSPECIFIED. ) ;
#3960 = CARTESIAN_POINT ( 'NONE',  ( -0.07101408311032393600, -0.04099999999999989800, 0.3738425925925957800 ) ) ;
#3961 = CARTESIAN_POINT ( 'NONE',  ( 0.1248985252242622400, -0.03359434032846368700, 0.5000000000000001100 ) ) ;
#3962 = DIRECTION ( 'NONE',  ( -1.000000000000000000, 0.0000000000000000000, 0.0000000000000000000 ) ) ;
#3963 = CARTESIAN_POINT ( 'NONE',  ( 0.08199999999999993400, 7.548713532390136300E-017, 0.07638888888888949200 ) ) ;
#3964 = CARTESIAN_POINT ( 'NONE',  ( 0.09468544414709854900, -4.193116815335290900E-017, 0.1041666666666674900 ) ) ;
#3965 = CARTESIAN_POINT ( 'NONE',  ( 0.03692605540688262400, -0.06395780408782415800, 0.3946759259259292100 ) ) ;
#3966 = CARTESIAN_POINT ( 'NONE',  ( 0.07101408311032390800, -0.04099999999999996000, 0.3553240740740771200 ) ) ;
#3967 = CARTESIAN_POINT ( 'NONE',  ( 0.1282499999999999200, 1.600692183787654200E-017, 0.5000000000000000000 ) ) ;
#3968 = EDGE_CURVE ( 'NONE', #1346, #4714, #4955, .T. ) ;
#3969 = CARTESIAN_POINT ( 'NONE',  ( -0.07385211081376527600, -3.642441377378512600E-017, 0.04861111111111160500 ) ) ;
#3970 =( BOUNDED_CURVE ( )  B_SPLINE_CURVE ( 2, ( #3967, #1676, #2812 ),
 .UNSPECIFIED., .F., .F. ) 
 B_SPLINE_CURVE_WITH_KNOTS ( ( 3, 3 ),
 ( 0.0000000000000000000, 1.000000000000000000 ),
 .UNSPECIFIED. ) 
 CURVE ( )  GEOMETRIC_REPRESENTATION_ITEM ( )  RATIONAL_B_SPLINE_CURVE ( ( 1.000000000000000000, 0.3333333333333334300, 1.000000000000000000 ) ) 
 REPRESENTATION_ITEM ( '' )  );
#3971 = CARTESIAN_POINT ( 'NONE',  ( -0.04734272207354930200, -0.08199999999999987900, 0.3449074074074101600 ) ) ;
#3972 = DIRECTION ( 'NONE',  ( -0.0000000000000000000, -0.0000000000000000000, -1.000000000000000000 ) ) ;
#3973 = CARTESIAN_POINT ( 'NONE',  ( -0.04734272207354927500, 0.08200000000000000300, 0.3912037037037068300 ) ) ;
#3974 = CARTESIAN_POINT ( 'NONE',  ( -0.1061733221278138300, 0.06116238027671621500, 0.6640000000000000300 ) ) ;
#3975 = DIRECTION ( 'NONE',  ( -0.0000000000000000000, -0.0000000000000000000, -1.000000000000000000 ) ) ;
#3976 = VECTOR ( 'NONE', #4168, 39.37007874015748100 ) ;
#3977 = CARTESIAN_POINT ( 'NONE',  ( 0.0000000000000000000, 7.549139889267777500E-020, 0.0000000000000000000 ) ) ;
#3978 = CARTESIAN_POINT ( 'NONE',  ( -0.07101408311032390800, 0.04099999999999998800, 0.1990740740740756500 ) ) ;
#3979 = CARTESIAN_POINT ( 'NONE',  ( -0.05538908311032396400, 0.03197890204391205100, 0.01851851851851876000 ) ) ;
#3980 = CARTESIAN_POINT ( 'NONE',  ( -0.08199999999999993400, -3.431233423813696700E-017, 0.03819444444444496100 ) ) ;
#3981 = CARTESIAN_POINT ( 'NONE',  ( 0.08199999999999993400, -0.02197183377935202700, 0.3563983833683775900 ) ) ;
#3982 = DIRECTION ( 'NONE',  ( 1.000000000000000000, 0.0000000000000000000, 0.0000000000000000000 ) ) ;
#3983 = CARTESIAN_POINT ( 'NONE',  ( -0.05538908311032396400, 0.03197890204391205800, 0.04629629629629675200 ) ) ;
#3984 = ORIENTED_EDGE ( 'NONE', *, *, #1471, .F. ) ;
#3985 = ORIENTED_EDGE ( 'NONE', *, *, #4343, .F. ) ;
#3986 = CARTESIAN_POINT ( 'NONE',  ( 0.04734272207354925400, -0.08199999999999987900, 0.4050925925925957800 ) ) ;
#3987 = CARTESIAN_POINT ( 'NONE',  ( 0.1349999999999999500, 0.01767145867644259400, 0.5067500000000000300 ) ) ;
#3988 = VERTEX_POINT ( 'NONE', #188 ) ;
#3989 = CARTESIAN_POINT ( 'NONE',  ( -0.03692605540688265900, -0.06395780408782415800, 0.2199074074074092400 ) ) ;
#3990 = CARTESIAN_POINT ( 'NONE',  ( 0.03692605540688268000, 0.06395780408782414400, 0.09837962962963049700 ) ) ;
#3991 = EDGE_CURVE ( 'NONE', #2095, #3092, #4996, .T. ) ;
#3992 = CARTESIAN_POINT ( 'NONE',  ( -0.07101408311032390800, 0.04099999999999996700, 0.1435185185185196300 ) ) ;
#3993 = CARTESIAN_POINT ( 'NONE',  ( -0.08200000000000001700, 0.02197183377935193300, 0.2036206055905985000 ) ) ;
#3994 = CARTESIAN_POINT ( 'NONE',  ( -1.004210375300828800E-017, -0.08199999999999993400, 0.1805555555555570200 ) ) ;
#3995 = ORIENTED_EDGE ( 'NONE', *, *, #370, .T. ) ;
#3996 = CYLINDRICAL_SURFACE ( 'NONE', #2358, 0.08199999999999993400 ) ;
#3997 = EDGE_CURVE ( 'NONE', #3141, #3629, #4548, .T. ) ;
#3998 = CARTESIAN_POINT ( 'NONE',  ( -0.03692605540688265900, -0.06395780408782421300, 0.08101851851851928100 ) ) ;
#3999 = CARTESIAN_POINT ( 'NONE',  ( -0.06456501988622398400, -0.04391324999324600100, 0.6620841732953667300 ) ) ;
#4000 = CARTESIAN_POINT ( 'NONE',  ( 0.08199999999999992000, -2.287488949209131500E-017, 0.2152777777777795100 ) ) ;
#4001 = DIRECTION ( 'NONE',  ( -0.0000000000000000000, -0.0000000000000000000, 1.000000000000000000 ) ) ;
#4002 = ORIENTED_EDGE ( 'NONE', *, *, #3316, .F. ) ;
#4003 = CARTESIAN_POINT ( 'NONE',  ( -0.03692605540688265900, -0.06395780408782422700, 0.02546296296296328800 ) ) ;
#4004 = CARTESIAN_POINT ( 'NONE',  ( -0.04734272207354926100, 0.08200000000000001700, 0.4467592592592628000 ) ) ;
#4005 = CARTESIAN_POINT ( 'NONE',  ( -0.08199999999999992000, -2.516237844130044700E-017, 0.06250000000000050000 ) ) ;
#4006 = DIRECTION ( 'NONE',  ( -1.000000000000000000, 0.0000000000000000000, 0.0000000000000000000 ) ) ;
#4007 = CARTESIAN_POINT ( 'NONE',  ( 0.08199999999999992000, 2.516237844130044700E-017, 0.3819444444444474700 ) ) ;
#4008 = CARTESIAN_POINT ( 'NONE',  ( -7.832572005664740100E-018, -0.06395780408782417200, 0.2500000000000021100 ) ) ;
#4009 = CARTESIAN_POINT ( 'NONE',  ( -0.03692605540688265900, -0.06395780408782418500, 0.1400462962962975600 ) ) ;
#4010 = CARTESIAN_POINT ( 'NONE',  ( -0.08199999999999993400, 2.767861628543049000E-016, 0.1458333333333344800 ) ) ;
#4011 = CARTESIAN_POINT ( 'NONE',  ( 0.03533596438850280400, 0.1314863113502225400, 0.5067500000000000300 ) ) ;
#4012 = CARTESIAN_POINT ( 'NONE',  ( -1.004210375300829100E-017, -0.08199999999999992000, 0.2951388888888914500 ) ) ;
#4013 = CARTESIAN_POINT ( 'NONE',  ( 0.05538908311032398500, 0.03197890204391200900, 0.03703703703703743000 ) ) ;
#4014 = CARTESIAN_POINT ( 'NONE',  ( -0.07101408311032393600, -0.04100000000000000200, 0.04050925925925980700 ) ) ;
#4015 = CARTESIAN_POINT ( 'NONE',  ( 0.08199999999999992000, -3.202484528892784100E-017, 0.1875000000000014400 ) ) ;
#4016 = ADVANCED_BREP_SHAPE_REPRESENTATION ( '92196A217_18-8 Stainless Steel Socket Head Screw', ( #2714, #1170 ), #1323 ) ;
#4017 = CARTESIAN_POINT ( 'NONE',  ( -0.07385211081376527600, -2.001559668234674800E-017, 0.1041666666666675900 ) ) ;
#4018 = CARTESIAN_POINT ( 'NONE',  ( 0.0000000000000000000, 0.06395780408782414400, 0.01388888888888908800 ) ) ;
#4019 = CARTESIAN_POINT ( 'NONE',  ( 0.04734272207354931600, 0.08199999999999997600, 0.4143518518518551400 ) ) ;
#4020 = CARTESIAN_POINT ( 'NONE',  ( -1.004210375300828800E-017, -0.08199999999999997600, 0.06944444444444501700 ) ) ;
#4021 = EDGE_CURVE ( 'NONE', #1815, #4788, #831, .T. ) ;
#4022 = CARTESIAN_POINT ( 'NONE',  ( 0.08199999999999993400, 5.261224583181002000E-017, 0.4687500000000038300 ) ) ;
#4023 = CARTESIAN_POINT ( 'NONE',  ( -0.05538908311032397100, -0.03197890204391206500, 0.2453703703703724300 ) ) ;
#4024 = CARTESIAN_POINT ( 'NONE',  ( -0.05538908311032396400, 0.03197890204391207900, 0.1053240740740750100 ) ) ;
#4025 = EDGE_LOOP ( 'NONE', ( #4601, #4786, #4053, #2145 ) ) ;
#4026 = EDGE_CURVE ( 'NONE', #1486, #1595, #1108, .T. ) ;
#4027 = DIRECTION ( 'NONE',  ( -1.000000000000000000, 0.0000000000000000000, 0.0000000000000000000 ) ) ;
#4028 = CARTESIAN_POINT ( 'NONE',  ( -0.08296380719661347600, 0.1079550237237542500, 0.5067499999999999200 ) ) ;
#4029 = CARTESIAN_POINT ( 'NONE',  ( -0.09468544414709857700, 3.561428368215473300E-017, 0.2881944444444469700 ) ) ;
#4030 = CARTESIAN_POINT ( 'NONE',  ( -7.832572005664740100E-018, -0.06395780408782425500, 1.259211184579621400E-016 ) ) ;
#4031 = CARTESIAN_POINT ( 'NONE',  ( -0.08199999999999993400, -2.630612291590501200E-016, 0.2013888888888905300 ) ) ;
#4032 = CARTESIAN_POINT ( 'NONE',  ( 0.06325189110584833500, -0.02043802438248818300, 0.004513477084606494700 ) ) ;
#4033 = CARTESIAN_POINT ( 'NONE',  ( -0.07881561702322600900, -0.1025572723511233300, 0.5000000000000000000 ) ) ;
#4034 = CARTESIAN_POINT ( 'NONE',  ( -0.05538908311032397100, -0.03197890204391211400, 0.07870370370370444200 ) ) ;
#4035 = CARTESIAN_POINT ( 'NONE',  ( 0.1314863112440143000, -0.03533596464492424300, 0.5000000000000000000 ) ) ;
#4036 = CARTESIAN_POINT ( 'NONE',  ( -0.05538908311032397100, -0.03197890204391210700, 0.1064814814814824300 ) ) ;
#4037 = CARTESIAN_POINT ( 'NONE',  ( 0.07101408311032395000, 0.04099999999999998100, 0.4120370370370403100 ) ) ;
#4038 = CARTESIAN_POINT ( 'NONE',  ( -0.07031250000000008300, -0.02723980209580271300, 0.5726064466018228000 ) ) ;
#4039 = DIRECTION ( 'NONE',  ( -0.5000000000000003300, 0.8660254037844386000, 0.0000000000000000000 ) ) ;
#4040 = CARTESIAN_POINT ( 'NONE',  ( 0.03692605540688268000, 0.06395780408782419900, 0.2337962962962982500 ) ) ;
#4041 = CARTESIAN_POINT ( 'NONE',  ( 0.07385211081376529000, -4.118080011066210000E-017, 0.09375000000000086000 ) ) ;
#4042 = CARTESIAN_POINT ( 'NONE',  ( -0.08199999999999993400, 9.607453586678353600E-017, 0.4826388888888928900 ) ) ;
#4043 = CARTESIAN_POINT ( 'NONE',  ( -7.832572005664740100E-018, -0.06395780408782421300, 0.1423611111111123500 ) ) ;
#4044 = ORIENTED_EDGE ( 'NONE', *, *, #467, .T. ) ;
#4045 = CARTESIAN_POINT ( 'NONE',  ( -0.1179611624278247600, 0.06798856235007139100, 0.5067500000000000300 ) ) ;
#4046 = ORIENTED_EDGE ( 'NONE', *, *, #1369, .T. ) ;
#4047 = CARTESIAN_POINT ( 'NONE',  ( -0.04734272207354927500, 0.08200000000000001700, 0.4467592592592628000 ) ) ;
#4048 = CARTESIAN_POINT ( 'NONE',  ( 0.07101408311032396400, 0.04099999999999994600, 0.2766203703703727400 ) ) ;
#4049 = CARTESIAN_POINT ( 'NONE',  ( -0.07385211081376527600, -4.462882231950431700E-017, 0.02083333333333359900 ) ) ;
#4050 = CARTESIAN_POINT ( 'NONE',  ( 0.07101408311032389500, -0.04099999999999999500, 0.2129629629629646600 ) ) ;
#4051 = CARTESIAN_POINT ( 'NONE',  ( 0.1214999999999999100, -0.01590431253047733900, 0.6640000000000000300 ) ) ;
#4052 = CARTESIAN_POINT ( 'NONE',  ( -0.04734272207354927500, 0.08199999999999990600, 0.03009259259259279900 ) ) ;
#4053 = ORIENTED_EDGE ( 'NONE', *, *, #4167, .T. ) ;
#4054 = FACE_OUTER_BOUND ( 'NONE', #4025, .T. ) ;
#4055 = CARTESIAN_POINT ( 'NONE',  ( 0.06798856209364809200, -0.1179611625340402800, 0.5000000000000000000 ) ) ;
#4056 = CARTESIAN_POINT ( 'NONE',  ( -0.03692605540688265900, -0.06395780408782422700, 0.05324074074074128900 ) ) ;
#4057 = ORIENTED_EDGE ( 'NONE', *, *, #4099, .T. ) ;
#4058 = VECTOR ( 'NONE', #2834, 39.37007874015748100 ) ;
#4059 = CARTESIAN_POINT ( 'NONE',  ( 0.07101408311032395000, 0.04100000000000000200, 0.4953703703703743500 ) ) ;
#4060 = CARTESIAN_POINT ( 'NONE',  ( 0.07101408311032389500, -0.04100000000000002900, 0.07407407407407466700 ) ) ;
#4061 = CARTESIAN_POINT ( 'NONE',  ( -0.07385211081376527600, -3.606779590908370700E-018, 0.1597222222222235400 ) ) ;
#4062 = VERTEX_POINT ( 'NONE', #4835 ) ;
#4063 = CARTESIAN_POINT ( 'NONE',  ( -0.03692605540688263800, 0.06395780408782418500, 0.1585648148148161900 ) ) ;
#4064 = VERTEX_POINT ( 'NONE', #1734 ) ;
#4065 = FACE_OUTER_BOUND ( 'NONE', #2674, .T. ) ;
#4066 = CARTESIAN_POINT ( 'NONE',  ( -0.08199999999999993400, -0.02197183377935194700, 0.4526293944094069200 ) ) ;
#4067 = CARTESIAN_POINT ( 'NONE',  ( -7.832572005664740100E-018, -0.06395780408782422700, 0.08680555555555635700 ) ) ;
#4068 = CARTESIAN_POINT ( 'NONE',  ( -0.07101408311032393600, -0.04099999999999992500, 0.2905092592592617400 ) ) ;
#4069 =( BOUNDED_SURFACE ( )  B_SPLINE_SURFACE ( 1, 2, ( 
 ( #3557, #1320, #3192, #4748, #895, #1644, #155, #2058, #1663, #3542, #4330, #3178, #477, #2444, #2043, #907, #1287, #4003, #4713, #2427, #1275, #4761, #4351, #2411, #495, #2813, #3983, #3969, #531, #3208, #923, #2459, #2837, #1307, #4778, #3166, #3223, #110, #874, #2797, #4034, #2859, #184, #4798, #558, #2877, #3643, #967, #3235, #579, #1337, #4017, #3253, #1730, #953, #1356, #2118, #3619, #4394, #2492, #4839, #2911, #4439, #3263, #161, #4818, #174, #4785, #1718, #2499, #619, #976, #2846, #2866, #190, #4061, #1699, #4384, #1343, #548, #2894, #2107, #2882, #3650, #2528, #3668, #925, #3592, #4369, #3228, #997, #942, #1364, #211, #2513, #230, #1311, #603, #3608, #1326, #3285, #3989, #1384, #1769, #2094, #588, #4765, #4040, #2463, #2159, #1751, #2139, #4023, #568, #4008, #4421, #2479, #3243, #958, #3628, #1737, #4404, #2122, #4802, #2599, #4507, #2963, #4473, #1418, #1476, #3337, #2583, #3706, #1789, #2983, #4875, #1807, #1397, #2189, #1033, #3300, #280, #4079, #3721, #1439, #4150, #4455, #2569, #4096, #2223, #4489, #2549, #3319, #657, #1842, #263, #2947, #1052, #674, #295, #692, #4115, #2617, #1862, #1823, #2175, #1071, #247, #3000, #4861, #3354, #2208, #2932, #3737, #3369, #4915, #3755, #4894, #641, #1456, #4134, #1087, #310, #4527, #2238, #4934, #1015, #3686, #4616, #2699, #4228, #3050, #4948, #4594, #4965, #4564, #1511, #2288, #403, #766, #2637, #2651, #4986, #3837, #1493, #4188, #1137, #328, #2687, #1899, #2669, #3433, #2319, #3446, #712, #3383, #4169, #3012, #783, #731, #1149, #3, #2303, #16, #1102, #381, #3404, #1119, #3065 ),
 ( #1879, #1163, #368, #1934, #3808, #350, #1559, #1543, #3791, #2273, #3822, #4214, #1950, #4549, #3031, #3775, #2254, #750, #3419, #1528, #4202, #1916, #4579, #2365, #3476, #1574, #2765, #4646, #1584, #1181, #4260, #811, #3083, #61, #3850, #3489, #1211, #3922, #4246, #1982, #1197, #4289, #4274, #2334, #3102, #429, #1618, #3869, #2347, #2733, #2753, #77, #468, #48, #2399, #1632, #3115, #1968, #847, #30, #2783, #4629, #447, #2717, #3132, #3145, #2008, #3526, #4667, #415, #830, #3890, #1600, #96, #3510, #1998, #4307, #1228, #3908, #2025, #796, #4698, #4687, #2383, #862, #1249, #3462, #2002, #913, #2144, #178, #2887, #220, #4085, #1721, #4408, #1372, #2870, #2919, #2127, #2900, #1001, #4865, #3692, #2936, #3613, #4388, #572, #1021, #3248, #3673, #236, #2534, #251, #949, #626, #961, #3636, #3305, #2554, #1402, #1797, #648, #607, #1331, #3289, #2111, #4460, #1387, #2165, #4048, #592, #2179, #1774, #1349, #4029, #4068, #4444, #4012, #4792, #4808, #4844, #2486, #1740, #2505, #196, #3269, #982, #3655, #1757, #4427, #4825, #2517, #4899, #1828, #1422, #4493, #1055, #3326, #2603, #4101, #3744, #1462, #4174, #4479, #2215, #1445, #4531, #4514, #2573, #3342, #680, #1868, #3725, #4119, #2969, #299, #315, #718, #2588, #2642, #1884, #285, #2193, #1093, #266, #2951, #3359, #4140, #1077, #1810, #2988, #3004, #2243, #3780, #4922, #4882, #662, #1847, #2227, #336, #697, #3375, #4555, #3762, #1480, #2258, #3016, #4954, #4155, #4938, #2624, #3389, #1107, #1498, #1038, #3711, #1938, #4969, #2673, #6, #3855, #1517, #4205, #1153, #2656, #2702, #1921, #2691 ) ),
 .UNSPECIFIED., .F., .F., .F. ) 
 B_SPLINE_SURFACE_WITH_KNOTS ( ( 2, 2 ),
 ( 3, 2, 2, 2, 2, 2, 2, 2, 2, 2, 2, 2, 2, 2, 2, 2, 2, 2, 2, 2, 2, 2, 2, 2, 2, 2, 2, 2, 2, 2, 2, 2, 2, 2, 2, 2, 2, 2, 2, 2, 2, 2, 2, 2, 2, 2, 2, 2, 2, 2, 2, 2, 2, 2, 2, 2, 2, 2, 2, 2, 2, 2, 2, 2, 2, 2, 2, 2, 2, 2, 2, 2, 2, 2, 2, 2, 2, 2, 2, 2, 2, 2, 2, 2, 2, 2, 2, 2, 2, 2, 2, 2, 2, 2, 2, 2, 2, 2, 2, 2, 2, 2, 2, 2, 2, 2, 2, 2, 2, 2, 2, 2, 2, 2, 3 ),
 ( 0.0000000000000000000, 1.000000000000000000 ),
 ( 0.0000000000000000000, 0.008771929824561403000, 0.01754385964912280600, 0.02631578947368420900, 0.03508771929824561200, 0.04385964912280701500, 0.05263157894736841800, 0.06140350877192982100, 0.07017543859649122400, 0.07894736842105262700, 0.08771929824561403000, 0.09649122807017543300, 0.1052631578947368400, 0.1140350877192982400, 0.1228070175438596400, 0.1315789473684210500, 0.1403508771929824500, 0.1491228070175438500, 0.1578947368421052500, 0.1666666666666666600, 0.1754385964912280600, 0.1842105263157894600, 0.1929824561403508700, 0.2017543859649122700, 0.2105263157894736700, 0.2192982456140350800, 0.2280701754385964800, 0.2368421052631578800, 0.2456140350877192800, 0.2543859649122807200, 0.2631578947368420900, 0.2719298245614035200, 0.2807017543859649000, 0.2894736842105263300, 0.2982456140350877000, 0.3070175438596491300, 0.3157894736842105100, 0.3245614035087719400, 0.3333333333333333100, 0.3421052631578947500, 0.3508771929824561200, 0.3596491228070175500, 0.3684210526315789300, 0.3771929824561403600, 0.3859649122807017300, 0.3947368421052631600, 0.4035087719298245400, 0.4122807017543859700, 0.4210526315789473500, 0.4298245614035087800, 0.4385964912280701500, 0.4473684210526315800, 0.4561403508771929600, 0.4649122807017543900, 0.4736842105263157600, 0.4824561403508771900, 0.4912280701754385700, 0.5000000000000000000, 0.5087719298245614300, 0.5175438596491228600, 0.5263157894736841800, 0.5350877192982456100, 0.5438596491228070400, 0.5526315789473684700, 0.5614035087719297900, 0.5701754385964912200, 0.5789473684210526500, 0.5877192982456140900, 0.5964912280701754100, 0.6052631578947368400, 0.6140350877192982700, 0.6228070175438597000, 0.6315789473684210200, 0.6403508771929824500, 0.6491228070175438800, 0.6578947368421053100, 0.6666666666666666300, 0.6754385964912280600, 0.6842105263157894900, 0.6929824561403509200, 0.7017543859649122400, 0.7105263157894736700, 0.7192982456140351000, 0.7280701754385965300, 0.7368421052631578500, 0.7456140350877192800, 0.7543859649122807200, 0.7631578947368421500, 0.7719298245614034700, 0.7807017543859649000, 0.7894736842105263300, 0.7982456140350877600, 0.8070175438596490800, 0.8157894736842105100, 0.8245614035087719400, 0.8333333333333333700, 0.8421052631578946900, 0.8508771929824561200, 0.8596491228070175500, 0.8684210526315789800, 0.8771929824561403000, 0.8859649122807017300, 0.8947368421052631600, 0.9035087719298245900, 0.9122807017543859100, 0.9210526315789473500, 0.9298245614035087800, 0.9385964912280702100, 0.9473684210526315300, 0.9561403508771929600, 0.9649122807017543900, 0.9736842105263158200, 0.9824561403508771400, 0.9912280701754385700, 1.000000000000000000 ),
 .UNSPECIFIED. ) 
 GEOMETRIC_REPRESENTATION_ITEM ( )  RATIONAL_B_SPLINE_SURFACE ( (
 ( 1.000000000000000000, 0.8660254037844387100, 1.000000000000000000, 0.8660254037844387100, 1.000000000000000000, 0.8660254037844387100, 1.000000000000000000, 0.8660254037844387100, 1.000000000000000000, 0.8660254037844387100, 1.000000000000000000, 0.8660254037844387100, 1.000000000000000000, 0.8660254037844387100, 1.000000000000000000, 0.8660254037844387100, 1.000000000000000000, 0.8660254037844387100, 1.000000000000000000, 0.8660254037844387100, 1.000000000000000000, 0.8660254037844387100, 1.000000000000000000, 0.8660254037844387100, 1.000000000000000000, 0.8660254037844387100, 1.000000000000000000, 0.8660254037844387100, 1.000000000000000000, 0.8660254037844387100, 1.000000000000000000, 0.8660254037844387100, 1.000000000000000000, 0.8660254037844387100, 1.000000000000000000, 0.8660254037844387100, 1.000000000000000000, 0.8660254037844387100, 1.000000000000000000, 0.8660254037844387100, 1.000000000000000000, 0.8660254037844387100, 1.000000000000000000, 0.8660254037844387100, 1.000000000000000000, 0.8660254037844387100, 1.000000000000000000, 0.8660254037844387100, 1.000000000000000000, 0.8660254037844387100, 1.000000000000000000, 0.8660254037844387100, 1.000000000000000000, 0.8660254037844387100, 1.000000000000000000, 0.8660254037844387100, 1.000000000000000000, 0.8660254037844387100, 1.000000000000000000, 0.8660254037844387100, 1.000000000000000000, 0.8660254037844387100, 1.000000000000000000, 0.8660254037844387100, 1.000000000000000000, 0.8660254037844387100, 1.000000000000000000, 0.8660254037844387100, 1.000000000000000000, 0.8660254037844387100, 1.000000000000000000, 0.8660254037844387100, 1.000000000000000000, 0.8660254037844387100, 1.000000000000000000, 0.8660254037844387100, 1.000000000000000000, 0.8660254037844387100, 1.000000000000000000, 0.8660254037844387100, 1.000000000000000000, 0.8660254037844387100, 1.000000000000000000, 0.8660254037844387100, 1.000000000000000000, 0.8660254037844387100, 1.000000000000000000, 0.8660254037844387100, 1.000000000000000000, 0.8660254037844387100, 1.000000000000000000, 0.8660254037844387100, 1.000000000000000000, 0.8660254037844387100, 1.000000000000000000, 0.8660254037844387100, 1.000000000000000000, 0.8660254037844387100, 1.000000000000000000, 0.8660254037844387100, 1.000000000000000000, 0.8660254037844387100, 1.000000000000000000, 0.8660254037844387100, 1.000000000000000000, 0.8660254037844387100, 1.000000000000000000, 0.8660254037844387100, 1.000000000000000000, 0.8660254037844387100, 1.000000000000000000, 0.8660254037844387100, 1.000000000000000000, 0.8660254037844387100, 1.000000000000000000, 0.8660254037844387100, 1.000000000000000000, 0.8660254037844387100, 1.000000000000000000, 0.8660254037844387100, 1.000000000000000000, 0.8660254037844387100, 1.000000000000000000, 0.8660254037844387100, 1.000000000000000000, 0.8660254037844387100, 1.000000000000000000, 0.8660254037844387100, 1.000000000000000000, 0.8660254037844387100, 1.000000000000000000, 0.8660254037844387100, 1.000000000000000000, 0.8660254037844387100, 1.000000000000000000, 0.8660254037844387100, 1.000000000000000000, 0.8660254037844387100, 1.000000000000000000, 0.8660254037844387100, 1.000000000000000000, 0.8660254037844387100, 1.000000000000000000, 0.8660254037844387100, 1.000000000000000000, 0.8660254037844387100, 1.000000000000000000, 0.8660254037844387100, 1.000000000000000000, 0.8660254037844387100, 1.000000000000000000, 0.8660254037844387100, 1.000000000000000000, 0.8660254037844387100, 1.000000000000000000, 0.8660254037844387100, 1.000000000000000000, 0.8660254037844387100, 1.000000000000000000, 0.8660254037844387100, 1.000000000000000000, 0.8660254037844387100, 1.000000000000000000, 0.8660254037844387100, 1.000000000000000000, 0.8660254037844387100, 1.000000000000000000, 0.8660254037844387100, 1.000000000000000000, 0.8660254037844387100, 1.000000000000000000, 0.8660254037844387100, 1.000000000000000000, 0.8660254037844387100, 1.000000000000000000, 0.8660254037844387100, 1.000000000000000000, 0.8660254037844387100, 1.000000000000000000, 0.8660254037844387100, 1.000000000000000000, 0.8660254037844387100, 1.000000000000000000, 0.8660254037844387100, 1.000000000000000000, 0.8660254037844387100, 1.000000000000000000, 0.8660254037844387100, 1.000000000000000000, 0.8660254037844387100, 1.000000000000000000, 0.8660254037844387100, 1.000000000000000000, 0.8660254037844387100, 1.000000000000000000, 0.8660254037844387100, 1.000000000000000000, 0.8660254037844387100, 1.000000000000000000, 0.8660254037844387100, 1.000000000000000000, 0.8660254037844387100, 1.000000000000000000, 0.8660254037844387100, 1.000000000000000000, 0.8660254037844387100, 1.000000000000000000, 0.8660254037844387100, 1.000000000000000000, 0.8660254037844387100, 1.000000000000000000, 0.8660254037844387100, 1.000000000000000000, 0.8660254037844387100, 1.000000000000000000, 0.8660254037844387100, 1.000000000000000000, 0.8660254037844387100, 1.000000000000000000, 0.8660254037844387100, 1.000000000000000000, 0.8660254037844387100, 1.000000000000000000, 0.8660254037844387100, 1.000000000000000000, 0.8660254037844387100, 1.000000000000000000, 0.8660254037844387100, 1.000000000000000000),
 ( 1.000000000000000000, 0.8660254037844387100, 1.000000000000000000, 0.8660254037844387100, 1.000000000000000000, 0.8660254037844387100, 1.000000000000000000, 0.8660254037844387100, 1.000000000000000000, 0.8660254037844387100, 1.000000000000000000, 0.8660254037844387100, 1.000000000000000000, 0.8660254037844387100, 1.000000000000000000, 0.8660254037844387100, 1.000000000000000000, 0.8660254037844387100, 1.000000000000000000, 0.8660254037844387100, 1.000000000000000000, 0.8660254037844387100, 1.000000000000000000, 0.8660254037844387100, 1.000000000000000000, 0.8660254037844387100, 1.000000000000000000, 0.8660254037844387100, 1.000000000000000000, 0.8660254037844387100, 1.000000000000000000, 0.8660254037844387100, 1.000000000000000000, 0.8660254037844387100, 1.000000000000000000, 0.8660254037844387100, 1.000000000000000000, 0.8660254037844387100, 1.000000000000000000, 0.8660254037844387100, 1.000000000000000000, 0.8660254037844387100, 1.000000000000000000, 0.8660254037844387100, 1.000000000000000000, 0.8660254037844387100, 1.000000000000000000, 0.8660254037844387100, 1.000000000000000000, 0.8660254037844387100, 1.000000000000000000, 0.8660254037844387100, 1.000000000000000000, 0.8660254037844387100, 1.000000000000000000, 0.8660254037844387100, 1.000000000000000000, 0.8660254037844387100, 1.000000000000000000, 0.8660254037844387100, 1.000000000000000000, 0.8660254037844387100, 1.000000000000000000, 0.8660254037844387100, 1.000000000000000000, 0.8660254037844387100, 1.000000000000000000, 0.8660254037844387100, 1.000000000000000000, 0.8660254037844387100, 1.000000000000000000, 0.8660254037844387100, 1.000000000000000000, 0.8660254037844387100, 1.000000000000000000, 0.8660254037844387100, 1.000000000000000000, 0.8660254037844387100, 1.000000000000000000, 0.8660254037844387100, 1.000000000000000000, 0.8660254037844387100, 1.000000000000000000, 0.8660254037844387100, 1.000000000000000000, 0.8660254037844387100, 1.000000000000000000, 0.8660254037844387100, 1.000000000000000000, 0.8660254037844387100, 1.000000000000000000, 0.8660254037844387100, 1.000000000000000000, 0.8660254037844387100, 1.000000000000000000, 0.8660254037844387100, 1.000000000000000000, 0.8660254037844387100, 1.000000000000000000, 0.8660254037844387100, 1.000000000000000000, 0.8660254037844387100, 1.000000000000000000, 0.8660254037844387100, 1.000000000000000000, 0.8660254037844387100, 1.000000000000000000, 0.8660254037844387100, 1.000000000000000000, 0.8660254037844387100, 1.000000000000000000, 0.8660254037844387100, 1.000000000000000000, 0.8660254037844387100, 1.000000000000000000, 0.8660254037844387100, 1.000000000000000000, 0.8660254037844387100, 1.000000000000000000, 0.8660254037844387100, 1.000000000000000000, 0.8660254037844387100, 1.000000000000000000, 0.8660254037844387100, 1.000000000000000000, 0.8660254037844387100, 1.000000000000000000, 0.8660254037844387100, 1.000000000000000000, 0.8660254037844387100, 1.000000000000000000, 0.8660254037844387100, 1.000000000000000000, 0.8660254037844387100, 1.000000000000000000, 0.8660254037844387100, 1.000000000000000000, 0.8660254037844387100, 1.000000000000000000, 0.8660254037844387100, 1.000000000000000000, 0.8660254037844387100, 1.000000000000000000, 0.8660254037844387100, 1.000000000000000000, 0.8660254037844387100, 1.000000000000000000, 0.8660254037844387100, 1.000000000000000000, 0.8660254037844387100, 1.000000000000000000, 0.8660254037844387100, 1.000000000000000000, 0.8660254037844387100, 1.000000000000000000, 0.8660254037844387100, 1.000000000000000000, 0.8660254037844387100, 1.000000000000000000, 0.8660254037844387100, 1.000000000000000000, 0.8660254037844387100, 1.000000000000000000, 0.8660254037844387100, 1.000000000000000000, 0.8660254037844387100, 1.000000000000000000, 0.8660254037844387100, 1.000000000000000000, 0.8660254037844387100, 1.000000000000000000, 0.8660254037844387100, 1.000000000000000000, 0.8660254037844387100, 1.000000000000000000, 0.8660254037844387100, 1.000000000000000000, 0.8660254037844387100, 1.000000000000000000, 0.8660254037844387100, 1.000000000000000000, 0.8660254037844387100, 1.000000000000000000, 0.8660254037844387100, 1.000000000000000000, 0.8660254037844387100, 1.000000000000000000, 0.8660254037844387100, 1.000000000000000000, 0.8660254037844387100, 1.000000000000000000, 0.8660254037844387100, 1.000000000000000000, 0.8660254037844387100, 1.000000000000000000, 0.8660254037844387100, 1.000000000000000000, 0.8660254037844387100, 1.000000000000000000, 0.8660254037844387100, 1.000000000000000000, 0.8660254037844387100, 1.000000000000000000, 0.8660254037844387100, 1.000000000000000000, 0.8660254037844387100, 1.000000000000000000, 0.8660254037844387100, 1.000000000000000000, 0.8660254037844387100, 1.000000000000000000, 0.8660254037844387100, 1.000000000000000000, 0.8660254037844387100, 1.000000000000000000, 0.8660254037844387100, 1.000000000000000000, 0.8660254037844387100, 1.000000000000000000, 0.8660254037844387100, 1.000000000000000000, 0.8660254037844387100, 1.000000000000000000, 0.8660254037844387100, 1.000000000000000000, 0.8660254037844387100, 1.000000000000000000, 0.8660254037844387100, 1.000000000000000000) ) ) 
 REPRESENTATION_ITEM ( '' )  SURFACE ( )  );
#4070 = ORIENTED_EDGE ( 'NONE', *, *, #4171, .T. ) ;
#4071 = EDGE_CURVE ( 'NONE', #3988, #636, #1885, .T. ) ;
#4072 = CARTESIAN_POINT ( 'NONE',  ( 0.05538908311032398500, 0.03197890204391205100, 0.2037037037037054100 ) ) ;
#4073 = CARTESIAN_POINT ( 'NONE',  ( 0.1349999999999999300, 1.660822318738193700E-017, 0.0000000000000000000 ) ) ;
#4074 = CARTESIAN_POINT ( 'NONE',  ( -0.06118970585793123700, 0.1061650462915499200, 0.6640000000000000300 ) ) ;
#4075 = CARTESIAN_POINT ( 'NONE',  ( 0.08296380739287030600, 0.1079550235274974300, 0.5067500000000000300 ) ) ;
#4076 = CARTESIAN_POINT ( 'NONE',  ( -0.1349999999999999500, -0.01767145867644261500, 0.6505000000000001900 ) ) ;
#4077 = CARTESIAN_POINT ( 'NONE',  ( -0.05538908311032396400, 0.03197890204391205100, 0.02199074074074101500 ) ) ;
#4078 = CARTESIAN_POINT ( 'NONE',  ( -0.07031249999999998600, -0.04059494080239566700, 0.5761093750000000300 ) ) ;
#4079 = CARTESIAN_POINT ( 'NONE',  ( 0.05538908311032398500, 0.03197890204391208600, 0.3148148148148174300 ) ) ;
#4080 = CARTESIAN_POINT ( 'NONE',  ( -0.03692605540688263800, 0.06395780408782419900, 0.2141203703703721500 ) ) ;
#4081 = CARTESIAN_POINT ( 'NONE',  ( -0.08199999999999996200, -2.539112733622136200E-016, 0.2326388888888909800 ) ) ;
#4082 = CARTESIAN_POINT ( 'NONE',  ( -0.04734272207354930200, -0.08199999999999985100, 0.4560185185185221500 ) ) ;
#4083 = CARTESIAN_POINT ( 'NONE',  ( -0.05538908311032396400, 0.03197890204391207900, 0.1053240740740750100 ) ) ;
#4084 = CARTESIAN_POINT ( 'NONE',  ( -0.08199999999999993400, -2.539112733622136200E-016, 0.2291666666666685200 ) ) ;
#4085 = CARTESIAN_POINT ( 'NONE',  ( 0.09468544414709857700, -1.629239144798038400E-017, 0.1909722222222239600 ) ) ;
#4086 = UNCERTAINTY_MEASURE_WITH_UNIT (LENGTH_MEASURE( 1.000000000000000100E-005 ), #1703, 'distance_accuracy_value', 'NONE');
#4087 = CARTESIAN_POINT ( 'NONE',  ( 0.03692605540688268000, 0.06395780408782418500, 0.2060185185185202100 ) ) ;
#4088 = CARTESIAN_POINT ( 'NONE',  ( 0.03180236820678552400, 0.1183376801086926200, 0.6640000000000000300 ) ) ;
#4089 = CARTESIAN_POINT ( 'NONE',  ( 0.08199999999999993400, 3.607370072902799900E-015, 0.02083333333333370700 ) ) ;
#4090 = LINE ( 'NONE', #3009, #1947 ) ;
#4091 = CARTESIAN_POINT ( 'NONE',  ( 0.1314863112440068400, 0.03533596464492644300, 0.5000000000000000000 ) ) ;
#4092 = CARTESIAN_POINT ( 'NONE',  ( 0.05538908311032394300, -0.03197890204391214800, 0.1157407407407417800 ) ) ;
#4093 = LOCAL_TIME ( 7, 12, 56.00000000000000000, #480 ) ;
#4094 = EDGE_CURVE ( 'NONE', #195, #4788, #922, .T. ) ;
#4095 = CARTESIAN_POINT ( 'NONE',  ( -0.1282499999999999200, 0.01678788547895453500, 0.5000000000000000000 ) ) ;
#4096 = CARTESIAN_POINT ( 'NONE',  ( -0.05538908311032397100, -0.03197890204391203700, 0.3287037037037063800 ) ) ;
#4097 = CARTESIAN_POINT ( 'NONE',  ( -7.832572005664740100E-018, -0.06395780408782417200, 0.2534722222222243700 ) ) ;
#4098 = CARTESIAN_POINT ( 'NONE',  ( 0.05538908311032398500, 0.03197890204391203700, 0.1516203703703716800 ) ) ;
#4099 = EDGE_CURVE ( 'NONE', #4676, #1007, #2472, .T. ) ;
#4100 = CARTESIAN_POINT ( 'NONE',  ( 0.0000000000000000000, -5.530426628471140400E-017, 0.4861111111111109900 ) ) ;
#4101 = CARTESIAN_POINT ( 'NONE',  ( -0.07101408311032393600, -0.04099999999999991200, 0.3460648148148178200 ) ) ;
#4102 = CYLINDRICAL_SURFACE ( 'NONE', #1758, 0.08199999999999993400 ) ;
#4103 = CARTESIAN_POINT ( 'NONE',  ( 0.03692605540688262400, -0.06395780408782422700, 0.1134259259259269600 ) ) ;
#4104 = CARTESIAN_POINT ( 'NONE',  ( 0.04734272207354931600, 0.08199999999999997600, 0.4143518518518550800 ) ) ;
#4105 = CARTESIAN_POINT ( 'NONE',  ( 0.01590431253046798200, -0.1214999999999999100, 0.6640000000000000300 ) ) ;
#4106 = CARTESIAN_POINT ( 'NONE',  ( -0.01678788547894933100, 0.1282499999999999200, 0.5000000000000000000 ) ) ;
#4107 = CARTESIAN_POINT ( 'NONE',  ( -0.06798856209364968800, 0.1179611625340331200, 0.5000000000000000000 ) ) ;
#4108 = CARTESIAN_POINT ( 'NONE',  ( -0.03692605540688263800, 0.06395780408782421300, 0.2384259259259279300 ) ) ;
#4109 = CARTESIAN_POINT ( 'NONE',  ( 0.05538908311032394300, -0.03197890204391205100, 0.4525462962963000500 ) ) ;
#4110 = CARTESIAN_POINT ( 'NONE',  ( 0.07101408311032390800, -0.04100000000000003600, 0.07754629629629714000 ) ) ;
#4111 = DIRECTION ( 'NONE',  ( -0.0000000000000000000, -0.0000000000000000000, -1.000000000000000000 ) ) ;
#4112 = VERTEX_POINT ( 'NONE', #1340 ) ;
#4113 = ORIENTED_EDGE ( 'NONE', *, *, #3058, .T. ) ;
#4114 = CARTESIAN_POINT ( 'NONE',  ( -0.06458913398896748400, 0.1120631044073336100, 0.5000000000000000000 ) ) ;
#4115 = CARTESIAN_POINT ( 'NONE',  ( -0.03692605540688265900, -0.06395780408782411600, 0.3587962962962992200 ) ) ;
#4116 = CARTESIAN_POINT ( 'NONE',  ( 0.05538908311032398500, 0.03197890204391209300, 0.3460648148148176000 ) ) ;
#4117 = CARTESIAN_POINT ( 'NONE',  ( -7.832572005664740100E-018, -0.06395780408782419900, 0.1701388888888903900 ) ) ;
#4118 = CARTESIAN_POINT ( 'NONE',  ( 0.06028879045083101300, 0.03171801222802751700, 0.006794555854713173400 ) ) ;
#4119 = CARTESIAN_POINT ( 'NONE',  ( -1.004210375300829100E-017, -0.08199999999999990600, 0.3784722222222254900 ) ) ;
#4120 = VERTEX_POINT ( 'NONE', #3704 ) ;
#4121 = FACE_OUTER_BOUND ( 'NONE', #1289, .T. ) ;
#4122 = CARTESIAN_POINT ( 'NONE',  ( -0.05538908311032396400, 0.03197890204391210700, 0.1851851851851867300 ) ) ;
#4123 = CARTESIAN_POINT ( 'NONE',  ( -0.06798856206436766600, 0.1179611625461654400, 0.6640000000000001500 ) ) ;
#4124 = CARTESIAN_POINT ( 'NONE',  ( 0.08296380739287030600, 0.1079550235274974300, 0.5067500000000000300 ) ) ;
#4125 = ADVANCED_FACE ( 'NONE', ( #1336 ), #4102, .T. ) ;
#4126 = EDGE_LOOP ( 'NONE', ( #4725, #3817, #690, #202 ) ) ;
#4127 = CARTESIAN_POINT ( 'NONE',  ( 0.06798856209364755000, -0.1179611625340389300, 0.5067500000000000300 ) ) ;
#4128 = CARTESIAN_POINT ( 'NONE',  ( 0.05538908311032394300, -0.03197890204391210700, 0.2546296296296317600 ) ) ;
#4129 = EDGE_CURVE ( 'NONE', #1783, #1367, #78, .T. ) ;
#4130 = ORIENTED_EDGE ( 'NONE', *, *, #1575, .F. ) ;
#4131 = CARTESIAN_POINT ( 'NONE',  ( 0.07101408311032395000, 0.04099999999999995300, 0.3287037037037063300 ) ) ;
#4132 = CARTESIAN_POINT ( 'NONE',  ( 0.1282499999999999200, -0.01678788547894930600, 0.5000000000000000000 ) ) ;
#4133 = B_SPLINE_CURVE_WITH_KNOTS ( 'NONE', 3,
 ( #3926, #4334, #4702, #4737, #2401, #3579, #100, #4321, #3195, #481, #882, #1265, #1649, #2801, #3974, #1680, #229, #2844 ),
 .UNSPECIFIED., .F., .F.,
 ( 4, 2, 2, 2, 2, 2, 2, 2, 4 ),
 ( 0.5000000000000000000, 0.5624999999999998900, 0.6249999999999998900, 0.6874999999999997800, 0.7499999999999997800, 0.8124999999999998900, 0.8749999999999998900, 0.9375000000000000000, 1.000000000000000000 ),
 .UNSPECIFIED. ) ;
#4134 = CARTESIAN_POINT ( 'NONE',  ( 0.0000000000000000000, 0.06395780408782425500, 0.4027777777777810700 ) ) ;
#4135 = CARTESIAN_POINT ( 'NONE',  ( -0.05538908311032397100, -0.03197890204391206500, 0.2488425925925946700 ) ) ;
#4136 =( BOUNDED_CURVE ( )  B_SPLINE_CURVE ( 2, ( #3456, #2705, #3827, #1927, #3109, #2693, #1941, #1533, #388 ),
 .UNSPECIFIED., .F., .F. ) 
 B_SPLINE_CURVE_WITH_KNOTS ( ( 3, 2, 2, 2, 3 ),
 ( 0.8552631578947368400, 0.8596491228070175500, 0.8684210526315789800, 0.8771929824561403000, 0.8815789473684210200 ),
 .UNSPECIFIED. ) 
 CURVE ( )  GEOMETRIC_REPRESENTATION_ITEM ( )  RATIONAL_B_SPLINE_CURVE ( ( 0.9330127018922194100, 0.9330127018922194100, 1.000000000000000000, 0.8660254037844387100, 1.000000000000000000, 0.8660254037844387100, 1.000000000000000000, 0.9330127018922194100, 0.9330127018922194100 ) ) 
 REPRESENTATION_ITEM ( '' )  );
#4137 = DIRECTION ( 'NONE',  ( -0.0000000000000000000, -0.0000000000000000000, -1.000000000000000000 ) ) ;
#4138 = CARTESIAN_POINT ( 'NONE',  ( 0.0000000000000000000, 0.06395780408782421300, 0.2395833333333353400 ) ) ;
#4139 = CARTESIAN_POINT ( 'NONE',  ( 0.0000000000000000000, 0.08199999999999997600, 0.3055555555555579700 ) ) ;
#4140 = CARTESIAN_POINT ( 'NONE',  ( 0.07101408311032390800, -0.04099999999999994600, 0.4108796296296331500 ) ) ;
#4141 = CARTESIAN_POINT ( 'NONE',  ( 0.03692605540688268000, 0.06395780408782417200, 0.1782407407407422800 ) ) ;
#4142 = CARTESIAN_POINT ( 'NONE',  ( 0.04537373041983797800, -0.06809213743868425300, 0.02028965595797227100 ) ) ;
#4143 = CARTESIAN_POINT ( 'NONE',  ( 0.08296380741527627200, -0.1079550235050914500, 0.6505000000000000800 ) ) ;
#4144 = CARTESIAN_POINT ( 'NONE',  ( 0.1079550235274956000, -0.08296380739286483800, 0.5000000000000000000 ) ) ;
#4145 = CARTESIAN_POINT ( 'NONE',  ( 0.08199999999999992000, -1.601242264446392400E-017, 0.2430555555555574700 ) ) ;
#4146 = CARTESIAN_POINT ( 'NONE',  ( -0.07385211081376529000, -3.606779590908370700E-018, 0.1597222222222236000 ) ) ;
#4147 = CARTESIAN_POINT ( 'NONE',  ( 0.08199999999999993400, 1.011759515190096700E-017, 0.0000000000000000000 ) ) ;
#4148 = DIRECTION ( 'NONE',  ( -0.7071067811865435800, 8.659560562354884800E-017, 0.7071067811865514600 ) ) ;
#4149 = ADVANCED_FACE ( 'NONE', ( #1164 ), #2567, .F. ) ;
#4150 = CARTESIAN_POINT ( 'NONE',  ( -0.03692605540688263800, 0.06395780408782422700, 0.3217592592592618500 ) ) ;
#4151 = CARTESIAN_POINT ( 'NONE',  ( -0.03692605540688265900, -0.06395780408782414400, 0.2789351851851875600 ) ) ;
#4152 = CARTESIAN_POINT ( 'NONE',  ( -6.893400805887434300E-005, -0.06576176329820783400, 0.004384403233323228200 ) ) ;
#4153 = CARTESIAN_POINT ( 'NONE',  ( 0.07385211081376527600, 1.625005970937221100E-017, 0.2881944444444468100 ) ) ;
#4154 = CARTESIAN_POINT ( 'NONE',  ( 0.07101408311032396400, 0.04099999999999995300, 0.3043981481481508000 ) ) ;
#4155 = CARTESIAN_POINT ( 'NONE',  ( -0.04734272207354930900, -0.08199999999999987900, 0.4594907407407446400 ) ) ;
#4156 = AXIS2_PLACEMENT_3D ( 'NONE', #701, #4535, #4901 ) ;
#4157 = CARTESIAN_POINT ( 'NONE',  ( 0.03692605540688268000, 0.06395780408782419900, 0.2893518518518541900 ) ) ;
#4158 = CARTESIAN_POINT ( 'NONE',  ( -0.1214999999999999000, -0.01589004551733684200, 0.6640000000000000300 ) ) ;
#4159 = CARTESIAN_POINT ( 'NONE',  ( -0.01767145839889426200, -0.1349999999999999300, 0.5000000000000000000 ) ) ;
#4160 = ORIENTED_EDGE ( 'NONE', *, *, #3773, .F. ) ;
#4161 = CARTESIAN_POINT ( 'NONE',  ( -0.08296380741528211500, -0.1079550235050855700, 0.6505000000000000800 ) ) ;
#4162 = PRODUCT_DEFINITION ( 'UNKNOWN', '', #456, #1361 ) ;
#4163 = CARTESIAN_POINT ( 'NONE',  ( -0.1179611625340376600, -0.06798856209365067300, 0.5067500000000000300 ) ) ;
#4164 = CARTESIAN_POINT ( 'NONE',  ( -0.05538908311032397100, -0.03197890204391207200, 0.2175925925925944500 ) ) ;
#4165 = CARTESIAN_POINT ( 'NONE',  ( -0.05538908311032396400, 0.03197890204391218300, 0.4664351851851889500 ) ) ;
#4166 = VECTOR ( 'NONE', #3298, 39.37007874015748100 ) ;
#4167 = EDGE_CURVE ( 'NONE', #2561, #2731, #4891, .T. ) ;
#4168 = DIRECTION ( 'NONE',  ( -0.0000000000000000000, -0.0000000000000000000, -1.000000000000000000 ) ) ;
#4169 = CARTESIAN_POINT ( 'NONE',  ( 0.0000000000000000000, 0.06395780408782428300, 0.4861111111111150500 ) ) ;
#4170 = CARTESIAN_POINT ( 'NONE',  ( -7.832572005664740100E-018, -0.06395780408782411600, 0.4201388888888923400 ) ) ;
#4171 = EDGE_CURVE ( 'NONE', #3562, #1063, #4275, .T. ) ;
#4172 = CARTESIAN_POINT ( 'NONE',  ( -0.07385211081376527600, 2.203199711446408800E-017, 0.2465277777777798200 ) ) ;
#4173 = CARTESIAN_POINT ( 'NONE',  ( -0.08199999999999993400, 3.431233423813696700E-017, 0.2604166666666689100 ) ) ;
#4174 = CARTESIAN_POINT ( 'NONE',  ( 0.04734272207354926100, -0.08199999999999992000, 0.3530092592592623000 ) ) ;
#4175 = CARTESIAN_POINT ( 'NONE',  ( 0.0000000000000000000, 0.06395780408782424100, 0.3750000000000030500 ) ) ;
#4176 = CARTESIAN_POINT ( 'NONE',  ( 0.0000000000000000000, 0.06395780408782428300, 0.4895833333333372600 ) ) ;
#4177 = CARTESIAN_POINT ( 'NONE',  ( 0.03692605540688262400, -0.06395780408782422700, 0.1724537037037051900 ) ) ;
#4178 = CARTESIAN_POINT ( 'NONE',  ( -0.08296380739286991800, -0.1079550235274977200, 0.5067500000000000300 ) ) ;
#4179 = CARTESIAN_POINT ( 'NONE',  ( -0.07101408311032392200, 0.04099999999999998800, 0.1747685185185201000 ) ) ;
#4180 = EDGE_LOOP ( 'NONE', ( #2729, #2198, #1859, #1839 ) ) ;
#4181 = ORIENTED_EDGE ( 'NONE', *, *, #135, .T. ) ;
#4182 = CARTESIAN_POINT ( 'NONE',  ( 0.03692605540688262400, -0.06395780408782414400, 0.3912037037037069400 ) ) ;
#4183 = ORIENTED_EDGE ( 'NONE', *, *, #2072, .F. ) ;
#4184 = CARTESIAN_POINT ( 'NONE',  ( -7.832572005664740100E-018, -0.06395780408782411600, 0.4479166666666703500 ) ) ;
#4185 = VECTOR ( 'NONE', #3212, 39.37007874015748100 ) ;
#4186 =( BOUNDED_CURVE ( )  B_SPLINE_CURVE ( 2, ( #1101, #2715, #1966, #1179, #749, #3418, #1573, #1136, #1897 ),
 .UNSPECIFIED., .F., .F. ) 
 B_SPLINE_CURVE_WITH_KNOTS ( ( 3, 2, 2, 2, 3 ),
 ( 0.09210526315789474600, 0.09649122807017543300, 0.1052631578947368400, 0.1140350877192982400, 0.1184210526315789400 ),
 .UNSPECIFIED. ) 
 CURVE ( )  GEOMETRIC_REPRESENTATION_ITEM ( )  RATIONAL_B_SPLINE_CURVE ( ( 0.9330127018922194100, 0.9330127018922196300, 1.000000000000000000, 0.8660254037844387100, 1.000000000000000000, 0.8660254037844387100, 1.000000000000000000, 0.9330127018922194100, 0.9330127018922194100 ) ) 
 REPRESENTATION_ITEM ( '' )  );
#4187 = CARTESIAN_POINT ( 'NONE',  ( 0.08199999999999993400, 2.287488949209131600E-018, 0.3020833333333358700 ) ) ;
#4188 = CARTESIAN_POINT ( 'NONE',  ( -0.03692605540688263800, 0.06395780408782426900, 0.4606481481481519100 ) ) ;
#4189 = CARTESIAN_POINT ( 'NONE',  ( 0.05538908311032398500, 0.03197890204391211400, 0.4293981481481515800 ) ) ;
#4190 = EDGE_LOOP ( 'NONE', ( #3447, #573 ) ) ;
#4191 = CARTESIAN_POINT ( 'NONE',  ( 0.05538908311032398500, 0.03197890204391205800, 0.2349537037037056600 ) ) ;
#4192 = EDGE_LOOP ( 'NONE', ( #4736, #4696 ) ) ;
#4193 = ORIENTED_EDGE ( 'NONE', *, *, #918, .F. ) ;
#4194 = CYLINDRICAL_SURFACE ( 'NONE', #4217, 0.08199999999999993400 ) ;
#4195 = CARTESIAN_POINT ( 'NONE',  ( 0.03692605540688262400, -0.06395780408782419900, 0.2523148148148169300 ) ) ;
#4196 = CARTESIAN_POINT ( 'NONE',  ( -0.03571610462068697900, -0.07031108525427659500, 0.01732348263095210400 ) ) ;
#4197 = CARTESIAN_POINT ( 'NONE',  ( -0.04734272207354927500, 0.08199999999999999000, 0.3634259259259287600 ) ) ;
#4198 = CARTESIAN_POINT ( 'NONE',  ( 0.1349999999999999300, 0.01767145839889404400, 0.5067500000000000300 ) ) ;
#4199 = ORIENTED_EDGE ( 'NONE', *, *, #2716, .F. ) ;
#4200 = CARTESIAN_POINT ( 'NONE',  ( 0.03692605540688268000, 0.06395780408782419900, 0.2615740740740761800 ) ) ;
#4201 = B_SPLINE_CURVE_WITH_KNOTS ( 'NONE', 3,
 ( #835, #3987, #777, #1166, #1948, #27, #914, #4011, #1756, #1314, #1370, #3199, #4028, #4755, #4045, #3582, #4425, #4807 ),
 .UNSPECIFIED., .F., .F.,
 ( 4, 2, 2, 2, 2, 2, 2, 2, 4 ),
 ( 0.5000000000000000000, 0.5625000000000000000, 0.6250000000000000000, 0.6875000000000000000, 0.7500000000000000000, 0.8125000000000000000, 0.8750000000000000000, 0.9375000000000000000, 1.000000000000000000 ),
 .UNSPECIFIED. ) ;
#4202 = CARTESIAN_POINT ( 'NONE',  ( 0.07101408311032390800, -0.04100000000000005700, 0.02199074074074114700 ) ) ;
#4203 = CARTESIAN_POINT ( 'NONE',  ( -0.07385211081376527600, 3.023640566018328800E-017, 0.2743055555555578600 ) ) ;
#4204 = CARTESIAN_POINT ( 'NONE',  ( 0.08199999999999997600, -0.02197183377935205800, 0.02306505003504150500 ) ) ;
#4205 = CARTESIAN_POINT ( 'NONE',  ( 0.04734272207354926100, -0.08199999999999987900, 0.4918981481481523000 ) ) ;
#4206 = CARTESIAN_POINT ( 'NONE',  ( -0.07385211081376527600, 6.202848877484514500E-017, 0.3819444444444475300 ) ) ;
#4207 = CARTESIAN_POINT ( 'NONE',  ( 0.0000000000000000000, -5.530426628471140400E-017, 0.4895833333333332600 ) ) ;
#4208 = CARTESIAN_POINT ( 'NONE',  ( -0.1314863112318798700, 0.03533596467420729200, 0.6505000000000000800 ) ) ;
#4209 = CARTESIAN_POINT ( 'NONE',  ( 0.03692605540688262400, -0.06395780408782419900, 0.2280092592592612200 ) ) ;
#4210 = CARTESIAN_POINT ( 'NONE',  ( -0.05538908311032396400, 0.03197890204391212700, 0.2685185185185207100 ) ) ;
#4211 = CARTESIAN_POINT ( 'NONE',  ( 0.0000000000000000000, 0.06395780408782413000, -0.01041666666666665900 ) ) ;
#4212 = CARTESIAN_POINT ( 'NONE',  ( -0.1214999999999999100, 1.495495000853301000E-017, 0.6640000000000000300 ) ) ;
#4213 = EDGE_LOOP ( 'NONE', ( #63, #560, #3064, #4793 ) ) ;
#4214 = CARTESIAN_POINT ( 'NONE',  ( 0.04734272207354931600, 0.08199999999999986500, 0.001157407407407605300 ) ) ;
#4215 = CARTESIAN_POINT ( 'NONE',  ( -0.03692605540688265900, -0.06395780408782410200, 0.4456018518518555200 ) ) ;
#4216 = CARTESIAN_POINT ( 'NONE',  ( -0.08199999999999993400, 7.549139889267777500E-020, 0.0000000000000000000 ) ) ;
#4217 = AXIS2_PLACEMENT_3D ( 'NONE', #2605, #340, #3020 ) ;
#4218 = CARTESIAN_POINT ( 'NONE',  ( 0.05538908311032394300, -0.03197890204391207200, 0.3657407407407437500 ) ) ;
#4219 = CARTESIAN_POINT ( 'NONE',  ( -0.07031249999999998600, -0.04059494080239566700, 0.5761093750000000300 ) ) ;
#4220 = CARTESIAN_POINT ( 'NONE',  ( -0.08200000000000000300, 0.02197183377935191600, 0.1723706055905980000 ) ) ;
#4221 = DIMENSIONAL_EXPONENTS ( 1.000000000000000000, 0.0000000000000000000, 0.0000000000000000000, 0.0000000000000000000, 0.0000000000000000000, 0.0000000000000000000, 0.0000000000000000000 ) ;
#4222 = CARTESIAN_POINT ( 'NONE',  ( -0.06798856206436824900, 0.1179611625461668600, 0.6505000000000000800 ) ) ;
#4223 = FACE_OUTER_BOUND ( 'NONE', #94, .T. ) ;
#4224 = CARTESIAN_POINT ( 'NONE',  ( 0.05538908311032398500, 0.03197890204391205800, 0.2349537037037056600 ) ) ;
#4225 = CARTESIAN_POINT ( 'NONE',  ( 0.0000000000000000000, 0.06395780408782422700, 0.3194444444444470800 ) ) ;
#4226 = CARTESIAN_POINT ( 'NONE',  ( -0.08199999999999992000, 4.346229003497349700E-017, 0.2847222222222244300 ) ) ;
#4227 = CARTESIAN_POINT ( 'NONE',  ( -0.1214999999999999100, -0.01590431253047878300, 0.6640000000000000300 ) ) ;
#4228 = CARTESIAN_POINT ( 'NONE',  ( 0.05538908311032398500, 0.03197890204391211400, 0.4259259259259293700 ) ) ;
#4229 = AXIS2_PLACEMENT_3D ( 'NONE', #4913, #1069, #2635 ) ;
#4230 = EDGE_CURVE ( 'NONE', #1917, #1560, #2357, .T. ) ;
#4231 = CARTESIAN_POINT ( 'NONE',  ( 0.07385211081376527600, 4.086328534652979500E-017, 0.3715277777777808400 ) ) ;
#4232 = CARTESIAN_POINT ( 'NONE',  ( -0.01675947289263053600, 0.1282471885604968600, 0.5000000000000001100 ) ) ;
#4233 = ORIENTED_EDGE ( 'NONE', *, *, #1474, .T. ) ;
#4234 = ORIENTED_EDGE ( 'NONE', *, *, #4021, .F. ) ;
#4235 = CARTESIAN_POINT ( 'NONE',  ( -7.832572005664740100E-018, -0.06395780408782411600, 0.4444444444444480300 ) ) ;
#4236 = CARTESIAN_POINT ( 'NONE',  ( -0.01154300254467597100, -0.07452552597836606400, 0.5726126211522767400 ) ) ;
#4237 = ORIENTED_EDGE ( 'NONE', *, *, #1575, .T. ) ;
#4238 = CONICAL_SURFACE ( 'NONE', #2392, 0.08118988160479118100, 1.047197551196600100 ) ;
#4239 = CARTESIAN_POINT ( 'NONE',  ( 0.07101408311032389500, -0.04100000000000004300, 0.01851851851851867700 ) ) ;
#4240 = CARTESIAN_POINT ( 'NONE',  ( 0.03692605540688268000, 0.06395780408782419900, 0.2928240740740764600 ) ) ;
#4241 = CARTESIAN_POINT ( 'NONE',  ( -0.03692605540688263800, 0.06395780408782422700, 0.3217592592592618500 ) ) ;
#4242 = CARTESIAN_POINT ( 'NONE',  ( 0.04703879668251673800, -0.05403201967778415600, 0.5704242982476568400 ) ) ;
#4243 = VERTEX_POINT ( 'NONE', #259 ) ;
#4244 = CIRCLE ( 'NONE', #822, 0.08118988160479118100 ) ;
#4245 = CARTESIAN_POINT ( 'NONE',  ( 0.1214999999999999100, -0.01590431253047733900, 0.6640000000000000300 ) ) ;
#4246 = CARTESIAN_POINT ( 'NONE',  ( -0.07101408311032392200, 0.04099999999999995300, 0.06365740740740812000 ) ) ;
#4247 = CARTESIAN_POINT ( 'NONE',  ( 0.05538908311032394300, -0.03197890204391206500, 0.3969907407407440300 ) ) ;
#4248 = DIRECTION ( 'NONE',  ( -1.000000000000000000, 0.0000000000000000000, 0.0000000000000000000 ) ) ;
#4249 = CARTESIAN_POINT ( 'NONE',  ( 0.03692605540688268000, 0.06395780408782426900, 0.5115740740740782900 ) ) ;
#4250 = CARTESIAN_POINT ( 'NONE',  ( 0.04734272207354931600, 0.08199999999999986500, 0.02893518518518560500 ) ) ;
#4251 = DIRECTION ( 'NONE',  ( -1.000000000000000000, 0.0000000000000000000, 0.0000000000000000000 ) ) ;
#4252 = CARTESIAN_POINT ( 'NONE',  ( -0.1349999999999999300, 0.01767145867644258000, 0.6505000000000000800 ) ) ;
#4253 = CARTESIAN_POINT ( 'NONE',  ( 0.0000000000000000000, -1.104688079777929600E-016, 0.6640000000000000300 ) ) ;
#4254 = AXIS2_PLACEMENT_3D ( 'NONE', #524, #3201, #915 ) ;
#4255 = CARTESIAN_POINT ( 'NONE',  ( -0.05538908311032397100, -0.03197890204391207200, 0.2210648148148166800 ) ) ;
#4256 = CARTESIAN_POINT ( 'NONE',  ( 0.06770693929235364900, -0.01293401110178559800, 0.4761274299815418900 ) ) ;
#4257 = CARTESIAN_POINT ( 'NONE',  ( 0.05538908311032398500, 0.03197890204391199600, 0.01273148148148168400 ) ) ;
#4258 = CARTESIAN_POINT ( 'NONE',  ( 0.07466742667375374200, 0.09715952115457372800, 0.6640000000000000300 ) ) ;
#4259 = EDGE_CURVE ( 'NONE', #2912, #2095, #2670, .T. ) ;
#4260 = CARTESIAN_POINT ( 'NONE',  ( -1.004210375300829100E-017, -0.08200000000000000300, 0.04513888888888947800 ) ) ;
#4261 = CARTESIAN_POINT ( 'NONE',  ( 0.03692605540688262400, -0.06395780408782415800, 0.3668981481481511400 ) ) ;
#4262 = CARTESIAN_POINT ( 'NONE',  ( 0.03692605540688268000, 0.06395780408782422700, 0.3761574074074104400 ) ) ;
#4263 = CARTESIAN_POINT ( 'NONE',  ( 0.03750793963531760800, -0.05180497242591561300, 0.002791137421157789200 ) ) ;
#4264 = CARTESIAN_POINT ( 'NONE',  ( 0.01483520398868648000, 0.07286388474725530300, 0.4796447596954456800 ) ) ;
#4265 = CARTESIAN_POINT ( 'NONE',  ( 0.0000000000000000000, 0.06395780408782425500, 0.4305555555555590800 ) ) ;
#4266 = CARTESIAN_POINT ( 'NONE',  ( -0.005747480113776041700, -0.07787157241394063200, 0.5741935482953671700 ) ) ;
#4267 = CARTESIAN_POINT ( 'NONE',  ( -0.02327370331748338300, 0.06775280272940273400, 0.6583149232476569500 ) ) ;
#4268 = CARTESIAN_POINT ( 'NONE',  ( 0.04734272207354925400, -0.08199999999999989200, 0.4050925925925957800 ) ) ;
#4269 = CARTESIAN_POINT ( 'NONE',  ( -1.004210375300828800E-017, -0.08199999999999997600, 0.06944444444444501700 ) ) ;
#4270 = CARTESIAN_POINT ( 'NONE',  ( 0.0000000000000000000, 0.06395780408782421300, 0.2673611111111133300 ) ) ;
#4271 = CARTESIAN_POINT ( 'NONE',  ( 0.07385211081376527600, -5.758961720210048200E-017, 0.03819444444444485700 ) ) ;
#4272 = CALENDAR_DATE ( 2023, 19, 12 ) ;
#4273 = CARTESIAN_POINT ( 'NONE',  ( 0.1314863112318841500, 0.03533596467420591100, 0.6640000000000001500 ) ) ;
#4274 = CARTESIAN_POINT ( 'NONE',  ( -1.004210375300829100E-017, -0.08199999999999999000, 0.07291666666666747600 ) ) ;
#4275 = LINE ( 'NONE', #4504, #1829 ) ;
#4276 = CARTESIAN_POINT ( 'NONE',  ( 0.05538908311032394300, -0.03197890204391205800, 0.4247685185185220400 ) ) ;
#4277 = CARTESIAN_POINT ( 'NONE',  ( -0.08199999999999993400, 1.212369143080840000E-016, 0.09027777777777849800 ) ) ;
#4278 = CARTESIAN_POINT ( 'NONE',  ( 0.03275069667198597700, 0.06505595331458342800, 0.4790314112575342900 ) ) ;
#4279 = CARTESIAN_POINT ( 'NONE',  ( -0.05538908311032396400, 0.03197890204391219700, 0.4907407407407447500 ) ) ;
#4280 = CARTESIAN_POINT ( 'NONE',  ( 0.08199999999999993400, -0.02197183377935207600, 0.1897317167017094600 ) ) ;
#4281 = CARTESIAN_POINT ( 'NONE',  ( 0.1349999999999999800, 0.01767145867644259000, 0.6505000000000001900 ) ) ;
#4282 = CARTESIAN_POINT ( 'NONE',  ( -0.04734272207354930900, -0.08199999999999990600, 0.3206018518518546400 ) ) ;
#4283 = CARTESIAN_POINT ( 'NONE',  ( 0.07101408311032389500, -0.04100000000000003600, 0.04629629629629668200 ) ) ;
#4284 = CARTESIAN_POINT ( 'NONE',  ( -7.832572005664740100E-018, -0.06395780408782411600, 0.4201388888888923400 ) ) ;
#4285 = ORIENTED_EDGE ( 'NONE', *, *, #4686, .T. ) ;
#4286 = CARTESIAN_POINT ( 'NONE',  ( 0.05538908311032398500, 0.03197890204391200900, 0.04050925925925968200 ) ) ;
#4287 = EDGE_LOOP ( 'NONE', ( #698, #3764, #1772, #1713 ) ) ;
#4288 = CARTESIAN_POINT ( 'NONE',  ( 0.06798856206435730000, -0.1179611625461688800, 0.6640000000000001500 ) ) ;
#4289 = CARTESIAN_POINT ( 'NONE',  ( -0.04734272207354930900, -0.08199999999999997600, 0.07060185185185266500 ) ) ;
#4290 = ORIENTED_EDGE ( 'NONE', *, *, #109, .F. ) ;
#4291 = CARTESIAN_POINT ( 'NONE',  ( -0.04734272207354926100, 0.08199999999999996200, 0.2523148148148168200 ) ) ;
#4292 = CARTESIAN_POINT ( 'NONE',  ( 0.02288376447117181400, -0.06031536821525620300, 0.002791137421157823000 ) ) ;
#4293 = VERTEX_POINT ( 'NONE', #1838 ) ;
#4294 = FACE_OUTER_BOUND ( 'NONE', #1124, .T. ) ;
#4295 = CARTESIAN_POINT ( 'NONE',  ( -0.03692605540688265900, -0.06395780408782410200, 0.4143518518518552500 ) ) ;
#4296 = CARTESIAN_POINT ( 'NONE',  ( -0.06798856235007139100, -0.1179611624278247300, 0.5067500000000000300 ) ) ;
#4297 = CARTESIAN_POINT ( 'NONE',  ( 0.07031250000000012500, -0.03400025198381686300, 0.5742056523176853900 ) ) ;
#4298 = DIRECTION ( 'NONE',  ( -0.0000000000000000000, -0.0000000000000000000, -1.000000000000000000 ) ) ;
#4299 = CARTESIAN_POINT ( 'NONE',  ( -0.08068674962360293500, -0.005582729314677684800, 0.4837185209276642100 ) ) ;
#4300 = DIRECTION ( 'NONE',  ( -0.0000000000000000000, -0.0000000000000000000, 1.000000000000000000 ) ) ;
#4301 = ORIENTED_EDGE ( 'NONE', *, *, #2212, .T. ) ;
#4302 = ORIENTED_EDGE ( 'NONE', *, *, #4638, .F. ) ;
#4303 = CARTESIAN_POINT ( 'NONE',  ( 0.0000000000000000000, 0.06395780408782424100, 0.3784722222222252600 ) ) ;
#4304 = CARTESIAN_POINT ( 'NONE',  ( 0.07031250000000009700, 0.006856375251635609500, 0.5698293158023956000 ) ) ;
#4305 = CARTESIAN_POINT ( 'NONE',  ( 0.03692605540688268000, 0.06395780408782414400, 0.07060185185185248500 ) ) ;
#4306 = ORIENTED_EDGE ( 'NONE', *, *, #1306, .T. ) ;
#4307 = CARTESIAN_POINT ( 'NONE',  ( -0.07101408311032393600, -0.04099999999999996700, 0.1516203703703717900 ) ) ;
#4308 = AXIS2_PLACEMENT_3D ( 'NONE', #2148, #238, #2183 ) ;
#4309 = CARTESIAN_POINT ( 'NONE',  ( 0.04734272207354925400, -0.08199999999999990600, 0.3495370370370398700 ) ) ;
#4310 = CARTESIAN_POINT ( 'NONE',  ( 0.08296380719661351800, -0.1079550237237542600, 0.5067500000000000300 ) ) ;
#4311 = CARTESIAN_POINT ( 'NONE',  ( 0.05538908311032394300, -0.03197890204391218300, 0.008101851851852035300 ) ) ;
#4312 = CARTESIAN_POINT ( 'NONE',  ( 0.07101408311032395000, 0.04099999999999993200, 0.2731481481481503000 ) ) ;
#4313 = CARTESIAN_POINT ( 'NONE',  ( 0.07101408311032389500, -0.04100000000000002300, 0.1018518518518526800 ) ) ;
#4314 = CARTESIAN_POINT ( 'NONE',  ( 0.05538908311032394300, -0.03197890204391207200, 0.3692129629629660700 ) ) ;
#4315 = CARTESIAN_POINT ( 'NONE',  ( 0.07385211081376529000, 6.445095991547246100E-017, 0.4513888888888925600 ) ) ;
#4316 = CARTESIAN_POINT ( 'NONE',  ( 0.05538908311032398500, 0.03197890204391203000, 0.1238425925925936800 ) ) ;
#4317 = EDGE_CURVE ( 'NONE', #4676, #214, #975, .T. ) ;
#4318 = CARTESIAN_POINT ( 'NONE',  ( 0.08477777777777773000, -4.492198286527329000E-017, 0.4861111111111109900 ) ) ;
#4319 = CARTESIAN_POINT ( 'NONE',  ( 0.09468544414709854900, 4.011291730383898600E-017, 0.3819444444444475300 ) ) ;
#4320 = CARTESIAN_POINT ( 'NONE',  ( -0.04734272207354930900, -0.08199999999999997600, 0.09837962962963064900 ) ) ;
#4321 = CARTESIAN_POINT ( 'NONE',  ( 0.03182969378802662200, 0.1183294042724166300, 0.6640000000000000300 ) ) ;
#4322 = CARTESIAN_POINT ( 'NONE',  ( 0.0000000000000000000, 2.561107494060246800E-017, 0.5761093750000000300 ) ) ;
#4323 = DIRECTION ( 'NONE',  ( -0.0000000000000000000, -0.0000000000000000000, -1.000000000000000000 ) ) ;
#4324 = DIRECTION ( 'NONE',  ( -0.0000000000000000000, -0.0000000000000000000, -1.000000000000000000 ) ) ;
#4325 = CARTESIAN_POINT ( 'NONE',  ( 0.07101408311032395000, 0.04099999999999989800, 0.1342592592592603000 ) ) ;
#4326 = CARTESIAN_POINT ( 'NONE',  ( -0.07385211081376527600, 7.946285693449842100E-017, 0.4409722222222258200 ) ) ;
#4327 = CARTESIAN_POINT ( 'NONE',  ( -0.08199999999999993400, 1.303868701049205300E-016, 0.1180555555555564800 ) ) ;
#4328 = CARTESIAN_POINT ( 'NONE',  ( 0.0000000000000000000, 0.06395780408782418500, 0.1562500000000013300 ) ) ;
#4329 = CARTESIAN_POINT ( 'NONE',  ( 0.07101408311032395000, 0.04099999999999992500, 0.2175925925925943100 ) ) ;
#4330 = CARTESIAN_POINT ( 'NONE',  ( 0.05538908311032398500, 0.03197890204391199600, 0.009259259259259432200 ) ) ;
#4331 = CARTESIAN_POINT ( 'NONE',  ( 0.07101408311032389500, -0.04099999999999995300, 0.3518518518518546400 ) ) ;
#4332 = CC_DESIGN_SECURITY_CLASSIFICATION ( #971, ( #456 ) ) ;
#4333 = CARTESIAN_POINT ( 'NONE',  ( -0.1349999999999999300, 1.660822318738193700E-017, 0.6640000000000000300 ) ) ;
#4334 = CARTESIAN_POINT ( 'NONE',  ( 0.1215028111714613300, 0.01587589995991145800, 0.6640000000000003700 ) ) ;
#4335 = CARTESIAN_POINT ( 'NONE',  ( -0.02666516146694033700, -0.06399172309628611800, 0.4770733821191388000 ) ) ;
#4336 = CARTESIAN_POINT ( 'NONE',  ( 0.07031250000000011100, 2.561107477181263300E-017, 0.5698293158023957100 ) ) ;
#4337 = CARTESIAN_POINT ( 'NONE',  ( -0.07101408311032390800, 0.04100000000000000900, 0.2824074074074096600 ) ) ;
#4338 = CARTESIAN_POINT ( 'NONE',  ( 0.08199999999999992000, -4.574977898418262900E-017, 0.1319444444444454700 ) ) ;
#4339 = ORIENTED_EDGE ( 'NONE', *, *, #2087, .F. ) ;
#4340 = ORIENTED_EDGE ( 'NONE', *, *, #3603, .T. ) ;
#4341 = CARTESIAN_POINT ( 'NONE',  ( 0.0000000000000000000, 0.08199999999999993400, 0.1666666666666679600 ) ) ;
#4342 = AXIS2_PLACEMENT_3D ( 'NONE', #3640, #4446, #3675 ) ;
#4343 = EDGE_CURVE ( 'NONE', #578, #3749, #1048, .T. ) ;
#4344 = CARTESIAN_POINT ( 'NONE',  ( 0.0000000000000000000, 0.06395780408782425500, 0.4340277777777812900 ) ) ;
#4345 = CARTESIAN_POINT ( 'NONE',  ( -0.04703879668251647500, -0.05403201967778399600, 0.6583149232476565000 ) ) ;
#4346 = EDGE_CURVE ( 'NONE', #4413, #4418, #4760, .T. ) ;
#4347 = CARTESIAN_POINT ( 'NONE',  ( -1.004210375300829100E-017, -0.08199999999999996200, 0.2118055555555574400 ) ) ;
#4348 = CARTESIAN_POINT ( 'NONE',  ( -0.04734272207354927500, 0.08200000000000005900, 0.4780092592592631300 ) ) ;
#4349 = ORIENTED_EDGE ( 'NONE', *, *, #4951, .F. ) ;
#4350 = FACE_OUTER_BOUND ( 'NONE', #4126, .T. ) ;
#4351 = CARTESIAN_POINT ( 'NONE',  ( 0.05538908311032398500, 0.03197890204391200900, 0.03703703703703743000 ) ) ;
#4352 = EDGE_LOOP ( 'NONE', ( #3038, #2029, #3057, #362 ) ) ;
#4353 = CONICAL_SURFACE ( 'NONE', #2261, 0.08118988160479118100, 1.047197551196600100 ) ;
#4354 = CARTESIAN_POINT ( 'NONE',  ( -0.04734272207354930200, -0.08199999999999987900, 0.2615740740740761800 ) ) ;
#4355 = CARTESIAN_POINT ( 'NONE',  ( -0.07101408311032390800, 0.04100000000000004300, 0.3935185185185216500 ) ) ;
#4356 = DIRECTION ( 'NONE',  ( -0.0000000000000000000, -0.0000000000000000000, -1.000000000000000000 ) ) ;
#4357 = CARTESIAN_POINT ( 'NONE',  ( -0.08199999999999993400, -4.826601682831266800E-016, 0.3993055555555589700 ) ) ;
#4358 = ORIENTED_EDGE ( 'NONE', *, *, #3632, .F. ) ;
#4359 = CARTESIAN_POINT ( 'NONE',  ( -0.1282499999999999500, -0.01680212824451701000, 0.4999999999999999400 ) ) ;
#4360 = CARTESIAN_POINT ( 'NONE',  ( 0.07031250000000033300, -0.04059494080239524300, 0.6640000000000000300 ) ) ;
#4361 = CARTESIAN_POINT ( 'NONE',  ( 0.08199999999999993400, 0.02197183377935203700, 0.07762939440940394600 ) ) ;
#4362 = CARTESIAN_POINT ( 'NONE',  ( -0.04734272207354930200, -0.08199999999999990600, 0.2060185185185202100 ) ) ;
#4363 = CARTESIAN_POINT ( 'NONE',  ( -0.07385211081376527600, -5.283323086522350800E-017, -0.006944444444444392900 ) ) ;
#4364 = CARTESIAN_POINT ( 'NONE',  ( 0.08199999999999993400, -0.02197183377935206900, 0.2175094944794875000 ) ) ;
#4365 = CARTESIAN_POINT ( 'NONE',  ( -0.09468544414709854900, 9.201959243397410600E-017, 0.4791666666666704600 ) ) ;
#4366 = CARTESIAN_POINT ( 'NONE',  ( 0.0000000000000000000, 0.1349999999999999300, 0.6640000000000000300 ) ) ;
#4367 = EDGE_CURVE ( 'NONE', #1858, #3339, #3602, .T. ) ;
#4368 = CARTESIAN_POINT ( 'NONE',  ( -1.004210375300828800E-017, -0.08199999999999990600, 0.2916666666666690200 ) ) ;
#4369 = CARTESIAN_POINT ( 'NONE',  ( -0.05538908311032397100, -0.03197890204391208600, 0.1898148148148164300 ) ) ;
#4370 = CARTESIAN_POINT ( 'NONE',  ( -7.832572005664740100E-018, -0.06395780408782422700, 0.08680555555555635700 ) ) ;
#4371 = CARTESIAN_POINT ( 'NONE',  ( 0.08199999999999993400, -0.02197183377935205100, 0.2730650500350434400 ) ) ;
#4372 = CARTESIAN_POINT ( 'NONE',  ( 0.0000000000000000000, 0.08199999999999996200, 0.1979166666666684300 ) ) ;
#4373 = CARTESIAN_POINT ( 'NONE',  ( 0.04734272207354931600, 0.08199999999999987900, 0.1087962962962971500 ) ) ;
#4374 = CARTESIAN_POINT ( 'NONE',  ( -7.832572005664740100E-018, -0.06395780408782410200, 0.4756944444444483600 ) ) ;
#4375 = CARTESIAN_POINT ( 'NONE',  ( 0.04734272207354925400, -0.08199999999999997600, 0.1273148148148158500 ) ) ;
#4376 = CARTESIAN_POINT ( 'NONE',  ( -0.07466742667375408900, -0.09715952115457682200, 0.6640000000000000300 ) ) ;
#4377 =( BOUNDED_CURVE ( )  B_SPLINE_CURVE ( 2, ( #2678, #2993, #1484, #4538, #3785, #320, #4179, #343, #3414 ),
 .UNSPECIFIED., .F., .F. ) 
 B_SPLINE_CURVE_WITH_KNOTS ( ( 3, 2, 2, 2, 3 ),
 ( 0.3552631578947368400, 0.3596491228070175500, 0.3684210526315789300, 0.3771929824561403600, 0.3815789473684210700 ),
 .UNSPECIFIED. ) 
 CURVE ( )  GEOMETRIC_REPRESENTATION_ITEM ( )  RATIONAL_B_SPLINE_CURVE ( ( 0.9330127018922194100, 0.9330127018922194100, 1.000000000000000000, 0.8660254037844387100, 1.000000000000000000, 0.8660254037844387100, 1.000000000000000000, 0.9330127018922189700, 0.9330127018922194100 ) ) 
 REPRESENTATION_ITEM ( '' )  );
#4378 = CARTESIAN_POINT ( 'NONE',  ( -0.04734272207354930200, -0.08199999999999990600, 0.2337962962962981900 ) ) ;
#4379 = CARTESIAN_POINT ( 'NONE',  ( 0.08199999999999993400, 1.011759515190096700E-017, 0.0000000000000000000 ) ) ;
#4380 = CARTESIAN_POINT ( 'NONE',  ( -1.004210375300828800E-017, -0.08199999999999985100, 0.4583333333333369800 ) ) ;
#4381 = CARTESIAN_POINT ( 'NONE',  ( -0.07031250000000009700, -0.03400025198381689800, 0.5742056523176855000 ) ) ;
#4382 = CARTESIAN_POINT ( 'NONE',  ( 0.08199999999999993400, 3.431233423813696700E-017, 0.4131944444444479200 ) ) ;
#4383 = CARTESIAN_POINT ( 'NONE',  ( 0.08199999999999993400, -1.601242264446392100E-017, 0.2465277777777799600 ) ) ;
#4384 = CARTESIAN_POINT ( 'NONE',  ( -0.03692605540688265900, -0.06395780408782418500, 0.1643518518518532800 ) ) ;
#4385 = VECTOR ( 'NONE', #810, 39.37007874015748100 ) ;
#4386 = CARTESIAN_POINT ( 'NONE',  ( 0.05538908311032398500, 0.03197890204391203000, 0.1238425925925936800 ) ) ;
#4387 = DIRECTION ( 'NONE',  ( -1.000000000000000000, 0.0000000000000000000, 0.0000000000000000000 ) ) ;
#4388 = CARTESIAN_POINT ( 'NONE',  ( 0.07101408311032396400, 0.04099999999999992500, 0.2210648148148167400 ) ) ;
#4389 = CARTESIAN_POINT ( 'NONE',  ( 0.03692605540688262400, -0.06395780408782411600, 0.5057870370370413100 ) ) ;
#4390 = CARTESIAN_POINT ( 'NONE',  ( 0.04734272207354927500, -0.08199999999999992000, 0.4085648148148183800 ) ) ;
#4391 = CARTESIAN_POINT ( 'NONE',  ( -0.08199999999999992000, -4.735102124862902300E-016, 0.4236111111111144900 ) ) ;
#4392 = CARTESIAN_POINT ( 'NONE',  ( 0.08199999999999997600, 0.02197183377935205800, 0.3588793944094064200 ) ) ;
#4393 = AXIS2_PLACEMENT_3D ( 'NONE', #3262, #160, #2845 ) ;
#4394 = CARTESIAN_POINT ( 'NONE',  ( 0.05538908311032398500, 0.03197890204391203000, 0.1203703703703714200 ) ) ;
#4395 = ORIENTED_EDGE ( 'NONE', *, *, #1205, .F. ) ;
#4396 = VERTEX_POINT ( 'NONE', #3849 ) ;
#4397 = CARTESIAN_POINT ( 'NONE',  ( -0.03692605540688263800, 0.06395780408782417200, 0.09953703703703792300 ) ) ;
#4398 = CARTESIAN_POINT ( 'NONE',  ( -0.07101408311032390800, 0.04100000000000006400, 0.4768518518518556300 ) ) ;
#4399 = APPROVAL ( #3267, 'UNSPECIFIED' ) ;
#4400 = ORIENTED_EDGE ( 'NONE', *, *, #1662, .T. ) ;
#4401 = CARTESIAN_POINT ( 'NONE',  ( -0.08199999999999993400, 8.463709112073786800E-017, 0.4270833333333368700 ) ) ;
#4402 = B_SPLINE_CURVE_WITH_KNOTS ( 'NONE', 3,
 ( #163, #551, #3610, #2868, #537, #3634, #147, #503, #1329, #4723 ),
 .UNSPECIFIED., .F., .F.,
 ( 4, 2, 2, 2, 4 ),
 ( 0.001768157104786701500, 0.002289504956425683800, 0.002810852808064665500, 0.003332200659703647200, 0.003853548511342628900 ),
 .UNSPECIFIED. ) ;
#4403 = CARTESIAN_POINT ( 'NONE',  ( -0.08199999999999996200, 1.120869585112474700E-016, 0.06597222222222295900 ) ) ;
#4404 = CARTESIAN_POINT ( 'NONE',  ( -0.03692605540688263800, 0.06395780408782422700, 0.2662037037037058900 ) ) ;
#4405 = CARTESIAN_POINT ( 'NONE',  ( -0.07385211081376529000, 5.623180023025719700E-018, 0.1909722222222238800 ) ) ;
#4406 = EDGE_CURVE ( 'NONE', #4788, #3988, #4186, .T. ) ;
#4407 = CARTESIAN_POINT ( 'NONE',  ( 0.07101408311032396400, 0.04099999999999992500, 0.1932870370370387600 ) ) ;
#4408 = CARTESIAN_POINT ( 'NONE',  ( 0.04734272207354931600, 0.08199999999999992000, 0.1956018518518535800 ) ) ;
#4409 = ORIENTED_EDGE ( 'NONE', *, *, #2364, .T. ) ;
#4410 = EDGE_CURVE ( 'NONE', #4293, #817, #4515, .T. ) ;
#4411 = CARTESIAN_POINT ( 'NONE',  ( 0.07385211081376527600, -5.041075972459619100E-017, 0.06250000000000059700 ) ) ;
#4412 = DIRECTION ( 'NONE',  ( -0.0000000000000000000, -0.0000000000000000000, -1.000000000000000000 ) ) ;
#4413 = VERTEX_POINT ( 'NONE', #2686 ) ;
#4414 = ORIENTED_EDGE ( 'NONE', *, *, #4615, .T. ) ;
#4415 = CARTESIAN_POINT ( 'NONE',  ( 0.01767145839889383200, -0.1349999999999999300, 0.5000000000000000000 ) ) ;
#4416 = CARTESIAN_POINT ( 'NONE',  ( -0.1079550237237542300, -0.08296380719661349000, 0.6504999999999999700 ) ) ;
#4417 = CARTESIAN_POINT ( 'NONE',  ( -1.004210375300828800E-017, -0.08199999999999983700, 0.5138888888888929500 ) ) ;
#4418 = VERTEX_POINT ( 'NONE', #3029 ) ;
#4419 = DIRECTION ( 'NONE',  ( -0.8660254037844384900, -0.5000000000000002200, 0.0000000000000000000 ) ) ;
#4420 = CARTESIAN_POINT ( 'NONE',  ( -0.08200000000000008700, 0.02197183377935186400, 0.3980650500350445000 ) ) ;
#4421 = CARTESIAN_POINT ( 'NONE',  ( 0.03692605540688262400, -0.06395780408782419900, 0.2523148148148169300 ) ) ;
#4422 = CARTESIAN_POINT ( 'NONE',  ( 0.0000000000000000000, 0.06395780408782415800, 0.07291666666666732400 ) ) ;
#4423 = CARTESIAN_POINT ( 'NONE',  ( 0.07385211081376527600, -2.477198301922372200E-017, 0.1493055555555568600 ) ) ;
#4424 = CARTESIAN_POINT ( 'NONE',  ( 0.08199999999999993400, -2.516237844130044700E-017, 0.2187500000000019400 ) ) ;
#4425 = CARTESIAN_POINT ( 'NONE',  ( -0.1349999999999999800, 0.01767145867644257700, 0.5067500000000000300 ) ) ;
#4426 = CARTESIAN_POINT ( 'NONE',  ( 0.07031249999999998600, 0.04059494080239570100, 0.5761093750000000300 ) ) ;
#4427 = CARTESIAN_POINT ( 'NONE',  ( -1.004210375300829100E-017, -0.08199999999999992000, 0.3229166666666694100 ) ) ;
#4428 =( BOUNDED_CURVE ( )  B_SPLINE_CURVE ( 2, ( #3196, #911, #4764, #587, #567, #4784, #1682, #4420, #4357 ),
 .UNSPECIFIED., .F., .F. ) 
 B_SPLINE_CURVE_WITH_KNOTS ( ( 3, 2, 2, 2, 3 ),
 ( 0.7763157894736841800, 0.7807017543859649000, 0.7894736842105263300, 0.7982456140350877600, 0.8026315789473684700 ),
 .UNSPECIFIED. ) 
 CURVE ( )  GEOMETRIC_REPRESENTATION_ITEM ( )  RATIONAL_B_SPLINE_CURVE ( ( 0.9330127018922194100, 0.9330127018922194100, 1.000000000000000000, 0.8660254037844387100, 1.000000000000000000, 0.8660254037844387100, 1.000000000000000000, 0.9330127018922185200, 0.9330127018922194100 ) ) 
 REPRESENTATION_ITEM ( '' )  );
#4429 = CARTESIAN_POINT ( 'NONE',  ( 0.0000000000000000000, 0.06395780408782415800, 0.06944444444444508600 ) ) ;
#4430 = CARTESIAN_POINT ( 'NONE',  ( 0.07466742667374690100, -0.09715952115458056900, 0.6640000000000000300 ) ) ;
#4431 = CARTESIAN_POINT ( 'NONE',  ( 0.1249119956818114100, -0.03356916641267775800, 0.5000000000000000000 ) ) ;
#4432 = CARTESIAN_POINT ( 'NONE',  ( -0.08296380739287023700, 0.1079550235274974900, 0.5067500000000000300 ) ) ;
#4433 = CARTESIAN_POINT ( 'NONE',  ( 0.07385211081376527600, -1.656757447350453700E-017, 0.1770833333333348100 ) ) ;
#4434 = CARTESIAN_POINT ( 'NONE',  ( -0.09468544414709854900, 1.002240009796932800E-016, 0.5069444444444484200 ) ) ;
#4435 = AXIS2_PLACEMENT_3D ( 'NONE', #1224, #3163, #870 ) ;
#4436 = DIRECTION ( 'NONE',  ( 1.000000000000000000, 0.0000000000000000000, 0.0000000000000000000 ) ) ;
#4437 = ADVANCED_FACE ( 'NONE', ( #3485 ), #3133, .F. ) ;
#4438 = CARTESIAN_POINT ( 'NONE',  ( -0.07031250000000002800, 0.04059494080239566700, 0.5761093750000000300 ) ) ;
#4439 = CARTESIAN_POINT ( 'NONE',  ( -0.05538908311032396400, 0.03197890204391208600, 0.1296296296296307300 ) ) ;
#4440 = CARTESIAN_POINT ( 'NONE',  ( 0.0000000000000000000, 0.06395780408782418500, 0.1562500000000013300 ) ) ;
#4441 = ORIENTED_EDGE ( 'NONE', *, *, #3906, .F. ) ;
#4442 = CARTESIAN_POINT ( 'NONE',  ( -0.03692605540688263800, 0.06395780408782415800, 0.07523148148148216300 ) ) ;
#4443 = CARTESIAN_POINT ( 'NONE',  ( 0.02801243697062482900, 0.06415954212791721800, 0.008688398886824651900 ) ) ;
#4444 = CARTESIAN_POINT ( 'NONE',  ( -0.04734272207354930900, -0.08199999999999992000, 0.2928240740740766800 ) ) ;
#4445 = CARTESIAN_POINT ( 'NONE',  ( 0.05538908311032398500, 0.03197890204391203700, 0.1481481481481494200 ) ) ;
#4446 = DIRECTION ( 'NONE',  ( -0.0000000000000000000, -0.0000000000000000000, -1.000000000000000000 ) ) ;
#4447 = CARTESIAN_POINT ( 'NONE',  ( 0.1183376801086846900, -0.03180236820680011600, 0.6640000000000000300 ) ) ;
#4448 = CARTESIAN_POINT ( 'NONE',  ( -0.1282499999999999200, 7.549139889267777500E-020, 0.5000000000000000000 ) ) ;
#4449 = PERSON_AND_ORGANIZATION ( #1861, #917 ) ;
#4450 = CARTESIAN_POINT ( 'NONE',  ( 0.1314863112440081700, 0.03533596464492699100, 0.5067500000000000300 ) ) ;
#4451 = CARTESIAN_POINT ( 'NONE',  ( -0.1314863113502225400, -0.03533596438850289400, 0.6505000000000000800 ) ) ;
#4452 = CARTESIAN_POINT ( 'NONE',  ( -7.832572005664740100E-018, -0.06395780408782425500, 0.003472222222222378600 ) ) ;
#4453 = CARTESIAN_POINT ( 'NONE',  ( -0.07101408311032392200, -0.04099999999999998800, 0.06481481481481533900 ) ) ;
#4454 = CARTESIAN_POINT ( 'NONE',  ( 0.03356916641267992200, -0.1249119956818076100, 0.5000000000000000000 ) ) ;
#4455 = CARTESIAN_POINT ( 'NONE',  ( -0.05538908311032396400, 0.03197890204391214100, 0.3240740740740767900 ) ) ;
#4456 = CARTESIAN_POINT ( 'NONE',  ( 0.0000000000000000000, 0.06395780408782421300, 0.2673611111111133300 ) ) ;
#4457 = CARTESIAN_POINT ( 'NONE',  ( -1.004210375300828800E-017, -0.08199999999999985100, 0.4583333333333369800 ) ) ;
#4458 = CARTESIAN_POINT ( 'NONE',  ( 0.0000000000000000000, 0.06395780408782417200, 0.1006944444444453400 ) ) ;
#4459 = LINE ( 'NONE', #1227, #3440 ) ;
#4460 = CARTESIAN_POINT ( 'NONE',  ( 0.04734272207354926100, -0.08199999999999996200, 0.2696759259259283200 ) ) ;
#4461 = CARTESIAN_POINT ( 'NONE',  ( -0.07385211081376527600, 1.280203750053000500E-017, 0.2152777777777795900 ) ) ;
#4462 = CARTESIAN_POINT ( 'NONE',  ( 0.1214999999999999100, 0.0000000000000000000, 0.6640000000000000300 ) ) ;
#4463 = CARTESIAN_POINT ( 'NONE',  ( 0.06798856206435730000, -0.1179611625461688800, 0.6640000000000001500 ) ) ;
#4464 = CARTESIAN_POINT ( 'NONE',  ( 0.1120631044073336600, -0.06458913398896735900, 0.5000000000000000000 ) ) ;
#4465 = ADVANCED_FACE ( 'NONE', ( #2123 ), #1785, .T. ) ;
#4466 = EDGE_LOOP ( 'NONE', ( #3748, #4193, #4726, #4181 ) ) ;
#4467 = ORIENTED_EDGE ( 'NONE', *, *, #4878, .T. ) ;
#4468 = CARTESIAN_POINT ( 'NONE',  ( -0.1120631044073371600, -0.06458913398896770600, 0.5000000000000000000 ) ) ;
#4469 = CARTESIAN_POINT ( 'NONE',  ( 0.05538908311032398500, 0.03197890204391205100, 0.2037037037037054100 ) ) ;
#4470 = VERTEX_POINT ( 'NONE', #4943 ) ;
#4471 = VECTOR ( 'NONE', #4752, 39.37007874015748100 ) ;
#4472 = CARTESIAN_POINT ( 'NONE',  ( 0.1282499999999999200, 0.01678788547894933700, 0.5000000000000000000 ) ) ;
#4473 = CARTESIAN_POINT ( 'NONE',  ( 0.03692605540688262400, -0.06395780408782418500, 0.2800925925925950000 ) ) ;
#4474 = ORIENTED_EDGE ( 'NONE', *, *, #1830, .F. ) ;
#4475 = CARTESIAN_POINT ( 'NONE',  ( -0.03692605540688263800, 0.06395780408782421300, 0.2418981481481501900 ) ) ;
#4476 = ORIENTED_EDGE ( 'NONE', *, *, #2709, .F. ) ;
#4477 = CARTESIAN_POINT ( 'NONE',  ( 0.03692605540688268000, 0.06395780408782414400, 0.07060185185185248500 ) ) ;
#4478 = CARTESIAN_POINT ( 'NONE',  ( 0.05745160007620702500, -0.05850909030811851000, 0.02083333333333373800 ) ) ;
#4479 = CARTESIAN_POINT ( 'NONE',  ( 0.07101408311032390800, -0.04099999999999996000, 0.3553240740740771200 ) ) ;
#4480 = EDGE_LOOP ( 'NONE', ( #887, #3995, #4776, #3683 ) ) ;
#4481 = EDGE_CURVE ( 'NONE', #2566, #3631, #1222, .T. ) ;
#4482 = CARTESIAN_POINT ( 'NONE',  ( -0.05538908311032397100, -0.03197890204391210000, 0.1342592592592604400 ) ) ;
#4483 = CARTESIAN_POINT ( 'NONE',  ( -0.1214999999999999100, 1.495495000853301000E-017, 0.6640000000000000300 ) ) ;
#4484 = CARTESIAN_POINT ( 'NONE',  ( -0.01678788547894954200, -0.1282499999999999200, 0.5000000000000000000 ) ) ;
#4485 = CARTESIAN_POINT ( 'NONE',  ( -0.1314863112440068400, -0.03533596464492279300, 0.5000000000000000000 ) ) ;
#4486 = CARTESIAN_POINT ( 'NONE',  ( -7.832572005664740100E-018, -0.06395780408782418500, 0.2222222222222241000 ) ) ;
#4487 = CARTESIAN_POINT ( 'NONE',  ( -0.08199999999999993400, 7.549139889267777500E-020, 0.0000000000000000000 ) ) ;
#4488 = CARTESIAN_POINT ( 'NONE',  ( -0.07101408311032392200, 0.04100000000000006400, 0.4525462962963001100 ) ) ;
#4489 = CARTESIAN_POINT ( 'NONE',  ( -7.832572005664740100E-018, -0.06395780408782414400, 0.3333333333333360900 ) ) ;
#4490 = CARTESIAN_POINT ( 'NONE',  ( 0.07385211081376529000, -8.363165927785352300E-018, 0.2048611111111128300 ) ) ;
#4491 = CARTESIAN_POINT ( 'NONE',  ( 0.0000000000000000000, 0.06395780408782417200, 0.1284722222222233200 ) ) ;
#4492 = CARTESIAN_POINT ( 'NONE',  ( -0.04734272207354927500, 0.08199999999999997600, 0.3078703703703728500 ) ) ;
#4493 = CARTESIAN_POINT ( 'NONE',  ( 0.0000000000000000000, 0.08199999999999999000, 0.3368055555555584100 ) ) ;
#4494 =( BOUNDED_CURVE ( )  B_SPLINE_CURVE ( 2, ( #3858, #54, #3468 ),
 .UNSPECIFIED., .F., .F. ) 
 B_SPLINE_CURVE_WITH_KNOTS ( ( 3, 3 ),
 ( 0.0000000000000000000, 1.000000000000000000 ),
 .UNSPECIFIED. ) 
 CURVE ( )  GEOMETRIC_REPRESENTATION_ITEM ( )  RATIONAL_B_SPLINE_CURVE ( ( 1.000000000000000000, 0.3333333333333333100, 1.000000000000000000 ) ) 
 REPRESENTATION_ITEM ( '' )  );
#4495 = CARTESIAN_POINT ( 'NONE',  ( -7.832572005664740100E-018, -0.06395780408782418500, 0.1944444444444461100 ) ) ;
#4496 = CARTESIAN_POINT ( 'NONE',  ( -0.01407244714246958000, -0.07844956160301669300, 0.01816563816715088100 ) ) ;
#4497 = CARTESIAN_POINT ( 'NONE',  ( -0.08296380741528745800, 0.1079550235050837200, 0.6640000000000001500 ) ) ;
#4498 = CARTESIAN_POINT ( 'NONE',  ( -0.1349999999999999300, 0.01767145839889950800, 0.5067500000000000300 ) ) ;
#4499 = FACE_OUTER_BOUND ( 'NONE', #26, .T. ) ;
#4500 = AXIS2_PLACEMENT_3D ( 'NONE', #1891, #1550, #2340 ) ;
#4501 = CARTESIAN_POINT ( 'NONE',  ( 0.01154300254467605100, -0.07452552597836571700, 0.6605032461522764000 ) ) ;
#4502 = CARTESIAN_POINT ( 'NONE',  ( -0.03692605540688265900, -0.06395780408782418500, 0.1643518518518532800 ) ) ;
#4503 = CARTESIAN_POINT ( 'NONE',  ( 0.0000000000000000000, -1.104688079777929600E-016, 0.6640000000000000300 ) ) ;
#4504 = CARTESIAN_POINT ( 'NONE',  ( -0.08199999999999993400, 7.549139889267777500E-020, 0.0000000000000000000 ) ) ;
#4505 = CARTESIAN_POINT ( 'NONE',  ( 0.06458913398896587400, -0.1120631044073371600, 0.5000000000000000000 ) ) ;
#4506 = B_SPLINE_CURVE_WITH_KNOTS ( 'NONE', 3,
 ( #4263, #1953, #4292, #1230, #3118, #4631, #2768, #864 ),
 .UNSPECIFIED., .F., .F.,
 ( 4, 2, 2, 4 ),
 ( 6.664445829944012600E-015, 0.0006459081974638896900, 0.0009688622961925023000, 0.001291816394921114800 ),
 .UNSPECIFIED. ) ;
#4507 = CARTESIAN_POINT ( 'NONE',  ( -0.03692605540688265900, -0.06395780408782415800, 0.2754629629629653000 ) ) ;
#4508 = DATE_AND_TIME ( #1582, #3543 ) ;
#4509 = CARTESIAN_POINT ( 'NONE',  ( -7.832572005664740100E-018, -0.06395780408782415800, 0.3090277777777804000 ) ) ;
#4510 = EDGE_CURVE ( 'NONE', #2746, #2546, #4377, .T. ) ;
#4511 = CARTESIAN_POINT ( 'NONE',  ( 0.03156637087334390700, -0.06314068779423448500, 0.009230078540236394700 ) ) ;
#4512 = CARTESIAN_POINT ( 'NONE',  ( -0.05538908311032397100, -0.03197890204391205100, 0.3043981481481506400 ) ) ;
#4513 = CARTESIAN_POINT ( 'NONE',  ( -0.01275011468336290100, 0.07091877653683693900, 0.01029307798024702500 ) ) ;
#4514 = CARTESIAN_POINT ( 'NONE',  ( 0.0000000000000000000, 0.08200000000000000300, 0.3645833333333363700 ) ) ;
#4515 = LINE ( 'NONE', #366, #4385 ) ;
#4516 = CARTESIAN_POINT ( 'NONE',  ( 0.07385211081376527600, -3.400194263315781600E-017, 0.1180555555555566100 ) ) ;
#4517 = CARTESIAN_POINT ( 'NONE',  ( -0.04239168710652032500, -0.06615318098385157600, 0.01702907766102558200 ) ) ;
#4518 = CARTESIAN_POINT ( 'NONE',  ( -0.07101408311032390800, 0.04100000000000003600, 0.3657407407407436400 ) ) ;
#4519 = CARTESIAN_POINT ( 'NONE',  ( -0.06798856209364952100, -0.1179611625340331600, 0.5000000000000000000 ) ) ;
#4520 = ADVANCED_FACE ( 'NONE', ( #1472 ), #1896, .T. ) ;
#4521 = CARTESIAN_POINT ( 'NONE',  ( -0.1349999999999999300, -0.01767145836719864700, 0.6505000000000000800 ) ) ;
#4522 = CARTESIAN_POINT ( 'NONE',  ( 0.08199999999999993400, 1.011759515190096700E-017, 0.0000000000000000000 ) ) ;
#4523 = CARTESIAN_POINT ( 'NONE',  ( 0.03692605540688262400, -0.06395780408782421300, 0.1967592592592609700 ) ) ;
#4524 = CARTESIAN_POINT ( 'NONE',  ( 0.04734272207354931600, 0.08199999999999996200, 0.3310185185185211500 ) ) ;
#4525 = VERTEX_POINT ( 'NONE', #410 ) ;
#4526 = EDGE_LOOP ( 'NONE', ( #4590, #324 ) ) ;
#4527 = CARTESIAN_POINT ( 'NONE',  ( -0.07385211081376527600, 7.023289732056433600E-017, 0.4097222222222256000 ) ) ;
#4528 = CARTESIAN_POINT ( 'NONE',  ( 0.05538908311032398500, 0.03197890204391208600, 0.3182870370370396400 ) ) ;
#4529 = CARTESIAN_POINT ( 'NONE',  ( 0.07385211081376527600, -8.363165927785352300E-018, 0.2048611111111128300 ) ) ;
#4530 = CARTESIAN_POINT ( 'NONE',  ( -0.07101408311032393600, -0.04099999999999998100, 0.1238425925925937900 ) ) ;
#4531 = CARTESIAN_POINT ( 'NONE',  ( 0.04734272207354931600, 0.08199999999999997600, 0.3622685185185215400 ) ) ;
#4532 = VERTEX_POINT ( 'NONE', #4657 ) ;
#4533 = FACE_OUTER_BOUND ( 'NONE', #4539, .T. ) ;
#4534 = CARTESIAN_POINT ( 'NONE',  ( 0.05538908311032398500, 0.03197890204391209300, 0.3425925925925953900 ) ) ;
#4535 = DIRECTION ( 'NONE',  ( -0.0000000000000000000, -0.0000000000000000000, -1.000000000000000000 ) ) ;
#4536 = CARTESIAN_POINT ( 'NONE',  ( -0.08296380741528575100, 0.1079550235050820000, 0.6505000000000000800 ) ) ;
#4537 = CARTESIAN_POINT ( 'NONE',  ( -0.1314863112440068400, -0.03533596464492279300, 0.5000000000000000000 ) ) ;
#4538 = CARTESIAN_POINT ( 'NONE',  ( 0.04734272207354931600, 0.08199999999999990600, 0.1678240740740756000 ) ) ;
#4539 = EDGE_LOOP ( 'NONE', ( #4414, #4980, #2625, #1972 ) ) ;
#4540 = VECTOR ( 'NONE', #3615, 39.37007874015748100 ) ;
#4541 = CARTESIAN_POINT ( 'NONE',  ( 0.07031249999999998600, 0.04059494080239570100, 0.6640000000000000300 ) ) ;
#4542 = CARTESIAN_POINT ( 'NONE',  ( -0.07385211081376529000, 1.280203750053000500E-017, 0.2152777777777795900 ) ) ;
#4543 =( BOUNDED_CURVE ( )  B_SPLINE_CURVE ( 2, ( #3168, #3946, #497 ),
 .UNSPECIFIED., .F., .F. ) 
 B_SPLINE_CURVE_WITH_KNOTS ( ( 3, 3 ),
 ( 0.0000000000000000000, 1.000000000000000000 ),
 .UNSPECIFIED. ) 
 CURVE ( )  GEOMETRIC_REPRESENTATION_ITEM ( )  RATIONAL_B_SPLINE_CURVE ( ( 1.000000000000000000, 0.3333333333333334300, 1.000000000000000000 ) ) 
 REPRESENTATION_ITEM ( '' )  );
#4544 = ORIENTED_EDGE ( 'NONE', *, *, #1935, .T. ) ;
#4545 = ORIENTED_EDGE ( 'NONE', *, *, #1865, .T. ) ;
#4546 = CARTESIAN_POINT ( 'NONE',  ( -0.08199999999999993400, 0.02197183377935209600, 0.3390372722572660400 ) ) ;
#4547 = EDGE_CURVE ( 'NONE', #1002, #4572, #3343, .T. ) ;
#4548 = B_SPLINE_CURVE_WITH_KNOTS ( 'NONE', 3,
 ( #1029, #2135, #3259, #4038, #4381, #4078 ),
 .UNSPECIFIED., .F., .F.,
 ( 4, 2, 4 ),
 ( 0.006566905605502185300, 0.007088825153783975100, 0.007610744702065764900 ),
 .UNSPECIFIED. ) ;
#4549 = CARTESIAN_POINT ( 'NONE',  ( -0.04734272207354927500, 0.08199999999999990600, 0.005787037037037270900 ) ) ;
#4550 = CARTESIAN_POINT ( 'NONE',  ( -0.05538908311032396400, 0.03197890204391217600, 0.4386574074074109400 ) ) ;
#4551 = ORIENTED_EDGE ( 'NONE', *, *, #918, .T. ) ;
#4552 = CARTESIAN_POINT ( 'NONE',  ( 0.01592076007988686000, -0.06625276516931782900, 0.006771261942333023900 ) ) ;
#4553 = CARTESIAN_POINT ( 'NONE',  ( -0.07385211081376527600, 3.844081420590247900E-017, 0.3020833333333358100 ) ) ;
#4554 = CARTESIAN_POINT ( 'NONE',  ( 0.08199999999999996200, 5.718722373022830400E-017, 0.02430555555555596900 ) ) ;
#4555 = CARTESIAN_POINT ( 'NONE',  ( 0.04734272207354931600, 0.08199999999999999000, 0.4456018518518555200 ) ) ;
#4556 = CARTESIAN_POINT ( 'NONE',  ( 0.05538908311032394300, -0.03197890204391208600, 0.3379629629629657400 ) ) ;
#4557 = CARTESIAN_POINT ( 'NONE',  ( -0.07385211081376527600, 9.587167402593680200E-017, 0.4965277777777819000 ) ) ;
#4558 = CARTESIAN_POINT ( 'NONE',  ( -0.03533596467421769300, -0.1314863112318755700, 0.6505000000000000800 ) ) ;
#4559 = CARTESIAN_POINT ( 'NONE',  ( -0.1079550235274972500, -0.08296380739287057000, 0.5067500000000000300 ) ) ;
#4560 = CARTESIAN_POINT ( 'NONE',  ( -0.08199999999999993400, 8.463709112073786800E-017, 0.4270833333333368700 ) ) ;
#4561 = CARTESIAN_POINT ( 'NONE',  ( 0.05538908311032394300, -0.03197890204391207200, 0.3657407407407437500 ) ) ;
#4562 = DIRECTION ( 'NONE',  ( 0.0000000000000000000, 0.0000000000000000000, 1.000000000000000000 ) ) ;
#4563 = CARTESIAN_POINT ( 'NONE',  ( -1.004210375300829100E-017, -0.08199999999999992000, 0.2951388888888914500 ) ) ;
#4564 = CARTESIAN_POINT ( 'NONE',  ( -0.07385211081376527600, 7.843730586628351400E-017, 0.4375000000000035500 ) ) ;
#4565 = CARTESIAN_POINT ( 'NONE',  ( -0.03692605540688265900, -0.06395780408782411600, 0.3900462962962995600 ) ) ;
#4566 = CARTESIAN_POINT ( 'NONE',  ( 0.05538908311032398500, 0.03197890204391205100, 0.2071759259259276800 ) ) ;
#4567 = CARTESIAN_POINT ( 'NONE',  ( -0.04734272207354927500, 0.08199999999999999000, 0.3113425925925951700 ) ) ;
#4568 = CARTESIAN_POINT ( 'NONE',  ( 0.06456396007331539900, 0.1120765748648100100, 0.4999999999999999400 ) ) ;
#4569 = CARTESIAN_POINT ( 'NONE',  ( -7.832572005664740100E-018, -0.06395780408782417200, 0.2777777777777801200 ) ) ;
#4570 = CARTESIAN_POINT ( 'NONE',  ( -0.07569818540620140700, -0.007760030867263208500, 0.01453151873953504500 ) ) ;
#4571 = CARTESIAN_POINT ( 'NONE',  ( -0.03533596464492421600, -0.1314863112440143300, 0.5000000000000000000 ) ) ;
#4572 = VERTEX_POINT ( 'NONE', #2354 ) ;
#4573 = CARTESIAN_POINT ( 'NONE',  ( -0.06798856206435685600, -0.1179611625461715600, 0.6505000000000000800 ) ) ;
#4574 = PRODUCT_DEFINITION_SHAPE ( 'NONE', 'NONE',  #4162 ) ;
#4575 = CARTESIAN_POINT ( 'NONE',  ( 0.07385211081376529000, 1.522450864115730400E-017, 0.2847222222222245400 ) ) ;
#4576 = DIRECTION ( 'NONE',  ( 0.0000000000000000000, 0.0000000000000000000, 1.000000000000000000 ) ) ;
#4577 = DATE_AND_TIME ( #4272, #305 ) ;
#4578 = CARTESIAN_POINT ( 'NONE',  ( 0.08199999999999993400, -0.02197183377935203700, 0.3008428278128214600 ) ) ;
#4579 = CARTESIAN_POINT ( 'NONE',  ( 0.07101408311032396400, 0.04099999999999987700, 0.02662037037037078300 ) ) ;
#4580 = EDGE_CURVE ( 'NONE', #2005, #3885, #3861, .T. ) ;
#4581 = CARTESIAN_POINT ( 'NONE',  ( 0.03692605540688262400, -0.06395780408782421300, 0.2002314814814832300 ) ) ;
#4582 = CARTESIAN_POINT ( 'NONE',  ( 0.07101408311032389500, -0.04100000000000000200, 0.1851851851851866700 ) ) ;
#4583 = CARTESIAN_POINT ( 'NONE',  ( -0.1025351936307395000, 0.07883371976773227700, 0.5000000000000001100 ) ) ;
#4584 = CARTESIAN_POINT ( 'NONE',  ( 0.03692605540688262400, -0.06395780408782415800, 0.3356481481481509200 ) ) ;
#4585 = CARTESIAN_POINT ( 'NONE',  ( -0.02924542777157639700, -0.06430502600830591300, 0.5698249502916163900 ) ) ;
#4586 = CARTESIAN_POINT ( 'NONE',  ( -0.07101408311032392200, -0.04099999999999998100, 0.09259259259259335100 ) ) ;
#4587 = ORIENTED_EDGE ( 'NONE', *, *, #3131, .T. ) ;
#4588 = CARTESIAN_POINT ( 'NONE',  ( -0.05538908311032397100, -0.03197890204391206500, 0.2488425925925946700 ) ) ;
#4589 = CARTESIAN_POINT ( 'NONE',  ( -0.05538908311032397100, -0.03197890204391203000, 0.3564814814814844000 ) ) ;
#4590 = ORIENTED_EDGE ( 'NONE', *, *, #894, .T. ) ;
#4591 = CARTESIAN_POINT ( 'NONE',  ( -0.08199999999999993400, 6.633717952706480900E-017, 0.3715277777777809500 ) ) ;
#4592 = EDGE_LOOP ( 'NONE', ( #2136, #397, #322, #3820 ) ) ;
#4593 = CARTESIAN_POINT ( 'NONE',  ( 0.01590431253046798200, -0.1214999999999999100, 0.6640000000000000300 ) ) ;
#4594 = CARTESIAN_POINT ( 'NONE',  ( -0.03692605540688263800, 0.06395780408782426900, 0.4328703703703738500 ) ) ;
#4595 = EDGE_LOOP ( 'NONE', ( #945, #142, #97 ) ) ;
#4596 = CONICAL_SURFACE ( 'NONE', #3527, 0.06116666666666647400, 0.7853981633974427300 ) ;
#4597 = CARTESIAN_POINT ( 'NONE',  ( 0.03692605540688262400, -0.06395780408782413000, 0.4502314814814851700 ) ) ;
#4598 =( BOUNDED_CURVE ( )  B_SPLINE_CURVE ( 2, ( #3251, #3221, #2471, #920, #2855, #3274, #3572, #153, #964 ),
 .UNSPECIFIED., .F., .F. ) 
 B_SPLINE_CURVE_WITH_KNOTS ( ( 3, 2, 2, 2, 3 ),
 ( 0.1973684210526315800, 0.2017543859649122700, 0.2105263157894736700, 0.2192982456140350800, 0.2236842105263157600 ),
 .UNSPECIFIED. ) 
 CURVE ( )  GEOMETRIC_REPRESENTATION_ITEM ( )  RATIONAL_B_SPLINE_CURVE ( ( 0.9330127018922194100, 0.9330127018922196300, 1.000000000000000000, 0.8660254037844387100, 1.000000000000000000, 0.8660254037844387100, 1.000000000000000000, 0.9330127018922195200, 0.9330127018922191900 ) ) 
 REPRESENTATION_ITEM ( '' )  );
#4599 = CARTESIAN_POINT ( 'NONE',  ( 0.04734272207354927500, -0.08199999999999999000, 0.1307870370370383100 ) ) ;
#4600 = ORIENTED_EDGE ( 'NONE', *, *, #1689, .T. ) ;
#4601 = ORIENTED_EDGE ( 'NONE', *, *, #2650, .F. ) ;
#4602 = CIRCLE ( 'NONE', #4156, 0.08477777777777773000 ) ;
#4603 = CARTESIAN_POINT ( 'NONE',  ( -0.05538908311032397100, -0.03197890204391205800, 0.2731481481481504200 ) ) ;
#4604 = CARTESIAN_POINT ( 'NONE',  ( 0.06116453185413586700, -0.1061785164954181500, 0.6639999999999999200 ) ) ;
#4605 = CARTESIAN_POINT ( 'NONE',  ( 0.08199999999999992000, -4.117480108576436500E-017, 0.1597222222222234600 ) ) ;
#4606 = CC_DESIGN_PERSON_AND_ORGANIZATION_ASSIGNMENT ( #3481, #194, ( #456 ) ) ;
#4607 = CARTESIAN_POINT ( 'NONE',  ( 0.08296380719661347600, 0.1079550237237542600, 0.6505000000000000800 ) ) ;
#4608 =( BOUNDED_CURVE ( )  B_SPLINE_CURVE ( 2, ( #2126, #2504, #4407, #2869, #4372, #1330, #4823, #3993, #1299 ),
 .UNSPECIFIED., .F., .F. ) 
 B_SPLINE_CURVE_WITH_KNOTS ( ( 3, 2, 2, 2, 3 ),
 ( 0.4078947368421052500, 0.4122807017543859700, 0.4210526315789473500, 0.4298245614035087800, 0.4342105263157894900 ),
 .UNSPECIFIED. ) 
 CURVE ( )  GEOMETRIC_REPRESENTATION_ITEM ( )  RATIONAL_B_SPLINE_CURVE ( ( 0.9330127018922194100, 0.9330127018922194100, 1.000000000000000000, 0.8660254037844387100, 1.000000000000000000, 0.8660254037844387100, 1.000000000000000000, 0.9330127018922189700, 0.9330127018922194100 ) ) 
 REPRESENTATION_ITEM ( '' )  );
#4609 = EDGE_LOOP ( 'NONE', ( #3611, #2117, #82, #1709, #2970, #1728 ) ) ;
#4610 = CARTESIAN_POINT ( 'NONE',  ( 0.03692605540688268000, 0.06395780408782417200, 0.1817129629629644900 ) ) ;
#4611 = CARTESIAN_POINT ( 'NONE',  ( 0.0000000000000000000, 0.06395780408782422700, 0.2916666666666690700 ) ) ;
#4612 = CARTESIAN_POINT ( 'NONE',  ( -0.05666628927628246400, -0.06585110789708315000, 0.4828845476455031500 ) ) ;
#4613 = DIRECTION ( 'NONE',  ( 0.0000000000000000000, 0.0000000000000000000, 1.000000000000000000 ) ) ;
#4614 = EDGE_CURVE ( 'NONE', #4418, #4413, #1438, .T. ) ;
#4615 = EDGE_CURVE ( 'NONE', #1231, #3444, #3807, .T. ) ;
#4616 = CARTESIAN_POINT ( 'NONE',  ( 0.05538908311032394300, -0.03197890204391205800, 0.4212962962962997200 ) ) ;
#4617 = ADVANCED_FACE ( 'NONE', ( #977 ), #3796, .T. ) ;
#4618 = CARTESIAN_POINT ( 'NONE',  ( 0.05538908311032394300, -0.03197890204391208600, 0.3414351851851880600 ) ) ;
#4619 = DIRECTION ( 'NONE',  ( -0.0000000000000000000, -0.0000000000000000000, -1.000000000000000000 ) ) ;
#4620 = DIRECTION ( 'NONE',  ( -0.0000000000000000000, -0.0000000000000000000, -1.000000000000000000 ) ) ;
#4621 = CARTESIAN_POINT ( 'NONE',  ( 0.05538908311032398500, 0.03197890204391214100, 0.5092592592592634100 ) ) ;
#4622 = CARTESIAN_POINT ( 'NONE',  ( 0.1183294042724089400, -0.03182969378804833400, 0.6640000000000002600 ) ) ;
#4623 = CARTESIAN_POINT ( 'NONE',  ( 0.08199999999999992000, -0.02197183377935199900, 0.4362594944794890300 ) ) ;
#4624 = CARTESIAN_POINT ( 'NONE',  ( 0.0000000000000000000, 0.06395780408782419900, 0.2118055555555573600 ) ) ;
#4625 = CARTESIAN_POINT ( 'NONE',  ( -0.05538908311032396400, 0.03197890204391214100, 0.3240740740740767900 ) ) ;
#4626 = FACE_OUTER_BOUND ( 'NONE', #3333, .T. ) ;
#4627 = CARTESIAN_POINT ( 'NONE',  ( 3.316843690440176100E-017, -0.08118988160479095900, 0.5761093750000000300 ) ) ;
#4628 = CARTESIAN_POINT ( 'NONE',  ( 0.0000000000000000000, -1.104688079777929600E-016, 0.6640000000000000300 ) ) ;
#4629 = CARTESIAN_POINT ( 'NONE',  ( -0.04734272207354927500, 0.08199999999999992000, 0.1168981481481492800 ) ) ;
#4630 = CARTESIAN_POINT ( 'NONE',  ( 0.03692605540688268000, 0.06395780408782422700, 0.3483796296296324800 ) ) ;
#4631 = CARTESIAN_POINT ( 'NONE',  ( -0.002002704829368642000, -0.06406317930138084900, 0.002791137421157800000 ) ) ;
#4632 = CARTESIAN_POINT ( 'NONE',  ( 0.07883371976778338900, 0.1025351936306682200, 0.5000000000000000000 ) ) ;
#4633 = CALENDAR_DATE ( 2023, 19, 12 ) ;
#4634 = CARTESIAN_POINT ( 'NONE',  ( -0.05538908311032397100, -0.03197890204391199600, 0.4953703703703744000 ) ) ;
#4635 = CARTESIAN_POINT ( 'NONE',  ( 0.07101408311032396400, 0.04099999999999987700, 0.02662037037037078300 ) ) ;
#4636 = DIRECTION ( 'NONE',  ( -0.0000000000000000000, -0.0000000000000000000, -1.000000000000000000 ) ) ;
#4637 = CARTESIAN_POINT ( 'NONE',  ( -0.1179611624278247100, 0.06798856235007139100, 0.6504999999999999700 ) ) ;
#4638 = EDGE_CURVE ( 'NONE', #3749, #1634, #1049, .T. ) ;
#4639 = CARTESIAN_POINT ( 'NONE',  ( -0.08199999999999992000, -4.735102124862902300E-016, 0.4236111111111144900 ) ) ;
#4640 = CYLINDRICAL_SURFACE ( 'NONE', #2781, 0.1349999999999999300 ) ;
#4641 = ADVANCED_FACE ( 'NONE', ( #4819 ), #2016, .T. ) ;
#4642 = CARTESIAN_POINT ( 'NONE',  ( 0.05538908311032398500, 0.03197890204391207200, 0.2627314814814836800 ) ) ;
#4643 = CARTESIAN_POINT ( 'NONE',  ( -7.832572005664740100E-018, -0.06395780408782410200, 0.4722222222222261500 ) ) ;
#4644 = CARTESIAN_POINT ( 'NONE',  ( 0.0000000000000000000, 0.06395780408782414400, 0.01736111111111134100 ) ) ;
#4645 = CARTESIAN_POINT ( 'NONE',  ( -0.1349999999999999300, 1.660822318738194000E-017, 0.6640000000000001500 ) ) ;
#4646 = CARTESIAN_POINT ( 'NONE',  ( -0.09468544414709857700, -3.822539322931796600E-017, 0.03819444444444495400 ) ) ;
#4647 = CARTESIAN_POINT ( 'NONE',  ( 0.07385211081376527600, 6.547651098368736800E-017, 0.4548611111111148800 ) ) ;
#4648 = CARTESIAN_POINT ( 'NONE',  ( -7.832572005664740100E-018, -0.06395780408782413000, 0.3923611111111143800 ) ) ;
#4649 = CARTESIAN_POINT ( 'NONE',  ( 0.0000000000000000000, 7.549139889267777500E-020, 0.0000000000000000000 ) ) ;
#4650 = CARTESIAN_POINT ( 'NONE',  ( 0.04460046277580107700, 0.05657011360232179500, 0.4785627114897372800 ) ) ;
#4651 = ORIENTED_EDGE ( 'NONE', *, *, #1593, .F. ) ;
#4652 = EDGE_LOOP ( 'NONE', ( #3948, #714, #3206, #2804, #2152, #2021, #3324, #3621, #4441, #710, #3933, #3870, #1840, #893, #272, #2438, #1610, #3884, #1542, #4813, #4671, #2202, #3944, #3033, #758, #2324, #445, #2745, #4476, #3382, #2253, #3516, #2199, #4234, #1601, #2390, #2842 ) ) ;
#4654 =( BOUNDED_CURVE ( )  B_SPLINE_CURVE ( 2, ( #3124, #3044, #1268, #69, #3899, #1653, #3499, #4679, #4974 ),
 .UNSPECIFIED., .F., .F. ) 
 B_SPLINE_CURVE_WITH_KNOTS ( ( 3, 2, 2, 2, 3 ),
 ( 0.3289473684210526000, 0.3333333333333333100, 0.3421052631578947500, 0.3508771929824561200, 0.3552631578947368400 ),
 .UNSPECIFIED. ) 
 CURVE ( )  GEOMETRIC_REPRESENTATION_ITEM ( )  RATIONAL_B_SPLINE_CURVE ( ( 0.9330127018922191900, 0.9330127018922188500, 1.000000000000000000, 0.8660254037844387100, 1.000000000000000000, 0.8660254037844387100, 1.000000000000000000, 0.9330127018922194100, 0.9330127018922194100 ) ) 
 REPRESENTATION_ITEM ( '' )  );
#4653 = CARTESIAN_POINT ( 'NONE',  ( 0.03692605540688262400, -0.06395780408782413000, 0.4467592592592628500 ) ) ;
#4655 = CARTESIAN_POINT ( 'NONE',  ( 0.07031250000000000000, 0.02737988564412667500, 0.6605265392802064400 ) ) ;
#4656 = CARTESIAN_POINT ( 'NONE',  ( -0.07031250000000009700, 0.03403200664985540200, 0.5742148191001785800 ) ) ;
#4657 = CARTESIAN_POINT ( 'NONE',  ( 0.08199999999999993400, 1.601242264446392100E-017, 0.3576388888888919500 ) ) ;
#4658 = VERTEX_POINT ( 'NONE', #3075 ) ;
#4659 = LINE ( 'NONE', #2760, #1355 ) ;
#4660 = CARTESIAN_POINT ( 'NONE',  ( 0.07101408311032389500, -0.04100000000000002900, 0.07407407407407468100 ) ) ;
#4661 = CARTESIAN_POINT ( 'NONE',  ( 0.05538908311032398500, 0.03197890204391208600, 0.3182870370370396400 ) ) ;
#4662 = DIRECTION ( 'NONE',  ( -0.0000000000000000000, -0.0000000000000000000, 1.000000000000000000 ) ) ;
#4663 = CARTESIAN_POINT ( 'NONE',  ( -0.05538908311032397100, -0.03197890204391212700, 0.02662037037037069700 ) ) ;
#4664 = VERTEX_POINT ( 'NONE', #4426 ) ;
#4665 = CYLINDRICAL_SURFACE ( 'NONE', #4435, 0.08199999999999993400 ) ;
#4666 = CARTESIAN_POINT ( 'NONE',  ( 0.1179611625461631400, 0.06798856206436824900, 0.6640000000000001500 ) ) ;
#4667 = CARTESIAN_POINT ( 'NONE',  ( 0.07101408311032390800, -0.04100000000000002900, 0.1331018518518531400 ) ) ;
#4668 = AXIS2_PLACEMENT_3D ( 'NONE', #3393, #1095, #4940 ) ;
#4669 = ORIENTED_EDGE ( 'NONE', *, *, #3906, .T. ) ;
#4670 = ADVANCED_FACE ( 'NONE', ( #2598 ), #3597, .T. ) ;
#4671 = ORIENTED_EDGE ( 'NONE', *, *, #327, .F. ) ;
#4672 = CARTESIAN_POINT ( 'NONE',  ( -0.03692605540688263800, 0.06395780408782426900, 0.4641203703703741800 ) ) ;
#4673 = CARTESIAN_POINT ( 'NONE',  ( 0.07101408311032390800, -0.04099999999999999500, 0.2442129629629651300 ) ) ;
#4674 = CARTESIAN_POINT ( 'NONE',  ( -0.07385211081376527600, 9.484612295772189600E-017, 0.4930555555555596300 ) ) ;
#4675 = CARTESIAN_POINT ( 'NONE',  ( -0.02590249429055561200, -0.06140240490801001500, 0.4755044378456723700 ) ) ;
#4676 = VERTEX_POINT ( 'NONE', #3950 ) ;
#4677 = CC_DESIGN_APPROVAL ( #4399, ( #4162 ) ) ;
#4678 = DIRECTION ( 'NONE',  ( -1.000000000000000000, 0.0000000000000000000, 0.0000000000000000000 ) ) ;
#4679 = CARTESIAN_POINT ( 'NONE',  ( 0.08199999999999993400, -0.02197183377935208300, 0.1619539389239314800 ) ) ;
#4680 = CARTESIAN_POINT ( 'NONE',  ( -0.04734272207354930200, -0.08199999999999996200, 0.03935185185185219300 ) ) ;
#4681 = EDGE_CURVE ( 'NONE', #1890, #3260, #3315, .T. ) ;
#4682 = CARTESIAN_POINT ( 'NONE',  ( 0.03692605540688268000, 0.06395780408782422700, 0.4039351851851884500 ) ) ;
#4683 = CARTESIAN_POINT ( 'NONE',  ( 0.06315573606830989000, -0.02579396127017594800, 0.4756961522634386400 ) ) ;
#4684 = CARTESIAN_POINT ( 'NONE',  ( 0.03692605540688268000, 0.06395780408782413000, 0.04282407407407450700 ) ) ;
#4685 = CARTESIAN_POINT ( 'NONE',  ( 0.1349999999999999300, -0.01767145836719704500, 0.6640000000000001500 ) ) ;
#4686 = EDGE_CURVE ( 'NONE', #1546, #2920, #4932, .T. ) ;
#4687 = CARTESIAN_POINT ( 'NONE',  ( 0.07101408311032396400, 0.04099999999999991800, 0.1655092592592607700 ) ) ;
#4688 = CARTESIAN_POINT ( 'NONE',  ( 0.0000000000000000000, 0.08199999999999996200, 0.2500000000000019400 ) ) ;
#4689 = CARTESIAN_POINT ( 'NONE',  ( 0.08199999999999992000, 2.287488949209131600E-018, 0.2986111111111134900 ) ) ;
#4690 = CARTESIAN_POINT ( 'NONE',  ( -0.1349999999999999300, -1.645724038959658200E-017, 0.5067500000000000300 ) ) ;
#4691 = CARTESIAN_POINT ( 'NONE',  ( -0.01675947289258839300, -0.1282528114395164200, 0.4999999999999998300 ) ) ;
#4692 = CARTESIAN_POINT ( 'NONE',  ( -0.07992497180119781400, 0.009794203924102816400, 0.4832730040377369300 ) ) ;
#4693 = ADVANCED_FACE ( 'NONE', ( #71 ), #3310, .T. ) ;
#4694 = CARTESIAN_POINT ( 'NONE',  ( 0.05538908311032398500, 0.03197890204391211400, 0.4016203703703736200 ) ) ;
#4695 = CARTESIAN_POINT ( 'NONE',  ( -0.05538908311032397100, -0.03197890204391200300, 0.4675925925925963900 ) ) ;
#4696 = ORIENTED_EDGE ( 'NONE', *, *, #3773, .T. ) ;
#4697 = CARTESIAN_POINT ( 'NONE',  ( -0.03692605540688265900, -0.06395780408782418500, 0.1678240740740755400 ) ) ;
#4698 = CARTESIAN_POINT ( 'NONE',  ( 0.09468544414709857700, -2.449679999369956900E-017, 0.1631944444444459500 ) ) ;
#4699 = COORDINATED_UNIVERSAL_TIME_OFFSET ( 6, 0, .BEHIND. ) ;
#4700 = CARTESIAN_POINT ( 'NONE',  ( -0.04734272207354926100, 0.08199999999999999000, 0.3634259259259287600 ) ) ;
#4701 = DIRECTION ( 'NONE',  ( -0.0000000000000000000, -0.0000000000000000000, -1.000000000000000000 ) ) ;
#4702 = CARTESIAN_POINT ( 'NONE',  ( 0.1183242099048635900, 0.03182754221051918600, 0.6640000000000000300 ) ) ;
#4703 = CARTESIAN_POINT ( 'NONE',  ( -0.03533596438850283800, -0.1314863113502225400, 0.5067500000000000300 ) ) ;
#4704 = CARTESIAN_POINT ( 'NONE',  ( 0.03692605540688262400, -0.06395780408782425500, 0.03356481481481521400 ) ) ;
#4705 = CARTESIAN_POINT ( 'NONE',  ( -0.08199999999999993400, 7.549139889267777500E-020, 0.0000000000000000000 ) ) ;
#4706 = CARTESIAN_POINT ( 'NONE',  ( -0.08477777777777773000, -5.530426628471140400E-017, 0.7397877662423713000 ) ) ;
#4707 = CARTESIAN_POINT ( 'NONE',  ( 0.0000000000000000000, 0.08199999999999992000, 0.1111111111111119800 ) ) ;
#4708 = AXIS2_PLACEMENT_3D ( 'NONE', #2910, #3227, #957 ) ;
#4709 = CARTESIAN_POINT ( 'NONE',  ( -0.03692605540688265900, -0.06395780408782411600, 0.3900462962962995600 ) ) ;
#4710 = CARTESIAN_POINT ( 'NONE',  ( -0.03692605540688265900, -0.06395780408782410200, 0.4699074074074113300 ) ) ;
#4711 = CARTESIAN_POINT ( 'NONE',  ( -0.05538908311032396400, 0.03197890204391208600, 0.1331018518518530000 ) ) ;
#4712 = VERTEX_POINT ( 'NONE', #86 ) ;
#4713 = CARTESIAN_POINT ( 'NONE',  ( -7.832572005664740100E-018, -0.06395780408782424100, 0.02777777777777812300 ) ) ;
#4714 = VERTEX_POINT ( 'NONE', #900 ) ;
#4715 = VECTOR ( 'NONE', #4356, 39.37007874015748100 ) ;
#4716 = CARTESIAN_POINT ( 'NONE',  ( -0.07101408311032392200, -0.04099999999999989100, 0.3703703703703733500 ) ) ;
#4717 = CARTESIAN_POINT ( 'NONE',  ( 0.0000000000000000000, -5.530426628471140400E-017, 0.4861111111111109900 ) ) ;
#4718 = ORIENTED_EDGE ( 'NONE', *, *, #2205, .F. ) ;
#4719 = VECTOR ( 'NONE', #1351, 39.37007874015748100 ) ;
#4720 = CARTESIAN_POINT ( 'NONE',  ( -0.07101408311032392200, -0.04099999999999991800, 0.2870370370370393100 ) ) ;
#4721 = CARTESIAN_POINT ( 'NONE',  ( 0.1025351936306746900, -0.07883371976778363900, 0.5000000000000001100 ) ) ;
#4722 = DIRECTION ( 'NONE',  ( -0.0000000000000000000, -0.0000000000000000000, 1.000000000000000000 ) ) ;
#4723 = CARTESIAN_POINT ( 'NONE',  ( -0.07031249999999993100, 0.04059494080239572200, 0.6640000000000000300 ) ) ;
#4724 = CARTESIAN_POINT ( 'NONE',  ( -0.07101408311032392200, -0.04099999999999998100, 0.09259259259259335100 ) ) ;
#4725 = ORIENTED_EDGE ( 'NONE', *, *, #1248, .F. ) ;
#4726 = ORIENTED_EDGE ( 'NONE', *, *, #912, .T. ) ;
#4727 = FACE_OUTER_BOUND ( 'NONE', #4652, .T. ) ;
#4728 = CARTESIAN_POINT ( 'NONE',  ( 0.03692605540688262400, -0.06395780408782413000, 0.4502314814814851700 ) ) ;
#4729 = CARTESIAN_POINT ( 'NONE',  ( -0.07101408311032392200, -0.04099999999999996700, 0.1203703703703713400 ) ) ;
#4730 = CARTESIAN_POINT ( 'NONE',  ( -0.03692605540688265900, -0.06395780408782422700, 0.02893518518518554300 ) ) ;
#4731 = CARTESIAN_POINT ( 'NONE',  ( -0.04734272207354927500, 0.08199999999999996200, 0.2245370370370387600 ) ) ;
#4732 = ORIENTED_EDGE ( 'NONE', *, *, #3290, .T. ) ;
#4733 = DIRECTION ( 'NONE',  ( 1.000000000000000000, 0.0000000000000000000, 0.0000000000000000000 ) ) ;
#4734 = AXIS2_PLACEMENT_3D ( 'NONE', #3977, #901, #4387 ) ;
#4735 = CARTESIAN_POINT ( 'NONE',  ( -0.07101408311032390800, 0.04100000000000000900, 0.2824074074074096600 ) ) ;
#4736 = ORIENTED_EDGE ( 'NONE', *, *, #4481, .T. ) ;
#4737 = CARTESIAN_POINT ( 'NONE',  ( 0.1061785164953789200, 0.06116453185419751900, 0.6639999999999998100 ) ) ;
#4738 = B_SPLINE_CURVE_WITH_KNOTS ( 'NONE', 3,
 ( #1903, #2720, #3825, #3840, #4583, #2279, #2290, #373, #4232, #3435, #1545, #4568, #4632, #354, #3037, #738, #418, #800 ),
 .UNSPECIFIED., .F., .F.,
 ( 4, 2, 2, 2, 2, 2, 2, 2, 4 ),
 ( 0.0000000000000000000, 0.06250000000000000000, 0.1250000000000000000, 0.1875000000000000000, 0.2500000000000000000, 0.3125000000000000000, 0.3750000000000000000, 0.4375000000000000000, 0.5000000000000000000 ),
 .UNSPECIFIED. ) ;
#4739 = CARTESIAN_POINT ( 'NONE',  ( -0.02739377072869478300, -0.06659095420749994200, 0.4786413193596872300 ) ) ;
#4740 = CARTESIAN_POINT ( 'NONE',  ( -0.08199999999999993400, -4.826601682831266800E-016, 0.3993055555555589700 ) ) ;
#4741 = DIRECTION ( 'NONE',  ( -0.0000000000000000000, -0.0000000000000000000, -1.000000000000000000 ) ) ;
#4742 = CARTESIAN_POINT ( 'NONE',  ( -0.07101408311032392200, -0.04099999999999996700, 0.1203703703703713400 ) ) ;
#4743 = CARTESIAN_POINT ( 'NONE',  ( 0.03692605540688262400, -0.06395780408782415800, 0.3391203703703731800 ) ) ;
#4744 = CARTESIAN_POINT ( 'NONE',  ( -0.04734272207354930900, -0.08199999999999989200, 0.4039351851851886200 ) ) ;
#4745 = CARTESIAN_POINT ( 'NONE',  ( 0.07101408311032390800, -0.04100000000000000200, 0.2164351851851871200 ) ) ;
#4746 = DIRECTION ( 'NONE',  ( -0.0000000000000000000, -0.0000000000000000000, 1.000000000000000000 ) ) ;
#4747 = EDGE_CURVE ( 'NONE', #2839, #337, #124, .T. ) ;
#4748 = CARTESIAN_POINT ( 'NONE',  ( -0.07385211081376527600, -5.283323086522350800E-017, -0.006944444444444392900 ) ) ;
#4749 = CARTESIAN_POINT ( 'NONE',  ( -0.07101408311032392200, -0.04099999999999991800, 0.2870370370370393100 ) ) ;
#4750 = CARTESIAN_POINT ( 'NONE',  ( -0.08199999999999993400, 0.02197183377935212100, 0.3945928278128220100 ) ) ;
#4751 = CARTESIAN_POINT ( 'NONE',  ( -0.08199999999999993400, 7.549139889267777500E-020, 0.0000000000000000000 ) ) ;
#4752 = DIRECTION ( 'NONE',  ( -0.0000000000000000000, -0.0000000000000000000, -1.000000000000000000 ) ) ;
#4753 = CARTESIAN_POINT ( 'NONE',  ( -0.03692605540688265900, -0.06395780408782422700, 0.02893518518518554300 ) ) ;
#4754 = DIRECTION ( 'NONE',  ( 1.000000000000000000, 0.0000000000000000000, 0.0000000000000000000 ) ) ;
#4755 = CARTESIAN_POINT ( 'NONE',  ( -0.1079550237237543000, 0.08296380719661343400, 0.5067500000000000300 ) ) ;
#4756 = CARTESIAN_POINT ( 'NONE',  ( -0.09468544414709854900, -1.463771866037536200E-017, 0.1180555555555565000 ) ) ;
#4757 = CARTESIAN_POINT ( 'NONE',  ( -0.05538908311032396400, 0.03197890204391205800, 0.04629629629629675200 ) ) ;
#4758 = CARTESIAN_POINT ( 'NONE',  ( 0.0000000000000000000, -1.104688079777929600E-016, 0.6640000000000000300 ) ) ;
#4759 = CARTESIAN_POINT ( 'NONE',  ( -0.07101408311032393600, -0.04099999999999991200, 0.3460648148148178200 ) ) ;
#4760 = CIRCLE ( 'NONE', #3802, 0.08118988160479118100 ) ;
#4761 = CARTESIAN_POINT ( 'NONE',  ( 0.07385211081376527600, -5.861516827031538800E-017, 0.03472222222222259800 ) ) ;
#4762 = CARTESIAN_POINT ( 'NONE',  ( -0.07101408311032392200, -0.04099999999999987000, 0.4537037037037073300 ) ) ;
#4763 = DIRECTION ( 'NONE',  ( 0.0000000000000000000, 0.0000000000000000000, 1.000000000000000000 ) ) ;
#4764 = CARTESIAN_POINT ( 'NONE',  ( 0.07101408311032396400, 0.04099999999999998100, 0.3877314814814847900 ) ) ;
#4765 = CARTESIAN_POINT ( 'NONE',  ( 0.05538908311032398500, 0.03197890204391205800, 0.2314814814814834000 ) ) ;
#4766 = CARTESIAN_POINT ( 'NONE',  ( -0.05538908311032397100, -0.03197890204391210000, 0.1377314814814827000 ) ) ;
#4767 = AXIS2_PLACEMENT_3D ( 'NONE', #1755, #2503, #192 ) ;
#4768 = ORIENTED_EDGE ( 'NONE', *, *, #1333, .T. ) ;
#4769 = APPROVAL_ROLE ( '' ) ;
#4770 = ORIENTED_EDGE ( 'NONE', *, *, #759, .T. ) ;
#4771 = CARTESIAN_POINT ( 'NONE',  ( -0.09468544414709854900, 9.975506976782204500E-018, 0.2013888888888905000 ) ) ;
#4772 = EDGE_CURVE ( 'NONE', #1007, #4064, #2972, .T. ) ;
#4773 = CARTESIAN_POINT ( 'NONE',  ( 0.0000000000000000000, 0.06395780408782414400, 0.04166666666666708100 ) ) ;
#4774 = CARTESIAN_POINT ( 'NONE',  ( -0.01037557114157042600, -0.06311060312833906300, 0.002791137421157812600 ) ) ;
#4775 = CARTESIAN_POINT ( 'NONE',  ( 0.04734272207354931600, 0.08199999999999997600, 0.3622685185185215400 ) ) ;
#4776 = ORIENTED_EDGE ( 'NONE', *, *, #1272, .F. ) ;
#4777 = CYLINDRICAL_SURFACE ( 'NONE', #488, 0.08199999999999993400 ) ;
#4778 = CARTESIAN_POINT ( 'NONE',  ( 0.05538908311032398500, 0.03197890204391200900, 0.06481481481481542200 ) ) ;
#4779 = CARTESIAN_POINT ( 'NONE',  ( -0.07385211081376529000, -2.822000522806593500E-017, 0.07638888888888960300 ) ) ;
#4780 = ORIENTED_EDGE ( 'NONE', *, *, #688, .F. ) ;
#4781 = CONICAL_SURFACE ( 'NONE', #2296, 0.08118988160479118100, 1.047197551196600100 ) ;
#4782 = CARTESIAN_POINT ( 'NONE',  ( 0.07101408311032389500, -0.04099999999999991800, 0.4629629629629666800 ) ) ;
#4783 = CARTESIAN_POINT ( 'NONE',  ( -0.08199999999999993400, -0.02197183377935206900, 0.06374050552051495300 ) ) ;
#4784 = CARTESIAN_POINT ( 'NONE',  ( -0.04734272207354927500, 0.08200000000000000300, 0.3946759259259292100 ) ) ;
#4785 = CARTESIAN_POINT ( 'NONE',  ( 0.03692605540688262400, -0.06395780408782422700, 0.1412037037037049700 ) ) ;
#4786 = ORIENTED_EDGE ( 'NONE', *, *, #1689, .F. ) ;
#4787 = CARTESIAN_POINT ( 'NONE',  ( 0.05538908311032394300, -0.03197890204391212700, 0.1747685185185200400 ) ) ;
#4788 = VERTEX_POINT ( 'NONE', #4824 ) ;
#4789 = CARTESIAN_POINT ( 'NONE',  ( -0.07101408311032390800, 0.04099999999999995300, 0.08796296296296364500 ) ) ;
#4790 = DIRECTION ( 'NONE',  ( 0.0000000000000000000, 0.0000000000000000000, -1.000000000000000000 ) ) ;
#4791 = CARTESIAN_POINT ( 'NONE',  ( 0.08199999999999992000, 5.261224583181002000E-017, 0.4652777777777814500 ) ) ;
#4792 = CARTESIAN_POINT ( 'NONE',  ( 0.04734272207354926100, -0.08199999999999993400, 0.2974537037037063300 ) ) ;
#4793 = ORIENTED_EDGE ( 'NONE', *, *, #983, .T. ) ;
#4794 = CARTESIAN_POINT ( 'NONE',  ( 0.05538908311032394300, -0.03197890204391216900, 0.03240740740740778700 ) ) ;
#4795 = CARTESIAN_POINT ( 'NONE',  ( -0.08199999999999993400, -4.826601682831266800E-016, 0.3993055555555589700 ) ) ;
#4796 = CARTESIAN_POINT ( 'NONE',  ( -0.08199999999999993400, -5.009600798767997900E-016, 0.3437500000000030500 ) ) ;
#4797 = CARTESIAN_POINT ( 'NONE',  ( 0.04734272207354931600, 0.08200000000000000300, 0.4733796296296335400 ) ) ;
#4798 = CARTESIAN_POINT ( 'NONE',  ( 0.03692605540688262400, -0.06395780408782424100, 0.08564814814814894500 ) ) ;
#4799 = CARTESIAN_POINT ( 'NONE',  ( -0.05538908311032396400, 0.03197890204391207900, 0.1018518518518527600 ) ) ;
#4800 = CARTESIAN_POINT ( 'NONE',  ( 0.04734272207354925400, -0.08199999999999987900, 0.4328703703703738500 ) ) ;
#4801 = B_SPLINE_CURVE_WITH_KNOTS ( 'NONE', 3,
 ( #3437, #789, #4655, #4993, #2677, #8 ),
 .UNSPECIFIED., .F., .F.,
 ( 4, 2, 4 ),
 ( 0.005522581507204834900, 0.006044743556353512700, 0.006566905605502190500 ),
 .UNSPECIFIED. ) ;
#4802 = CARTESIAN_POINT ( 'NONE',  ( -0.07385211081376527600, 2.921085459196839400E-017, 0.2708333333333355900 ) ) ;
#4803 = CARTESIAN_POINT ( 'NONE',  ( 0.0000000000000000000, 0.06395780408782417200, 0.1006944444444453400 ) ) ;
#4804 = AXIS2_PLACEMENT_3D ( 'NONE', #436, #2327, #389 ) ;
#4805 = EDGE_CURVE ( 'NONE', #1661, #337, #3431, .T. ) ;
#4806 = CARTESIAN_POINT ( 'NONE',  ( -0.08199999999999993400, -5.146850135720545700E-016, 0.2881944444444469700 ) ) ;
#4807 = CARTESIAN_POINT ( 'NONE',  ( -0.1349999999999999300, -1.645724038959658200E-017, 0.5067500000000000300 ) ) ;
#4808 = CARTESIAN_POINT ( 'NONE',  ( 0.07101408311032390800, -0.04099999999999998100, 0.2997685185185211000 ) ) ;
#4809 =( BOUNDED_CURVE ( )  B_SPLINE_CURVE ( 2, ( #1720, #3230, #1672, #2807, #3581, #2435, #1702, #4371, #132 ),
 .UNSPECIFIED., .F., .F. ) 
 B_SPLINE_CURVE_WITH_KNOTS ( ( 3, 2, 2, 2, 3 ),
 ( 0.5394736842105263300, 0.5438596491228070400, 0.5526315789473684700, 0.5614035087719297900, 0.5657894736842105100 ),
 .UNSPECIFIED. ) 
 CURVE ( )  GEOMETRIC_REPRESENTATION_ITEM ( )  RATIONAL_B_SPLINE_CURVE ( ( 0.9330127018922194100, 0.9330127018922194100, 1.000000000000000000, 0.8660254037844387100, 1.000000000000000000, 0.8660254037844387100, 1.000000000000000000, 0.9330127018922194100, 0.9330127018922194100 ) ) 
 REPRESENTATION_ITEM ( '' )  );
#4810 = CARTESIAN_POINT ( 'NONE',  ( 0.03692605540688268000, 0.06395780408782413000, 0.03935185185185224900 ) ) ;
#4811 = CARTESIAN_POINT ( 'NONE',  ( -0.07101408311032392200, -0.04099999999999994600, 0.2037037037037053000 ) ) ;
#4812 = CARTESIAN_POINT ( 'NONE',  ( 0.07881561702322632800, 0.1025572723511230100, 0.5000000000000000000 ) ) ;
#4813 = ORIENTED_EDGE ( 'NONE', *, *, #3351, .F. ) ;
#4814 = CARTESIAN_POINT ( 'NONE',  ( -0.1079550235274975000, 0.08296380739287022300, 0.5067500000000000300 ) ) ;
#4815 = CARTESIAN_POINT ( 'NONE',  ( 0.06798856235007144600, -0.1179611624278246900, 0.6505000000000000800 ) ) ;
#4816 = CARTESIAN_POINT ( 'NONE',  ( 0.07101408311032389500, -0.04099999999999992500, 0.4351851851851886200 ) ) ;
#4817 = DIRECTION ( 'NONE',  ( -0.0000000000000000000, -0.0000000000000000000, -1.000000000000000000 ) ) ;
#4818 = CARTESIAN_POINT ( 'NONE',  ( -0.03692605540688265900, -0.06395780408782419900, 0.1365740740740752900 ) ) ;
#4819 = FACE_OUTER_BOUND ( 'NONE', #2684, .T. ) ;
#4820 = CARTESIAN_POINT ( 'NONE',  ( 0.05538908311032398500, 0.03197890204391203700, 0.1516203703703716800 ) ) ;
#4821 = CARTESIAN_POINT ( 'NONE',  ( 0.03692605540688268000, 0.06395780408782415800, 0.1539351851851865300 ) ) ;
#4822 = CARTESIAN_POINT ( 'NONE',  ( 0.07101408311032396400, 0.04099999999999994600, 0.2766203703703727400 ) ) ;
#4823 = CARTESIAN_POINT ( 'NONE',  ( -0.07101408311032392200, 0.04099999999999999500, 0.2025462962962981100 ) ) ;
#4824 = CARTESIAN_POINT ( 'NONE',  ( 0.08199999999999993400, 6.633717952706482100E-017, 0.04861111111111150000 ) ) ;
#4825 = CARTESIAN_POINT ( 'NONE',  ( 0.04734272207354926100, -0.08199999999999993400, 0.3252314814814843400 ) ) ;
#4826 = CARTESIAN_POINT ( 'NONE',  ( -0.05538908311032397100, -0.03197890204391214100, -0.004629629629629551300 ) ) ;
#4827 = CARTESIAN_POINT ( 'NONE',  ( 0.07101408311032395000, 0.04099999999999998100, 0.4120370370370403100 ) ) ;
#4828 = CARTESIAN_POINT ( 'NONE',  ( -0.1349999999999999300, -0.01767145836719864700, 0.6640000000000001500 ) ) ;
#4829 = CARTESIAN_POINT ( 'NONE',  ( -0.08199999999999992000, -3.431233423813696700E-017, 0.03472222222222249400 ) ) ;
#4830 = ADVANCED_FACE ( 'NONE', ( #1694 ), #2713, .T. ) ;
#4831 = FACE_OUTER_BOUND ( 'NONE', #3027, .T. ) ;
#4832 = CARTESIAN_POINT ( 'NONE',  ( -0.1079550235274993200, 0.08296380739287202700, 0.5000000000000000000 ) ) ;
#4833 = CARTESIAN_POINT ( 'NONE',  ( -0.05538908311032397100, -0.03197890204391212700, 0.02314814814814844500 ) ) ;
#4834 = CARTESIAN_POINT ( 'NONE',  ( 0.04734272207354925400, -0.08199999999999987900, 0.4884259259259298200 ) ) ;
#4835 = CARTESIAN_POINT ( 'NONE',  ( 0.08199999999999996200, 5.718722373022830400E-017, 0.02430555555555596900 ) ) ;
#4836 = ORIENTED_EDGE ( 'NONE', *, *, #2589, .F. ) ;
#4837 = FACE_OUTER_BOUND ( 'NONE', #1178, .T. ) ;
#4838 = CARTESIAN_POINT ( 'NONE',  ( -3.295631491865439600E-017, 0.08118988160479123600, 0.5761093750000000300 ) ) ;
#4839 = CARTESIAN_POINT ( 'NONE',  ( 0.0000000000000000000, 0.06395780408782417200, 0.1250000000000010800 ) ) ;
#4840 = CARTESIAN_POINT ( 'NONE',  ( 0.03692605540688262400, -0.06395780408782424100, 0.08912037037037121000 ) ) ;
#4841 = CARTESIAN_POINT ( 'NONE',  ( 0.008136818393903214400, -0.06399489736717363400, 0.4739347919089559300 ) ) ;
#4842 = CARTESIAN_POINT ( 'NONE',  ( 0.0000000000000000000, 0.06395780408782414400, 0.04513888888888934600 ) ) ;
#4843 = DIRECTION ( 'NONE',  ( -1.000000000000000000, 0.0000000000000000000, 0.0000000000000000000 ) ) ;
#4844 = CARTESIAN_POINT ( 'NONE',  ( 0.09468544414709857700, 1.652524273489636400E-017, 0.3020833333333359200 ) ) ;
#4845 = ORIENTED_EDGE ( 'NONE', *, *, #2302, .T. ) ;
#4846 = AXIS2_PLACEMENT_3D ( 'NONE', #51, #64, #2367 ) ;
#4847 = EDGE_CURVE ( 'NONE', #578, #2920, #1466, .T. ) ;
#4848 = CARTESIAN_POINT ( 'NONE',  ( -0.05538908311032396400, 0.03197890204391211400, 0.2129629629629647400 ) ) ;
#4849 = CARTESIAN_POINT ( 'NONE',  ( 0.07101408311032389500, -0.04099999999999996000, 0.3240740740740766200 ) ) ;
#4850 = CARTESIAN_POINT ( 'NONE',  ( 0.1214999999999999100, 0.01590431253047733900, 0.6640000000000000300 ) ) ;
#4851 = CARTESIAN_POINT ( 'NONE',  ( 0.1249119956818076100, 0.03356916641267992900, 0.5000000000000000000 ) ) ;
#4852 = ORIENTED_EDGE ( 'NONE', *, *, #550, .F. ) ;
#4853 = ORIENTED_EDGE ( 'NONE', *, *, #1684, .F. ) ;
#4854 = CONICAL_SURFACE ( 'NONE', #1922, 0.08118988160479118100, 1.047197551196600100 ) ;
#4855 = CARTESIAN_POINT ( 'NONE',  ( 0.1314863112440100000, -0.03533596464492246000, 0.5067500000000000300 ) ) ;
#4856 = CARTESIAN_POINT ( 'NONE',  ( 0.07385211081376529000, -5.861516827031538800E-017, 0.03472222222222260500 ) ) ;
#4857 = CARTESIAN_POINT ( 'NONE',  ( -0.05538908311032397100, -0.03197890204391212700, 0.02662037037037069700 ) ) ;
#4858 = ORIENTED_EDGE ( 'NONE', *, *, #4847, .F. ) ;
#4859 = CARTESIAN_POINT ( 'NONE',  ( -0.08199999999999992000, 9.378704691757439700E-017, 0.4513888888888924500 ) ) ;
#4860 = CARTESIAN_POINT ( 'NONE',  ( -0.07101408311032392200, -0.04099999999999989800, 0.3425925925925953400 ) ) ;
#4861 = CARTESIAN_POINT ( 'NONE',  ( -0.03692605540688263800, 0.06395780408782425500, 0.3773148148148179300 ) ) ;
#4862 = CARTESIAN_POINT ( 'NONE',  ( 0.03692605540688262400, -0.06395780408782418500, 0.2835648148148172100 ) ) ;
#4863 = CARTESIAN_POINT ( 'NONE',  ( -0.07385211081376527600, -3.539886270557022600E-017, 0.05208333333333386300 ) ) ;
#4864 = CARTESIAN_POINT ( 'NONE',  ( -0.06737778848955754100, 0.03132362563724280100, 0.01299006189100094600 ) ) ;
#4865 = CARTESIAN_POINT ( 'NONE',  ( -1.004210375300829100E-017, -0.08199999999999996200, 0.2118055555555574400 ) ) ;
#4866 = CARTESIAN_POINT ( 'NONE',  ( 0.05538908311032394300, -0.03197890204391212000, 0.1990740740740757900 ) ) ;
#4867 = CARTESIAN_POINT ( 'NONE',  ( -0.04734272207354927500, 0.08200000000000000300, 0.4189814814814847900 ) ) ;
#4868 = CARTESIAN_POINT ( 'NONE',  ( -0.1179611625461667200, -0.06798856206436484900, 0.6640000000000001500 ) ) ;
#4869 = CARTESIAN_POINT ( 'NONE',  ( 0.0000000000000000000, 0.08199999999999989200, 0.02777777777777797400 ) ) ;
#4870 = CC_DESIGN_PERSON_AND_ORGANIZATION_ASSIGNMENT ( #3370, #1347, ( #456 ) ) ;
#4871 = CARTESIAN_POINT ( 'NONE',  ( 0.1179611625340389300, 0.06798856209364756400, 0.5067500000000000300 ) ) ;
#4872 = CARTESIAN_POINT ( 'NONE',  ( -0.03692605540688263800, 0.06395780408782418500, 0.1550925925925939200 ) ) ;
#4873 = CARTESIAN_POINT ( 'NONE',  ( -0.08199999999999979500, -0.02197183377935226600, 0.2894349499649614400 ) ) ;
#4874 = FACE_OUTER_BOUND ( 'NONE', #4480, .T. ) ;
#4875 = CARTESIAN_POINT ( 'NONE',  ( -0.07385211081376527600, 3.741526313768757900E-017, 0.2986111111111135500 ) ) ;
#4876 = CARTESIAN_POINT ( 'NONE',  ( -0.07385211081376529000, 3.023640566018328800E-017, 0.2743055555555578600 ) ) ;
#4877 =( BOUNDED_CURVE ( )  B_SPLINE_CURVE ( 2, ( #3177, #168, #932, #4797, #529, #4348, #1304, #1727, #3601 ),
 .UNSPECIFIED., .F., .F. ) 
 B_SPLINE_CURVE_WITH_KNOTS ( ( 3, 2, 2, 2, 3 ),
 ( 0.9342105263157894900, 0.9385964912280702100, 0.9473684210526315300, 0.9561403508771929600, 0.9605263157894736700 ),
 .UNSPECIFIED. ) 
 CURVE ( )  GEOMETRIC_REPRESENTATION_ITEM ( )  RATIONAL_B_SPLINE_CURVE ( ( 0.9330127018922194100, 0.9330127018922194100, 1.000000000000000000, 0.8660254037844387100, 1.000000000000000000, 0.8660254037844387100, 1.000000000000000000, 0.9330127018922194100, 0.9330127018922194100 ) ) 
 REPRESENTATION_ITEM ( '' )  );
#4878 = EDGE_CURVE ( 'NONE', #4470, #2157, #1824, .T. ) ;
#4879 = ORIENTED_EDGE ( 'NONE', *, *, #3385, .T. ) ;
#4880 = CARTESIAN_POINT ( 'NONE',  ( -0.03692605540688263800, 0.06395780408782418500, 0.1585648148148162100 ) ) ;
#4881 = CARTESIAN_POINT ( 'NONE',  ( -0.06515481645801138300, 0.03538290184864654300, 0.01283108816785049000 ) ) ;
#4882 = CARTESIAN_POINT ( 'NONE',  ( -0.07101408311032393600, -0.04099999999999988400, 0.4293981481481518000 ) ) ;
#4883 = ORIENTED_EDGE ( 'NONE', *, *, #4772, .T. ) ;
#4884 = CARTESIAN_POINT ( 'NONE',  ( 0.03692605540688268000, 0.06395780408782415800, 0.1504629629629642700 ) ) ;
#4885 = CARTESIAN_POINT ( 'NONE',  ( -0.03533596467421881700, -0.1314863112318783200, 0.6640000000000001500 ) ) ;
#4886 = CARTESIAN_POINT ( 'NONE',  ( -0.1314863112440088400, 0.03533596464492535400, 0.5067500000000000300 ) ) ;
#4887 = CIRCLE ( 'NONE', #3533, 0.01041666666666674900 ) ;
#4888 = CARTESIAN_POINT ( 'NONE',  ( -0.08296380739286841900, 0.1079550235274956800, 0.5000000000000000000 ) ) ;
#4889 = CARTESIAN_POINT ( 'NONE',  ( -0.07385211081376529000, 4.597628954810821600E-018, 0.1875000000000015800 ) ) ;
#4890 = CARTESIAN_POINT ( 'NONE',  ( 0.07385211081376529000, 6.547651098368736800E-017, 0.4548611111111148800 ) ) ;
#4891 = LINE ( 'NONE', #1436, #3976 ) ;
#4892 = CARTESIAN_POINT ( 'NONE',  ( -0.08199999999999999000, -0.02197183377935201000, 0.06721272774273742700 ) ) ;
#4893 = CARTESIAN_POINT ( 'NONE',  ( -0.08200000000000008700, 0.02197183377935184300, 0.3425094944794885300 ) ) ;
#4894 = CARTESIAN_POINT ( 'NONE',  ( 0.07385211081376527600, 4.804214282403406100E-017, 0.3958333333333365300 ) ) ;
#4895 = CARTESIAN_POINT ( 'NONE',  ( 0.05538908311032394300, -0.03197890204391212000, 0.2025462962962980000 ) ) ;
#4896 = DIRECTION ( 'NONE',  ( 1.000000000000000000, 0.0000000000000000000, 0.0000000000000000000 ) ) ;
#4897 = CARTESIAN_POINT ( 'NONE',  ( -0.03692605540688265900, -0.06395780408782418500, 0.1678240740740755400 ) ) ;
#4898 = CARTESIAN_POINT ( 'NONE',  ( 0.06679580774833256100, 0.004649060927823709400, 0.005629141081696971900 ) ) ;
#4899 = CARTESIAN_POINT ( 'NONE',  ( 0.09468544414709857700, 2.472965128061556400E-017, 0.3298611111111139900 ) ) ;
#4900 = CARTESIAN_POINT ( 'NONE',  ( 0.03692605540688262400, -0.06395780408782421300, 0.1967592592592609700 ) ) ;
#4901 = DIRECTION ( 'NONE',  ( -1.000000000000000000, 0.0000000000000000000, 0.0000000000000000000 ) ) ;
#4902 = CARTESIAN_POINT ( 'NONE',  ( -0.1314863112318805900, 0.03533596467420930400, 0.6640000000000001500 ) ) ;
#4903 = CARTESIAN_POINT ( 'NONE',  ( -0.1179611625340402800, -0.06798856209365174200, 0.5000000000000000000 ) ) ;
#4904 = EDGE_LOOP ( 'NONE', ( #1527, #4130, #988, #2857, #2316, #583, #3752, #875, #4233, #1506, #2320, #2037, #994, #36, #1489, #3180, #3087, #4306, #3661, #338, #3165, #559, #2788, #452, #1651, #1117, #910, #4044, #504, #1984, #767, #4046, #2679, #4600, #2734, #1067, #3867, #4551, #3940, #2252, #4852, #3452 ) ) ;
#4905 = ORIENTED_EDGE ( 'NONE', *, *, #4410, .F. ) ;
#4906 = CARTESIAN_POINT ( 'NONE',  ( -0.08477777777777773000, -5.530426628471140400E-017, 0.4861111111111109900 ) ) ;
#4907 = DIRECTION ( 'NONE',  ( -0.0000000000000000000, -0.0000000000000000000, 1.000000000000000000 ) ) ;
#4908 = CARTESIAN_POINT ( 'NONE',  ( -7.832572005664740100E-018, -0.06395780408782418500, 0.1944444444444461100 ) ) ;
#4909 = ORIENTED_EDGE ( 'NONE', *, *, #1056, .T. ) ;
#4910 = CARTESIAN_POINT ( 'NONE',  ( 0.07031249999999998600, -0.04059494080239541000, 0.5761093750000000300 ) ) ;
#4912 = EDGE_CURVE ( 'NONE', #4658, #515, #4201, .T. ) ;
#4911 = LINE ( 'NONE', #809, #1125 ) ;
#4913 = CARTESIAN_POINT ( 'NONE',  ( -0.07031250000000000000, -0.04059494080239542400, 0.5761093750000000300 ) ) ;
#4914 = ADVANCED_FACE ( 'NONE', ( #3848 ), #1276, .T. ) ;
#4915 = CARTESIAN_POINT ( 'NONE',  ( 0.03692605540688262400, -0.06395780408782415800, 0.3912037037037069400 ) ) ;
#4916 = CARTESIAN_POINT ( 'NONE',  ( 0.05538908311032394300, -0.03197890204391210700, 0.2581018518518540300 ) ) ;
#4917 = ORIENTED_EDGE ( 'NONE', *, *, #554, .T. ) ;
#4918 = CYLINDRICAL_SURFACE ( 'NONE', #3957, 0.08199999999999993400 ) ;
#4919 = CARTESIAN_POINT ( 'NONE',  ( 0.04139635954810923900, -0.05915393342021199600, 0.01084281835719916000 ) ) ;
#4920 = CARTESIAN_POINT ( 'NONE',  ( 0.03692605540688262400, -0.06395780408782417200, 0.3113425925925951700 ) ) ;
#4921 = CARTESIAN_POINT ( 'NONE',  ( -0.08200000000000007300, 0.02197183377935182900, 0.3112594944794880900 ) ) ;
#4922 = CARTESIAN_POINT ( 'NONE',  ( -0.09468544414709857700, 7.663632641075069300E-017, 0.4270833333333368700 ) ) ;
#4923 = ORIENTED_EDGE ( 'NONE', *, *, #74, .F. ) ;
#4924 = ORIENTED_EDGE ( 'NONE', *, *, #3735, .T. ) ;
#4925 = CARTESIAN_POINT ( 'NONE',  ( 0.0000000000000000000, 0.06395780408782422700, 0.2916666666666690700 ) ) ;
#4926 = CARTESIAN_POINT ( 'NONE',  ( -0.05538908311032397100, -0.03197890204391199600, 0.4988425925925966700 ) ) ;
#4927 = CARTESIAN_POINT ( 'NONE',  ( -0.08199999999999992000, -4.918101240799632400E-016, 0.3680555555555585200 ) ) ;
#4928 = CARTESIAN_POINT ( 'NONE',  ( -0.1314863112440094700, -0.03533596464492387600, 0.5067500000000000300 ) ) ;
#4929 = CARTESIAN_POINT ( 'NONE',  ( 0.06798856206436841600, 0.1179611625461668000, 0.6505000000000000800 ) ) ;
#4930 = CARTESIAN_POINT ( 'NONE',  ( 0.05538908311032394300, -0.03197890204391212700, 0.1712962962962977800 ) ) ;
#4931 = CARTESIAN_POINT ( 'NONE',  ( -0.08199999999999989200, 0.02197183377935210000, 0.1168150500350420000 ) ) ;
#4932 =( BOUNDED_CURVE ( )  B_SPLINE_CURVE ( 2, ( #3549, #219, #4312, #3268, #2899, #2034, #4337, #1652, #867 ),
 .UNSPECIFIED., .F., .F. ) 
 B_SPLINE_CURVE_WITH_KNOTS ( ( 3, 2, 2, 2, 3 ),
 ( 0.5131578947368421500, 0.5175438596491228600, 0.5263157894736841800, 0.5350877192982456100, 0.5394736842105263300 ),
 .UNSPECIFIED. ) 
 CURVE ( )  GEOMETRIC_REPRESENTATION_ITEM ( )  RATIONAL_B_SPLINE_CURVE ( ( 0.9330127018922194100, 0.9330127018922194100, 1.000000000000000000, 0.8660254037844387100, 1.000000000000000000, 0.8660254037844387100, 1.000000000000000000, 0.9330127018922194100, 0.9330127018922194100 ) ) 
 REPRESENTATION_ITEM ( '' )  );
#4933 = CARTESIAN_POINT ( 'NONE',  ( 0.0000000000000000000, 0.08199999999999999000, 0.3333333333333359800 ) ) ;
#4934 = CARTESIAN_POINT ( 'NONE',  ( -0.03692605540688265900, -0.06395780408782410200, 0.4143518518518552500 ) ) ;
#4935 = CARTESIAN_POINT ( 'NONE',  ( -7.832572005664740100E-018, -0.06395780408782418500, 0.2256944444444463600 ) ) ;
#4936 = CARTESIAN_POINT ( 'NONE',  ( 0.08199999999999993400, 1.011759515190096700E-017, 0.0000000000000000000 ) ) ;
#4937 = CARTESIAN_POINT ( 'NONE',  ( 0.03692605540688268000, 0.06395780408782421300, 0.3206018518518544700 ) ) ;
#4938 = CARTESIAN_POINT ( 'NONE',  ( -1.004210375300829100E-017, -0.08199999999999989200, 0.4618055555555594700 ) ) ;
#4939 = CARTESIAN_POINT ( 'NONE',  ( -0.03692605540688263800, 0.06395780408782424100, 0.3495370370370398700 ) ) ;
#4940 = DIRECTION ( 'NONE',  ( 1.000000000000000000, 0.0000000000000000000, 0.0000000000000000000 ) ) ;
#4941 = CARTESIAN_POINT ( 'NONE',  ( 0.07101408311032395000, 0.04099999999999996000, 0.3564814814814842900 ) ) ;
#4942 = CARTESIAN_POINT ( 'NONE',  ( -0.03533596464492260600, 0.1314863112440099700, 0.5067500000000000300 ) ) ;
#4943 = CARTESIAN_POINT ( 'NONE',  ( 0.08199999999999993400, -3.202484528892784100E-017, 0.1909722222222239000 ) ) ;
#4944 = CC_DESIGN_PERSON_AND_ORGANIZATION_ASSIGNMENT ( #3669, #3247, ( #4162 ) ) ;
#4945 = CARTESIAN_POINT ( 'NONE',  ( 0.005747480113776114500, -0.07787157241394035400, 0.6620841732953669500 ) ) ;
#4946 = CARTESIAN_POINT ( 'NONE',  ( -0.03692605540688265900, -0.06395780408782417200, 0.2199074074074092400 ) ) ;
#4947 = CARTESIAN_POINT ( 'NONE',  ( -0.08199999999999993400, -5.146850135720545700E-016, 0.2881944444444469700 ) ) ;
#4948 = CARTESIAN_POINT ( 'NONE',  ( 0.0000000000000000000, 0.06395780408782425500, 0.4305555555555590800 ) ) ;
#4949 = APPROVAL_DATE_TIME ( #1039, #2015 ) ;
#4950 = CARTESIAN_POINT ( 'NONE',  ( -0.07385211081376529000, 7.946285693449843300E-017, 0.4409722222222258200 ) ) ;
#4951 = EDGE_CURVE ( 'NONE', #4470, #3562, #4608, .T. ) ;
#4952 = CARTESIAN_POINT ( 'NONE',  ( 0.02637194694783025600, -0.06458660828345964800, 0.008400367228416794800 ) ) ;
#4953 = CARTESIAN_POINT ( 'NONE',  ( -0.03692605540688263800, 0.06395780408782421300, 0.2418981481481501700 ) ) ;
#4954 = CARTESIAN_POINT ( 'NONE',  ( -0.07101408311032393600, -0.04099999999999987700, 0.4571759259259297600 ) ) ;
#4955 = LINE ( 'NONE', #2091, #183 ) ;
#4956 = CARTESIAN_POINT ( 'NONE',  ( -0.03692605540688265900, -0.06395780408782415800, 0.2476851851851872600 ) ) ;
#4957 = CARTESIAN_POINT ( 'NONE',  ( -0.03692605540688265900, -0.06395780408782407400, 0.5011574074074114400 ) ) ;
#4958 = CARTESIAN_POINT ( 'NONE',  ( -0.01767145836718645600, -0.1349999999999999500, 0.6505000000000000800 ) ) ;
#4959 = CARTESIAN_POINT ( 'NONE',  ( 0.1349999999999999300, -0.01767145839889400900, 0.5000000000000000000 ) ) ;
#4960 = CARTESIAN_POINT ( 'NONE',  ( -0.1179611625461665600, 0.06798856206436523800, 0.6640000000000001500 ) ) ;
#4961 = CARTESIAN_POINT ( 'NONE',  ( 0.0000000000000000000, 7.549139889267777500E-020, 0.0000000000000000000 ) ) ;
#4962 = CARTESIAN_POINT ( 'NONE',  ( 0.05538908311032398500, 0.03197890204391208600, 0.3148148148148174300 ) ) ;
#4963 = VERTEX_POINT ( 'NONE', #948 ) ;
#4964 = CYLINDRICAL_SURFACE ( 'NONE', #4767, 0.08199999999999993400 ) ;
#4965 = CARTESIAN_POINT ( 'NONE',  ( -0.05538908311032396400, 0.03197890204391217600, 0.4351851851851887300 ) ) ;
#4966 = CARTESIAN_POINT ( 'NONE',  ( -0.07385211081376529000, 5.484963129734083600E-017, 0.3576388888888918400 ) ) ;
#4967 = CARTESIAN_POINT ( 'NONE',  ( -0.05538908311032396400, 0.03197890204391212700, 0.2719907407407429800 ) ) ;
#4968 = CARTESIAN_POINT ( 'NONE',  ( 0.07101408311032390800, -0.04100000000000002900, 0.1331018518518531400 ) ) ;
#4969 = CARTESIAN_POINT ( 'NONE',  ( -0.07101408311032392200, 0.04100000000000007100, 0.4803240740740781200 ) ) ;
#4970 = ORIENTED_EDGE ( 'NONE', *, *, #1442, .F. ) ;
#4971 = CYLINDRICAL_SURFACE ( 'NONE', #1793, 0.08199999999999993400 ) ;
#4972 = CARTESIAN_POINT ( 'NONE',  ( 0.03692605540688268000, 0.06395780408782422700, 0.3449074074074102700 ) ) ;
#4973 = CARTESIAN_POINT ( 'NONE',  ( 0.1314863112318803700, 0.03533596467420607000, 0.6505000000000000800 ) ) ;
#4974 = CARTESIAN_POINT ( 'NONE',  ( 0.08199999999999993400, -3.659982318734610600E-017, 0.1631944444444459700 ) ) ;
#4975 = CARTESIAN_POINT ( 'NONE',  ( -0.1079550235050854600, -0.08296380741528226700, 0.6505000000000000800 ) ) ;
#4976 = VERTEX_POINT ( 'NONE', #2831 ) ;
#4977 = VECTOR ( 'NONE', #4412, 39.37007874015748100 ) ;
#4978 = DIRECTION ( 'NONE',  ( -0.0000000000000000000, -0.0000000000000000000, 1.000000000000000000 ) ) ;
#4979 = CARTESIAN_POINT ( 'NONE',  ( 0.03692605540688268000, 0.06395780408782422700, 0.3726851851851882300 ) ) ;
#4980 = ORIENTED_EDGE ( 'NONE', *, *, #1961, .T. ) ;
#4981 = ORIENTED_EDGE ( 'NONE', *, *, #939, .F. ) ;
#4982 = AXIS2_PLACEMENT_3D ( 'NONE', #4627, #2730, #1525 ) ;
#4983 = FACE_OUTER_BOUND ( 'NONE', #4904, .T. ) ;
#4984 = DIRECTION ( 'NONE',  ( 1.000000000000000000, 0.0000000000000000000, 0.0000000000000000000 ) ) ;
#4985 = EDGE_CURVE ( 'NONE', #4293, #3631, #4887, .T. ) ;
#4986 = CARTESIAN_POINT ( 'NONE',  ( 0.05538908311032398500, 0.03197890204391212700, 0.4537037037037073800 ) ) ;
#4987 = CARTESIAN_POINT ( 'NONE',  ( 0.08199999999999996200, 6.633717952706482100E-017, 0.05208333333333397400 ) ) ;
#4988 = ORIENTED_EDGE ( 'NONE', *, *, #2709, .T. ) ;
#4989 = CARTESIAN_POINT ( 'NONE',  ( 0.03692605540688268000, 0.06395780408782419900, 0.2928240740740764600 ) ) ;
#4990 = CARTESIAN_POINT ( 'NONE',  ( -1.004210375300828800E-017, -0.08199999999999993400, 0.1805555555555570200 ) ) ;
#4991 = CARTESIAN_POINT ( 'NONE',  ( -0.04734272207354930900, -0.08199999999999986500, 0.4594907407407446400 ) ) ;
#4992 = CARTESIAN_POINT ( 'NONE',  ( -0.07385211081376527600, 5.382408022912594800E-017, 0.3541666666666695200 ) ) ;
#4993 = CARTESIAN_POINT ( 'NONE',  ( 0.07031249999999998600, 0.01380579052116899900, 0.6583237967045271200 ) ) ;
#4994 = CARTESIAN_POINT ( 'NONE',  ( -0.1314863112318798700, 0.03533596467420729200, 0.6505000000000000800 ) ) ;
#4995 = DIRECTION ( 'NONE',  ( -1.000000000000000000, 0.0000000000000000000, 0.0000000000000000000 ) ) ;
#4996 =( BOUNDED_CURVE ( )  B_SPLINE_CURVE ( 2, ( #245, #3317, #4860, #3666, #563, #228, #584, #2880, #3282 ),
 .UNSPECIFIED., .F., .F. ) 
 B_SPLINE_CURVE_WITH_KNOTS ( ( 3, 2, 2, 2, 3 ),
 ( 0.6447368421052631600, 0.6491228070175438800, 0.6578947368421053100, 0.6666666666666666300, 0.6710526315789473500 ),
 .UNSPECIFIED. ) 
 CURVE ( )  GEOMETRIC_REPRESENTATION_ITEM ( )  RATIONAL_B_SPLINE_CURVE ( ( 0.9330127018922194100, 0.9330127018922194100, 1.000000000000000000, 0.8660254037844387100, 1.000000000000000000, 0.8660254037844387100, 1.000000000000000000, 0.9330127018922194100, 0.9330127018922194100 ) ) 
 REPRESENTATION_ITEM ( '' )  );
#4997 = CARTESIAN_POINT ( 'NONE',  ( -7.832572005664740100E-018, -0.06395780408782417200, 0.2812500000000023900 ) ) ;
#4998 = CARTESIAN_POINT ( 'NONE',  ( 0.03692605540688268000, 0.06395780408782419900, 0.2893518518518542500 ) ) ;
ENDSEC;
END-ISO-10303-21;
